{"type":"FeatureCollection","features":[{"type":"Feature","geometry":{"type":"Polygon","coordinates":[[[3.248912,39.282155],[3.182245,39.22382],[2.998909,39.223819],[2.965575,39.223819],[2.890574,39.165483],[2.890575,39.107148],[2.890575,39.098814],[3.015577,39.098815],[2.832241,38.948808],[3.082247,38.94881],[3.38225,39.19882],[3.248912,39.282155]],[[2.978239,39.20736],[2.978263,39.207366],[2.978317,39.207384],[2.978327,39.207387],[2.978333,39.20739],[2.978339,39.207396],[2.978351,39.20741],[2.978372,39.207442],[2.978377,39.207451],[2.978391,39.207489],[2.978401,39.207521],[2.978406,39.207532],[2.978413,39.207545],[2.978422,39.207557],[2.978431,39.207567],[2.978449,39.207584],[2.978458,39.207591],[2.978479,39.207604],[2.978491,39.20761],[2.978503,39.207615],[2.978521,39.207619],[2.978539,39.207623],[2.978547,39.207624],[2.978557,39.207623],[2.978577,39.207619],[2.978587,39.207616],[2.978657,39.207585],[2.978672,39.207579],[2.978696,39.207568],[2.978722,39.207554],[2.978765,39.207528],[2.978775,39.207522],[2.978798,39.207503],[2.978803,39.207499],[2.978815,39.207479],[2.978818,39.207472],[2.978832,39.207456],[2.978878,39.20741],[2.978914,39.207373],[2.978946,39.207336],[2.978961,39.20732],[2.97899,39.207286],[2.978997,39.207277],[2.979023,39.207229],[2.979028,39.207219],[2.979036,39.207207],[2.979046,39.207195],[2.979058,39.207184],[2.979093,39.207157],[2.979112,39.207144],[2.979167,39.20711],[2.979177,39.207104],[2.979224,39.207076],[2.97925,39.207062],[2.979262,39.207054],[2.979276,39.207043],[2.979287,39.207033],[2.979294,39.207027],[2.979305,39.207021],[2.979337,39.207009],[2.979358,39.207001],[2.979376,39.206996],[2.979426,39.206978],[2.97948,39.206957],[2.979526,39.20694],[2.979541,39.206935],[2.979602,39.206921],[2.979674,39.206906],[2.979684,39.206903],[2.979756,39.206876],[2.979774,39.206868],[2.979793,39.206862],[2.979832,39.206853],[2.979842,39.20685],[2.979848,39.206848],[2.979852,39.206845],[2.979856,39.20684],[2.97986,39.206829],[2.979862,39.206822],[2.979862,39.206807],[2.979861,39.2068],[2.97985,39.206772],[2.979846,39.206763],[2.979845,39.206761],[2.979856,39.206734],[2.979859,39.206726],[2.97986,39.206721],[2.979859,39.206708],[2.979856,39.206696],[2.979853,39.206688],[2.979825,39.206643],[2.9798,39.206606],[2.979793,39.206595],[2.979777,39.206574],[2.979749,39.206539],[2.979746,39.206534],[2.979717,39.206514],[2.979711,39.206511],[2.979692,39.206489],[2.979682,39.206477],[2.979677,39.206471],[2.979663,39.206461],[2.979648,39.206453],[2.979563,39.206394],[2.979557,39.20639],[2.979535,39.20638],[2.979524,39.206376],[2.979515,39.206371],[2.979504,39.206364],[2.979494,39.206355],[2.979489,39.206349],[2.979484,39.20634],[2.979481,39.206331],[2.97948,39.206321],[2.97948,39.206308],[2.979483,39.206293],[2.979491,39.206268],[2.979494,39.206258],[2.979498,39.206239],[2.979499,39.206229],[2.979498,39.206226],[2.979498,39.206223],[2.979474,39.206191],[2.979467,39.206183],[2.979459,39.206176],[2.979451,39.206171],[2.979439,39.206166],[2.979395,39.206151],[2.979383,39.206148],[2.979373,39.206146],[2.979349,39.206145],[2.979314,39.206146],[2.979305,39.206147],[2.979295,39.206149],[2.979286,39.206153],[2.979261,39.206167],[2.979248,39.206175],[2.97924,39.206179],[2.979228,39.206183],[2.97921,39.206187],[2.979194,39.206189],[2.979183,39.20619],[2.979177,39.206191],[2.97917,39.206194],[2.979167,39.206196],[2.979167,39.206197],[2.979158,39.206213],[2.979152,39.206226],[2.979143,39.206241],[2.979134,39.206254],[2.979131,39.206259],[2.979128,39.206262],[2.979113,39.206268],[2.979105,39.20627],[2.9791,39.206273],[2.979084,39.206288],[2.979081,39.206291],[2.979064,39.2063],[2.97905,39.206305],[2.979036,39.20631],[2.979023,39.206313],[2.979006,39.206318],[2.97899,39.206325],[2.978979,39.20633],[2.978971,39.206335],[2.978957,39.206349],[2.978951,39.206357],[2.978937,39.206368],[2.978923,39.206378],[2.978914,39.206383],[2.978859,39.206406],[2.978839,39.206413],[2.978816,39.20642],[2.978799,39.206425],[2.97872,39.206437],[2.978705,39.20644],[2.978615,39.206461],[2.978592,39.206467],[2.978562,39.206477],[2.978535,39.206487],[2.978481,39.206504],[2.978471,39.206507],[2.978462,39.20651],[2.978451,39.206512],[2.978426,39.206514],[2.978414,39.206515],[2.978392,39.206513],[2.978341,39.206505],[2.978318,39.206501],[2.978305,39.2065],[2.978298,39.206499],[2.978293,39.2065],[2.978289,39.206502],[2.978285,39.206508],[2.978283,39.206514],[2.978281,39.206532],[2.97828,39.206538],[2.978279,39.206544],[2.978274,39.206551],[2.978267,39.206558],[2.978263,39.206561],[2.978214,39.206581],[2.978203,39.206585],[2.978195,39.20659],[2.978188,39.206594],[2.978184,39.206599],[2.978178,39.206613],[2.978169,39.206642],[2.978166,39.20665],[2.978149,39.206676],[2.978145,39.206682],[2.978139,39.206687],[2.978127,39.206695],[2.978093,39.206711],[2.978076,39.206718],[2.978066,39.206722],[2.978059,39.206725],[2.978053,39.20673],[2.97805,39.206734],[2.978045,39.206748],[2.978042,39.206758],[2.978041,39.206769],[2.978043,39.206784],[2.978046,39.206797],[2.978049,39.206806],[2.978055,39.206817],[2.978059,39.206823],[2.978087,39.206846],[2.978106,39.206861],[2.978118,39.206872],[2.978124,39.206878],[2.978129,39.206886],[2.978131,39.206891],[2.978133,39.206922],[2.978131,39.206932],[2.978132,39.206944],[2.978134,39.206949],[2.978134,39.206957],[2.978131,39.206972],[2.978129,39.206978],[2.978113,39.207001],[2.978107,39.207009],[2.978072,39.207042],[2.978065,39.207048],[2.978061,39.207053],[2.978058,39.207061],[2.978057,39.207064],[2.978067,39.207087],[2.978072,39.207098],[2.978074,39.207105],[2.978075,39.207114],[2.978071,39.207124],[2.978076,39.207145],[2.97807,39.207157],[2.978064,39.207165],[2.978062,39.207168],[2.978067,39.207187],[2.978068,39.207193],[2.978068,39.207195],[2.978065,39.207199],[2.978062,39.207202],[2.97806,39.207204],[2.978059,39.20721],[2.978061,39.207217],[2.978079,39.207246],[2.97808,39.207248],[2.978075,39.207259],[2.978072,39.207264],[2.978072,39.207266],[2.978116,39.207332],[2.978123,39.207342],[2.978129,39.207349],[2.978135,39.207353],[2.978141,39.207356],[2.978147,39.207358],[2.978151,39.207358],[2.978169,39.207351],[2.978176,39.207348],[2.978185,39.207346],[2.978192,39.207345],[2.978199,39.207346],[2.978208,39.207349],[2.978218,39.207353],[2.978239,39.20736]],[[2.978887,39.205046],[2.978899,39.205064],[2.978914,39.205082],[2.978922,39.205089],[2.978938,39.205102],[2.978947,39.205108],[2.978962,39.205115],[2.978977,39.20512],[2.978995,39.205125],[2.979021,39.205131],[2.979036,39.205133],[2.97906,39.205138],[2.979073,39.205142],[2.979084,39.205146],[2.9791,39.205155],[2.979112,39.205163],[2.979117,39.205168],[2.979128,39.205181],[2.979157,39.205213],[2.979165,39.20522],[2.979167,39.205221],[2.979185,39.205234],[2.979217,39.205259],[2.979225,39.205267],[2.979241,39.205281],[2.979255,39.205291],[2.979268,39.205299],[2.979283,39.205306],[2.979294,39.20531],[2.979302,39.205311],[2.97931,39.205311],[2.97932,39.205309],[2.979329,39.205306],[2.979337,39.205302],[2.979342,39.205298],[2.979345,39.205292],[2.979349,39.205285],[2.97936,39.205256],[2.979365,39.205237],[2.979373,39.205198],[2.979373,39.205191],[2.979371,39.205159],[2.979369,39.205154],[2.979361,39.205139],[2.979354,39.20513],[2.979341,39.205115],[2.979321,39.205094],[2.979309,39.205079],[2.979305,39.205072],[2.979299,39.205056],[2.97929,39.205039],[2.979284,39.20503],[2.979269,39.205012],[2.97926,39.204999],[2.979258,39.204993],[2.979258,39.204985],[2.979258,39.204975],[2.979261,39.204966],[2.979265,39.204958],[2.979271,39.204951],[2.979276,39.204947],[2.979284,39.204942],[2.979293,39.204939],[2.979306,39.204935],[2.97932,39.204933],[2.97934,39.204932],[2.979383,39.204927],[2.979388,39.204925],[2.979398,39.204919],[2.979406,39.204912],[2.979417,39.204902],[2.979429,39.204888],[2.979472,39.204841],[2.979492,39.204817],[2.979494,39.204813],[2.979499,39.204795],[2.9795,39.204784],[2.979499,39.204775],[2.979497,39.204766],[2.979495,39.204763],[2.979491,39.204754],[2.979481,39.204735],[2.979466,39.204711],[2.979458,39.2047],[2.979447,39.20469],[2.979425,39.20467],[2.979415,39.204662],[2.979401,39.204655],[2.979369,39.204639],[2.979326,39.204618],[2.979311,39.204613],[2.979289,39.204607],[2.97928,39.204606],[2.979243,39.204603],[2.979231,39.204603],[2.9792,39.204605],[2.97918,39.204608],[2.979169,39.204611],[2.979167,39.204611],[2.979141,39.204619],[2.979122,39.204627],[2.979099,39.204637],[2.97902,39.204675],[2.979017,39.204678],[2.979015,39.204683],[2.979013,39.20469],[2.979014,39.204698],[2.979016,39.204709],[2.979017,39.204724],[2.979016,39.204728],[2.979004,39.20474],[2.978999,39.204742],[2.978997,39.204742],[2.978983,39.204743],[2.978971,39.204742],[2.978948,39.204742],[2.978942,39.204743],[2.978934,39.204746],[2.978917,39.204754],[2.978899,39.204763],[2.978898,39.204764],[2.978891,39.20477],[2.978879,39.20478],[2.97887,39.204791],[2.978868,39.204795],[2.978869,39.204798],[2.978872,39.204804],[2.97888,39.204815],[2.978884,39.204822],[2.978884,39.204827],[2.978883,39.204832],[2.978879,39.204838],[2.978872,39.204847],[2.978856,39.204863],[2.978807,39.20491],[2.978801,39.204915],[2.978786,39.204926],[2.978781,39.204932],[2.978769,39.204947],[2.978761,39.204961],[2.978757,39.20497],[2.978754,39.204983],[2.978752,39.204993],[2.978752,39.205017],[2.978754,39.205024],[2.978757,39.20503],[2.978763,39.205037],[2.978768,39.205041],[2.978773,39.205043],[2.978779,39.205043],[2.978786,39.205043],[2.9788,39.20504],[2.978832,39.205035],[2.978841,39.205035],[2.978874,39.205037],[2.978882,39.205039],[2.978884,39.205041],[2.978887,39.205046]],[[2.977024,39.202667],[2.977033,39.202673],[2.977046,39.202679],[2.97705,39.202679],[2.977056,39.202678],[2.977067,39.202675],[2.97708,39.20267],[2.977092,39.202664],[2.977104,39.202656],[2.977111,39.20265],[2.977113,39.202646],[2.977114,39.202641],[2.977113,39.202636],[2.97711,39.202613],[2.977111,39.202605],[2.977118,39.202564],[2.97712,39.202561],[2.977127,39.202553],[2.977138,39.202544],[2.977151,39.202532],[2.977157,39.202523],[2.977162,39.202514],[2.977169,39.202506],[2.977173,39.202503],[2.977181,39.202499],[2.97721,39.202484],[2.977212,39.202481],[2.977215,39.202473],[2.977222,39.202453],[2.977222,39.202449],[2.97722,39.202444],[2.977216,39.202441],[2.977212,39.202438],[2.977207,39.202438],[2.977202,39.202438],[2.977196,39.202441],[2.977185,39.202443],[2.977182,39.202443],[2.977178,39.20244],[2.977176,39.202438],[2.977176,39.202435],[2.977178,39.202431],[2.977183,39.202419],[2.977182,39.202416],[2.977178,39.202411],[2.977173,39.202406],[2.977169,39.202405],[2.977165,39.202405],[2.977159,39.202407],[2.977148,39.202412],[2.977122,39.202421],[2.977111,39.202423],[2.9771,39.202424],[2.977091,39.202424],[2.977071,39.202421],[2.977057,39.202418],[2.977035,39.202411],[2.97702,39.202405],[2.977012,39.2024],[2.977002,39.202393],[2.976994,39.202385],[2.976981,39.202369],[2.976971,39.20236],[2.976966,39.202358],[2.976962,39.202357],[2.976955,39.202358],[2.97695,39.20236],[2.976942,39.202364],[2.976933,39.202371],[2.976927,39.202378],[2.97692,39.202389],[2.976899,39.202421],[2.976873,39.202458],[2.976869,39.202461],[2.976862,39.202464],[2.97685,39.202467],[2.976844,39.202468],[2.976836,39.202467],[2.976824,39.202464],[2.976782,39.202453],[2.976779,39.20245],[2.976775,39.202446],[2.976772,39.20244],[2.976772,39.202435],[2.976773,39.202429],[2.976777,39.20242],[2.976799,39.202376],[2.976802,39.202373],[2.976825,39.202349],[2.976841,39.202335],[2.976855,39.20232],[2.976857,39.202316],[2.976863,39.202296],[2.976863,39.20229],[2.976861,39.202282],[2.976852,39.202255],[2.976842,39.20223],[2.976834,39.202216],[2.976821,39.202196],[2.976812,39.202184],[2.976794,39.202164],[2.97677,39.202136],[2.976757,39.202117],[2.976709,39.202052],[2.976699,39.202041],[2.976688,39.202033],[2.976668,39.202018],[2.976649,39.202006],[2.976599,39.201977],[2.97657,39.201957],[2.976565,39.201952],[2.97655,39.201939],[2.976543,39.201935],[2.97649,39.201902],[2.976487,39.201899],[2.97648,39.201886],[2.976467,39.201867],[2.976463,39.201864],[2.976454,39.201859],[2.976446,39.201856],[2.97641,39.201843],[2.976407,39.20184],[2.976398,39.201831],[2.976389,39.201821],[2.976377,39.201802],[2.976367,39.201785],[2.976363,39.201774],[2.976364,39.201771],[2.976366,39.201758],[2.976364,39.201756],[2.976359,39.201751],[2.976346,39.201742],[2.97633,39.201733],[2.976322,39.201729],[2.976316,39.201729],[2.976307,39.201729],[2.976297,39.201731],[2.976281,39.201735],[2.976237,39.201746],[2.976234,39.201745],[2.976227,39.201742],[2.976223,39.201738],[2.976219,39.201732],[2.976208,39.20172],[2.976203,39.201717],[2.976196,39.201715],[2.97619,39.201715],[2.976184,39.201716],[2.976177,39.201715],[2.976173,39.201713],[2.976166,39.201712],[2.976163,39.201713],[2.976155,39.201717],[2.97614,39.201723],[2.976137,39.201723],[2.976132,39.201721],[2.976128,39.201718],[2.976119,39.20171],[2.976107,39.201697],[2.976101,39.201688],[2.976094,39.201675],[2.976086,39.201657],[2.976082,39.201644],[2.976064,39.201587],[2.976059,39.201577],[2.976054,39.20157],[2.976049,39.201566],[2.976042,39.201563],[2.976034,39.201561],[2.976027,39.20156],[2.976006,39.20156],[2.976001,39.201561],[2.975997,39.201563],[2.975994,39.201567],[2.975991,39.201573],[2.975985,39.201593],[2.975985,39.201596],[2.975989,39.201603],[2.975996,39.201612],[2.976011,39.201629],[2.97602,39.201637],[2.976033,39.20165],[2.976037,39.201656],[2.976041,39.201665],[2.976041,39.20167],[2.976039,39.201674],[2.976036,39.201675],[2.976032,39.201676],[2.976024,39.201677],[2.976009,39.201679],[2.976005,39.201681],[2.976001,39.201684],[2.975999,39.201687],[2.976,39.20169],[2.976003,39.201693],[2.976012,39.201702],[2.976036,39.201726],[2.976041,39.201734],[2.976059,39.201756],[2.976067,39.201766],[2.97608,39.201776],[2.976142,39.201826],[2.976151,39.201831],[2.976162,39.201839],[2.976178,39.201852],[2.976198,39.201867],[2.976205,39.20187],[2.97621,39.201863],[2.97622,39.201864],[2.976223,39.201865],[2.976227,39.201868],[2.976233,39.201874],[2.976245,39.201888],[2.976253,39.201899],[2.97626,39.201913],[2.976265,39.201927],[2.976266,39.201935],[2.97627,39.201973],[2.976269,39.201988],[2.976267,39.201998],[2.976267,39.202],[2.976264,39.202021],[2.976265,39.202025],[2.976269,39.202031],[2.976272,39.202039],[2.976271,39.202042],[2.976268,39.202046],[2.976264,39.20205],[2.976238,39.202075],[2.976236,39.202079],[2.976227,39.202101],[2.976225,39.202109],[2.976225,39.202119],[2.976227,39.202134],[2.97623,39.202167],[2.976229,39.202184],[2.976228,39.202193],[2.976225,39.202197],[2.976219,39.202203],[2.97621,39.202209],[2.976163,39.202241],[2.976152,39.202247],[2.9761,39.202275],[2.976094,39.20228],[2.97608,39.202294],[2.976077,39.202299],[2.976074,39.202307],[2.976072,39.202317],[2.976064,39.202353],[2.97606,39.20238],[2.97606,39.202392],[2.976061,39.202406],[2.976071,39.202473],[2.976073,39.20248],[2.976081,39.202493],[2.976089,39.202503],[2.976156,39.202588],[2.976161,39.202592],[2.976176,39.202602],[2.976192,39.202611],[2.976228,39.20263],[2.976268,39.202648],[2.976282,39.202654],[2.976302,39.202659],[2.976318,39.202662],[2.976326,39.202662],[2.976378,39.202661],[2.9764,39.20266],[2.976407,39.202658],[2.976421,39.202653],[2.976438,39.202644],[2.97651,39.202611],[2.97652,39.202608],[2.976554,39.202599],[2.976593,39.202587],[2.976599,39.202583],[2.976603,39.202579],[2.976604,39.202576],[2.97661,39.202564],[2.976613,39.202564],[2.976618,39.202564],[2.976642,39.202565],[2.97665,39.202567],[2.976667,39.202569],[2.976672,39.202568],[2.97668,39.202566],[2.976689,39.202561],[2.976698,39.202559],[2.976704,39.202559],[2.97672,39.20256],[2.976768,39.202561],[2.976786,39.20256],[2.976807,39.202557],[2.976837,39.202555],[2.976849,39.202555],[2.976873,39.202555],[2.976884,39.202553],[2.976898,39.20255],[2.976908,39.202546],[2.976923,39.202541],[2.976925,39.202542],[2.976931,39.202546],[2.976936,39.202551],[2.976943,39.202559],[2.976948,39.202569],[2.976967,39.202601],[2.976975,39.202611],[2.976982,39.202616],[2.976988,39.202619],[2.976996,39.202621],[2.976999,39.202624],[2.977001,39.202627],[2.977004,39.202634],[2.977014,39.202657],[2.977017,39.202662],[2.977024,39.202667]],[[2.975191,39.201053],[2.975171,39.201056],[2.975168,39.201058],[2.975166,39.201061],[2.975166,39.201065],[2.975164,39.201066],[2.97516,39.201067],[2.97515,39.20107],[2.975148,39.201072],[2.975147,39.201077],[2.975144,39.201093],[2.975142,39.201108],[2.975144,39.201114],[2.975147,39.201119],[2.975154,39.201128],[2.975174,39.20115],[2.975205,39.201182],[2.975211,39.201187],[2.975229,39.201197],[2.975276,39.201224],[2.975287,39.201228],[2.975301,39.201232],[2.975312,39.201233],[2.975325,39.201234],[2.975362,39.201234],[2.975366,39.201233],[2.975375,39.201229],[2.975379,39.201225],[2.97538,39.201222],[2.97538,39.201218],[2.975378,39.201214],[2.975373,39.201209],[2.975364,39.2012],[2.975357,39.201192],[2.975352,39.201184],[2.975351,39.201179],[2.975353,39.201176],[2.975356,39.201172],[2.975366,39.20116],[2.975367,39.201156],[2.975366,39.201152],[2.975363,39.201147],[2.975357,39.20114],[2.975349,39.201134],[2.975344,39.201131],[2.975335,39.201128],[2.975317,39.201122],[2.975315,39.20112],[2.9753,39.201106],[2.975297,39.201105],[2.975289,39.201099],[2.975287,39.2011],[2.975286,39.2011],[2.975281,39.2011],[2.975277,39.201099],[2.975271,39.201095],[2.975266,39.20109],[2.975262,39.201084],[2.975251,39.20107],[2.975243,39.201064],[2.975238,39.201061],[2.975227,39.201058],[2.975209,39.201053],[2.975201,39.201052],[2.975191,39.201053]],[[2.97469,39.200975],[2.974696,39.20098],[2.974702,39.200987],[2.97471,39.200993],[2.97472,39.200999],[2.974728,39.201002],[2.974734,39.201003],[2.974742,39.201003],[2.974751,39.201001],[2.974759,39.200999],[2.974769,39.200993],[2.974795,39.200982],[2.9748,39.200981],[2.974829,39.200976],[2.974836,39.200973],[2.974858,39.200963],[2.974871,39.200956],[2.974875,39.200952],[2.974881,39.200944],[2.974892,39.20093],[2.974897,39.200928],[2.974901,39.200927],[2.974908,39.200927],[2.974916,39.200928],[2.974929,39.200932],[2.97494,39.200934],[2.974951,39.200934],[2.974962,39.200933],[2.974989,39.200929],[2.97501,39.200925],[2.975033,39.200922],[2.975065,39.200915],[2.975072,39.200913],[2.975088,39.200904],[2.975091,39.200901],[2.975092,39.200897],[2.975093,39.200891],[2.975099,39.200841],[2.975102,39.200837],[2.975105,39.200832],[2.975113,39.200826],[2.975118,39.200824],[2.975134,39.200815],[2.975145,39.200806],[2.975182,39.200777],[2.975186,39.200772],[2.975188,39.200767],[2.975188,39.200761],[2.975187,39.200756],[2.975183,39.200751],[2.975178,39.200747],[2.975158,39.200726],[2.975156,39.200722],[2.975155,39.200716],[2.975155,39.200706],[2.975153,39.20069],[2.975151,39.200684],[2.975146,39.200678],[2.975139,39.200671],[2.975133,39.200667],[2.975125,39.200664],[2.975115,39.200661],[2.975101,39.200659],[2.975088,39.200658],[2.975076,39.200659],[2.975058,39.200661],[2.975042,39.200665],[2.975039,39.200667],[2.975037,39.200671],[2.975036,39.200675],[2.975032,39.200684],[2.975029,39.200686],[2.975023,39.200689],[2.975016,39.20069],[2.975008,39.200691],[2.974956,39.200694],[2.97495,39.200696],[2.974936,39.200702],[2.974929,39.200706],[2.974922,39.200713],[2.974914,39.200721],[2.974907,39.200731],[2.974898,39.200742],[2.974894,39.200744],[2.974888,39.200745],[2.974882,39.200745],[2.974874,39.200744],[2.974864,39.200741],[2.974838,39.200732],[2.97483,39.200728],[2.974807,39.200717],[2.974796,39.200713],[2.974733,39.200692],[2.974728,39.200689],[2.974723,39.200683],[2.97472,39.200678],[2.974719,39.200673],[2.97472,39.20067],[2.974723,39.200667],[2.974728,39.200665],[2.97474,39.200661],[2.974755,39.200654],[2.97476,39.20065],[2.974765,39.200644],[2.97477,39.200636],[2.974773,39.200628],[2.974774,39.200622],[2.974772,39.200618],[2.974768,39.200614],[2.974763,39.20061],[2.974755,39.200606],[2.974742,39.200601],[2.974735,39.2006],[2.974721,39.200599],[2.974674,39.200595],[2.974666,39.200593],[2.974657,39.200589],[2.974648,39.200584],[2.974629,39.200574],[2.974619,39.20057],[2.974601,39.200566],[2.974571,39.200557],[2.974562,39.200552],[2.974556,39.200548],[2.974553,39.200543],[2.974549,39.200538],[2.97455,39.200528],[2.974545,39.200511],[2.974543,39.200509],[2.974537,39.200505],[2.974533,39.200504],[2.974527,39.200504],[2.97451,39.200504],[2.974436,39.200501],[2.974425,39.200505],[2.974423,39.200505],[2.974407,39.200508],[2.974401,39.200508],[2.97439,39.200507],[2.974354,39.2005],[2.97433,39.200495],[2.974312,39.200489],[2.974309,39.200486],[2.974306,39.200482],[2.9743,39.200475],[2.974295,39.200472],[2.974287,39.200469],[2.974268,39.20046],[2.974265,39.200457],[2.97426,39.20045],[2.974256,39.200442],[2.974254,39.200436],[2.974255,39.20043],[2.974258,39.200424],[2.974263,39.200417],[2.974272,39.200406],[2.974283,39.200391],[2.974285,39.200386],[2.974286,39.200376],[2.974286,39.200366],[2.974284,39.200347],[2.974283,39.200321],[2.974284,39.200302],[2.974286,39.200293],[2.974289,39.200286],[2.974294,39.20028],[2.9743,39.200277],[2.974308,39.200273],[2.974316,39.200271],[2.974345,39.200262],[2.974352,39.200258],[2.974365,39.200249],[2.974372,39.200243],[2.974406,39.200206],[2.974411,39.200199],[2.974419,39.200185],[2.97442,39.200179],[2.974422,39.200162],[2.974423,39.200136],[2.974425,39.200124],[2.974428,39.200119],[2.974432,39.200114],[2.974441,39.200102],[2.974444,39.200095],[2.974445,39.200087],[2.974444,39.200083],[2.974442,39.200061],[2.974443,39.200056],[2.974445,39.200039],[2.974445,39.200029],[2.974443,39.200023],[2.974439,39.200015],[2.974433,39.200009],[2.974425,39.200002],[2.974416,39.199996],[2.9744,39.199987],[2.974389,39.199984],[2.974369,39.199975],[2.974367,39.199972],[2.974362,39.199964],[2.974346,39.199939],[2.97432,39.199896],[2.974302,39.199869],[2.974296,39.199863],[2.974283,39.199853],[2.974183,39.199776],[2.974167,39.199765],[2.97412,39.199737],[2.97411,39.199732],[2.974103,39.19973],[2.974098,39.199731],[2.974091,39.19973],[2.974078,39.19973],[2.974076,39.199731],[2.974075,39.199735],[2.974075,39.199739],[2.974077,39.199744],[2.974082,39.19975],[2.97409,39.199764],[2.974091,39.19977],[2.974092,39.199778],[2.97409,39.199788],[2.974087,39.199796],[2.974085,39.199798],[2.974079,39.1998],[2.974068,39.199803],[2.974063,39.199804],[2.974057,39.199802],[2.974044,39.199801],[2.974041,39.199802],[2.974037,39.199805],[2.974034,39.199809],[2.974032,39.199815],[2.974031,39.199823],[2.974028,39.199829],[2.974025,39.199832],[2.97402,39.199834],[2.974012,39.199836],[2.974004,39.199837],[2.973994,39.199837],[2.973988,39.199835],[2.973983,39.199832],[2.973979,39.199829],[2.973975,39.199822],[2.973972,39.199813],[2.973969,39.199803],[2.973968,39.199792],[2.97397,39.199785],[2.973975,39.199768],[2.973982,39.199751],[2.973986,39.199745],[2.973989,39.199738],[2.973989,39.199734],[2.973986,39.199726],[2.973983,39.199721],[2.973976,39.199713],[2.973963,39.199697],[2.973963,39.199694],[2.973965,39.199686],[2.973969,39.19967],[2.973968,39.199664],[2.973967,39.199645],[2.973969,39.199641],[2.973973,39.199633],[2.973983,39.199612],[2.973983,39.199609],[2.97398,39.199603],[2.973974,39.199596],[2.973949,39.199566],[2.973944,39.199563],[2.973935,39.19956],[2.973926,39.199557],[2.973916,39.199556],[2.973905,39.199556],[2.973885,39.199558],[2.973872,39.199561],[2.973817,39.199573],[2.973813,39.199575],[2.973786,39.199591],[2.973783,39.199591],[2.973774,39.19959],[2.973735,39.199587],[2.973727,39.199588],[2.973709,39.199589],[2.973691,39.199591],[2.973687,39.199593],[2.973682,39.199597],[2.973678,39.199601],[2.973675,39.199607],[2.973675,39.199608],[2.973672,39.199618],[2.973665,39.199636],[2.973662,39.199639],[2.973656,39.199642],[2.973614,39.199664],[2.97358,39.19968],[2.973571,39.199683],[2.973558,39.199685],[2.97354,39.199687],[2.973527,39.199687],[2.973512,39.199686],[2.973507,39.199685],[2.973496,39.199683],[2.973492,39.199681],[2.973484,39.199675],[2.973443,39.199643],[2.973401,39.199614],[2.973393,39.199609],[2.973377,39.199603],[2.973357,39.199596],[2.97335,39.199595],[2.973342,39.199596],[2.973328,39.199598],[2.973319,39.199601],[2.973313,39.199604],[2.973307,39.199609],[2.973298,39.199618],[2.973274,39.199646],[2.97327,39.199653],[2.973216,39.199751],[2.97321,39.199758],[2.973206,39.199761],[2.973199,39.199763],[2.973181,39.199771],[2.97318,39.199773],[2.973179,39.199781],[2.973177,39.199798],[2.973171,39.199842],[2.973168,39.199849],[2.973163,39.19986],[2.973157,39.199866],[2.973146,39.199877],[2.973136,39.199884],[2.973127,39.199893],[2.973115,39.199906],[2.973101,39.199919],[2.973093,39.199925],[2.97308,39.199931],[2.973061,39.19994],[2.97301,39.199962],[2.972998,39.199966],[2.972888,39.199997],[2.972863,39.200003],[2.972855,39.200003],[2.972844,39.200003],[2.97283,39.2],[2.972818,39.199997],[2.9728,39.19999],[2.972796,39.199987],[2.97279,39.199981],[2.972775,39.199968],[2.972771,39.199967],[2.97276,39.199964],[2.972747,39.199963],[2.972724,39.199963],[2.972715,39.199964],[2.972707,39.199966],[2.972698,39.199971],[2.972689,39.199973],[2.972686,39.199973],[2.972681,39.19997],[2.972671,39.199964],[2.972656,39.199955],[2.972644,39.19995],[2.972633,39.199947],[2.97262,39.199945],[2.972594,39.199942],[2.972574,39.199942],[2.972562,39.199942],[2.972501,39.199945],[2.972495,39.199944],[2.972466,39.19994],[2.972446,39.199939],[2.972426,39.199939],[2.972411,39.199941],[2.972402,39.199943],[2.972385,39.199949],[2.972338,39.199966],[2.972332,39.199969],[2.97233,39.199973],[2.97233,39.199976],[2.972327,39.199983],[2.972325,39.199985],[2.972318,39.199988],[2.97231,39.19999],[2.972288,39.199994],[2.972264,39.2],[2.972262,39.200003],[2.972246,39.200013],[2.972239,39.200016],[2.972225,39.20002],[2.972194,39.200031],[2.972186,39.200035],[2.97218,39.20004],[2.972157,39.200057],[2.972152,39.200058],[2.972143,39.20006],[2.972134,39.20006],[2.972105,39.200061],[2.972095,39.200063],[2.972087,39.200066],[2.972078,39.200071],[2.972073,39.200076],[2.972071,39.20008],[2.972071,39.200083],[2.972073,39.200087],[2.972078,39.200094],[2.972086,39.200101],[2.972095,39.200111],[2.972096,39.200115],[2.972095,39.200121],[2.972093,39.200124],[2.972089,39.200127],[2.972085,39.200128],[2.972078,39.200128],[2.972023,39.200133],[2.972001,39.200137],[2.971983,39.200141],[2.971892,39.200163],[2.971888,39.200166],[2.971882,39.200171],[2.97188,39.200175],[2.97188,39.20018],[2.971881,39.200184],[2.971885,39.200191],[2.971889,39.200201],[2.971889,39.200206],[2.971887,39.200212],[2.971884,39.200214],[2.97188,39.200215],[2.971863,39.20022],[2.971838,39.200225],[2.971832,39.200225],[2.971811,39.200226],[2.9718,39.200228],[2.971776,39.200234],[2.971734,39.200242],[2.971725,39.200242],[2.971683,39.200243],[2.971678,39.200241],[2.971655,39.200233],[2.971638,39.200228],[2.971624,39.200226],[2.971612,39.200225],[2.971606,39.200226],[2.971601,39.200229],[2.971592,39.200231],[2.971588,39.20023],[2.97157,39.20023],[2.971567,39.200231],[2.971561,39.200235],[2.971554,39.200241],[2.971535,39.200257],[2.971518,39.200269],[2.97148,39.200298],[2.971458,39.200317],[2.971452,39.200323],[2.971402,39.200382],[2.971386,39.200398],[2.971354,39.200434],[2.971351,39.200439],[2.971344,39.200451],[2.971337,39.200459],[2.971319,39.200483],[2.971319,39.200485],[2.971321,39.20049],[2.971325,39.200497],[2.97133,39.200501],[2.971335,39.200503],[2.971341,39.200504],[2.971349,39.200504],[2.971355,39.200503],[2.971363,39.200503],[2.971374,39.200503],[2.971386,39.200504],[2.971394,39.200506],[2.9714,39.200509],[2.97141,39.200516],[2.971415,39.200522],[2.971438,39.200543],[2.971444,39.200547],[2.971457,39.200553],[2.97147,39.200557],[2.971483,39.20056],[2.971502,39.200565],[2.971503,39.200567],[2.971514,39.200579],[2.97152,39.200583],[2.971529,39.200589],[2.971541,39.200593],[2.971551,39.200596],[2.971581,39.200604],[2.971583,39.200606],[2.971586,39.200611],[2.971589,39.200619],[2.971595,39.200632],[2.971599,39.200638],[2.971607,39.200643],[2.971614,39.200647],[2.971625,39.200652],[2.971707,39.200686],[2.971714,39.200691],[2.971724,39.200698],[2.971737,39.200711],[2.971787,39.200759],[2.971821,39.20079],[2.97183,39.200796],[2.971869,39.200823],[2.971886,39.200837],[2.971902,39.200852],[2.971945,39.20089],[2.971967,39.200909],[2.971992,39.200926],[2.972008,39.200936],[2.972032,39.200949],[2.972055,39.20096],[2.972078,39.200969],[2.972085,39.20097],[2.972095,39.20097],[2.972108,39.200969],[2.972154,39.200965],[2.972175,39.200963],[2.972186,39.20096],[2.972204,39.200953],[2.972212,39.200949],[2.972222,39.200942],[2.972235,39.200935],[2.972239,39.200935],[2.972243,39.200936],[2.972247,39.200938],[2.972252,39.200943],[2.97227,39.200957],[2.972273,39.200957],[2.972279,39.200956],[2.972286,39.200953],[2.972297,39.200947],[2.972306,39.20094],[2.97231,39.200936],[2.972318,39.200928],[2.972326,39.200924],[2.972338,39.200918],[2.972355,39.200911],[2.972358,39.20091],[2.972364,39.200909],[2.972405,39.200902],[2.972408,39.2009],[2.97242,39.200892],[2.972444,39.200873],[2.972475,39.20085],[2.972487,39.200844],[2.972506,39.200834],[2.972527,39.200826],[2.972591,39.200802],[2.972604,39.200799],[2.972623,39.200792],[2.972683,39.200774],[2.972685,39.200774],[2.972693,39.200778],[2.972708,39.200786],[2.972731,39.200796],[2.972747,39.200802],[2.972758,39.200805],[2.972765,39.200805],[2.972773,39.200804],[2.972778,39.200801],[2.972784,39.200797],[2.972799,39.200788],[2.972814,39.200781],[2.972853,39.200764],[2.972858,39.200763],[2.972873,39.200763],[2.972885,39.200763],[2.972899,39.200766],[2.972918,39.200771],[2.972936,39.200777],[2.973012,39.2008],[2.973024,39.200803],[2.973046,39.200805],[2.973062,39.200809],[2.973091,39.200814],[2.973135,39.200822],[2.973141,39.200824],[2.973148,39.200827],[2.973177,39.200834],[2.973182,39.200833],[2.973193,39.200832],[2.973206,39.200831],[2.973211,39.200832],[2.973211,39.200832],[2.973218,39.200835],[2.973226,39.200839],[2.973239,39.200849],[2.973263,39.200866],[2.973274,39.200872],[2.973282,39.200875],[2.973291,39.200876],[2.973314,39.200881],[2.97332,39.200883],[2.973352,39.200896],[2.973355,39.200896],[2.973367,39.200893],[2.973374,39.20089],[2.973379,39.200886],[2.973381,39.200882],[2.973383,39.200876],[2.973396,39.200839],[2.973405,39.200821],[2.973405,39.20082],[2.973406,39.200818],[2.973413,39.200807],[2.973419,39.200799],[2.973425,39.200795],[2.973432,39.200791],[2.973446,39.200787],[2.973459,39.200783],[2.973466,39.200783],[2.973472,39.200784],[2.973487,39.200788],[2.9735,39.200791],[2.973519,39.200793],[2.973551,39.200798],[2.973566,39.200801],[2.973583,39.200804],[2.973601,39.200805],[2.973622,39.200805],[2.973634,39.200804],[2.973649,39.200801],[2.973664,39.200797],[2.973682,39.200793],[2.973688,39.200793],[2.9737,39.200795],[2.973725,39.200798],[2.973739,39.200798],[2.973752,39.200797],[2.97376,39.200794],[2.973777,39.200788],[2.973811,39.200778],[2.973821,39.200776],[2.973835,39.200775],[2.973844,39.200776],[2.97385,39.200778],[2.973856,39.200781],[2.973864,39.200787],[2.973882,39.200798],[2.973887,39.2008],[2.973895,39.200801],[2.973905,39.200801],[2.973941,39.200803],[2.973946,39.200804],[2.973954,39.200808],[2.973958,39.200812],[2.97396,39.200817],[2.973961,39.200822],[2.973961,39.200831],[2.973962,39.200859],[2.973964,39.200861],[2.973968,39.200863],[2.973973,39.200863],[2.973977,39.200862],[2.973985,39.200858],[2.974016,39.200847],[2.974037,39.20084],[2.974053,39.200837],[2.974063,39.200836],[2.974068,39.200837],[2.974075,39.20084],[2.974086,39.200846],[2.974099,39.200851],[2.974108,39.200854],[2.974118,39.200855],[2.974126,39.200854],[2.974155,39.200851],[2.974166,39.200848],[2.974173,39.200845],[2.974206,39.200832],[2.974211,39.200832],[2.974212,39.200832],[2.974221,39.200832],[2.974234,39.200832],[2.97425,39.200833],[2.974264,39.200831],[2.974307,39.200829],[2.974347,39.200828],[2.974371,39.200829],[2.974402,39.200832],[2.974426,39.200835],[2.974435,39.200838],[2.974438,39.20084],[2.97444,39.200844],[2.974451,39.200861],[2.974461,39.200873],[2.974465,39.200876],[2.974473,39.200879],[2.974482,39.200884],[2.974502,39.200897],[2.974552,39.200926],[2.974557,39.200928],[2.974569,39.200929],[2.974591,39.200934],[2.974594,39.200936],[2.974604,39.200945],[2.97461,39.200951],[2.974614,39.200955],[2.974623,39.200963],[2.974634,39.20097],[2.974644,39.200975],[2.974648,39.200975],[2.974651,39.200974],[2.974656,39.200971],[2.97466,39.200969],[2.974669,39.200968],[2.974677,39.200969],[2.974681,39.20097],[2.97469,39.200975]],[[2.974485,39.20035],[2.974481,39.200352],[2.974477,39.200356],[2.974476,39.200358],[2.974474,39.200366],[2.974474,39.200374],[2.974476,39.200379],[2.974479,39.200382],[2.974485,39.200385],[2.974513,39.200406],[2.974517,39.20041],[2.974528,39.200421],[2.974533,39.200424],[2.97454,39.200426],[2.974547,39.200427],[2.974557,39.200426],[2.974564,39.200424],[2.974573,39.200421],[2.974581,39.200416],[2.974586,39.200411],[2.97459,39.200406],[2.974592,39.2004],[2.974591,39.200396],[2.974589,39.200392],[2.974575,39.200377],[2.974566,39.200373],[2.974565,39.200372],[2.974547,39.200364],[2.974521,39.200354],[2.974513,39.200352],[2.974493,39.20035],[2.974485,39.20035]],[[2.972936,39.198052],[2.97294,39.198065],[2.972944,39.19807],[2.972964,39.198097],[2.972969,39.198101],[2.972976,39.198105],[2.972983,39.198107],[2.973039,39.198123],[2.97307,39.198131],[2.973078,39.198131],[2.973116,39.198133],[2.973142,39.198135],[2.973162,39.198138],[2.973169,39.198141],[2.973186,39.198145],[2.973193,39.198146],[2.973208,39.198148],[2.973212,39.19815],[2.973218,39.198155],[2.973244,39.198174],[2.97325,39.198176],[2.973286,39.198193],[2.973288,39.198195],[2.973306,39.198214],[2.97332,39.198217],[2.973324,39.198218],[2.973344,39.198219],[2.97337,39.19822],[2.973383,39.198219],[2.973394,39.198217],[2.973405,39.198213],[2.973416,39.198208],[2.973455,39.198192],[2.973474,39.198182],[2.973485,39.198175],[2.973539,39.198137],[2.973544,39.198132],[2.973549,39.198125],[2.973554,39.198113],[2.973575,39.198065],[2.97359,39.198035],[2.973594,39.19803],[2.973604,39.198021],[2.97362,39.19801],[2.973634,39.197997],[2.97364,39.19799],[2.97365,39.197976],[2.97367,39.197949],[2.973675,39.197946],[2.973682,39.197943],[2.973688,39.197942],[2.973699,39.197938],[2.973702,39.197936],[2.973706,39.197931],[2.973709,39.197924],[2.973715,39.197914],[2.973719,39.197912],[2.973727,39.197908],[2.97374,39.197901],[2.973743,39.197897],[2.973747,39.197891],[2.973747,39.197886],[2.973746,39.197882],[2.973742,39.197873],[2.973736,39.197864],[2.973728,39.197855],[2.973713,39.197837],[2.973712,39.197833],[2.973712,39.197823],[2.973708,39.197805],[2.973706,39.197801],[2.973701,39.197797],[2.973696,39.197795],[2.973688,39.197792],[2.973662,39.197784],[2.973659,39.197781],[2.973652,39.197774],[2.973648,39.197767],[2.973645,39.197759],[2.973643,39.197749],[2.973639,39.197734],[2.973636,39.197729],[2.973628,39.19772],[2.973619,39.197707],[2.973599,39.197682],[2.973581,39.197662],[2.973544,39.197617],[2.973537,39.197607],[2.973523,39.197581],[2.973521,39.197574],[2.973512,39.19755],[2.973509,39.197546],[2.973501,39.197534],[2.973495,39.197521],[2.973484,39.197494],[2.973482,39.197484],[2.973478,39.197462],[2.973478,39.19745],[2.97348,39.19744],[2.973484,39.197425],[2.973489,39.197415],[2.973494,39.19741],[2.973505,39.197395],[2.973508,39.197388],[2.97351,39.197379],[2.973513,39.19737],[2.973518,39.197365],[2.973551,39.197326],[2.97357,39.197304],[2.973595,39.197272],[2.973596,39.197268],[2.973595,39.19726],[2.973595,39.197221],[2.973596,39.197211],[2.973599,39.197203],[2.973604,39.197196],[2.973613,39.197185],[2.973647,39.197144],[2.973649,39.197138],[2.973654,39.197122],[2.973654,39.197116],[2.973652,39.197106],[2.973648,39.197094],[2.973643,39.197087],[2.973635,39.197075],[2.973625,39.19706],[2.973629,39.197051],[2.973636,39.197038],[2.973637,39.197031],[2.973648,39.196993],[2.973652,39.196986],[2.973656,39.196981],[2.973665,39.196975],[2.97369,39.196954],[2.973701,39.196943],[2.973725,39.196922],[2.973729,39.19692],[2.97374,39.196913],[2.973748,39.196907],[2.973759,39.196895],[2.973766,39.196887],[2.973774,39.196873],[2.973788,39.196846],[2.973808,39.196805],[2.973822,39.196778],[2.973832,39.196765],[2.973837,39.196759],[2.97385,39.196745],[2.973855,39.196737],[2.97387,39.196711],[2.973877,39.196694],[2.973885,39.196679],[2.973887,39.196679],[2.973891,39.196681],[2.973895,39.196685],[2.973909,39.196696],[2.973912,39.196697],[2.973917,39.196696],[2.97392,39.196692],[2.973927,39.196688],[2.973951,39.196667],[2.973953,39.196663],[2.973975,39.196627],[2.974019,39.196555],[2.974044,39.196511],[2.974045,39.196507],[2.974044,39.196494],[2.974045,39.196469],[2.974047,39.196454],[2.974048,39.196429],[2.974051,39.196422],[2.974053,39.196418],[2.974058,39.196416],[2.974077,39.196403],[2.97408,39.196399],[2.97408,39.196395],[2.974079,39.196391],[2.974076,39.196386],[2.97407,39.196374],[2.97407,39.19637],[2.974072,39.196362],[2.974081,39.196328],[2.974085,39.196307],[2.974085,39.196302],[2.974078,39.196258],[2.974075,39.196255],[2.974068,39.19624],[2.974068,39.196237],[2.974071,39.196231],[2.974075,39.196227],[2.974081,39.196224],[2.974093,39.196218],[2.974129,39.196201],[2.974132,39.196198],[2.974138,39.196189],[2.974143,39.19618],[2.974165,39.196131],[2.974166,39.196127],[2.974165,39.196115],[2.974162,39.196108],[2.974159,39.196105],[2.974155,39.196104],[2.974151,39.196103],[2.974138,39.196104],[2.97413,39.196103],[2.974126,39.196101],[2.974125,39.196099],[2.974125,39.196095],[2.974126,39.196089],[2.974131,39.196078],[2.97414,39.196054],[2.97414,39.196049],[2.974138,39.196039],[2.974134,39.196023],[2.974128,39.196009],[2.974121,39.195998],[2.974115,39.195992],[2.97411,39.195989],[2.974104,39.195987],[2.97409,39.195981],[2.974089,39.19598],[2.97409,39.195976],[2.974092,39.195973],[2.974097,39.195969],[2.974107,39.195958],[2.974113,39.195951],[2.974115,39.195945],[2.974117,39.195934],[2.974121,39.195922],[2.97413,39.195901],[2.974136,39.195882],[2.974136,39.195878],[2.974133,39.195874],[2.974129,39.19587],[2.97412,39.195863],[2.974111,39.195856],[2.974076,39.195827],[2.974062,39.195814],[2.974042,39.195797],[2.974012,39.195773],[2.974002,39.195767],[2.973995,39.195765],[2.973985,39.195763],[2.973971,39.195759],[2.973953,39.195753],[2.973938,39.195746],[2.973913,39.195736],[2.973907,39.195735],[2.973897,39.195736],[2.973885,39.195737],[2.973874,39.19574],[2.973848,39.195746],[2.973845,39.195745],[2.97384,39.195742],[2.973834,39.195736],[2.973822,39.195724],[2.973816,39.195714],[2.973786,39.195672],[2.973776,39.195662],[2.973769,39.195657],[2.973757,39.19565],[2.973707,39.195621],[2.973699,39.195618],[2.973688,39.195616],[2.973679,39.195615],[2.973669,39.195616],[2.973655,39.195618],[2.973635,39.19562],[2.973632,39.195619],[2.973626,39.195616],[2.97362,39.195611],[2.97359,39.195586],[2.973585,39.195584],[2.973568,39.195578],[2.973558,39.195577],[2.97355,39.195577],[2.973541,39.195578],[2.973529,39.195578],[2.973524,39.195577],[2.973485,39.19557],[2.973475,39.195569],[2.973464,39.195568],[2.973458,39.195565],[2.973452,39.195561],[2.973443,39.195553],[2.973436,39.195548],[2.973429,39.195547],[2.973425,39.195547],[2.973421,39.195548],[2.973418,39.195551],[2.973409,39.195556],[2.973407,39.195556],[2.973402,39.195554],[2.973377,39.195545],[2.973372,39.195545],[2.973357,39.195546],[2.973286,39.195547],[2.97328,39.195546],[2.973278,39.195544],[2.973275,39.19554],[2.973266,39.195528],[2.973262,39.195526],[2.973247,39.195518],[2.973234,39.195514],[2.973228,39.195513],[2.973218,39.195514],[2.973207,39.195516],[2.9732,39.195518],[2.973193,39.195522],[2.97319,39.195526],[2.973187,39.195531],[2.973186,39.195537],[2.973184,39.195545],[2.973181,39.195547],[2.973173,39.195549],[2.973163,39.19555],[2.973152,39.195551],[2.973112,39.19555],[2.973087,39.195552],[2.973056,39.195554],[2.973019,39.195559],[2.972998,39.19556],[2.972987,39.19556],[2.972979,39.195558],[2.972979,39.195556],[2.97298,39.195554],[2.972984,39.195551],[2.97299,39.195549],[2.973031,39.19553],[2.973033,39.195527],[2.973033,39.195524],[2.973032,39.195522],[2.973028,39.19552],[2.973022,39.195518],[2.973014,39.195517],[2.972956,39.195511],[2.972917,39.195506],[2.972869,39.195501],[2.972868,39.195503],[2.972866,39.195508],[2.972859,39.195517],[2.972856,39.195518],[2.972849,39.19552],[2.972842,39.19552],[2.972836,39.195519],[2.97283,39.195516],[2.972824,39.195511],[2.972819,39.195505],[2.972813,39.195497],[2.97281,39.195489],[2.972806,39.195477],[2.9728,39.19546],[2.972796,39.195452],[2.972791,39.195448],[2.972786,39.195445],[2.97278,39.195444],[2.972773,39.195444],[2.972767,39.195446],[2.972741,39.195453],[2.972731,39.195458],[2.972715,39.195464],[2.972712,39.195463],[2.972705,39.195462],[2.972698,39.195459],[2.97269,39.195453],[2.972678,39.195444],[2.972663,39.19543],[2.972656,39.195421],[2.972649,39.195411],[2.972647,39.195404],[2.972646,39.195395],[2.972645,39.19538],[2.972647,39.195372],[2.972647,39.195366],[2.972644,39.195362],[2.972641,39.195358],[2.972636,39.195357],[2.972631,39.195356],[2.972625,39.195357],[2.972614,39.195359],[2.972597,39.195365],[2.972591,39.195368],[2.972586,39.195373],[2.972574,39.195382],[2.972569,39.195383],[2.972561,39.195385],[2.972554,39.195384],[2.972548,39.195383],[2.972544,39.19538],[2.972543,39.195377],[2.972542,39.195372],[2.972543,39.195363],[2.972541,39.195354],[2.972539,39.195351],[2.972534,39.195348],[2.972527,39.195344],[2.97252,39.195342],[2.972512,39.195341],[2.972504,39.195342],[2.972492,39.195345],[2.972483,39.195345],[2.972477,39.195344],[2.972469,39.195341],[2.972452,39.195334],[2.972443,39.195332],[2.97242,39.195324],[2.972401,39.19532],[2.972395,39.19532],[2.972382,39.195321],[2.972369,39.195324],[2.972305,39.195334],[2.972286,39.19533],[2.972282,39.195329],[2.972264,39.195327],[2.972251,39.195326],[2.972204,39.195323],[2.97217,39.19532],[2.972166,39.195318],[2.972162,39.195315],[2.972161,39.195312],[2.972155,39.195301],[2.972152,39.195301],[2.972146,39.1953],[2.97214,39.1953],[2.972134,39.195302],[2.972124,39.195307],[2.972105,39.195318],[2.972097,39.195321],[2.972092,39.195321],[2.97208,39.195323],[2.972076,39.195326],[2.97207,39.19533],[2.972056,39.195341],[2.972049,39.195344],[2.972039,39.195347],[2.972035,39.195347],[2.972001,39.195348],[2.971995,39.195349],[2.971985,39.195353],[2.971961,39.195365],[2.971947,39.195373],[2.971943,39.195377],[2.971926,39.195391],[2.971921,39.195394],[2.971894,39.195407],[2.97189,39.195411],[2.971824,39.195511],[2.971828,39.195513],[2.97183,39.195514],[2.971832,39.195518],[2.971834,39.195524],[2.971834,39.19553],[2.971832,39.195533],[2.971826,39.195541],[2.971811,39.195557],[2.971805,39.195563],[2.97179,39.195572],[2.971749,39.195596],[2.971738,39.195601],[2.971715,39.195609],[2.971688,39.195617],[2.971665,39.195623],[2.971645,39.195629],[2.971635,39.195634],[2.971626,39.19564],[2.971616,39.195648],[2.971585,39.195672],[2.971579,39.195674],[2.971566,39.195679],[2.971556,39.195681],[2.971535,39.195683],[2.971406,39.195698],[2.971401,39.195701],[2.97139,39.195706],[2.97138,39.195713],[2.971372,39.19572],[2.971363,39.195726],[2.971355,39.19573],[2.971348,39.195731],[2.971342,39.195731],[2.971335,39.19573],[2.971321,39.195726],[2.971308,39.195723],[2.971302,39.195724],[2.97129,39.195726],[2.971261,39.195734],[2.971232,39.195742],[2.971199,39.195753],[2.971173,39.195764],[2.971141,39.195775],[2.97113,39.195778],[2.971035,39.195797],[2.971002,39.195805],[2.970998,39.195807],[2.970992,39.195813],[2.970986,39.19582],[2.970976,39.19583],[2.970967,39.195837],[2.970951,39.195851],[2.97095,39.195853],[2.970951,39.195858],[2.970954,39.195861],[2.970959,39.195871],[2.970959,39.195874],[2.970959,39.195887],[2.970961,39.19589],[2.970967,39.195899],[2.970973,39.195909],[2.970979,39.195917],[2.970988,39.195926],[2.970995,39.19593],[2.971005,39.195935],[2.971014,39.195938],[2.971028,39.19594],[2.97104,39.195941],[2.971048,39.19594],[2.971061,39.19594],[2.971067,39.195942],[2.971097,39.195947],[2.971101,39.195946],[2.971113,39.195943],[2.971121,39.195939],[2.971128,39.195935],[2.971147,39.195925],[2.971151,39.195924],[2.971156,39.195924],[2.971158,39.195926],[2.97116,39.195929],[2.971161,39.195934],[2.971165,39.195949],[2.971168,39.195955],[2.971182,39.195976],[2.971249,39.196074],[2.971256,39.196081],[2.971276,39.1961],[2.97129,39.196111],[2.971307,39.196122],[2.971343,39.196144],[2.971359,39.196152],[2.971377,39.196159],[2.971397,39.196166],[2.971425,39.196174],[2.971445,39.196181],[2.971457,39.196186],[2.97148,39.196196],[2.971491,39.196198],[2.971498,39.196199],[2.971521,39.196199],[2.971533,39.196197],[2.971548,39.196197],[2.971553,39.196198],[2.971564,39.196202],[2.971578,39.196209],[2.971585,39.196214],[2.971594,39.196222],[2.971609,39.196239],[2.971617,39.196249],[2.97163,39.196269],[2.971661,39.196321],[2.971664,39.19633],[2.971667,39.196343],[2.971669,39.196357],[2.971668,39.196367],[2.971664,39.196393],[2.971661,39.196403],[2.971656,39.196424],[2.971654,39.196439],[2.971649,39.196469],[2.971646,39.196472],[2.971629,39.196498],[2.971626,39.196504],[2.971625,39.196513],[2.971624,39.196528],[2.971625,39.196542],[2.971629,39.196564],[2.971633,39.196579],[2.971644,39.196611],[2.97165,39.196623],[2.971661,39.196643],[2.971668,39.196653],[2.971676,39.19666],[2.971686,39.196667],[2.971703,39.196681],[2.971718,39.196692],[2.971723,39.196694],[2.971732,39.196695],[2.971742,39.196695],[2.971768,39.196697],[2.97177,39.196699],[2.971773,39.196703],[2.971777,39.19671],[2.971782,39.196725],[2.971789,39.196741],[2.971795,39.196749],[2.971801,39.196755],[2.971805,39.196756],[2.971806,39.196758],[2.971806,39.196761],[2.971805,39.196767],[2.971803,39.196781],[2.971804,39.196788],[2.971807,39.196801],[2.971812,39.196813],[2.971819,39.196827],[2.97183,39.19685],[2.971832,39.196858],[2.971831,39.196863],[2.971828,39.196886],[2.97183,39.196892],[2.971833,39.1969],[2.971837,39.196906],[2.971841,39.196914],[2.97184,39.196917],[2.971837,39.196922],[2.971831,39.196931],[2.971822,39.196944],[2.971819,39.196953],[2.971818,39.196961],[2.971819,39.196965],[2.971821,39.196968],[2.971826,39.196971],[2.971833,39.196974],[2.971848,39.19698],[2.971849,39.196983],[2.971848,39.196985],[2.971845,39.196987],[2.971809,39.197022],[2.971804,39.197029],[2.971787,39.197055],[2.971776,39.197077],[2.971768,39.197096],[2.971767,39.1971],[2.971769,39.197106],[2.971772,39.197111],[2.971777,39.197122],[2.971777,39.197125],[2.971773,39.19715],[2.971775,39.197153],[2.97178,39.197161],[2.971789,39.197178],[2.97179,39.197184],[2.971789,39.197189],[2.971787,39.197193],[2.971783,39.197203],[2.971783,39.197207],[2.971785,39.197213],[2.971788,39.197217],[2.971796,39.197224],[2.9718,39.197229],[2.971801,39.197233],[2.9718,39.197237],[2.971798,39.197241],[2.971794,39.197243],[2.971782,39.197248],[2.971774,39.197252],[2.971745,39.197266],[2.97172,39.19728],[2.971711,39.197287],[2.9717,39.197297],[2.971688,39.197306],[2.971622,39.197352],[2.971616,39.197355],[2.971606,39.197357],[2.971595,39.197359],[2.971567,39.197363],[2.971563,39.197365],[2.971558,39.19737],[2.971556,39.197375],[2.971556,39.197379],[2.971551,39.197404],[2.971548,39.197412],[2.971544,39.197417],[2.971539,39.197421],[2.971534,39.197423],[2.971522,39.197426],[2.971498,39.197435],[2.971489,39.197439],[2.971481,39.197445],[2.97147,39.197454],[2.971465,39.197461],[2.97146,39.19747],[2.971458,39.197477],[2.971452,39.197493],[2.971448,39.197496],[2.971429,39.197514],[2.971418,39.197523],[2.971403,39.197532],[2.971386,39.197541],[2.971369,39.197548],[2.971343,39.197558],[2.97133,39.197562],[2.971296,39.197571],[2.97129,39.197575],[2.971283,39.19758],[2.971273,39.197591],[2.971265,39.197596],[2.971259,39.197598],[2.971243,39.197602],[2.97117,39.197621],[2.971162,39.197625],[2.971144,39.197635],[2.971136,39.19764],[2.971129,39.197648],[2.971126,39.197653],[2.971125,39.197658],[2.971126,39.197663],[2.971129,39.197667],[2.971136,39.197675],[2.971141,39.197679],[2.971148,39.197681],[2.971156,39.197683],[2.971174,39.197686],[2.971205,39.197688],[2.971231,39.197692],[2.971239,39.197695],[2.971247,39.197696],[2.971256,39.197695],[2.971265,39.197694],[2.971273,39.197691],[2.971286,39.197688],[2.971294,39.197687],[2.971324,39.197684],[2.971338,39.197681],[2.971422,39.197662],[2.971491,39.197645],[2.971502,39.197643],[2.971507,39.197644],[2.971527,39.197645],[2.971539,39.197644],[2.97155,39.197642],[2.971582,39.197638],[2.971596,39.197634],[2.971614,39.197629],[2.971626,39.197626],[2.971632,39.197626],[2.971643,39.197628],[2.971678,39.197632],[2.971687,39.197631],[2.971703,39.197629],[2.971724,39.197625],[2.971762,39.197616],[2.971774,39.197612],[2.971795,39.197603],[2.971845,39.197579],[2.97187,39.197569],[2.971873,39.19757],[2.971882,39.197571],[2.9719,39.197573],[2.971903,39.197572],[2.971907,39.197569],[2.971909,39.197566],[2.971928,39.197538],[2.971934,39.197533],[2.97195,39.19752],[2.971953,39.19752],[2.971957,39.197521],[2.971959,39.197522],[2.97196,39.197526],[2.971961,39.197531],[2.971959,39.197537],[2.971954,39.197553],[2.971953,39.197562],[2.971946,39.197599],[2.971942,39.19761],[2.97194,39.197623],[2.97194,39.197631],[2.971942,39.19764],[2.971945,39.197645],[2.971949,39.197648],[2.971953,39.19765],[2.971958,39.19765],[2.971962,39.197649],[2.971968,39.197649],[2.97197,39.19765],[2.971977,39.197654],[2.97198,39.197654],[2.971987,39.197653],[2.971998,39.197653],[2.972,39.197654],[2.972002,39.19766],[2.972003,39.197667],[2.972012,39.197724],[2.972011,39.197729],[2.972009,39.197749],[2.972009,39.197773],[2.97201,39.197812],[2.972012,39.197814],[2.972016,39.197816],[2.972021,39.197817],[2.97203,39.197817],[2.972056,39.197816],[2.972064,39.197815],[2.972081,39.19781],[2.972089,39.197807],[2.972108,39.197796],[2.972124,39.19779],[2.972129,39.197789],[2.972147,39.197785],[2.972157,39.197781],[2.972169,39.197776],[2.972173,39.197772],[2.972179,39.197765],[2.972182,39.197759],[2.972183,39.197753],[2.972183,39.197742],[2.972185,39.197723],[2.972187,39.197715],[2.97219,39.197712],[2.972195,39.197708],[2.972201,39.197707],[2.972208,39.197706],[2.972245,39.197699],[2.972251,39.197697],[2.972307,39.197676],[2.972326,39.197667],[2.972332,39.197663],[2.972339,39.197656],[2.972345,39.197648],[2.972353,39.197639],[2.972356,39.197637],[2.972377,39.197628],[2.972386,39.197622],[2.972392,39.197616],[2.972396,39.197611],[2.972399,39.197603],[2.972402,39.197592],[2.972401,39.197588],[2.972399,39.197583],[2.972393,39.19757],[2.972394,39.197568],[2.972397,39.197565],[2.972402,39.197562],[2.972412,39.197558],[2.972423,39.197555],[2.972435,39.197553],[2.972448,39.19755],[2.972456,39.197546],[2.972459,39.197543],[2.97246,39.19754],[2.972464,39.197533],[2.972467,39.197532],[2.972473,39.197529],[2.972482,39.197528],[2.972489,39.197528],[2.972493,39.19753],[2.972494,39.197532],[2.972494,39.197535],[2.972492,39.197538],[2.972488,39.197541],[2.972479,39.197546],[2.972473,39.197551],[2.97247,39.197555],[2.972469,39.197559],[2.97247,39.197563],[2.972472,39.197567],[2.972477,39.19757],[2.972484,39.197573],[2.97249,39.197575],[2.972497,39.197575],[2.972504,39.197574],[2.972508,39.197572],[2.972511,39.197568],[2.972514,39.197563],[2.972516,39.197555],[2.972519,39.197548],[2.972523,39.197545],[2.972526,39.197544],[2.97253,39.197544],[2.972536,39.197546],[2.972544,39.197551],[2.972554,39.197559],[2.972564,39.197569],[2.972578,39.197584],[2.972583,39.197592],[2.972586,39.1976],[2.972597,39.197625],[2.972602,39.19763],[2.972616,39.197646],[2.972621,39.197649],[2.972626,39.19765],[2.972639,39.197655],[2.972641,39.197657],[2.972643,39.197663],[2.972644,39.197671],[2.972648,39.197685],[2.97265,39.197687],[2.972656,39.197689],[2.972663,39.19769],[2.972682,39.197696],[2.972684,39.197698],[2.972688,39.197704],[2.972689,39.19771],[2.972689,39.197716],[2.972687,39.197723],[2.972683,39.197732],[2.972671,39.19776],[2.97267,39.197766],[2.972671,39.197779],[2.972673,39.19779],[2.972676,39.197796],[2.972682,39.197803],[2.972694,39.197816],[2.972703,39.197823],[2.972713,39.197829],[2.972745,39.197851],[2.972747,39.197854],[2.972747,39.197859],[2.972746,39.197864],[2.972742,39.197872],[2.972737,39.197877],[2.972727,39.197887],[2.972719,39.197897],[2.972697,39.197925],[2.972695,39.197931],[2.972693,39.197939],[2.972693,39.197947],[2.972696,39.197954],[2.972699,39.197961],[2.972705,39.197975],[2.972714,39.197991],[2.972718,39.197994],[2.972726,39.197999],[2.972735,39.198006],[2.97274,39.198012],[2.972755,39.198027],[2.97276,39.19803],[2.972766,39.198032],[2.972775,39.198033],[2.972789,39.198035],[2.972806,39.19804],[2.972821,39.198043],[2.97283,39.198044],[2.972841,39.198043],[2.972858,39.198043],[2.972872,39.198044],[2.97288,39.198046],[2.972891,39.198051],[2.972897,39.198052],[2.972901,39.198051],[2.972909,39.198048],[2.972916,39.198044],[2.972929,39.198039],[2.972931,39.198039],[2.972934,39.198042],[2.972934,39.198044],[2.972936,39.198052]],[[2.965429,39.195339],[2.965433,39.195325],[2.965438,39.195307],[2.965441,39.195296],[2.965443,39.195289],[2.965445,39.195282],[2.965448,39.195276],[2.96545,39.19527],[2.965452,39.195265],[2.965454,39.195261],[2.965457,39.195255],[2.965459,39.19525],[2.965461,39.195246],[2.965464,39.195241],[2.965466,39.195238],[2.965467,39.195236],[2.965469,39.195234],[2.965471,39.195232],[2.965473,39.195231],[2.965475,39.195229],[2.965477,39.195228],[2.96548,39.195227],[2.965482,39.195226],[2.965485,39.195225],[2.965488,39.195224],[2.965491,39.195223],[2.965494,39.195223],[2.9655,39.195222],[2.965503,39.195221],[2.96551,39.19522],[2.965517,39.19522],[2.965527,39.195219],[2.965538,39.195218],[2.965544,39.195217],[2.965548,39.195217],[2.965554,39.195216],[2.965557,39.195215],[2.96556,39.195214],[2.965563,39.195213],[2.965565,39.195212],[2.965568,39.195211],[2.96557,39.19521],[2.965572,39.195209],[2.965575,39.195207],[2.965576,39.195206],[2.965578,39.195204],[2.965579,39.195203],[2.965582,39.195199],[2.965584,39.195196],[2.965587,39.195192],[2.965591,39.195186],[2.9656,39.195172],[2.965601,39.19517],[2.965605,39.195166],[2.965606,39.195163],[2.965612,39.195157],[2.965626,39.195141],[2.965645,39.195119],[2.965673,39.195087],[2.965682,39.195076],[2.965686,39.195072],[2.96569,39.195066],[2.965694,39.195062],[2.9657,39.195054],[2.965708,39.195044],[2.965711,39.19504],[2.965712,39.195038],[2.965716,39.195034],[2.96572,39.19503],[2.965723,39.195027],[2.965727,39.195023],[2.965731,39.19502],[2.965735,39.195016],[2.965742,39.195011],[2.965748,39.195006],[2.965757,39.195],[2.965777,39.194985],[2.965781,39.194982],[2.965787,39.194977],[2.965791,39.194973],[2.965795,39.194969],[2.965796,39.194969],[2.965805,39.19496],[2.965808,39.194956],[2.965812,39.194953],[2.965815,39.194949],[2.965817,39.194946],[2.96582,39.194942],[2.965822,39.194939],[2.965824,39.194936],[2.965825,39.194934],[2.965829,39.194928],[2.965832,39.194922],[2.965835,39.194916],[2.965837,39.19491],[2.965841,39.194902],[2.965844,39.194894],[2.965848,39.194886],[2.965851,39.194876],[2.965857,39.194862],[2.96586,39.194855],[2.965862,39.194848],[2.965864,39.194843],[2.965866,39.194836],[2.965869,39.194827],[2.965874,39.19481],[2.965876,39.194805],[2.965878,39.194799],[2.965878,39.194799],[2.965878,39.194798],[2.96588,39.194795],[2.965881,39.194794],[2.965883,39.194791],[2.965885,39.194789],[2.965887,39.194786],[2.965889,39.194784],[2.965892,39.194781],[2.965896,39.194778],[2.965902,39.194773],[2.965907,39.194769],[2.96591,39.194766],[2.965912,39.194764],[2.965914,39.194761],[2.965916,39.194759],[2.965918,39.194756],[2.96592,39.194753],[2.96592,39.194752],[2.96592,39.194751],[2.965922,39.194748],[2.965922,39.194746],[2.965923,39.194743],[2.965923,39.194741],[2.965923,39.194738],[2.965923,39.194735],[2.965923,39.194732],[2.965923,39.194729],[2.965923,39.194725],[2.965922,39.194723],[2.965922,39.194719],[2.965921,39.194718],[2.96592,39.194713],[2.965919,39.19471],[2.965918,39.194708],[2.965917,39.194705],[2.965917,39.194703],[2.965915,39.194701],[2.965914,39.194699],[2.965913,39.194698],[2.965911,39.194695],[2.965907,39.194691],[2.965904,39.194687],[2.965901,39.194684],[2.965898,39.194681],[2.965896,39.194679],[2.965893,39.194677],[2.96589,39.194675],[2.965887,39.194673],[2.965884,39.194671],[2.965881,39.19467],[2.965879,39.194668],[2.965876,39.194667],[2.965873,39.194666],[2.96587,39.194665],[2.96587,39.194665],[2.965859,39.194662],[2.965848,39.194659],[2.965833,39.194654],[2.965785,39.194641],[2.965767,39.194636],[2.965747,39.194631],[2.965744,39.19463],[2.965741,39.194629],[2.965739,39.194629],[2.965737,39.194629],[2.965735,39.194629],[2.965732,39.194629],[2.96573,39.194629],[2.965728,39.19463],[2.965724,39.19463],[2.965721,39.194631],[2.965718,39.194632],[2.965714,39.194633],[2.965711,39.194635],[2.965706,39.194637],[2.965705,39.194637],[2.965702,39.194638],[2.9657,39.194639],[2.965697,39.194641],[2.965695,39.194642],[2.965692,39.194644],[2.96569,39.194647],[2.965687,39.194649],[2.965685,39.194652],[2.965681,39.194655],[2.965675,39.194662],[2.965672,39.194666],[2.965669,39.194668],[2.965667,39.19467],[2.965664,39.194672],[2.965661,39.194674],[2.965659,39.194675],[2.965656,39.194677],[2.965654,39.194678],[2.965652,39.194678],[2.965652,39.194679],[2.965643,39.194681],[2.965638,39.194683],[2.965633,39.194684],[2.965627,39.194686],[2.965622,39.194687],[2.965617,39.194688],[2.965613,39.194688],[2.965608,39.194689],[2.965604,39.19469],[2.965599,39.19469],[2.965596,39.19469],[2.96559,39.19469],[2.965587,39.19469],[2.965585,39.19469],[2.96558,39.19469],[2.965576,39.194689],[2.965571,39.194688],[2.965564,39.194688],[2.965544,39.194685],[2.965541,39.194685],[2.965537,39.194684],[2.965532,39.194684],[2.965526,39.194684],[2.96552,39.194684],[2.965497,39.194684],[2.965494,39.194684],[2.965491,39.194683],[2.965489,39.194683],[2.965487,39.194683],[2.965484,39.194682],[2.965479,39.194681],[2.965469,39.194678],[2.965462,39.194677],[2.965459,39.194676],[2.965457,39.194676],[2.965455,39.194676],[2.965453,39.194676],[2.965451,39.194676],[2.965449,39.194677],[2.965447,39.194677],[2.965445,39.194678],[2.965444,39.194679],[2.965443,39.19468],[2.965441,39.194682],[2.965439,39.194683],[2.965438,39.194685],[2.965437,39.194687],[2.965436,39.194689],[2.965435,39.194691],[2.965435,39.194693],[2.965435,39.194695],[2.965435,39.194697],[2.965435,39.194699],[2.965435,39.194701],[2.965436,39.194704],[2.965437,39.194707],[2.965438,39.19471],[2.965439,39.194714],[2.96544,39.194715],[2.965441,39.194717],[2.965442,39.19472],[2.965442,39.19472],[2.965443,39.194724],[2.965445,39.194736],[2.965447,39.194742],[2.965447,39.194743],[2.965449,39.194757],[2.96545,39.194763],[2.965452,39.194771],[2.965453,39.194779],[2.965453,39.194786],[2.965454,39.194791],[2.965454,39.194796],[2.965454,39.1948],[2.965454,39.194804],[2.965454,39.194808],[2.965453,39.194812],[2.965453,39.194816],[2.965452,39.19482],[2.965452,39.194821],[2.96545,39.194829],[2.965437,39.194889],[2.965437,39.19489],[2.965428,39.194932],[2.965427,39.194936],[2.965426,39.194938],[2.965425,39.194941],[2.965424,39.194943],[2.965421,39.194946],[2.96542,39.194948],[2.965418,39.194951],[2.965415,39.194954],[2.965412,39.194957],[2.965408,39.19496],[2.965405,39.194963],[2.965402,39.194966],[2.965394,39.194972],[2.965384,39.19498],[2.965381,39.194983],[2.965377,39.194986],[2.965374,39.194989],[2.965372,39.194992],[2.965371,39.194993],[2.965369,39.194997],[2.965367,39.194999],[2.965364,39.195003],[2.965361,39.195008],[2.965353,39.195021],[2.965351,39.195023],[2.965349,39.195027],[2.965347,39.195028],[2.965346,39.195029],[2.965346,39.195029],[2.965344,39.19503],[2.965343,39.195031],[2.965341,39.195031],[2.965336,39.195033],[2.965336,39.195033],[2.965334,39.195034],[2.965334,39.195034],[2.965334,39.195035],[2.965332,39.195037],[2.96533,39.19504],[2.965328,39.195043],[2.965325,39.195047],[2.965323,39.195052],[2.96532,39.195056],[2.965317,39.195062],[2.965309,39.195079],[2.965307,39.195082],[2.965305,39.195086],[2.965303,39.195089],[2.965301,39.195091],[2.965297,39.195097],[2.965293,39.195103],[2.965292,39.195105],[2.96529,39.195106],[2.965289,39.195108],[2.965287,39.19511],[2.965285,39.195111],[2.965285,39.195111],[2.965279,39.195115],[2.965275,39.195117],[2.965271,39.195119],[2.965267,39.195121],[2.965263,39.195123],[2.965257,39.195126],[2.965253,39.195128],[2.965246,39.195131],[2.96524,39.195133],[2.965231,39.195137],[2.965218,39.195141],[2.965203,39.195147],[2.965203,39.195147],[2.965201,39.195148],[2.965198,39.195149],[2.965194,39.19515],[2.965188,39.195152],[2.965182,39.195154],[2.96518,39.195155],[2.965177,39.195156],[2.965175,39.195157],[2.965172,39.195158],[2.965169,39.19516],[2.965166,39.195162],[2.965163,39.195164],[2.96516,39.195166],[2.965157,39.195169],[2.965154,39.195171],[2.965152,39.195173],[2.965149,39.195176],[2.965147,39.195179],[2.965145,39.195181],[2.965141,39.195185],[2.965139,39.195188],[2.965137,39.195193],[2.965134,39.195197],[2.965131,39.195201],[2.965128,39.195207],[2.965128,39.195208],[2.965123,39.195216],[2.965121,39.195222],[2.965116,39.195231],[2.965109,39.195244],[2.965108,39.195247],[2.965106,39.195251],[2.965105,39.195253],[2.965104,39.195256],[2.965103,39.195261],[2.9651,39.195268],[2.965099,39.19527],[2.965098,39.195272],[2.965097,39.195275],[2.965096,39.195277],[2.965094,39.195279],[2.965092,39.19528],[2.96509,39.195282],[2.965089,39.195283],[2.965087,39.195284],[2.965086,39.195285],[2.965085,39.195285],[2.965082,39.195286],[2.965081,39.195287],[2.965078,39.195288],[2.965075,39.195288],[2.965072,39.195289],[2.965063,39.195291],[2.96506,39.195292],[2.965052,39.195294],[2.965042,39.195296],[2.965023,39.195301],[2.965018,39.195302],[2.965012,39.195304],[2.965007,39.195306],[2.965004,39.195307],[2.965002,39.195308],[2.965001,39.195308],[2.965,39.195309],[2.964999,39.19531],[2.964998,39.195311],[2.964997,39.195312],[2.964996,39.195314],[2.964995,39.195316],[2.964992,39.195321],[2.964991,39.195323],[2.964989,39.195325],[2.964987,39.195328],[2.964986,39.195331],[2.964985,39.195334],[2.964983,39.195338],[2.96498,39.195345],[2.964977,39.195352],[2.964975,39.195355],[2.964974,39.195358],[2.964972,39.19536],[2.96497,39.195363],[2.964968,39.195366],[2.964966,39.195368],[2.964964,39.19537],[2.964961,39.195373],[2.96496,39.195374],[2.964958,39.195375],[2.964956,39.195376],[2.964954,39.195377],[2.964951,39.195378],[2.964949,39.195379],[2.964944,39.195381],[2.96494,39.195382],[2.964928,39.195387],[2.964924,39.195388],[2.964918,39.19539],[2.964909,39.195393],[2.964889,39.195399],[2.964885,39.195401],[2.964879,39.195403],[2.964873,39.195405],[2.964869,39.195407],[2.964864,39.195409],[2.964862,39.19541],[2.964861,39.195411],[2.964859,39.195412],[2.964858,39.195413],[2.964857,39.195414],[2.964855,39.195416],[2.964854,39.195417],[2.964853,39.195419],[2.964852,39.195421],[2.964852,39.195422],[2.964851,39.195424],[2.964849,39.195428],[2.964848,39.195432],[2.964847,39.195436],[2.964846,39.19544],[2.964845,39.195444],[2.964844,39.195449],[2.964844,39.195454],[2.964843,39.195461],[2.964842,39.19547],[2.964842,39.195473],[2.964841,39.195477],[2.96484,39.19548],[2.96484,39.195482],[2.96484,39.195484],[2.964841,39.195485],[2.964841,39.195486],[2.964842,39.195488],[2.964842,39.195489],[2.964843,39.19549],[2.964843,39.19549],[2.964845,39.195493],[2.964847,39.195494],[2.964848,39.195495],[2.964849,39.195496],[2.964851,39.195497],[2.964852,39.195497],[2.964854,39.195498],[2.964856,39.195498],[2.964859,39.195499],[2.964861,39.195499],[2.964865,39.1955],[2.964867,39.1955],[2.964871,39.1955],[2.964874,39.195499],[2.964879,39.195499],[2.964883,39.195498],[2.964887,39.195497],[2.964891,39.195496],[2.964895,39.195495],[2.964898,39.195494],[2.964902,39.195493],[2.964905,39.195491],[2.964909,39.195489],[2.964914,39.195488],[2.964919,39.195485],[2.964926,39.195482],[2.964937,39.195476],[2.964948,39.195471],[2.964953,39.195468],[2.964959,39.195466],[2.96496,39.195465],[2.964978,39.195458],[2.964991,39.195452],[2.965002,39.195447],[2.965009,39.195444],[2.965016,39.195442],[2.965023,39.195439],[2.965029,39.195437],[2.965034,39.195436],[2.965041,39.195434],[2.965046,39.195432],[2.965049,39.195432],[2.965055,39.19543],[2.96506,39.195429],[2.965066,39.195429],[2.965071,39.195428],[2.965077,39.195427],[2.965084,39.195426],[2.965091,39.195426],[2.965099,39.195425],[2.96511,39.195424],[2.965119,39.195424],[2.965136,39.195423],[2.96515,39.195422],[2.965171,39.195421],[2.965224,39.195419],[2.965234,39.195418],[2.965248,39.195417],[2.965259,39.195416],[2.965262,39.195416],[2.965278,39.195415],[2.965295,39.195413],[2.965322,39.195411],[2.965333,39.19541],[2.965342,39.195409],[2.965355,39.195408],[2.965392,39.195406],[2.965398,39.195405],[2.965406,39.195405],[2.965408,39.195404],[2.965409,39.195404],[2.965411,39.195403],[2.965412,39.195403],[2.965413,39.195402],[2.965414,39.195401],[2.965415,39.1954],[2.965416,39.195399],[2.965417,39.195398],[2.965418,39.195397],[2.965418,39.195397],[2.965418,39.195394],[2.965419,39.195392],[2.96542,39.195389],[2.96542,39.195386],[2.96542,39.195383],[2.965421,39.195377],[2.965421,39.195372],[2.965422,39.195369],[2.965422,39.195367],[2.965422,39.195366],[2.965424,39.195359],[2.965429,39.195339]],[[2.966088,39.190498],[2.966091,39.190509],[2.966097,39.190519],[2.966104,39.190529],[2.966116,39.190541],[2.966124,39.190548],[2.96613,39.190552],[2.966136,39.190554],[2.966143,39.190555],[2.96615,39.190555],[2.966176,39.190549],[2.966201,39.190541],[2.966229,39.190531],[2.966324,39.19049],[2.966385,39.190463],[2.966418,39.190449],[2.966433,39.190442],[2.966444,39.190438],[2.966455,39.190436],[2.966461,39.190435],[2.966476,39.190437],[2.966492,39.190441],[2.96651,39.190443],[2.966526,39.190443],[2.966546,39.190443],[2.966561,39.190441],[2.966583,39.190436],[2.966594,39.190433],[2.966721,39.190381],[2.966738,39.190375],[2.966838,39.190341],[2.966854,39.190336],[2.966891,39.190321],[2.966905,39.190315],[2.966918,39.19031],[2.966961,39.1903],[2.966985,39.190295],[2.967051,39.190286],[2.967066,39.190284],[2.967084,39.19028],[2.967101,39.190275],[2.967129,39.190263],[2.967152,39.190252],[2.967159,39.190249],[2.967176,39.190235],[2.967183,39.190228],[2.967188,39.190225],[2.967194,39.190223],[2.967203,39.190222],[2.967209,39.190222],[2.967226,39.190227],[2.967239,39.190233],[2.96725,39.190236],[2.967261,39.190237],[2.967277,39.190238],[2.96729,39.190237],[2.967298,39.190236],[2.967323,39.190226],[2.967375,39.190204],[2.967393,39.190197],[2.96745,39.19018],[2.967464,39.190175],[2.967503,39.19016],[2.967556,39.190137],[2.967577,39.190127],[2.967619,39.190111],[2.967638,39.190104],[2.967735,39.190078],[2.967762,39.19007],[2.967835,39.190055],[2.967849,39.190053],[2.967898,39.190038],[2.96792,39.190031],[2.967976,39.190017],[2.967991,39.190013],[2.968046,39.190006],[2.968065,39.190003],[2.968101,39.189997],[2.968137,39.189989],[2.968158,39.189985],[2.968177,39.189982],[2.968188,39.189982],[2.968212,39.189984],[2.968255,39.18999],[2.968316,39.189996],[2.968356,39.190002],[2.968385,39.190004],[2.968422,39.190006],[2.968493,39.190007],[2.968514,39.190007],[2.968529,39.190006],[2.968542,39.190004],[2.968557,39.19],[2.968568,39.189995],[2.968599,39.189979],[2.968608,39.189974],[2.968691,39.18994],[2.968701,39.189935],[2.968755,39.189921],[2.968808,39.189909],[2.968846,39.189901],[2.968872,39.189897],[2.968904,39.189893],[2.968913,39.189893],[2.96892,39.189893],[2.968925,39.189895],[2.968931,39.189899],[2.96894,39.189907],[2.968948,39.189918],[2.968954,39.189929],[2.968959,39.18994],[2.968962,39.189954],[2.968964,39.189966],[2.968963,39.189986],[2.968959,39.190018],[2.968955,39.190045],[2.968951,39.190061],[2.968945,39.190078],[2.968942,39.190089],[2.968941,39.190099],[2.968942,39.190106],[2.968944,39.190112],[2.968947,39.190117],[2.968954,39.190122],[2.968962,39.190126],[2.96897,39.190129],[2.968977,39.190131],[2.968995,39.19013],[2.969018,39.190128],[2.969028,39.190127],[2.969056,39.190126],[2.969062,39.190126],[2.96911,39.19014],[2.969126,39.190145],[2.969156,39.190157],[2.96917,39.190164],[2.969185,39.190169],[2.969196,39.190172],[2.969226,39.190176],[2.969245,39.190177],[2.969263,39.190178],[2.96927,39.190177],[2.969308,39.190167],[2.969318,39.190164],[2.969334,39.190162],[2.969353,39.19016],[2.969364,39.19016],[2.96937,39.190161],[2.969375,39.190163],[2.969383,39.190169],[2.969387,39.190174],[2.9694,39.190201],[2.969403,39.190207],[2.969406,39.190212],[2.969413,39.190216],[2.969421,39.19022],[2.96943,39.190222],[2.969441,39.190224],[2.969451,39.190223],[2.969467,39.190221],[2.96949,39.190215],[2.969517,39.190211],[2.969534,39.190208],[2.969544,39.190206],[2.969556,39.190202],[2.969561,39.190199],[2.969582,39.190179],[2.969585,39.190176],[2.96959,39.190174],[2.969594,39.190173],[2.969613,39.190174],[2.969624,39.190176],[2.969635,39.190177],[2.969669,39.190173],[2.96969,39.190171],[2.969708,39.190167],[2.969723,39.190163],[2.969734,39.190158],[2.96975,39.19015],[2.969759,39.190143],[2.969764,39.190139],[2.969766,39.190136],[2.969765,39.190127],[2.969764,39.190122],[2.969764,39.190118],[2.969766,39.190114],[2.969774,39.190109],[2.969789,39.190101],[2.969801,39.190096],[2.969808,39.190094],[2.969828,39.190093],[2.969839,39.190093],[2.969851,39.190091],[2.969857,39.19009],[2.969885,39.190074],[2.969898,39.190066],[2.969909,39.190061],[2.969921,39.190057],[2.96993,39.190055],[2.969937,39.190052],[2.969945,39.190048],[2.969954,39.190039],[2.96996,39.190032],[2.969963,39.190026],[2.969964,39.190021],[2.969962,39.190005],[2.969958,39.189988],[2.969957,39.18998],[2.969957,39.189975],[2.969959,39.189971],[2.969962,39.189968],[2.969967,39.189965],[2.969971,39.189965],[2.969985,39.189968],[2.96999,39.18997],[2.969996,39.18997],[2.97,39.189969],[2.970005,39.189966],[2.970008,39.189962],[2.970012,39.189954],[2.970013,39.189948],[2.970013,39.189943],[2.970011,39.189937],[2.970007,39.189933],[2.969995,39.189924],[2.969982,39.189916],[2.969973,39.189911],[2.969961,39.189907],[2.969953,39.189906],[2.969843,39.189904],[2.969826,39.189904],[2.969785,39.189901],[2.969757,39.189898],[2.969747,39.189896],[2.969715,39.189886],[2.969693,39.189878],[2.969677,39.189873],[2.969646,39.189867],[2.969639,39.189866],[2.969634,39.189864],[2.969628,39.18986],[2.969622,39.189852],[2.969617,39.189843],[2.969611,39.189824],[2.969608,39.189813],[2.969606,39.189797],[2.969605,39.18979],[2.969601,39.189783],[2.969597,39.189777],[2.969591,39.189772],[2.969589,39.189771],[2.96957,39.189771],[2.969561,39.189772],[2.969556,39.189772],[2.969551,39.18977],[2.969549,39.189769],[2.969547,39.189754],[2.969547,39.189746],[2.969545,39.189738],[2.969545,39.189735],[2.969547,39.189732],[2.96955,39.18973],[2.969554,39.18973],[2.969562,39.189731],[2.969572,39.189734],[2.969576,39.189735],[2.969603,39.189732],[2.969611,39.18973],[2.969616,39.18973],[2.969621,39.189731],[2.969627,39.189735],[2.969639,39.189749],[2.969645,39.189756],[2.969652,39.189769],[2.969655,39.189779],[2.969658,39.189784],[2.969662,39.189788],[2.969667,39.189791],[2.969678,39.189794],[2.96969,39.189796],[2.9697,39.189796],[2.969712,39.189795],[2.969724,39.189793],[2.969741,39.189787],[2.969754,39.189781],[2.969764,39.189776],[2.969771,39.189771],[2.969777,39.189764],[2.969785,39.189752],[2.969789,39.189742],[2.969793,39.18973],[2.969795,39.189714],[2.969796,39.189695],[2.969797,39.189684],[2.969799,39.189677],[2.969819,39.189642],[2.969824,39.189635],[2.969828,39.189625],[2.96983,39.189615],[2.969832,39.189522],[2.969832,39.189509],[2.969833,39.189498],[2.96984,39.189476],[2.969844,39.189464],[2.969849,39.189454],[2.969854,39.189447],[2.969861,39.189442],[2.969867,39.189437],[2.969886,39.18943],[2.969904,39.189425],[2.969917,39.189422],[2.969925,39.189421],[2.969987,39.189424],[2.970015,39.189426],[2.970025,39.189427],[2.970133,39.189458],[2.970153,39.189464],[2.970166,39.189469],[2.970184,39.189478],[2.970196,39.189485],[2.970207,39.189494],[2.97022,39.189506],[2.970224,39.189511],[2.970238,39.189544],[2.970243,39.189558],[2.970247,39.189566],[2.970251,39.189571],[2.970256,39.189574],[2.970263,39.189578],[2.970271,39.18958],[2.970282,39.18958],[2.970293,39.18958],[2.970305,39.189577],[2.970316,39.189573],[2.970327,39.189568],[2.970336,39.189562],[2.970345,39.189554],[2.970352,39.189546],[2.970356,39.189539],[2.97036,39.189529],[2.970361,39.189523],[2.970359,39.189506],[2.970352,39.189477],[2.970341,39.189408],[2.970339,39.189398],[2.970339,39.189383],[2.97034,39.189371],[2.970339,39.189362],[2.970337,39.189354],[2.970334,39.189347],[2.970329,39.189342],[2.970322,39.189337],[2.970317,39.189334],[2.970267,39.189322],[2.970256,39.18932],[2.970214,39.189306],[2.970155,39.189284],[2.970109,39.189268],[2.970096,39.189264],[2.970078,39.189259],[2.970059,39.189255],[2.970041,39.189253],[2.970014,39.189252],[2.970001,39.189252],[2.969949,39.189259],[2.969918,39.189262],[2.969817,39.189276],[2.969689,39.189291],[2.96963,39.189299],[2.969598,39.189304],[2.969588,39.189305],[2.969541,39.189304],[2.969529,39.189303],[2.969518,39.189303],[2.969486,39.189309],[2.969458,39.189316],[2.969436,39.18932],[2.969374,39.189327],[2.969357,39.189328],[2.969347,39.189328],[2.96934,39.189327],[2.969332,39.189325],[2.969326,39.189321],[2.969299,39.189297],[2.96929,39.189287],[2.969285,39.189284],[2.969276,39.189279],[2.969265,39.189276],[2.96925,39.189274],[2.969241,39.189273],[2.96923,39.189274],[2.96921,39.189278],[2.969196,39.189282],[2.969185,39.189287],[2.969177,39.189291],[2.969171,39.189297],[2.969168,39.1893],[2.969163,39.189316],[2.969163,39.189319],[2.96916,39.189322],[2.969157,39.189324],[2.969144,39.189325],[2.969134,39.189325],[2.969125,39.189327],[2.969096,39.189335],[2.96906,39.189348],[2.96904,39.189356],[2.968936,39.189389],[2.968922,39.189393],[2.968912,39.189395],[2.968906,39.189396],[2.9689,39.189395],[2.968896,39.189393],[2.968892,39.189389],[2.968891,39.189385],[2.96889,39.189366],[2.968891,39.189356],[2.968889,39.189343],[2.968886,39.189332],[2.968883,39.189325],[2.96888,39.18932],[2.968875,39.189315],[2.968869,39.189312],[2.968859,39.189309],[2.968841,39.189307],[2.968831,39.189304],[2.968825,39.189302],[2.968819,39.189298],[2.968811,39.18929],[2.968806,39.189282],[2.968803,39.189276],[2.968803,39.189273],[2.968804,39.189271],[2.968806,39.18927],[2.968807,39.189269],[2.968821,39.189269],[2.968847,39.189271],[2.968884,39.189271],[2.968912,39.189271],[2.968926,39.18927],[2.968969,39.189263],[2.968993,39.189258],[2.969024,39.18925],[2.969087,39.18923],[2.969155,39.18921],[2.969171,39.189205],[2.969292,39.189156],[2.969338,39.189137],[2.969339,39.189136],[2.969372,39.189124],[2.969396,39.189113],[2.96941,39.189106],[2.969466,39.189085],[2.969493,39.189074],[2.969543,39.189053],[2.969564,39.189044],[2.969589,39.189034],[2.969633,39.18902],[2.969652,39.189015],[2.969675,39.18901],[2.969739,39.189001],[2.969846,39.188987],[2.969885,39.188983],[2.969939,39.188974],[2.97005,39.18896],[2.970078,39.188957],[2.970099,39.188954],[2.970116,39.18895],[2.970199,39.188923],[2.970244,39.188908],[2.970273,39.188897],[2.970293,39.188889],[2.970305,39.188884],[2.970316,39.188882],[2.970325,39.188881],[2.970334,39.188881],[2.970387,39.188893],[2.970403,39.188897],[2.970431,39.188902],[2.970477,39.188907],[2.970507,39.18891],[2.970547,39.188911],[2.970564,39.188911],[2.970703,39.1889],[2.970733,39.188898],[2.97074,39.188897],[2.970746,39.188895],[2.970783,39.188891],[2.970828,39.188888],[2.970868,39.188887],[2.970883,39.188886],[2.970898,39.188884],[2.970912,39.18888],[2.970927,39.188875],[2.970936,39.18887],[2.97096,39.188854],[2.970977,39.188842],[2.97099,39.188834],[2.971076,39.188789],[2.971098,39.188779],[2.97113,39.188765],[2.971152,39.188757],[2.971185,39.188747],[2.971205,39.188742],[2.971227,39.188734],[2.971253,39.188724],[2.971359,39.188674],[2.971372,39.188667],[2.971384,39.188663],[2.971391,39.188661],[2.971438,39.18866],[2.971501,39.18866],[2.971606,39.188657],[2.971632,39.188656],[2.971645,39.188655],[2.971663,39.188651],[2.971678,39.188646],[2.971689,39.188642],[2.971705,39.188633],[2.971719,39.188624],[2.97176,39.188591],[2.971798,39.188558],[2.971841,39.188519],[2.971852,39.188508],[2.971887,39.188465],[2.971895,39.188455],[2.971913,39.188426],[2.971924,39.188406],[2.97193,39.188392],[2.971933,39.188382],[2.971934,39.188371],[2.971934,39.188363],[2.971932,39.188359],[2.97193,39.188356],[2.971924,39.188353],[2.971913,39.188349],[2.971908,39.188348],[2.971902,39.188349],[2.971894,39.188352],[2.971889,39.188353],[2.971885,39.188352],[2.971883,39.188351],[2.9719,39.188328],[2.971917,39.188306],[2.971945,39.188267],[2.971953,39.188255],[2.971966,39.188227],[2.971972,39.188214],[2.971997,39.188172],[2.972026,39.188124],[2.972033,39.188113],[2.97205,39.188092],[2.972062,39.188078],[2.972096,39.188031],[2.972104,39.188019],[2.972145,39.187973],[2.972151,39.187966],[2.972183,39.187915],[2.972192,39.1879],[2.972198,39.187885],[2.972204,39.187867],[2.972207,39.187853],[2.972208,39.187837],[2.972208,39.187817],[2.972208,39.187813],[2.972226,39.187784],[2.972237,39.187768],[2.972243,39.187759],[2.972254,39.18773],[2.972258,39.187717],[2.972265,39.187703],[2.972274,39.187687],[2.972286,39.18767],[2.97229,39.187666],[2.97232,39.187644],[2.972333,39.187635],[2.972343,39.187627],[2.972362,39.187608],[2.972387,39.187578],[2.972431,39.187521],[2.972443,39.187505],[2.972445,39.187501],[2.972465,39.187469],[2.972473,39.187454],[2.972477,39.187444],[2.972481,39.18743],[2.972483,39.187414],[2.972483,39.187404],[2.972464,39.187293],[2.972458,39.187263],[2.972454,39.187227],[2.972452,39.187216],[2.972452,39.187212],[2.972472,39.187181],[2.972488,39.187157],[2.972496,39.187144],[2.972502,39.187129],[2.972506,39.187119],[2.972507,39.187109],[2.972507,39.1871],[2.972501,39.187077],[2.972497,39.187065],[2.972495,39.187054],[2.972495,39.187047],[2.972496,39.18704],[2.972499,39.187034],[2.972504,39.187029],[2.97254,39.187002],[2.972565,39.186985],[2.972579,39.186977],[2.972607,39.186963],[2.972622,39.186957],[2.972647,39.186948],[2.972659,39.186945],[2.972705,39.186926],[2.972721,39.186919],[2.972738,39.18691],[2.972754,39.186899],[2.972763,39.186893],[2.972781,39.186874],[2.972796,39.186856],[2.972806,39.186846],[2.972834,39.18681],[2.97284,39.186802],[2.972869,39.186775],[2.972879,39.186766],[2.972884,39.186759],[2.972901,39.18673],[2.972906,39.18672],[2.972917,39.186686],[2.97292,39.186673],[2.972922,39.186663],[2.972921,39.186655],[2.972919,39.186647],[2.972914,39.186637],[2.972881,39.18659],[2.972868,39.186574],[2.972852,39.186554],[2.972846,39.186548],[2.972834,39.18654],[2.972826,39.186536],[2.972815,39.186527],[2.972808,39.18652],[2.972805,39.186518],[2.972773,39.186511],[2.97276,39.186509],[2.972748,39.186506],[2.972737,39.186501],[2.972726,39.186495],[2.97272,39.186491],[2.972692,39.186458],[2.972684,39.186447],[2.972667,39.18643],[2.972656,39.186421],[2.972629,39.186401],[2.972618,39.186394],[2.972566,39.186368],[2.972525,39.186349],[2.972504,39.18634],[2.972497,39.186337],[2.972389,39.186318],[2.972357,39.186312],[2.97233,39.186309],[2.972306,39.186307],[2.972297,39.186306],[2.972291,39.186304],[2.972286,39.186301],[2.972282,39.186297],[2.97228,39.186294],[2.972281,39.186292],[2.972284,39.18629],[2.972291,39.186288],[2.972297,39.186287],[2.972322,39.18629],[2.972342,39.186295],[2.972373,39.186298],[2.972388,39.1863],[2.972399,39.1863],[2.972411,39.186298],[2.972424,39.186295],[2.972441,39.186288],[2.972454,39.186282],[2.972461,39.186278],[2.972466,39.186273],[2.972469,39.186269],[2.97247,39.186265],[2.972469,39.186262],[2.972465,39.186258],[2.972459,39.186254],[2.972452,39.186251],[2.972445,39.18625],[2.97243,39.18625],[2.972409,39.186252],[2.972394,39.186252],[2.972379,39.186251],[2.972367,39.186249],[2.97236,39.186247],[2.972356,39.186245],[2.972354,39.186243],[2.972354,39.18624],[2.972358,39.186234],[2.972361,39.186231],[2.972371,39.186226],[2.97238,39.186223],[2.972384,39.186221],[2.972408,39.186195],[2.972423,39.186176],[2.972435,39.186163],[2.972451,39.186149],[2.972455,39.186146],[2.972461,39.186136],[2.972466,39.186123],[2.972469,39.186112],[2.972471,39.186102],[2.972468,39.186053],[2.972467,39.186046],[2.972464,39.186038],[2.97246,39.186032],[2.972448,39.186019],[2.972413,39.185988],[2.972405,39.185981],[2.972399,39.185976],[2.972391,39.185973],[2.972381,39.18597],[2.972374,39.185969],[2.972333,39.185973],[2.972322,39.185974],[2.972277,39.185985],[2.972262,39.185989],[2.972244,39.185992],[2.972223,39.185994],[2.97221,39.185995],[2.972179,39.185992],[2.972167,39.185991],[2.972157,39.185988],[2.97215,39.185985],[2.972118,39.185965],[2.972102,39.185953],[2.972092,39.185947],[2.972052,39.185929],[2.97203,39.18592],[2.972021,39.185915],[2.972002,39.185903],[2.971986,39.18589],[2.971977,39.185884],[2.971969,39.18588],[2.971961,39.185878],[2.971937,39.185875],[2.971928,39.185874],[2.971921,39.185872],[2.971911,39.185868],[2.971894,39.185856],[2.971884,39.185849],[2.971869,39.185833],[2.971858,39.185821],[2.971854,39.185815],[2.971851,39.185809],[2.971851,39.185805],[2.971854,39.185796],[2.971863,39.185781],[2.971868,39.18577],[2.971871,39.18576],[2.971872,39.185749],[2.971872,39.185743],[2.97187,39.185738],[2.971867,39.185734],[2.971863,39.185732],[2.971844,39.185726],[2.971823,39.185722],[2.971795,39.185718],[2.971787,39.185717],[2.971779,39.185715],[2.971772,39.185711],[2.971764,39.185705],[2.971752,39.185693],[2.971747,39.185685],[2.971743,39.185677],[2.971741,39.185671],[2.971742,39.185603],[2.971743,39.185587],[2.971745,39.185575],[2.971745,39.185568],[2.971743,39.185562],[2.971741,39.185557],[2.971737,39.185553],[2.97173,39.185549],[2.971714,39.185544],[2.9717,39.18554],[2.971688,39.185538],[2.971683,39.185538],[2.971648,39.185546],[2.97164,39.185549],[2.97155,39.185559],[2.971478,39.185566],[2.971464,39.185568],[2.971405,39.185569],[2.971376,39.185569],[2.971353,39.185568],[2.971328,39.185566],[2.971277,39.185557],[2.971241,39.18555],[2.97122,39.185545],[2.971203,39.18554],[2.97116,39.185524],[2.971098,39.185497],[2.971082,39.18549],[2.971055,39.185474],[2.971043,39.185466],[2.97103,39.18546],[2.971012,39.185454],[2.970976,39.185443],[2.97096,39.185439],[2.970947,39.185437],[2.970933,39.185436],[2.970922,39.185437],[2.970906,39.18544],[2.970873,39.185449],[2.970857,39.185454],[2.970846,39.185456],[2.970839,39.185457],[2.970811,39.185453],[2.970797,39.185451],[2.970792,39.18545],[2.970779,39.185441],[2.970757,39.185424],[2.970748,39.185417],[2.970677,39.185381],[2.970662,39.185373],[2.970647,39.185364],[2.970635,39.185355],[2.970632,39.185353],[2.970624,39.185331],[2.970619,39.185314],[2.970616,39.185307],[2.970613,39.185301],[2.970607,39.185295],[2.970595,39.185287],[2.970588,39.185284],[2.970538,39.18527],[2.970523,39.185266],[2.970517,39.185265],[2.970494,39.185267],[2.970474,39.185269],[2.970445,39.185271],[2.970428,39.185271],[2.970408,39.185273],[2.970392,39.185275],[2.970367,39.185281],[2.970349,39.185287],[2.97033,39.185291],[2.97032,39.185293],[2.970311,39.185293],[2.970302,39.185291],[2.970276,39.185283],[2.970264,39.185279],[2.970241,39.185266],[2.970229,39.18526],[2.97022,39.185255],[2.970208,39.185252],[2.970198,39.18525],[2.97017,39.185249],[2.970159,39.18525],[2.970151,39.185249],[2.970145,39.185247],[2.970137,39.185242],[2.970133,39.18524],[2.970119,39.185215],[2.970116,39.185208],[2.970113,39.185204],[2.970107,39.185201],[2.9701,39.185198],[2.97008,39.185194],[2.970031,39.185189],[2.969997,39.185187],[2.969982,39.185186],[2.969969,39.185187],[2.969951,39.18519],[2.969945,39.185191],[2.969942,39.185193],[2.96994,39.185196],[2.96994,39.1852],[2.969946,39.185213],[2.969952,39.185221],[2.969967,39.185238],[2.969974,39.185244],[2.969978,39.185249],[2.969979,39.185252],[2.969978,39.185255],[2.969977,39.185256],[2.969961,39.185257],[2.969932,39.185255],[2.969905,39.185254],[2.969887,39.185253],[2.969875,39.185251],[2.969827,39.185238],[2.969787,39.185226],[2.969769,39.18522],[2.969762,39.185217],[2.969756,39.185213],[2.969749,39.185204],[2.969744,39.185197],[2.969742,39.185191],[2.969741,39.185167],[2.969741,39.18516],[2.969739,39.185151],[2.969735,39.185143],[2.96973,39.185137],[2.969725,39.185132],[2.969717,39.185127],[2.969709,39.185124],[2.9697,39.185122],[2.969689,39.185121],[2.969632,39.185125],[2.969606,39.185128],[2.96956,39.185135],[2.969537,39.185139],[2.969478,39.185146],[2.969453,39.185149],[2.969441,39.185149],[2.969419,39.185148],[2.969406,39.185146],[2.969393,39.185143],[2.969361,39.185131],[2.969315,39.185113],[2.969285,39.185099],[2.969272,39.185092],[2.96925,39.185079],[2.969237,39.185069],[2.969219,39.185053],[2.969209,39.185043],[2.96917,39.184994],[2.969161,39.184981],[2.969144,39.184953],[2.969115,39.184897],[2.969112,39.184892],[2.969108,39.184883],[2.969107,39.184823],[2.969124,39.184817],[2.969151,39.184809],[2.969161,39.184807],[2.969165,39.184806],[2.96917,39.184807],[2.969174,39.184809],[2.969189,39.184826],[2.969198,39.184839],[2.969209,39.184851],[2.969215,39.184857],[2.969224,39.184862],[2.969231,39.184866],[2.969242,39.184868],[2.969249,39.184869],[2.969317,39.184863],[2.969343,39.18486],[2.969356,39.184858],[2.969371,39.184854],[2.969383,39.184849],[2.969393,39.184844],[2.9694,39.184839],[2.969409,39.184829],[2.969422,39.184813],[2.969432,39.184798],[2.969447,39.184768],[2.969461,39.184745],[2.969463,39.18474],[2.969467,39.184713],[2.969468,39.184704],[2.96947,39.184696],[2.969473,39.184689],[2.96948,39.184681],[2.969487,39.184675],[2.969495,39.18467],[2.969521,39.184659],[2.969534,39.184654],[2.969552,39.184649],[2.969561,39.184647],[2.96961,39.184645],[2.969623,39.184645],[2.969631,39.184644],[2.969634,39.184644],[2.969654,39.184639],[2.969669,39.184634],[2.969679,39.18463],[2.969698,39.184619],[2.969713,39.184608],[2.969721,39.184601],[2.969726,39.184595],[2.969731,39.184587],[2.969733,39.184579],[2.969734,39.184569],[2.969733,39.18456],[2.96973,39.18455],[2.969727,39.184543],[2.969723,39.184539],[2.969717,39.184534],[2.969708,39.184529],[2.969697,39.184526],[2.96969,39.184525],[2.969582,39.184527],[2.969542,39.184529],[2.969518,39.184529],[2.969501,39.18453],[2.969483,39.184532],[2.96944,39.184534],[2.969426,39.184535],[2.969411,39.184537],[2.969397,39.18454],[2.969385,39.184544],[2.969375,39.184548],[2.969368,39.184553],[2.969352,39.184568],[2.969337,39.184585],[2.969328,39.184593],[2.969319,39.184599],[2.96931,39.184604],[2.969304,39.184606],[2.969298,39.184607],[2.969294,39.184606],[2.969242,39.184583],[2.969235,39.18458],[2.969172,39.184531],[2.969156,39.184517],[2.969143,39.184508],[2.969137,39.184505],[2.96908,39.184488],[2.969071,39.184485],[2.969029,39.18448],[2.969021,39.184479],[2.969015,39.184478],[2.969012,39.184476],[2.96901,39.184473],[2.96901,39.184469],[2.969019,39.184452],[2.969023,39.184447],[2.969025,39.184441],[2.969025,39.184436],[2.969023,39.184433],[2.969017,39.184427],[2.969009,39.184421],[2.969003,39.184419],[2.96898,39.184413],[2.968953,39.184409],[2.968936,39.184407],[2.968915,39.184407],[2.968878,39.184408],[2.968865,39.184408],[2.968859,39.184407],[2.968852,39.184405],[2.968844,39.1844],[2.968834,39.184391],[2.968819,39.184376],[2.968806,39.184359],[2.968747,39.184272],[2.968691,39.184186],[2.968682,39.184173],[2.968675,39.184157],[2.968671,39.184146],[2.968657,39.184083],[2.968653,39.184061],[2.968649,39.184021],[2.968648,39.183998],[2.968648,39.183977],[2.96865,39.183958],[2.968657,39.183926],[2.968661,39.18391],[2.968666,39.183896],[2.968716,39.183798],[2.968722,39.183787],[2.968749,39.18375],[2.968756,39.183741],[2.968786,39.183711],[2.9688,39.183698],[2.968811,39.183687],[2.968818,39.183677],[2.968846,39.183623],[2.968857,39.183602],[2.96886,39.183593],[2.968864,39.183572],[2.968866,39.183555],[2.968869,39.183542],[2.968875,39.183524],[2.968885,39.1835],[2.968896,39.183479],[2.968902,39.18347],[2.968908,39.183463],[2.96891,39.183461],[2.968932,39.183455],[2.968944,39.183452],[2.968952,39.183449],[2.968959,39.183446],[2.968968,39.183439],[2.96898,39.183425],[2.968985,39.183418],[2.969002,39.183385],[2.969006,39.183374],[2.96901,39.183368],[2.969013,39.183365],[2.96903,39.183357],[2.969042,39.183352],[2.969055,39.183346],[2.969066,39.183338],[2.969075,39.183331],[2.969083,39.183323],[2.969097,39.183301],[2.969104,39.183289],[2.969111,39.18327],[2.969116,39.183257],[2.969118,39.183246],[2.969118,39.183238],[2.969116,39.183228],[2.969113,39.18322],[2.969088,39.183183],[2.969079,39.183172],[2.969074,39.183163],[2.969071,39.183154],[2.969068,39.183138],[2.969068,39.183127],[2.969069,39.183118],[2.969072,39.183106],[2.969075,39.183101],[2.9691,39.183073],[2.969107,39.183067],[2.969111,39.183061],[2.969113,39.183055],[2.969114,39.183046],[2.969111,39.183031],[2.969109,39.183022],[2.969106,39.183016],[2.969102,39.183011],[2.969096,39.183006],[2.96909,39.183003],[2.969066,39.182997],[2.969054,39.182995],[2.969034,39.182989],[2.969023,39.182985],[2.968996,39.18297],[2.968971,39.182955],[2.968928,39.182926],[2.968915,39.182916],[2.968897,39.182901],[2.968886,39.18289],[2.96888,39.182882],[2.968876,39.182875],[2.968873,39.182867],[2.968873,39.182859],[2.968874,39.18285],[2.968878,39.182841],[2.968916,39.182774],[2.968953,39.182713],[2.968963,39.182697],[2.96897,39.182686],[2.968976,39.182679],[2.968983,39.182674],[2.968992,39.182669],[2.969,39.182666],[2.969008,39.182665],[2.969015,39.182665],[2.969021,39.182666],[2.96904,39.182676],[2.969048,39.182681],[2.969057,39.182684],[2.969066,39.182687],[2.969075,39.182688],[2.969082,39.182687],[2.969107,39.182681],[2.969123,39.182675],[2.969143,39.182667],[2.969179,39.182649],[2.969192,39.182643],[2.9692,39.182638],[2.969206,39.182633],[2.969212,39.182625],[2.969215,39.182619],[2.969217,39.182611],[2.969218,39.182603],[2.969216,39.182594],[2.969215,39.182591],[2.969163,39.182542],[2.96915,39.18253],[2.96914,39.182522],[2.969102,39.1825],[2.969077,39.182486],[2.969064,39.182478],[2.969051,39.182472],[2.969024,39.182462],[2.969002,39.182455],[2.968988,39.18245],[2.968979,39.182445],[2.968972,39.18244],[2.968966,39.182434],[2.968962,39.182429],[2.96896,39.182422],[2.96896,39.182416],[2.968962,39.182406],[2.968964,39.182404],[2.968971,39.18239],[2.968961,39.182356],[2.968948,39.182341],[2.96893,39.18233],[2.968923,39.182327],[2.968907,39.182319],[2.968902,39.182315],[2.968896,39.182308],[2.96889,39.182298],[2.968868,39.182258],[2.968865,39.182249],[2.968864,39.182239],[2.968865,39.182233],[2.968865,39.182233],[2.968867,39.182225],[2.968874,39.182213],[2.96888,39.182197],[2.96888,39.182193],[2.968878,39.182186],[2.968874,39.18218],[2.968866,39.182172],[2.968858,39.182166],[2.968852,39.182163],[2.968846,39.182162],[2.968842,39.182163],[2.968837,39.182165],[2.968833,39.182169],[2.968817,39.18218],[2.968813,39.182181],[2.968807,39.18218],[2.968802,39.182178],[2.968797,39.182174],[2.96879,39.182168],[2.968748,39.182131],[2.968733,39.182117],[2.968727,39.182108],[2.968711,39.182089],[2.968705,39.182084],[2.968699,39.182081],[2.968692,39.18208],[2.968686,39.18208],[2.968679,39.182081],[2.968673,39.182084],[2.968668,39.182088],[2.968663,39.182094],[2.96866,39.182101],[2.968656,39.182111],[2.968653,39.182125],[2.968647,39.182149],[2.968644,39.182152],[2.968639,39.182155],[2.968634,39.182157],[2.968627,39.182157],[2.968621,39.182156],[2.968611,39.182153],[2.968599,39.182148],[2.968571,39.182134],[2.968555,39.182125],[2.968501,39.182095],[2.968491,39.182092],[2.968462,39.182082],[2.968437,39.182075],[2.968428,39.182075],[2.968421,39.182075],[2.968415,39.182077],[2.968408,39.182081],[2.968401,39.182084],[2.968397,39.182083],[2.968392,39.182082],[2.968386,39.182078],[2.968378,39.182071],[2.968361,39.182054],[2.968326,39.182022],[2.968306,39.182005],[2.968246,39.181958],[2.968225,39.181944],[2.968144,39.181886],[2.968134,39.181877],[2.96812,39.181863],[2.96811,39.18185],[2.96806,39.181789],[2.968054,39.181784],[2.968038,39.181774],[2.968019,39.181763],[2.968005,39.181757],[2.967984,39.18175],[2.967958,39.181739],[2.967948,39.181733],[2.967937,39.181725],[2.967928,39.181717],[2.96792,39.181707],[2.967911,39.181693],[2.967891,39.18166],[2.967885,39.181648],[2.967879,39.181629],[2.967878,39.181626],[2.967878,39.181624],[2.967864,39.181581],[2.967863,39.181578],[2.967862,39.181576],[2.967861,39.181575],[2.96786,39.181573],[2.967858,39.181572],[2.967857,39.18157],[2.967854,39.181568],[2.967852,39.181566],[2.967849,39.181564],[2.967845,39.181561],[2.967841,39.181559],[2.967837,39.181557],[2.967828,39.181553],[2.96782,39.181548],[2.967816,39.181546],[2.967812,39.181543],[2.967811,39.181542],[2.967807,39.181539],[2.967806,39.181538],[2.967803,39.181535],[2.967802,39.181533],[2.967801,39.181532],[2.9678,39.18153],[2.967799,39.181527],[2.967797,39.181525],[2.967796,39.181521],[2.967795,39.181517],[2.967794,39.181514],[2.967792,39.181509],[2.967791,39.181504],[2.96779,39.181497],[2.967789,39.181494],[2.967789,39.181492],[2.967789,39.181489],[2.967789,39.181486],[2.967789,39.181482],[2.967791,39.181469],[2.967791,39.181468],[2.96779,39.181465],[2.96779,39.181462],[2.967789,39.18146],[2.967788,39.181457],[2.967787,39.181455],[2.967787,39.181454],[2.967785,39.181452],[2.967784,39.18145],[2.967782,39.181448],[2.96778,39.181446],[2.967777,39.181443],[2.967774,39.181441],[2.967771,39.181439],[2.967768,39.181438],[2.967765,39.181436],[2.967761,39.181434],[2.967758,39.181433],[2.967755,39.181432],[2.967751,39.181431],[2.967748,39.18143],[2.967745,39.18143],[2.967741,39.18143],[2.96774,39.18143],[2.967737,39.18143],[2.967735,39.18143],[2.967733,39.181431],[2.967732,39.181431],[2.967731,39.181431],[2.967729,39.181432],[2.967728,39.181433],[2.967727,39.181434],[2.967725,39.181435],[2.967724,39.181436],[2.967722,39.181438],[2.967721,39.18144],[2.967719,39.181441],[2.967719,39.181442],[2.967718,39.181443],[2.967718,39.181444],[2.967718,39.181445],[2.967718,39.181447],[2.967719,39.181448],[2.967719,39.18145],[2.96772,39.181453],[2.96772,39.181454],[2.96772,39.181455],[2.967719,39.181456],[2.967719,39.181457],[2.967718,39.181458],[2.967718,39.181458],[2.967716,39.181459],[2.967715,39.181461],[2.967713,39.181462],[2.967711,39.181463],[2.967708,39.181465],[2.967705,39.181466],[2.967703,39.181467],[2.9677,39.181469],[2.967698,39.18147],[2.967696,39.18147],[2.967695,39.18147],[2.967693,39.181471],[2.967692,39.181471],[2.96769,39.181471],[2.967688,39.181471],[2.967686,39.181471],[2.967684,39.181471],[2.967682,39.18147],[2.96768,39.18147],[2.967678,39.181469],[2.967677,39.181469],[2.967666,39.181466],[2.967661,39.181464],[2.967658,39.181463],[2.967654,39.181462],[2.967651,39.18146],[2.967649,39.181459],[2.967647,39.181458],[2.967645,39.181457],[2.967643,39.181456],[2.967642,39.181454],[2.96764,39.181453],[2.967639,39.181451],[2.967636,39.181448],[2.967586,39.181389],[2.96758,39.181382],[2.967574,39.181378],[2.967559,39.18137],[2.967545,39.181364],[2.967525,39.181357],[2.967499,39.181347],[2.967487,39.181341],[2.967474,39.181333],[2.967461,39.181322],[2.967437,39.181305],[2.967433,39.181304],[2.967423,39.181303],[2.967412,39.181304],[2.967388,39.181303],[2.967381,39.181302],[2.967365,39.181297],[2.967351,39.181291],[2.967299,39.181267],[2.967285,39.181257],[2.96728,39.181252],[2.967275,39.181245],[2.967272,39.181238],[2.967271,39.181229],[2.967271,39.181217],[2.96727,39.181182],[2.967266,39.181169],[2.96726,39.181152],[2.967242,39.181097],[2.96724,39.181084],[2.967231,39.181049],[2.967226,39.181034],[2.967216,39.181013],[2.967208,39.181],[2.967197,39.180984],[2.967163,39.180936],[2.967154,39.18092],[2.967112,39.180842],[2.96711,39.180834],[2.96709,39.180772],[2.967086,39.180765],[2.967078,39.180753],[2.967064,39.180737],[2.967048,39.180722],[2.967021,39.180697],[2.967004,39.180678],[2.966997,39.180669],[2.966987,39.180653],[2.966979,39.180636],[2.966966,39.180605],[2.966952,39.180577],[2.966944,39.180565],[2.96693,39.180539],[2.966925,39.180528],[2.96692,39.18051],[2.966903,39.180489],[2.966899,39.180483],[2.966895,39.180471],[2.966893,39.180461],[2.966893,39.180451],[2.966894,39.180439],[2.966898,39.180421],[2.966901,39.180402],[2.9669,39.180394],[2.966897,39.180383],[2.966892,39.180372],[2.966886,39.180362],[2.966866,39.180326],[2.966865,39.18032],[2.966864,39.180307],[2.966865,39.180295],[2.966867,39.18028],[2.966872,39.180264],[2.966879,39.180247],[2.966885,39.18023],[2.966886,39.180227],[2.966912,39.180143],[2.966914,39.180134],[2.966916,39.180129],[2.966917,39.180123],[2.966918,39.180117],[2.966918,39.180111],[2.966919,39.180105],[2.96692,39.180099],[2.96692,39.180093],[2.966921,39.180085],[2.966921,39.180076],[2.966921,39.180067],[2.966921,39.180049],[2.966922,39.180031],[2.966922,39.180022],[2.966922,39.180021],[2.966922,39.180019],[2.966922,39.180017],[2.966922,39.180015],[2.966921,39.180011],[2.966919,39.180002],[2.966919,39.18],[2.966919,39.179997],[2.966919,39.179996],[2.96692,39.179994],[2.96692,39.179992],[2.96692,39.179992],[2.966921,39.179991],[2.966922,39.17999],[2.966923,39.179988],[2.966924,39.179986],[2.966926,39.179984],[2.966927,39.179982],[2.966929,39.179981],[2.966932,39.179978],[2.966938,39.179973],[2.966942,39.17997],[2.966946,39.179966],[2.966951,39.179962],[2.966956,39.179957],[2.966976,39.17994],[2.966978,39.179939],[2.96698,39.179936],[2.966982,39.179934],[2.966984,39.179932],[2.966986,39.17993],[2.966987,39.179927],[2.966989,39.179925],[2.96699,39.179922],[2.966991,39.17992],[2.966993,39.179917],[2.966995,39.179911],[2.966995,39.179908],[2.966997,39.179902],[2.966998,39.179896],[2.967,39.17989],[2.967001,39.179884],[2.967002,39.179875],[2.967004,39.17986],[2.967005,39.179855],[2.967006,39.17985],[2.967008,39.179845],[2.967009,39.179843],[2.96701,39.179841],[2.967011,39.179839],[2.967012,39.179837],[2.967013,39.179836],[2.967014,39.179834],[2.967016,39.179833],[2.967017,39.179832],[2.967018,39.179831],[2.967018,39.179831],[2.967019,39.179831],[2.96702,39.179831],[2.967022,39.179832],[2.967023,39.179832],[2.967025,39.179833],[2.967026,39.179834],[2.967029,39.179835],[2.96703,39.179836],[2.967033,39.179838],[2.967034,39.179839],[2.967036,39.179841],[2.967037,39.179842],[2.967038,39.179843],[2.967039,39.179844],[2.96704,39.179847],[2.967041,39.179849],[2.967042,39.179851],[2.967042,39.179854],[2.967042,39.179856],[2.967042,39.179859],[2.967042,39.179861],[2.967042,39.179864],[2.967042,39.179869],[2.967041,39.179878],[2.967041,39.17988],[2.967041,39.179883],[2.967041,39.179885],[2.967042,39.179887],[2.967042,39.179887],[2.967042,39.179888],[2.967043,39.179888],[2.967044,39.179889],[2.967045,39.17989],[2.967047,39.179891],[2.967047,39.179891],[2.967047,39.179892],[2.967047,39.179892],[2.967047,39.179892],[2.967047,39.179893],[2.967046,39.179893],[2.967045,39.179894],[2.967044,39.179895],[2.967042,39.179896],[2.967038,39.179898],[2.967037,39.179898],[2.967036,39.179899],[2.967035,39.1799],[2.967032,39.179905],[2.96703,39.179907],[2.967028,39.17991],[2.967026,39.179912],[2.967025,39.179914],[2.967024,39.179916],[2.967024,39.179918],[2.967024,39.17992],[2.967024,39.179921],[2.967024,39.179923],[2.967024,39.179924],[2.967025,39.179925],[2.967025,39.179926],[2.967027,39.179928],[2.967027,39.179928],[2.967029,39.179929],[2.967031,39.17993],[2.967033,39.179932],[2.967035,39.179933],[2.967037,39.179934],[2.96704,39.179935],[2.967043,39.179936],[2.967045,39.179937],[2.967048,39.179938],[2.967051,39.179938],[2.967055,39.179939],[2.967057,39.179939],[2.967066,39.179941],[2.967072,39.179942],[2.967078,39.179942],[2.967082,39.179943],[2.967085,39.179943],[2.967089,39.179943],[2.967093,39.179943],[2.967097,39.179942],[2.967101,39.179942],[2.967104,39.179941],[2.967106,39.179941],[2.96711,39.17994],[2.967111,39.179939],[2.967114,39.179938],[2.967116,39.179937],[2.967117,39.179936],[2.967119,39.179935],[2.967122,39.179933],[2.967123,39.179931],[2.967123,39.179931],[2.967125,39.179928],[2.967126,39.179927],[2.967128,39.179924],[2.967128,39.179923],[2.967129,39.17992],[2.967129,39.179918],[2.967129,39.179915],[2.967129,39.179913],[2.967129,39.17991],[2.967128,39.179907],[2.967128,39.179904],[2.967126,39.179898],[2.967125,39.179893],[2.967125,39.179891],[2.967125,39.179888],[2.967125,39.179885],[2.967125,39.179883],[2.967125,39.179882],[2.967127,39.179875],[2.967127,39.179873],[2.967128,39.179872],[2.967129,39.17987],[2.967129,39.179869],[2.96713,39.179869],[2.967131,39.179867],[2.967133,39.179866],[2.967136,39.179864],[2.967136,39.179863],[2.967137,39.179862],[2.967137,39.179861],[2.967139,39.179858],[2.96714,39.179856],[2.967141,39.179853],[2.967142,39.179851],[2.967143,39.179848],[2.967144,39.179845],[2.967144,39.179842],[2.967145,39.179839],[2.967145,39.179836],[2.967145,39.179834],[2.967145,39.179833],[2.967145,39.179827],[2.967145,39.179824],[2.967145,39.17982],[2.967145,39.179817],[2.967144,39.179815],[2.967143,39.179811],[2.967142,39.179808],[2.967141,39.179806],[2.96714,39.179803],[2.967139,39.179801],[2.967138,39.179798],[2.967136,39.179795],[2.967134,39.179793],[2.967132,39.17979],[2.96713,39.179788],[2.967127,39.179785],[2.967127,39.179785],[2.967124,39.179782],[2.967122,39.179781],[2.96712,39.17978],[2.967118,39.179778],[2.967116,39.179777],[2.967114,39.179776],[2.967111,39.179775],[2.967109,39.179774],[2.967106,39.179773],[2.967104,39.179773],[2.9671,39.179772],[2.967097,39.179771],[2.967094,39.17977],[2.96709,39.17977],[2.967088,39.17977],[2.967084,39.179769],[2.967081,39.179769],[2.967077,39.179769],[2.967074,39.179769],[2.96707,39.179769],[2.967066,39.179769],[2.967062,39.17977],[2.967058,39.17977],[2.967054,39.179771],[2.96705,39.179772],[2.967046,39.179773],[2.967042,39.179774],[2.967039,39.179774],[2.967037,39.179775],[2.967036,39.179775],[2.967035,39.179776],[2.967033,39.179777],[2.96703,39.179779],[2.967028,39.17978],[2.967027,39.179781],[2.967026,39.179781],[2.967026,39.179781],[2.967025,39.179781],[2.967024,39.179781],[2.967023,39.179781],[2.967022,39.179781],[2.967021,39.179781],[2.96702,39.179781],[2.967019,39.17978],[2.967017,39.179779],[2.967016,39.179778],[2.967014,39.179776],[2.967013,39.179774],[2.967011,39.179773],[2.96701,39.179771],[2.967009,39.179769],[2.967008,39.179767],[2.967008,39.179765],[2.967007,39.179764],[2.967007,39.179762],[2.967007,39.17976],[2.967007,39.179758],[2.967008,39.179757],[2.967008,39.179755],[2.967009,39.179754],[2.96701,39.179753],[2.967011,39.179752],[2.967011,39.179752],[2.967014,39.17975],[2.967016,39.179749],[2.96702,39.179746],[2.967027,39.179742],[2.967033,39.179738],[2.967036,39.179736],[2.967038,39.179735],[2.967043,39.179731],[2.967153,39.179646],[2.967184,39.179622],[2.967197,39.179609],[2.96721,39.179595],[2.96722,39.179581],[2.967229,39.179565],[2.967237,39.179549],[2.967264,39.179497],[2.96728,39.179469],[2.96729,39.179447],[2.967296,39.179432],[2.967299,39.179418],[2.967302,39.179401],[2.967302,39.179383],[2.967301,39.179361],[2.967301,39.179322],[2.967299,39.179279],[2.967296,39.179255],[2.967295,39.17923],[2.967296,39.179206],[2.967295,39.179173],[2.967293,39.179158],[2.967286,39.179125],[2.967271,39.179057],[2.967259,39.179014],[2.967249,39.178981],[2.967239,39.178958],[2.967216,39.178897],[2.967204,39.178858],[2.967198,39.178836],[2.967196,39.17882],[2.967196,39.178802],[2.967193,39.178743],[2.96719,39.178721],[2.967183,39.178683],[2.967176,39.178655],[2.96716,39.178596],[2.967135,39.178499],[2.967133,39.178486],[2.967129,39.178435],[2.967128,39.178401],[2.967128,39.17836],[2.96713,39.178325],[2.967133,39.178307],[2.967138,39.17829],[2.967144,39.178274],[2.967157,39.178246],[2.967171,39.178219],[2.967198,39.178171],[2.967202,39.178167],[2.967216,39.178155],[2.967234,39.178142],[2.967286,39.178105],[2.967296,39.1781],[2.967321,39.178089],[2.967363,39.178069],[2.967368,39.178065],[2.967374,39.178058],[2.967378,39.178051],[2.967382,39.178042],[2.967384,39.178033],[2.967384,39.178021],[2.967382,39.17801],[2.967379,39.178],[2.967375,39.177994],[2.967369,39.177987],[2.967362,39.177981],[2.967352,39.177976],[2.967339,39.177971],[2.967324,39.177966],[2.967306,39.177962],[2.967288,39.177959],[2.967272,39.177958],[2.96725,39.177958],[2.967214,39.177957],[2.9672,39.177955],[2.967183,39.177951],[2.967169,39.177947],[2.967153,39.17794],[2.967141,39.177933],[2.967133,39.177926],[2.96712,39.177914],[2.967107,39.177899],[2.967099,39.177887],[2.967093,39.177876],[2.967089,39.177865],[2.967087,39.177854],[2.967087,39.177844],[2.967089,39.177831],[2.967093,39.177817],[2.967098,39.177804],[2.967105,39.177792],[2.967114,39.177779],[2.967127,39.177763],[2.96714,39.177745],[2.967143,39.177738],[2.967144,39.17773],[2.967144,39.177723],[2.967141,39.177715],[2.967136,39.177706],[2.96713,39.177698],[2.96712,39.17769],[2.96711,39.177681],[2.967098,39.177674],[2.967085,39.177668],[2.967068,39.177662],[2.967004,39.177637],[2.966991,39.177631],[2.96697,39.177619],[2.966957,39.177609],[2.966943,39.177597],[2.966929,39.177583],[2.966913,39.177564],[2.966892,39.177537],[2.966875,39.177512],[2.966858,39.177485],[2.966846,39.177462],[2.966833,39.177435],[2.966822,39.177408],[2.966812,39.177379],[2.966805,39.17735],[2.966791,39.177305],[2.966779,39.177273],[2.966764,39.177236],[2.966746,39.177197],[2.966732,39.177162],[2.966723,39.177137],[2.96671,39.177091],[2.966695,39.177034],[2.966682,39.176979],[2.966678,39.176951],[2.966662,39.176842],[2.966661,39.176825],[2.96666,39.176771],[2.966658,39.176707],[2.966656,39.176693],[2.966652,39.176682],[2.966647,39.176672],[2.966641,39.176664],[2.966633,39.176656],[2.966621,39.176647],[2.966605,39.176636],[2.966588,39.176626],[2.966569,39.176618],[2.966548,39.17661],[2.966516,39.176598],[2.966421,39.176564],[2.966406,39.176557],[2.966392,39.17655],[2.966379,39.17654],[2.966365,39.176529],[2.966348,39.176512],[2.966323,39.176486],[2.966303,39.176462],[2.966287,39.17644],[2.966267,39.176411],[2.966242,39.176371],[2.966187,39.176281],[2.966179,39.176265],[2.966177,39.176262],[2.966173,39.176248],[2.966168,39.17623],[2.966164,39.176209],[2.966161,39.176183],[2.966161,39.176164],[2.966163,39.176145],[2.966166,39.17613],[2.966171,39.176114],[2.96618,39.176091],[2.966192,39.176056],[2.966195,39.176042],[2.966198,39.176026],[2.9662,39.176011],[2.966203,39.17598],[2.966211,39.175885],[2.966211,39.175863],[2.966209,39.175846],[2.966206,39.175832],[2.9662,39.175815],[2.966193,39.175798],[2.966183,39.17578],[2.966172,39.175765],[2.966162,39.175753],[2.966118,39.175715],[2.96611,39.175694],[2.96611,39.175692],[2.966103,39.175663],[2.966089,39.175612],[2.966085,39.175606],[2.966077,39.175596],[2.966068,39.175587],[2.966057,39.175579],[2.966049,39.175574],[2.966039,39.175571],[2.966032,39.17557],[2.966023,39.175571],[2.966017,39.175573],[2.966011,39.175576],[2.966007,39.17558],[2.966004,39.175585],[2.966001,39.175594],[2.965998,39.175608],[2.965993,39.175641],[2.96598,39.175708],[2.965968,39.175764],[2.965961,39.175783],[2.965955,39.175798],[2.965946,39.175814],[2.965941,39.17582],[2.965935,39.175824],[2.965929,39.175827],[2.965923,39.175828],[2.965916,39.175827],[2.965909,39.175825],[2.9659,39.175821],[2.965874,39.175812],[2.965867,39.175811],[2.96585,39.17581],[2.965828,39.175811],[2.965793,39.175813],[2.965758,39.175813],[2.965746,39.175812],[2.965734,39.175809],[2.965725,39.175805],[2.965717,39.175801],[2.96571,39.175795],[2.965705,39.175789],[2.965701,39.175781],[2.965696,39.175768],[2.965692,39.175751],[2.965689,39.175734],[2.965687,39.175711],[2.965684,39.17569],[2.96568,39.175675],[2.965674,39.17566],[2.965667,39.17565],[2.965658,39.175638],[2.965644,39.175623],[2.96563,39.175609],[2.965619,39.175601],[2.965609,39.175596],[2.965601,39.175593],[2.965592,39.175592],[2.965585,39.175592],[2.965577,39.175594],[2.965575,39.175594],[2.965581,39.175621],[2.965594,39.17564],[2.965609,39.17566],[2.965623,39.175684],[2.965622,39.175713],[2.96561,39.175735],[2.965602,39.175754],[2.965581,39.175762],[2.965582,39.175764],[2.965582,39.175769],[2.96558,39.175773],[2.965576,39.175776],[2.965571,39.175778],[2.965562,39.175781],[2.965551,39.175783],[2.965532,39.175784],[2.965469,39.175791],[2.965454,39.175794],[2.965434,39.175796],[2.965412,39.175801],[2.965392,39.175806],[2.965371,39.175812],[2.965339,39.175825],[2.965317,39.175834],[2.965294,39.175846],[2.965271,39.17586],[2.965269,39.175861],[2.965252,39.175872],[2.965227,39.175891],[2.965213,39.175904],[2.965203,39.175914],[2.965189,39.175932],[2.965147,39.175983],[2.965141,39.175988],[2.965132,39.175992],[2.965125,39.175995],[2.965118,39.175996],[2.965108,39.175995],[2.965097,39.175994],[2.965081,39.17599],[2.965023,39.175976],[2.965018,39.175977],[2.965007,39.175979],[2.964998,39.175982],[2.96499,39.175986],[2.964985,39.175991],[2.964982,39.175995],[2.96498,39.176001],[2.96498,39.176009],[2.964981,39.176018],[2.964984,39.176028],[2.96499,39.176042],[2.964998,39.176056],[2.965011,39.176075],[2.965025,39.1761],[2.96503,39.176111],[2.965034,39.176126],[2.965035,39.176138],[2.965035,39.176149],[2.965033,39.176157],[2.965029,39.176166],[2.965024,39.176173],[2.965018,39.176178],[2.965012,39.176181],[2.965005,39.176182],[2.964998,39.176183],[2.964987,39.176182],[2.964876,39.176174],[2.964839,39.17617],[2.964832,39.17617],[2.964826,39.176169],[2.964819,39.176168],[2.964813,39.176167],[2.964807,39.176166],[2.9648,39.176164],[2.964794,39.176162],[2.964787,39.176161],[2.964778,39.176158],[2.964772,39.176156],[2.964741,39.176146],[2.964728,39.176141],[2.964719,39.176138],[2.964713,39.176136],[2.964704,39.176134],[2.964679,39.176127],[2.964658,39.17612],[2.964636,39.176114],[2.96462,39.176109],[2.96461,39.176106],[2.964608,39.176106],[2.964603,39.176104],[2.964599,39.176103],[2.964595,39.176101],[2.964591,39.176099],[2.964584,39.176096],[2.964578,39.176093],[2.964574,39.176091],[2.964545,39.176075],[2.964537,39.176071],[2.964531,39.176068],[2.964525,39.176065],[2.964521,39.176063],[2.964518,39.176061],[2.964516,39.176059],[2.964513,39.176058],[2.964512,39.176057],[2.96451,39.176056],[2.964507,39.176053],[2.964507,39.176053],[2.964506,39.176052],[2.964506,39.176051],[2.964505,39.17605],[2.964505,39.176049],[2.964504,39.176045],[2.964504,39.176043],[2.964503,39.176035],[2.964502,39.17603],[2.964501,39.176026],[2.964501,39.176023],[2.964501,39.17602],[2.964501,39.176018],[2.964501,39.176016],[2.964501,39.176013],[2.964502,39.176011],[2.964502,39.176009],[2.964503,39.176007],[2.964504,39.176005],[2.964505,39.176002],[2.964507,39.176],[2.96451,39.175996],[2.964512,39.175993],[2.964515,39.175989],[2.964518,39.175986],[2.964522,39.175983],[2.964525,39.17598],[2.964529,39.175977],[2.964533,39.175975],[2.964536,39.175972],[2.96454,39.17597],[2.964544,39.175967],[2.964549,39.175965],[2.964555,39.175961],[2.964562,39.175958],[2.96457,39.175954],[2.96458,39.17595],[2.964582,39.175948],[2.964585,39.175947],[2.964588,39.175946],[2.96459,39.175946],[2.964593,39.175945],[2.964596,39.175944],[2.9646,39.175943],[2.964604,39.175942],[2.964609,39.175942],[2.964615,39.175941],[2.964616,39.175941],[2.964619,39.17594],[2.964621,39.17594],[2.964632,39.17594],[2.964636,39.17594],[2.96464,39.17594],[2.964642,39.17594],[2.964645,39.17594],[2.964647,39.17594],[2.96465,39.175939],[2.964652,39.175939],[2.964655,39.175938],[2.964658,39.175937],[2.96466,39.175936],[2.964663,39.175935],[2.964666,39.175934],[2.964669,39.175932],[2.964673,39.17593],[2.964674,39.17593],[2.964675,39.175929],[2.964675,39.175928],[2.964676,39.175928],[2.964676,39.175927],[2.964676,39.175926],[2.964677,39.175925],[2.964677,39.175924],[2.964676,39.175923],[2.964676,39.175921],[2.964675,39.17592],[2.964675,39.175919],[2.964674,39.175918],[2.964673,39.175917],[2.964673,39.175916],[2.964671,39.175915],[2.964668,39.175914],[2.964663,39.175912],[2.964659,39.17591],[2.964654,39.175908],[2.964649,39.175906],[2.964644,39.175905],[2.964639,39.175903],[2.964634,39.175902],[2.964629,39.175901],[2.964624,39.1759],[2.964619,39.175899],[2.964614,39.175899],[2.964609,39.175898],[2.964604,39.175898],[2.964599,39.175898],[2.964594,39.175898],[2.964589,39.175898],[2.964584,39.175899],[2.96458,39.175899],[2.964575,39.1759],[2.964575,39.1759],[2.964571,39.175901],[2.964568,39.175902],[2.964564,39.175903],[2.964562,39.175903],[2.964558,39.175904],[2.964556,39.175905],[2.964553,39.175907],[2.964551,39.175908],[2.964549,39.175909],[2.964546,39.17591],[2.964544,39.175912],[2.964542,39.175914],[2.964539,39.175916],[2.964537,39.175918],[2.964535,39.17592],[2.964533,39.175922],[2.964529,39.175927],[2.964525,39.175933],[2.964522,39.175936],[2.96452,39.175939],[2.964518,39.175941],[2.964516,39.175943],[2.964514,39.175945],[2.964512,39.175947],[2.964509,39.175948],[2.964506,39.17595],[2.964504,39.175951],[2.9645,39.175953],[2.964468,39.175967],[2.964457,39.175972],[2.964451,39.175975],[2.96445,39.175976],[2.964447,39.175977],[2.964442,39.175979],[2.964434,39.175984],[2.96443,39.175987],[2.964426,39.175989],[2.964424,39.17599],[2.964421,39.175991],[2.964419,39.175992],[2.964417,39.175992],[2.964415,39.175993],[2.964415,39.175993],[2.964414,39.175993],[2.964413,39.175993],[2.964412,39.175993],[2.964411,39.175993],[2.964411,39.175992],[2.96441,39.175992],[2.964409,39.175991],[2.964409,39.175991],[2.964408,39.175989],[2.964407,39.175987],[2.964407,39.175984],[2.964406,39.175982],[2.964406,39.175979],[2.964406,39.175976],[2.964407,39.175974],[2.964407,39.175971],[2.964408,39.175968],[2.964408,39.175965],[2.964409,39.175962],[2.96441,39.17596],[2.964411,39.175958],[2.964412,39.175956],[2.964412,39.175956],[2.964415,39.175952],[2.964418,39.175948],[2.964419,39.175946],[2.964422,39.175943],[2.964424,39.17594],[2.964426,39.175938],[2.964429,39.175935],[2.964433,39.175932],[2.964438,39.175927],[2.964442,39.175924],[2.964476,39.175898],[2.964484,39.175892],[2.964491,39.175885],[2.964497,39.175881],[2.964503,39.175876],[2.964506,39.175873],[2.964509,39.175871],[2.964511,39.175868],[2.964513,39.175866],[2.964519,39.175858],[2.964523,39.175854],[2.964525,39.17585],[2.964527,39.175848],[2.964529,39.175846],[2.964531,39.175844],[2.964532,39.175843],[2.964534,39.175842],[2.964535,39.175841],[2.964537,39.175841],[2.964538,39.17584],[2.964548,39.175838],[2.964551,39.175838],[2.964554,39.175837],[2.964556,39.175836],[2.964558,39.175835],[2.964559,39.175835],[2.964561,39.175834],[2.964563,39.175832],[2.964563,39.175832],[2.964565,39.17583],[2.964567,39.175828],[2.964568,39.175827],[2.96457,39.175825],[2.96457,39.175823],[2.964571,39.175821],[2.964572,39.17582],[2.964573,39.175818],[2.964573,39.175817],[2.964573,39.175816],[2.964573,39.175814],[2.964573,39.175813],[2.964573,39.175811],[2.964572,39.175811],[2.964572,39.175809],[2.964571,39.175808],[2.96457,39.175806],[2.964569,39.175805],[2.964568,39.175803],[2.964566,39.175802],[2.964565,39.1758],[2.964563,39.175799],[2.964561,39.175798],[2.96456,39.175797],[2.964558,39.175797],[2.964558,39.175796],[2.964554,39.175795],[2.964551,39.175794],[2.964548,39.175794],[2.964544,39.175793],[2.964541,39.175793],[2.964538,39.175793],[2.964534,39.175793],[2.964531,39.175793],[2.964528,39.175793],[2.964524,39.175794],[2.964521,39.175794],[2.964503,39.175798],[2.964497,39.175799],[2.964494,39.175799],[2.964482,39.175801],[2.964471,39.175803],[2.964465,39.175804],[2.964459,39.175805],[2.964455,39.175805],[2.964451,39.175806],[2.964447,39.175807],[2.964443,39.175808],[2.964439,39.175809],[2.964435,39.175811],[2.964431,39.175812],[2.964428,39.175814],[2.964424,39.175816],[2.964421,39.175818],[2.964416,39.175822],[2.964411,39.175825],[2.964406,39.175829],[2.964402,39.175832],[2.964381,39.17585],[2.964372,39.175857],[2.964361,39.175866],[2.964353,39.175872],[2.964346,39.175878],[2.96434,39.175883],[2.964335,39.175887],[2.964331,39.175892],[2.964327,39.175895],[2.964327,39.175895],[2.964326,39.175896],[2.964325,39.175897],[2.964324,39.175899],[2.964323,39.175901],[2.964323,39.175902],[2.96432,39.17591],[2.964319,39.175913],[2.964319,39.175914],[2.964318,39.175915],[2.964319,39.175921],[2.964319,39.175922],[2.964319,39.175924],[2.964318,39.175925],[2.964318,39.175926],[2.964318,39.175927],[2.964317,39.175928],[2.964317,39.175929],[2.964316,39.17593],[2.964314,39.175931],[2.964313,39.175932],[2.964312,39.175933],[2.96431,39.175934],[2.964308,39.175935],[2.964306,39.175936],[2.964302,39.175937],[2.964301,39.175938],[2.964299,39.175938],[2.964286,39.175942],[2.964281,39.175943],[2.964279,39.175943],[2.964276,39.175944],[2.964275,39.175945],[2.964271,39.175946],[2.964103,39.176025],[2.964099,39.176027],[2.964095,39.176028],[2.964051,39.176051],[2.964028,39.176065],[2.963998,39.176084],[2.963933,39.176129],[2.963876,39.176165],[2.963863,39.176172],[2.963843,39.17618],[2.963827,39.176186],[2.96381,39.17619],[2.963796,39.176192],[2.963784,39.176192],[2.963771,39.176191],[2.96372,39.176188],[2.963713,39.176189],[2.963698,39.176193],[2.963684,39.176198],[2.963657,39.176205],[2.963653,39.176205],[2.963644,39.176204],[2.963636,39.176201],[2.963628,39.176196],[2.963619,39.17619],[2.96361,39.176182],[2.963604,39.176173],[2.963597,39.176162],[2.963593,39.176152],[2.963591,39.176141],[2.96359,39.17613],[2.96362,39.176076],[2.963622,39.176064],[2.963622,39.176059],[2.96362,39.176048],[2.963617,39.176041],[2.963612,39.176032],[2.963602,39.17602],[2.963578,39.175988],[2.963566,39.175968],[2.963547,39.175941],[2.963539,39.175933],[2.963529,39.175924],[2.963515,39.175915],[2.96349,39.175896],[2.963489,39.175893],[2.963488,39.175887],[2.963489,39.175881],[2.963492,39.175874],[2.963498,39.175868],[2.96351,39.175848],[2.963511,39.175843],[2.963513,39.175831],[2.963512,39.175825],[2.963508,39.175816],[2.963503,39.175808],[2.963497,39.175801],[2.963489,39.175795],[2.963477,39.175787],[2.963457,39.175776],[2.963433,39.175761],[2.963432,39.175759],[2.963432,39.175754],[2.963434,39.17575],[2.963438,39.175746],[2.963444,39.17574],[2.963455,39.175729],[2.963458,39.175724],[2.96346,39.175718],[2.96346,39.17571],[2.963458,39.175694],[2.963455,39.175683],[2.963451,39.175673],[2.963445,39.175663],[2.963437,39.175654],[2.963429,39.175647],[2.963419,39.17564],[2.963408,39.175634],[2.963398,39.175631],[2.963377,39.175625],[2.963356,39.175618],[2.963337,39.175609],[2.963305,39.175594],[2.963289,39.175585],[2.963257,39.175568],[2.963215,39.175547],[2.963203,39.175543],[2.963179,39.175536],[2.963066,39.175503],[2.963059,39.1755],[2.96305,39.175494],[2.963045,39.175488],[2.963038,39.175478],[2.963027,39.175466],[2.963022,39.175463],[2.963015,39.17546],[2.963005,39.175458],[2.962908,39.175437],[2.962831,39.175422],[2.962798,39.175416],[2.96278,39.175415],[2.962763,39.175415],[2.962596,39.175414],[2.962574,39.175413],[2.962465,39.175405],[2.962411,39.175402],[2.9624,39.175403],[2.962383,39.175406],[2.962357,39.175411],[2.962344,39.175416],[2.962328,39.175423],[2.962273,39.175445],[2.96226,39.175448],[2.962254,39.175449],[2.962239,39.175448],[2.9622,39.175445],[2.96218,39.175442],[2.962166,39.175439],[2.962153,39.175434],[2.962135,39.175426],[2.962115,39.175416],[2.962103,39.175408],[2.96206,39.175378],[2.962051,39.175369],[2.962039,39.175356],[2.962037,39.175351],[2.962037,39.175347],[2.962039,39.175343],[2.962045,39.175334],[2.962052,39.175319],[2.962055,39.175309],[2.962064,39.175276],[2.962063,39.175273],[2.96206,39.175267],[2.962054,39.175261],[2.962015,39.17522],[2.962011,39.175219],[2.962004,39.175218],[2.961995,39.175218],[2.961984,39.175219],[2.961961,39.175221],[2.961882,39.175227],[2.961875,39.175229],[2.961856,39.175235],[2.961841,39.175243],[2.961827,39.175251],[2.961816,39.175258],[2.961807,39.175267],[2.961801,39.175275],[2.961793,39.175288],[2.961785,39.175303],[2.96177,39.175332],[2.961765,39.175336],[2.961757,39.175342],[2.961734,39.175359],[2.961731,39.175364],[2.961728,39.175371],[2.961728,39.175376],[2.961724,39.175394],[2.961722,39.175398],[2.961714,39.175406],[2.961699,39.17542],[2.961686,39.17543],[2.961673,39.175437],[2.961654,39.175448],[2.961639,39.175454],[2.961571,39.175483],[2.961557,39.17549],[2.961549,39.175495],[2.961539,39.175502],[2.961509,39.175523],[2.961499,39.175532],[2.961472,39.175558],[2.961456,39.17557],[2.961438,39.175582],[2.961428,39.175587],[2.961395,39.175606],[2.961389,39.175611],[2.961378,39.175623],[2.961369,39.175633],[2.961357,39.175651],[2.961332,39.175686],[2.961323,39.175696],[2.96129,39.175729],[2.961277,39.175739],[2.96127,39.175743],[2.961261,39.175746],[2.961246,39.17575],[2.961226,39.175756],[2.961217,39.17576],[2.961203,39.175768],[2.961162,39.175791],[2.961149,39.175796],[2.961122,39.175809],[2.961101,39.175821],[2.961083,39.175833],[2.961041,39.175862],[2.961036,39.175867],[2.961016,39.175887],[2.961011,39.175889],[2.960987,39.175902],[2.960981,39.175908],[2.96097,39.175919],[2.960953,39.175938],[2.960913,39.175982],[2.960902,39.175992],[2.960867,39.176025],[2.960858,39.176035],[2.960847,39.176051],[2.960841,39.176064],[2.960831,39.176085],[2.960821,39.176104],[2.960812,39.176116],[2.960778,39.176162],[2.960766,39.176176],[2.960748,39.176197],[2.960717,39.176234],[2.960706,39.176244],[2.960671,39.176274],[2.960552,39.176379],[2.960531,39.176399],[2.96049,39.176437],[2.960472,39.176451],[2.960403,39.176505],[2.960392,39.176511],[2.960249,39.176598],[2.960215,39.17662],[2.960205,39.176629],[2.960195,39.176639],[2.960182,39.176655],[2.960167,39.176671],[2.960157,39.17668],[2.960144,39.176688],[2.960132,39.176694],[2.960112,39.176702],[2.960094,39.176709],[2.960075,39.176714],[2.96005,39.176719],[2.960031,39.176721],[2.960011,39.176723],[2.95999,39.176725],[2.95998,39.176728],[2.959968,39.176733],[2.959956,39.176738],[2.95994,39.176748],[2.959925,39.176759],[2.959914,39.176769],[2.959891,39.176791],[2.959885,39.1768],[2.959878,39.176811],[2.959872,39.176825],[2.959867,39.176842],[2.959858,39.176864],[2.959854,39.176868],[2.959845,39.176877],[2.959837,39.176882],[2.959824,39.176889],[2.959791,39.176905],[2.959686,39.176958],[2.959678,39.176963],[2.959664,39.176975],[2.959655,39.176985],[2.959647,39.176996],[2.959639,39.177009],[2.959622,39.177036],[2.959614,39.177045],[2.959595,39.177065],[2.959583,39.17708],[2.959578,39.177088],[2.959574,39.177098],[2.959571,39.177112],[2.959569,39.177127],[2.959565,39.177142],[2.959562,39.177149],[2.959554,39.177162],[2.959527,39.177207],[2.959509,39.177232],[2.959501,39.177242],[2.959461,39.17729],[2.959455,39.1773],[2.959446,39.177318],[2.959437,39.177338],[2.959422,39.177379],[2.959402,39.177438],[2.959399,39.17745],[2.959388,39.177518],[2.959381,39.177548],[2.959378,39.177552],[2.959372,39.177559],[2.959367,39.177562],[2.959358,39.177565],[2.959353,39.177568],[2.959349,39.177572],[2.959345,39.177579],[2.95934,39.177591],[2.959322,39.177631],[2.959316,39.177641],[2.959302,39.177666],[2.959296,39.17768],[2.959293,39.177692],[2.95929,39.17771],[2.959288,39.177729],[2.959287,39.177771],[2.959288,39.177782],[2.959292,39.177797],[2.959299,39.177819],[2.959307,39.177837],[2.959325,39.177874],[2.959334,39.177889],[2.959347,39.177915],[2.95935,39.177923],[2.95935,39.17793],[2.959349,39.177938],[2.959345,39.177946],[2.95934,39.177955],[2.959327,39.177972],[2.95932,39.177985],[2.959315,39.177996],[2.959298,39.178041],[2.959296,39.178054],[2.959291,39.178083],[2.959285,39.178106],[2.959264,39.178201],[2.959262,39.178215],[2.959259,39.178231],[2.959253,39.178252],[2.959243,39.178279],[2.959235,39.178295],[2.959173,39.178421],[2.959156,39.178458],[2.959152,39.178473],[2.95914,39.178505],[2.959126,39.178534],[2.959052,39.178702],[2.959044,39.178725],[2.959029,39.178761],[2.959014,39.178792],[2.959003,39.178821],[2.958943,39.178963],[2.958936,39.178975],[2.958922,39.178996],[2.958912,39.179008],[2.958895,39.179026],[2.958867,39.179053],[2.958853,39.179064],[2.958797,39.179108],[2.958785,39.179115],[2.95877,39.179122],[2.958757,39.179126],[2.958742,39.17913],[2.958715,39.179136],[2.958626,39.179155],[2.958618,39.179158],[2.958592,39.17917],[2.958566,39.17918],[2.958515,39.1792],[2.9585,39.179209],[2.958425,39.179248],[2.958406,39.17926],[2.958382,39.179277],[2.958373,39.179295],[2.958367,39.179316],[2.958367,39.179318],[2.958363,39.179338],[2.958355,39.179364],[2.958336,39.179426],[2.958332,39.179436],[2.958326,39.179442],[2.95832,39.179447],[2.958313,39.179451],[2.958302,39.179455],[2.958275,39.179464],[2.958261,39.179467],[2.95825,39.179468],[2.958237,39.179468],[2.958218,39.179466],[2.958181,39.179461],[2.958146,39.179458],[2.958114,39.179456],[2.958086,39.179457],[2.958066,39.179458],[2.958047,39.179461],[2.958025,39.179466],[2.95801,39.179471],[2.957996,39.179477],[2.957983,39.179484],[2.957965,39.179495],[2.957937,39.179515],[2.957878,39.179555],[2.957863,39.179563],[2.957826,39.179582],[2.957754,39.17962],[2.957736,39.179631],[2.9577,39.179652],[2.957677,39.179663],[2.957641,39.179682],[2.957632,39.179689],[2.957621,39.179699],[2.957611,39.179711],[2.957598,39.179727],[2.957583,39.17975],[2.957562,39.179785],[2.957552,39.179805],[2.957526,39.179853],[2.957519,39.179862],[2.957502,39.17988],[2.957482,39.179901],[2.957467,39.179913],[2.957452,39.179924],[2.95739,39.17997],[2.957381,39.179979],[2.957356,39.180005],[2.957301,39.180065],[2.95729,39.18008],[2.957268,39.180112],[2.957253,39.18013],[2.957245,39.180139],[2.957233,39.180147],[2.957207,39.180168],[2.957203,39.180174],[2.957197,39.180184],[2.95719,39.180199],[2.957184,39.180219],[2.957178,39.180241],[2.957175,39.180257],[2.957174,39.180276],[2.95717,39.180322],[2.957166,39.180341],[2.957147,39.180435],[2.957142,39.180447],[2.957132,39.18047],[2.95711,39.180517],[2.9571,39.180534],[2.957091,39.180546],[2.957081,39.180557],[2.95707,39.180566],[2.957056,39.180576],[2.957033,39.180591],[2.957009,39.180607],[2.956997,39.180618],[2.956961,39.180646],[2.956954,39.180649],[2.956942,39.180654],[2.956933,39.180656],[2.956923,39.180656],[2.956915,39.180655],[2.956906,39.180652],[2.956891,39.180647],[2.956867,39.180639],[2.956856,39.180637],[2.956846,39.180636],[2.956837,39.180637],[2.956828,39.18064],[2.956821,39.180643],[2.956813,39.180648],[2.956808,39.180654],[2.956804,39.18066],[2.956802,39.180667],[2.956801,39.180676],[2.956802,39.180688],[2.956804,39.180708],[2.956808,39.180752],[2.956807,39.180762],[2.956804,39.180776],[2.956798,39.180791],[2.95677,39.180877],[2.956768,39.180889],[2.956755,39.180954],[2.956746,39.180985],[2.956738,39.181024],[2.956718,39.181105],[2.956715,39.18111],[2.956708,39.181119],[2.956699,39.181125],[2.956688,39.181133],[2.95667,39.181144],[2.956618,39.181171],[2.956603,39.181178],[2.956552,39.181198],[2.956505,39.181218],[2.956426,39.181254],[2.956391,39.181272],[2.956341,39.181298],[2.95633,39.181306],[2.956296,39.181327],[2.956288,39.18133],[2.956226,39.181356],[2.956222,39.18136],[2.956213,39.181368],[2.956209,39.181375],[2.956205,39.181383],[2.956203,39.181393],[2.956203,39.181404],[2.956204,39.181415],[2.956208,39.181429],[2.956217,39.181459],[2.956231,39.181513],[2.956234,39.18153],[2.956237,39.181558],[2.956238,39.181582],[2.956237,39.181606],[2.956234,39.181635],[2.956229,39.181663],[2.956218,39.181722],[2.956208,39.181765],[2.95618,39.181872],[2.956175,39.181884],[2.956168,39.181898],[2.956159,39.18191],[2.956149,39.181922],[2.956135,39.181935],[2.9561,39.181966],[2.956078,39.181983],[2.956049,39.182009],[2.956032,39.182025],[2.955999,39.182056],[2.955986,39.182066],[2.955919,39.182116],[2.955904,39.182125],[2.955858,39.182154],[2.955846,39.182164],[2.955823,39.182184],[2.955795,39.182207],[2.955783,39.182214],[2.955768,39.182223],[2.955755,39.182227],[2.955747,39.182229],[2.955742,39.182229],[2.955738,39.182229],[2.955738,39.182229],[2.95573,39.182228],[2.955722,39.182225],[2.955709,39.18222],[2.955674,39.182203],[2.955643,39.182186],[2.955602,39.182166],[2.955587,39.18216],[2.955571,39.182156],[2.955556,39.182153],[2.955525,39.182148],[2.955501,39.182147],[2.955487,39.182147],[2.955476,39.182148],[2.955464,39.182151],[2.955455,39.182155],[2.955447,39.182161],[2.95544,39.182167],[2.955434,39.182175],[2.955429,39.182184],[2.955426,39.182194],[2.955425,39.182202],[2.955425,39.182213],[2.955427,39.182222],[2.955429,39.182229],[2.955431,39.182232],[2.955436,39.18224],[2.955445,39.182251],[2.955447,39.182256],[2.955448,39.182262],[2.955447,39.182267],[2.955443,39.182275],[2.955437,39.182283],[2.955428,39.182294],[2.955417,39.182303],[2.955397,39.182319],[2.955373,39.18234],[2.955363,39.18235],[2.955358,39.182358],[2.955355,39.182366],[2.955354,39.182375],[2.955355,39.182382],[2.955357,39.18239],[2.955362,39.182396],[2.955368,39.182402],[2.955375,39.182407],[2.955386,39.182413],[2.955398,39.182417],[2.955412,39.182421],[2.95544,39.182427],[2.955458,39.182433],[2.955479,39.18244],[2.955499,39.182449],[2.955521,39.18246],[2.955549,39.182476],[2.955577,39.182494],[2.95576,39.182613],[2.955795,39.182636],[2.955832,39.18266],[2.955912,39.182714],[2.955946,39.182739],[2.955952,39.182745],[2.955954,39.182749],[2.955954,39.182755],[2.955953,39.182758],[2.95595,39.182761],[2.955946,39.182763],[2.95594,39.182763],[2.955929,39.182763],[2.955893,39.182764],[2.955879,39.182766],[2.95587,39.182769],[2.955862,39.182772],[2.955857,39.182776],[2.955853,39.182782],[2.955851,39.182787],[2.95585,39.182793],[2.955851,39.182802],[2.955852,39.182822],[2.95585,39.182825],[2.955845,39.182832],[2.955839,39.182837],[2.955831,39.182842],[2.955821,39.182846],[2.955807,39.182851],[2.95579,39.182855],[2.955768,39.182858],[2.955748,39.18286],[2.955727,39.182861],[2.95568,39.182863],[2.955668,39.182865],[2.955659,39.182868],[2.955652,39.182872],[2.955649,39.182875],[2.955647,39.18288],[2.955647,39.182885],[2.955648,39.182891],[2.955652,39.182898],[2.955657,39.182905],[2.955665,39.182914],[2.955676,39.182922],[2.955705,39.182943],[2.955722,39.182957],[2.955736,39.182971],[2.955745,39.182982],[2.955749,39.18299],[2.955751,39.182998],[2.955752,39.183005],[2.95575,39.183013],[2.955747,39.183018],[2.955742,39.183022],[2.955737,39.183025],[2.955728,39.183028],[2.955717,39.183031],[2.955702,39.183033],[2.955687,39.183033],[2.955669,39.183033],[2.95564,39.18303],[2.955625,39.18303],[2.955616,39.183031],[2.95561,39.183034],[2.955607,39.183037],[2.955605,39.183041],[2.955604,39.183045],[2.955606,39.18305],[2.95561,39.183057],[2.955616,39.183064],[2.955628,39.183076],[2.955641,39.183087],[2.955671,39.183114],[2.955675,39.18312],[2.955683,39.183134],[2.955687,39.183146],[2.95569,39.183159],[2.955692,39.183175],[2.955693,39.183202],[2.955692,39.183218],[2.955689,39.183239],[2.955684,39.183264],[2.955671,39.183331],[2.955671,39.183343],[2.955671,39.183373],[2.955674,39.183413],[2.955678,39.18344],[2.955682,39.183456],[2.955687,39.183469],[2.955695,39.183483],[2.955706,39.183501],[2.95576,39.183589],[2.955767,39.183603],[2.955772,39.183619],[2.955774,39.183627],[2.955774,39.18364],[2.955775,39.183682],[2.955777,39.18369],[2.955784,39.18371],[2.955793,39.183729],[2.955803,39.183747],[2.955816,39.183767],[2.95583,39.183786],[2.955843,39.183799],[2.955857,39.183812],[2.955875,39.183826],[2.955914,39.183859],[2.955917,39.183864],[2.955924,39.183876],[2.955928,39.183888],[2.955932,39.183903],[2.955937,39.183933],[2.955938,39.183947],[2.955936,39.183957],[2.955933,39.183967],[2.955928,39.18398],[2.955915,39.184011],[2.955915,39.184016],[2.955917,39.184023],[2.955922,39.184031],[2.955928,39.18404],[2.955942,39.184057],[2.955953,39.184067],[2.955966,39.184078],[2.955976,39.184084],[2.95599,39.18409],[2.956064,39.184122],[2.956071,39.184124],[2.956086,39.184126],[2.9561,39.184126],[2.956113,39.184124],[2.956128,39.184122],[2.956146,39.184117],[2.95616,39.184112],[2.956188,39.1841],[2.95623,39.184083],[2.956237,39.184081],[2.956249,39.184081],[2.956306,39.184077],[2.956357,39.184072],[2.956398,39.184067],[2.956444,39.184062],[2.956452,39.184063],[2.956482,39.184066],[2.956513,39.184069],[2.956534,39.184069],[2.956563,39.184068],[2.956595,39.184066],[2.956626,39.184062],[2.956648,39.184058],[2.95667,39.184052],[2.956692,39.184045],[2.956719,39.184035],[2.956759,39.184019],[2.956821,39.183991],[2.957028,39.183898],[2.957065,39.18388],[2.95709,39.183866],[2.957111,39.183853],[2.957151,39.183825],[2.957231,39.183768],[2.957246,39.183756],[2.957256,39.18375],[2.957264,39.183747],[2.957274,39.183741],[2.957295,39.183728],[2.957342,39.183701],[2.957347,39.1837],[2.957355,39.183699],[2.957362,39.1837],[2.957373,39.183704],[2.957389,39.18371],[2.957416,39.183722],[2.957561,39.183784],[2.957587,39.183793],[2.957617,39.183802],[2.957638,39.183807],[2.957668,39.183813],[2.957751,39.183828],[2.957765,39.183829],[2.957783,39.183829],[2.957794,39.183827],[2.957804,39.183825],[2.957812,39.183821],[2.957819,39.183816],[2.957823,39.183811],[2.957827,39.183805],[2.957828,39.183798],[2.957828,39.18379],[2.957826,39.183781],[2.957822,39.18377],[2.957811,39.183745],[2.957794,39.183709],[2.957783,39.183691],[2.957771,39.183675],[2.957746,39.183642],[2.957726,39.183613],[2.957723,39.183606],[2.957723,39.1836],[2.957724,39.183595],[2.957727,39.18359],[2.957733,39.183584],[2.95774,39.18358],[2.957749,39.183576],[2.95776,39.183572],[2.957773,39.18357],[2.957788,39.183568],[2.957803,39.183568],[2.957815,39.183569],[2.957834,39.183573],[2.957906,39.183584],[2.957981,39.183598],[2.958002,39.183603],[2.958102,39.183626],[2.958128,39.18363],[2.958176,39.18364],[2.958223,39.183651],[2.958264,39.183663],[2.958287,39.18367],[2.958317,39.183682],[2.958384,39.183706],[2.958401,39.183711],[2.958484,39.183735],[2.958531,39.183751],[2.958612,39.183776],[2.95862,39.183777],[2.958634,39.183777],[2.958646,39.183776],[2.958658,39.183773],[2.958671,39.183769],[2.958681,39.183764],[2.958689,39.183759],[2.958691,39.183758],[2.9587,39.18375],[2.958738,39.183722],[2.958753,39.183711],[2.958853,39.183648],[2.958875,39.183636],[2.958904,39.183621],[2.958974,39.183585],[2.958995,39.183573],[2.959014,39.18356],[2.959038,39.183541],[2.959052,39.183529],[2.959062,39.183517],[2.95907,39.183506],[2.959077,39.183493],[2.959083,39.183478],[2.959089,39.18346],[2.959106,39.183415],[2.959111,39.183407],[2.95912,39.183394],[2.959131,39.183383],[2.959148,39.183367],[2.959169,39.183346],[2.959173,39.18334],[2.959176,39.183332],[2.959176,39.183326],[2.959175,39.18332],[2.959171,39.183313],[2.959163,39.183292],[2.959164,39.183291],[2.959167,39.183289],[2.959169,39.183287],[2.959174,39.183285],[2.95918,39.183284],[2.959188,39.183284],[2.959196,39.183285],[2.959205,39.183288],[2.959215,39.183293],[2.95923,39.183302],[2.959247,39.183315],[2.959284,39.183342],[2.95931,39.183364],[2.959358,39.183403],[2.959386,39.183423],[2.959408,39.183437],[2.959448,39.18346],[2.959462,39.183467],[2.959548,39.183509],[2.959567,39.18352],[2.959646,39.183567],[2.959679,39.183588],[2.95969,39.183597],[2.959689,39.183598],[2.959768,39.183668],[2.959798,39.183688],[2.959937,39.183788],[2.959968,39.18381],[2.960003,39.183837],[2.960025,39.183856],[2.960045,39.183875],[2.960096,39.18393],[2.96011,39.183945],[2.960139,39.183973],[2.960156,39.183987],[2.960165,39.183995],[2.960278,39.184059],[2.96029,39.184066],[2.960333,39.184085],[2.960346,39.18409],[2.960359,39.184097],[2.960372,39.184106],[2.960379,39.184111],[2.960406,39.184144],[2.960414,39.184155],[2.960435,39.184176],[2.960446,39.184186],[2.960535,39.184251],[2.960595,39.184295],[2.960613,39.184308],[2.960723,39.184379],[2.960747,39.184394],[2.960779,39.184412],[2.960802,39.184424],[2.960856,39.184455],[2.96088,39.18447],[2.960917,39.184496],[2.960931,39.184506],[2.960961,39.184524],[2.960978,39.184534],[2.960995,39.184542],[2.961063,39.184567],[2.961072,39.184571],[2.961078,39.184574],[2.961082,39.184577],[2.961084,39.184581],[2.961084,39.184584],[2.961077,39.184594],[2.961063,39.18461],[2.961057,39.184618],[2.961046,39.184629],[2.961038,39.184635],[2.961025,39.184643],[2.961012,39.184649],[2.961003,39.184655],[2.960997,39.184659],[2.96099,39.184668],[2.960982,39.184683],[2.960971,39.184708],[2.960965,39.184723],[2.960947,39.1848],[2.960944,39.184814],[2.960941,39.184823],[2.960937,39.184829],[2.960933,39.184833],[2.960928,39.184836],[2.960921,39.184839],[2.960916,39.184839],[2.960895,39.184835],[2.960889,39.184833],[2.960883,39.184833],[2.960867,39.184836],[2.960854,39.18484],[2.960705,39.184902],[2.960651,39.184925],[2.960629,39.184935],[2.960604,39.184949],[2.960585,39.18496],[2.960572,39.184969],[2.960562,39.184978],[2.960533,39.18501],[2.960519,39.185026],[2.960508,39.185042],[2.960498,39.185059],[2.960484,39.185078],[2.960438,39.185154],[2.960427,39.185173],[2.960421,39.185181],[2.960407,39.185196],[2.960396,39.185205],[2.960359,39.185248],[2.960357,39.18525],[2.960351,39.185257],[2.960318,39.185285],[2.960306,39.185294],[2.960232,39.18534],[2.9602,39.18536],[2.960174,39.185374],[2.960154,39.185386],[2.960137,39.185399],[2.960118,39.185415],[2.960081,39.185449],[2.960044,39.185486],[2.960035,39.185495],[2.96001,39.185513],[2.959952,39.185552],[2.959913,39.185579],[2.959907,39.185582],[2.959828,39.185667],[2.959816,39.185681],[2.959803,39.185693],[2.959792,39.185705],[2.959789,39.18571],[2.959782,39.185735],[2.959776,39.185764],[2.959775,39.185768],[2.959783,39.185839],[2.959791,39.185893],[2.959792,39.185903],[2.959796,39.185918],[2.959799,39.185924],[2.959804,39.185931],[2.959817,39.185943],[2.959829,39.185953],[2.959841,39.18596],[2.95986,39.18597],[2.959871,39.185974],[2.959915,39.185986],[2.959953,39.185995],[2.959981,39.186],[2.960031,39.186008],[2.960084,39.186014],[2.960086,39.186014],[2.960106,39.186016],[2.960227,39.186022],[2.960233,39.18602],[2.960254,39.186021],[2.96027,39.186022],[2.960334,39.186033],[2.960344,39.186035],[2.960349,39.186035],[2.960358,39.186033],[2.960366,39.18603],[2.960381,39.186026],[2.960391,39.186024],[2.960425,39.186024],[2.960437,39.186024],[2.960447,39.186026],[2.960453,39.186027],[2.960467,39.186035],[2.960482,39.186046],[2.960501,39.186062],[2.960521,39.186081],[2.960533,39.186093],[2.960539,39.1861],[2.960545,39.186114],[2.96055,39.186126],[2.960553,39.18614],[2.960553,39.186148],[2.960552,39.186155],[2.960549,39.186163],[2.960546,39.186168],[2.960545,39.18617],[2.96054,39.186175],[2.960535,39.186178],[2.960526,39.186181],[2.960517,39.186183],[2.960513,39.186183],[2.960479,39.186173],[2.960469,39.186169],[2.960459,39.186167],[2.96045,39.186167],[2.960441,39.186167],[2.960428,39.18617],[2.960404,39.186179],[2.960379,39.186191],[2.960342,39.186204],[2.960333,39.186208],[2.960317,39.18621],[2.960304,39.186212],[2.960275,39.186218],[2.960262,39.186221],[2.960223,39.186227],[2.9602,39.18623],[2.960185,39.186233],[2.960175,39.186236],[2.960169,39.186238],[2.960165,39.186242],[2.960162,39.186246],[2.96016,39.186252],[2.96016,39.186255],[2.960164,39.18626],[2.9602,39.186313],[2.960205,39.18632],[2.96021,39.186331],[2.960214,39.186345],[2.960215,39.186351],[2.960212,39.186369],[2.960197,39.186431],[2.960192,39.186452],[2.960183,39.186484],[2.960179,39.186495],[2.960173,39.186506],[2.960162,39.186521],[2.960152,39.186532],[2.960145,39.186542],[2.960139,39.186554],[2.960136,39.186563],[2.960133,39.186589],[2.960131,39.186617],[2.96013,39.186736],[2.96013,39.18675],[2.960133,39.186775],[2.960137,39.186791],[2.960145,39.186816],[2.960148,39.186823],[2.960149,39.186836],[2.960148,39.186879],[2.960149,39.186894],[2.960152,39.186919],[2.960157,39.18694],[2.960159,39.186947],[2.960172,39.186969],[2.96018,39.186981],[2.960182,39.186985],[2.960184,39.187018],[2.960184,39.187029],[2.960185,39.187036],[2.960196,39.187062],[2.960205,39.18708],[2.960227,39.187116],[2.960235,39.187128],[2.960241,39.18714],[2.960244,39.187148],[2.960245,39.187156],[2.960244,39.187163],[2.960239,39.187178],[2.960226,39.187205],[2.960215,39.187225],[2.960205,39.18724],[2.960152,39.187307],[2.960144,39.187317],[2.960136,39.187329],[2.960133,39.187337],[2.960121,39.187393],[2.960116,39.18742],[2.960114,39.187425],[2.960119,39.187455],[2.960129,39.187502],[2.960138,39.187549],[2.96014,39.18756],[2.960142,39.1876],[2.960142,39.187612],[2.960146,39.187644],[2.960149,39.187658],[2.960161,39.187694],[2.960168,39.187714],[2.96017,39.18772],[2.960169,39.187752],[2.960169,39.187761],[2.960183,39.187852],[2.960185,39.187865],[2.960195,39.187899],[2.960201,39.187916],[2.960208,39.187929],[2.960212,39.187937],[2.960218,39.187943],[2.960225,39.187948],[2.960236,39.187954],[2.960242,39.187956],[2.960296,39.187963],[2.960304,39.187964],[2.960308,39.187965],[2.960319,39.187975],[2.96037,39.188029],[2.960407,39.188066],[2.96042,39.188078],[2.960428,39.188085],[2.960481,39.188116],[2.960498,39.188125],[2.960505,39.18813],[2.960524,39.188149],[2.960538,39.188164],[2.960576,39.188199],[2.960598,39.188218],[2.960608,39.188228],[2.960628,39.188252],[2.960692,39.188339],[2.960726,39.188387],[2.960739,39.188406],[2.960753,39.188431],[2.960767,39.18846],[2.960775,39.188475],[2.960799,39.18851],[2.960825,39.188547],[2.960842,39.188567],[2.960869,39.188598],[2.960897,39.188627],[2.960912,39.188641],[2.960934,39.188659],[2.960952,39.188672],[2.960962,39.188681],[2.960969,39.188688],[2.960973,39.188694],[2.960976,39.188705],[2.960978,39.188712],[2.960974,39.188747],[2.960973,39.188757],[2.960973,39.188767],[2.960975,39.188777],[2.960978,39.188784],[2.961013,39.188835],[2.961047,39.188882],[2.961052,39.188889],[2.961054,39.188895],[2.961055,39.188901],[2.961054,39.188904],[2.961045,39.188915],[2.96104,39.188919],[2.961037,39.188924],[2.961035,39.188931],[2.961035,39.188938],[2.961037,39.188948],[2.961042,39.188958],[2.961057,39.188983],[2.961073,39.189005],[2.961083,39.189018],[2.961096,39.189032],[2.96111,39.189043],[2.961122,39.189053],[2.961147,39.189067],[2.961164,39.189076],[2.961177,39.189081],[2.961186,39.189084],[2.961196,39.189085],[2.961206,39.189085],[2.961252,39.189079],[2.961261,39.189078],[2.961266,39.189078],[2.961272,39.18908],[2.961279,39.189084],[2.961289,39.189093],[2.961312,39.189119],[2.961352,39.189167],[2.961362,39.189179],[2.961366,39.189185],[2.961373,39.189204],[2.961377,39.189219],[2.961381,39.189228],[2.961385,39.189235],[2.961385,39.189235],[2.961391,39.189241],[2.961394,39.189243],[2.961423,39.189249],[2.96144,39.189251],[2.961451,39.189252],[2.961458,39.189252],[2.961468,39.189249],[2.961471,39.189248],[2.961501,39.189253],[2.961516,39.189256],[2.961529,39.18926],[2.961537,39.189263],[2.961543,39.189267],[2.961553,39.189278],[2.961565,39.189294],[2.961572,39.189305],[2.961577,39.189314],[2.961585,39.189344],[2.96159,39.189363],[2.961591,39.189371],[2.961588,39.189396],[2.961579,39.189451],[2.961576,39.189477],[2.961574,39.189511],[2.961573,39.189579],[2.961574,39.189598],[2.961575,39.18961],[2.961578,39.18962],[2.961582,39.18963],[2.961587,39.189637],[2.961595,39.189645],[2.961598,39.189648],[2.96162,39.189655],[2.961631,39.189657],[2.961641,39.189662],[2.96165,39.189666],[2.961656,39.189671],[2.961677,39.189696],[2.961684,39.189706],[2.961694,39.189717],[2.961704,39.189725],[2.961716,39.189733],[2.961727,39.189739],[2.961737,39.189742],[2.96175,39.189745],[2.961762,39.189747],[2.961777,39.189747],[2.961795,39.189745],[2.96187,39.189733],[2.961877,39.189732],[2.96192,39.189728],[2.961998,39.189735],[2.962007,39.189732],[2.962076,39.189723],[2.96209,39.189722],[2.962099,39.189722],[2.962108,39.189723],[2.962116,39.189725],[2.962124,39.189729],[2.96213,39.189734],[2.962137,39.189742],[2.962142,39.189751],[2.962146,39.18976],[2.96215,39.189783],[2.962151,39.189791],[2.962154,39.189799],[2.962157,39.189804],[2.96216,39.189807],[2.962166,39.18981],[2.962174,39.189812],[2.962186,39.189812],[2.962196,39.189812],[2.962207,39.189809],[2.962216,39.189806],[2.962238,39.189794],[2.962251,39.189786],[2.962284,39.18976],[2.962294,39.189753],[2.962302,39.189748],[2.96231,39.189744],[2.96232,39.189741],[2.962326,39.189741],[2.962351,39.189743],[2.962363,39.189745],[2.96239,39.189746],[2.962408,39.189745],[2.962427,39.189744],[2.962438,39.189742],[2.962505,39.189721],[2.962529,39.189713],[2.962546,39.189708],[2.962556,39.189707],[2.962589,39.189705],[2.962612,39.189705],[2.962619,39.189705],[2.962665,39.189719],[2.962679,39.189724],[2.962694,39.189727],[2.962705,39.189728],[2.962718,39.189728],[2.962742,39.189726],[2.96276,39.189723],[2.962787,39.189716],[2.962802,39.189712],[2.962807,39.18971],[2.962817,39.1897],[2.96282,39.189696],[2.962827,39.189691],[2.962835,39.189687],[2.962842,39.189686],[2.962879,39.189682],[2.962933,39.18968],[2.962986,39.189676],[2.963018,39.189674],[2.963052,39.189671],[2.963075,39.189668],[2.963098,39.189664],[2.963109,39.189661],[2.963155,39.189643],[2.963157,39.189642],[2.963166,39.189644],[2.96326,39.18968],[2.963295,39.189694],[2.963302,39.189697],[2.963308,39.189698],[2.963311,39.189698],[2.963318,39.189704],[2.96332,39.189707],[2.963321,39.189727],[2.963321,39.189734],[2.963322,39.18974],[2.963324,39.189743],[2.963332,39.189749],[2.963341,39.189753],[2.963347,39.189757],[2.963352,39.189762],[2.963359,39.189773],[2.963362,39.189783],[2.963366,39.189788],[2.963368,39.18979],[2.963387,39.189794],[2.963404,39.189797],[2.963418,39.1898],[2.963432,39.189802],[2.963443,39.189802],[2.963452,39.189801],[2.96346,39.189799],[2.963467,39.189796],[2.963469,39.189794],[2.963477,39.189778],[2.963479,39.189772],[2.963482,39.189768],[2.963488,39.189764],[2.963494,39.189761],[2.963499,39.18976],[2.963503,39.18976],[2.963508,39.189762],[2.963516,39.189768],[2.963519,39.189771],[2.963526,39.189787],[2.963527,39.189794],[2.963531,39.189799],[2.963536,39.189805],[2.963547,39.189812],[2.963553,39.189815],[2.96371,39.18986],[2.963727,39.189864],[2.963754,39.189869],[2.963806,39.189876],[2.963839,39.189882],[2.963864,39.189885],[2.963883,39.189886],[2.963902,39.189886],[2.963914,39.189885],[2.963925,39.189883],[2.963936,39.189879],[2.963948,39.189873],[2.963956,39.189869],[2.963966,39.189864],[2.963975,39.189862],[2.963982,39.189861],[2.963992,39.189862],[2.964006,39.189865],[2.964017,39.189869],[2.964055,39.189888],[2.964064,39.189893],[2.964106,39.189924],[2.964113,39.189929],[2.96412,39.189933],[2.964128,39.189936],[2.964136,39.189937],[2.96415,39.189937],[2.964176,39.189934],[2.964202,39.18993],[2.96421,39.189929],[2.964217,39.189929],[2.964224,39.189931],[2.964231,39.189935],[2.964237,39.189941],[2.964242,39.189947],[2.964253,39.18996],[2.964285,39.190007],[2.964294,39.190019],[2.964329,39.190089],[2.964336,39.190104],[2.964342,39.190114],[2.964347,39.190119],[2.964351,39.190122],[2.964384,39.190136],[2.964395,39.19014],[2.964432,39.190148],[2.96444,39.190149],[2.964445,39.190151],[2.96445,39.190155],[2.964463,39.190173],[2.964473,39.19019],[2.964479,39.190202],[2.964489,39.190229],[2.964494,39.190245],[2.964498,39.190254],[2.964516,39.190284],[2.964524,39.190295],[2.964531,39.190303],[2.964536,39.190307],[2.964543,39.190311],[2.96455,39.190312],[2.964597,39.19031],[2.964608,39.190309],[2.964634,39.19031],[2.964647,39.190311],[2.964657,39.190314],[2.964666,39.190317],[2.964671,39.190319],[2.964682,39.190331],[2.964692,39.190343],[2.964706,39.190358],[2.964716,39.190366],[2.964725,39.190372],[2.964735,39.190377],[2.964749,39.190381],[2.964765,39.190385],[2.964784,39.190388],[2.964801,39.190389],[2.964839,39.190388],[2.964881,39.190386],[2.964903,39.190386],[2.964917,39.190387],[2.964928,39.190388],[2.964943,39.190392],[2.964955,39.190397],[2.964968,39.190404],[2.964983,39.190414],[2.96499,39.190418],[2.965036,39.190434],[2.965087,39.19045],[2.965109,39.190458],[2.965155,39.190477],[2.96517,39.190483],[2.965179,39.190487],[2.965188,39.190488],[2.965198,39.190489],[2.965209,39.190487],[2.965227,39.190483],[2.965239,39.190479],[2.965261,39.190469],[2.96527,39.190465],[2.965293,39.190454],[2.965307,39.190447],[2.96534,39.190436],[2.965361,39.19043],[2.965376,39.190427],[2.965395,39.190425],[2.965471,39.190421],[2.965509,39.19042],[2.965563,39.190416],[2.965584,39.190414],[2.965608,39.190414],[2.965622,39.190414],[2.965634,39.190416],[2.965644,39.190418],[2.965648,39.19042],[2.96566,39.19043],[2.965666,39.190436],[2.965673,39.190442],[2.965681,39.190446],[2.965691,39.190449],[2.965702,39.190451],[2.965716,39.190451],[2.965729,39.19045],[2.965823,39.190434],[2.965848,39.190429],[2.965863,39.190426],[2.965879,39.190422],[2.965892,39.19042],[2.965986,39.190417],[2.966008,39.190417],[2.966018,39.190418],[2.966027,39.190419],[2.966039,39.190424],[2.966052,39.19043],[2.966063,39.190437],[2.96607,39.190443],[2.966076,39.190451],[2.966079,39.190455],[2.966086,39.190488],[2.966088,39.190498]],[[2.96958,39.185053],[2.969561,39.185054],[2.96956,39.185054],[2.969547,39.185058],[2.969542,39.185059],[2.969538,39.18506],[2.969523,39.185064],[2.969521,39.185064],[2.96952,39.185065],[2.969519,39.185066],[2.969518,39.185067],[2.969516,39.185068],[2.969516,39.185069],[2.969515,39.185071],[2.969514,39.185072],[2.969514,39.185073],[2.969513,39.185075],[2.969513,39.185076],[2.969513,39.185077],[2.969513,39.185079],[2.969514,39.18508],[2.969515,39.185081],[2.969515,39.185081],[2.969516,39.185082],[2.969516,39.185082],[2.96952,39.185083],[2.969522,39.185083],[2.969524,39.185084],[2.969526,39.185084],[2.969527,39.185084],[2.969529,39.185084],[2.969531,39.185084],[2.969531,39.185084],[2.969532,39.185084],[2.969541,39.185084],[2.969545,39.185083],[2.969546,39.185083],[2.969559,39.185082],[2.969567,39.18508],[2.969574,39.185079],[2.969579,39.185078],[2.969584,39.185078],[2.969586,39.185077],[2.969588,39.185077],[2.96959,39.185076],[2.969592,39.185075],[2.969594,39.185074],[2.969596,39.185073],[2.969598,39.185072],[2.969601,39.18507],[2.969602,39.185069],[2.969603,39.185068],[2.969604,39.185068],[2.969605,39.185067],[2.969606,39.185066],[2.969606,39.185066],[2.969606,39.185065],[2.969606,39.185064],[2.969606,39.185064],[2.969605,39.185063],[2.969605,39.185062],[2.969604,39.185061],[2.969604,39.18506],[2.969603,39.18506],[2.969602,39.185059],[2.969601,39.185059],[2.969601,39.185059],[2.969598,39.185058],[2.969591,39.185056],[2.96959,39.185055],[2.969588,39.185055],[2.969585,39.185054],[2.969584,39.185053],[2.969583,39.185053],[2.969582,39.185053],[2.96958,39.185053]],[[2.96986,39.184801],[2.96986,39.184801],[2.969845,39.184805],[2.969845,39.184805],[2.969828,39.184808],[2.969813,39.18481],[2.969812,39.184811],[2.969809,39.184811],[2.969807,39.184812],[2.969806,39.184813],[2.969805,39.184813],[2.969804,39.184814],[2.969804,39.184815],[2.969803,39.184816],[2.969803,39.184816],[2.969802,39.184818],[2.969802,39.184819],[2.969802,39.18482],[2.969802,39.184821],[2.969803,39.184822],[2.969803,39.184822],[2.969804,39.184823],[2.969805,39.184825],[2.969807,39.184827],[2.969809,39.184829],[2.96981,39.184831],[2.969812,39.184833],[2.969817,39.18484],[2.969817,39.184841],[2.969818,39.184841],[2.969819,39.184842],[2.96982,39.184843],[2.969822,39.184844],[2.969823,39.184845],[2.969825,39.184845],[2.969826,39.184846],[2.969829,39.184846],[2.969829,39.184847],[2.969832,39.184847],[2.969834,39.184848],[2.969837,39.184848],[2.96984,39.184848],[2.969842,39.184848],[2.969845,39.184848],[2.969849,39.184848],[2.969852,39.184848],[2.969854,39.184847],[2.969859,39.184847],[2.969861,39.184846],[2.969862,39.184846],[2.969864,39.184845],[2.969865,39.184845],[2.969866,39.184844],[2.969868,39.184843],[2.969868,39.184843],[2.969869,39.184842],[2.96987,39.184841],[2.96987,39.184841],[2.96987,39.18484],[2.96987,39.184839],[2.96987,39.184838],[2.96987,39.184837],[2.96987,39.184836],[2.96987,39.184834],[2.969869,39.184832],[2.969868,39.184831],[2.969868,39.184829],[2.969866,39.184828],[2.969864,39.184824],[2.969864,39.184823],[2.969863,39.184822],[2.969863,39.184821],[2.969863,39.184819],[2.969863,39.184817],[2.969863,39.184815],[2.969863,39.184812],[2.969863,39.184809],[2.969863,39.184807],[2.969863,39.184806],[2.969863,39.184805],[2.969862,39.184802],[2.969862,39.184801],[2.969861,39.184801],[2.969861,39.184801],[2.96986,39.184801],[2.96986,39.184801]],[[2.969984,39.184752],[2.96995,39.184753],[2.969948,39.184753],[2.969947,39.184754],[2.969945,39.184754],[2.969943,39.184755],[2.969941,39.184755],[2.969939,39.184756],[2.969936,39.184758],[2.969933,39.184759],[2.969925,39.184763],[2.969923,39.184764],[2.969921,39.184765],[2.969921,39.184766],[2.969919,39.184767],[2.969918,39.184768],[2.969917,39.184769],[2.969916,39.18477],[2.969915,39.184772],[2.969915,39.184773],[2.969914,39.184775],[2.969914,39.184775],[2.969913,39.184776],[2.969913,39.184777],[2.969913,39.184778],[2.969913,39.18478],[2.969914,39.184781],[2.969914,39.184782],[2.969915,39.184783],[2.969915,39.184784],[2.969916,39.184785],[2.969917,39.184786],[2.969918,39.184786],[2.969921,39.184787],[2.969922,39.184788],[2.969924,39.184789],[2.969925,39.184789],[2.969927,39.184789],[2.96993,39.184789],[2.969932,39.184789],[2.969935,39.184789],[2.969937,39.184788],[2.969939,39.184788],[2.969942,39.184787],[2.969946,39.184786],[2.969949,39.184784],[2.969953,39.184783],[2.969958,39.18478],[2.969958,39.18478],[2.96996,39.184779],[2.969962,39.184778],[2.969964,39.184777],[2.969968,39.184774],[2.969969,39.184774],[2.969969,39.184773],[2.969971,39.184773],[2.969973,39.184773],[2.969975,39.184772],[2.969977,39.184772],[2.969978,39.184772],[2.969981,39.184773],[2.969985,39.184773],[2.969991,39.184773],[2.969993,39.184773],[2.969995,39.184773],[2.969996,39.184773],[2.969998,39.184773],[2.97,39.184772],[2.970002,39.184771],[2.970002,39.184771],[2.970003,39.18477],[2.970004,39.18477],[2.970004,39.184769],[2.970004,39.184768],[2.970005,39.184768],[2.970005,39.184767],[2.970004,39.184767],[2.970004,39.184766],[2.970004,39.184766],[2.970002,39.184764],[2.97,39.184763],[2.969999,39.184762],[2.969999,39.184762],[2.969996,39.18476],[2.969993,39.184758],[2.969991,39.184757],[2.969985,39.184752],[2.969984,39.184752]],[[2.96801,39.181481],[2.968008,39.181481],[2.968007,39.181481],[2.967999,39.181482],[2.967997,39.181483],[2.967996,39.181483],[2.967995,39.181483],[2.967994,39.181484],[2.967994,39.181484],[2.967993,39.181484],[2.967993,39.181485],[2.967993,39.181486],[2.967993,39.181487],[2.967993,39.181488],[2.967994,39.181504],[2.967994,39.181504],[2.967994,39.181514],[2.967994,39.181518],[2.967994,39.181522],[2.967994,39.181525],[2.967994,39.18153],[2.967995,39.181533],[2.967995,39.181535],[2.967995,39.181536],[2.967996,39.181537],[2.967996,39.181538],[2.967997,39.181539],[2.967997,39.181539],[2.967998,39.18154],[2.967999,39.18154],[2.968,39.181541],[2.968001,39.181541],[2.968001,39.181541],[2.968002,39.181541],[2.968002,39.181541],[2.968004,39.18154],[2.968011,39.181536],[2.968021,39.181531],[2.968025,39.18153],[2.968028,39.181529],[2.968033,39.181527],[2.968038,39.181525],[2.968042,39.181523],[2.968045,39.181522],[2.968046,39.181521],[2.968047,39.18152],[2.968049,39.181519],[2.968049,39.181518],[2.96805,39.181517],[2.968051,39.181517],[2.968051,39.181515],[2.968052,39.181514],[2.968052,39.181513],[2.968053,39.181512],[2.968053,39.18151],[2.968053,39.181508],[2.968053,39.181507],[2.968053,39.181505],[2.968053,39.181504],[2.968052,39.181502],[2.968052,39.181501],[2.968051,39.1815],[2.96805,39.181498],[2.968049,39.181496],[2.968048,39.181495],[2.968048,39.181494],[2.968046,39.181493],[2.968045,39.181492],[2.968044,39.181491],[2.968043,39.181491],[2.968042,39.18149],[2.96804,39.18149],[2.968038,39.181489],[2.968035,39.181488],[2.968032,39.181488],[2.968022,39.181485],[2.968021,39.181485],[2.96802,39.181484],[2.968018,39.181484],[2.968013,39.181481],[2.968013,39.181481],[2.968012,39.181481],[2.968011,39.181481],[2.96801,39.181481]],[[2.965485,39.175571],[2.965462,39.175542],[2.965456,39.175537],[2.965448,39.175532],[2.965441,39.17553],[2.96543,39.175527],[2.965407,39.175524],[2.965396,39.175523],[2.965388,39.175525],[2.965379,39.175527],[2.96537,39.175532],[2.96536,39.175538],[2.965351,39.175546],[2.965346,39.175553],[2.965344,39.175558],[2.965344,39.175563],[2.965346,39.175568],[2.96535,39.175573],[2.965357,39.17558],[2.965369,39.175588],[2.965384,39.175602],[2.965389,39.175608],[2.965425,39.175652],[2.96543,39.175656],[2.96544,39.175662],[2.965449,39.175665],[2.965456,39.175666],[2.965464,39.175666],[2.965473,39.175664],[2.965481,39.175661],[2.965489,39.175657],[2.965495,39.175652],[2.965519,39.175629],[2.965513,39.175612],[2.965506,39.175602],[2.965505,39.175601],[2.965485,39.175571]],[[2.976286,39.169774],[2.976293,39.169776],[2.976298,39.169779],[2.976303,39.169783],[2.976307,39.169787],[2.976311,39.169794],[2.976323,39.16981],[2.976328,39.169814],[2.97634,39.169821],[2.976347,39.169824],[2.97636,39.169828],[2.976373,39.169831],[2.976386,39.169833],[2.9764,39.169834],[2.976413,39.169834],[2.976424,39.169832],[2.976427,39.169831],[2.976431,39.169828],[2.976436,39.169823],[2.976442,39.169814],[2.97646,39.169792],[2.976463,39.169791],[2.976468,39.169789],[2.976473,39.169789],[2.97648,39.169789],[2.97649,39.169791],[2.976507,39.169795],[2.976542,39.169802],[2.976562,39.169805],[2.976588,39.169807],[2.976607,39.169808],[2.976625,39.169808],[2.976641,39.169807],[2.97666,39.169805],[2.976665,39.169804],[2.976669,39.169802],[2.976671,39.169799],[2.976672,39.169796],[2.976672,39.169792],[2.976671,39.169784],[2.976669,39.169775],[2.976661,39.16974],[2.976662,39.169738],[2.976664,39.169734],[2.976668,39.169731],[2.976673,39.169727],[2.976693,39.169712],[2.976697,39.169708],[2.976701,39.169701],[2.976706,39.169692],[2.976717,39.169673],[2.976721,39.16967],[2.976726,39.169667],[2.976731,39.169665],[2.976739,39.169663],[2.976748,39.169661],[2.976765,39.16966],[2.976787,39.169658],[2.976881,39.169653],[2.97689,39.169651],[2.976915,39.169644],[2.976924,39.169641],[2.976935,39.169635],[2.976947,39.169629],[2.97696,39.16962],[2.976986,39.169604],[2.976993,39.1696],[2.977004,39.169597],[2.977048,39.16958],[2.977064,39.169573],[2.977085,39.169565],[2.977105,39.169558],[2.977128,39.169551],[2.977158,39.169544],[2.977178,39.169539],[2.977203,39.169535],[2.97722,39.169533],[2.977235,39.169532],[2.977252,39.169533],[2.977271,39.169534],[2.977289,39.169536],[2.977313,39.16954],[2.977346,39.169546],[2.977428,39.16956],[2.977441,39.169561],[2.977477,39.169564],[2.977561,39.169569],[2.97758,39.169569],[2.977673,39.16957],[2.977685,39.169569],[2.977798,39.169559],[2.977814,39.169556],[2.977838,39.169552],[2.977892,39.16954],[2.977943,39.169529],[2.977958,39.169524],[2.977968,39.16952],[2.977979,39.169514],[2.977992,39.169507],[2.978,39.1695],[2.978004,39.169496],[2.978009,39.16949],[2.978014,39.169481],[2.978021,39.169464],[2.978027,39.169448],[2.978036,39.169428],[2.978041,39.169421],[2.978049,39.169411],[2.978056,39.169403],[2.978065,39.169396],[2.978077,39.169387],[2.978096,39.169375],[2.978108,39.169365],[2.978116,39.169358],[2.978125,39.169347],[2.978134,39.169336],[2.978137,39.16933],[2.978139,39.169325],[2.978139,39.16932],[2.978137,39.169316],[2.978135,39.169312],[2.978131,39.169307],[2.978124,39.169302],[2.978118,39.169298],[2.978108,39.169293],[2.978103,39.169292],[2.978094,39.169288],[2.978069,39.169279],[2.978056,39.169276],[2.978038,39.169269],[2.978028,39.169265],[2.978009,39.169256],[2.978004,39.169252],[2.977998,39.169246],[2.977986,39.169233],[2.977975,39.169219],[2.977968,39.169208],[2.977942,39.169172],[2.977937,39.169167],[2.977925,39.169156],[2.977915,39.169148],[2.9779,39.169139],[2.977886,39.169132],[2.977866,39.169121],[2.977778,39.169078],[2.977685,39.169032],[2.977669,39.169025],[2.977586,39.168989],[2.977571,39.168982],[2.977493,39.168944],[2.977475,39.168936],[2.977451,39.168925],[2.977438,39.168903],[2.977423,39.168853],[2.977413,39.168844],[2.977407,39.168836],[2.977403,39.168772],[2.977406,39.168744],[2.977415,39.168727],[2.977426,39.16871],[2.977436,39.168696],[2.977446,39.168684],[2.977463,39.168666],[2.977482,39.168647],[2.977517,39.168615],[2.977531,39.168604],[2.97755,39.168589],[2.977577,39.16857],[2.977606,39.168552],[2.977631,39.168537],[2.977734,39.168476],[2.977745,39.168471],[2.977785,39.168452],[2.977792,39.168448],[2.97781,39.168435],[2.977861,39.168397],[2.977875,39.168385],[2.977916,39.168352],[2.977931,39.168341],[2.977962,39.168321],[2.978038,39.168271],[2.978081,39.168242],[2.978089,39.168235],[2.978121,39.16821],[2.978134,39.168201],[2.978155,39.168188],[2.97817,39.168179],[2.978225,39.168148],[2.978234,39.168141],[2.978258,39.168124],[2.978271,39.168112],[2.978287,39.168098],[2.978305,39.168079],[2.978314,39.168067],[2.978327,39.16805],[2.978368,39.167996],[2.978375,39.167989],[2.978387,39.167979],[2.978398,39.16797],[2.978414,39.167959],[2.978453,39.167933],[2.97846,39.167927],[2.978475,39.167911],[2.978482,39.167902],[2.97849,39.167889],[2.978501,39.167872],[2.978512,39.16785],[2.97852,39.167835],[2.978522,39.167826],[2.978524,39.167817],[2.978524,39.167807],[2.978524,39.167786],[2.978524,39.167751],[2.978526,39.167736],[2.978529,39.16771],[2.978533,39.167672],[2.978537,39.167644],[2.978543,39.167614],[2.978549,39.16759],[2.978557,39.167562],[2.978566,39.167525],[2.978568,39.167511],[2.978571,39.167488],[2.978572,39.167463],[2.978573,39.16742],[2.978573,39.167391],[2.978571,39.167383],[2.978568,39.167372],[2.97856,39.167347],[2.978555,39.167328],[2.978551,39.167308],[2.978535,39.167239],[2.978529,39.167215],[2.978524,39.167192],[2.978521,39.167177],[2.978518,39.167141],[2.978516,39.167131],[2.978513,39.167113],[2.97851,39.1671],[2.9785,39.167064],[2.978498,39.167063],[2.978495,39.167061],[2.97849,39.16706],[2.978484,39.167059],[2.978471,39.167059],[2.978448,39.167058],[2.978438,39.167057],[2.978431,39.167056],[2.978403,39.167053],[2.97838,39.167049],[2.978355,39.167043],[2.978337,39.167038],[2.978324,39.167034],[2.97831,39.167028],[2.978298,39.167021],[2.978285,39.167013],[2.978273,39.167004],[2.978262,39.166995],[2.978253,39.166985],[2.978246,39.166976],[2.978239,39.166966],[2.978231,39.166951],[2.978223,39.166932],[2.978204,39.166895],[2.978198,39.166885],[2.97819,39.166875],[2.978182,39.166866],[2.978149,39.166829],[2.978146,39.166823],[2.978137,39.166808],[2.978129,39.16679],[2.978124,39.166777],[2.978119,39.166758],[2.97811,39.166731],[2.978105,39.166722],[2.978099,39.166712],[2.978094,39.166706],[2.978087,39.1667],[2.978081,39.166695],[2.978074,39.166692],[2.978063,39.166687],[2.978026,39.166671],[2.978022,39.166669],[2.97802,39.166667],[2.978017,39.166663],[2.978011,39.166656],[2.977979,39.166613],[2.977979,39.16661],[2.977977,39.166606],[2.977971,39.166593],[2.977969,39.166584],[2.977964,39.166574],[2.977962,39.166571],[2.977958,39.166569],[2.97795,39.166564],[2.977931,39.166554],[2.977915,39.166546],[2.977906,39.166543],[2.977891,39.166539],[2.977874,39.166533],[2.977859,39.166527],[2.977844,39.166519],[2.977842,39.166518],[2.977815,39.166517],[2.977813,39.166515],[2.977804,39.166506],[2.977798,39.166502],[2.977793,39.166501],[2.977789,39.1665],[2.977784,39.1665],[2.977777,39.166502],[2.977769,39.166505],[2.977745,39.166513],[2.977739,39.166514],[2.977731,39.166514],[2.977722,39.166513],[2.977708,39.16651],[2.977685,39.166506],[2.977662,39.1665],[2.977638,39.166493],[2.97762,39.166486],[2.977615,39.166484],[2.97761,39.166479],[2.977588,39.166463],[2.977582,39.16646],[2.977566,39.166452],[2.97754,39.166439],[2.977527,39.166431],[2.977516,39.166424],[2.977507,39.166416],[2.977506,39.166414],[2.977506,39.166414],[2.977394,39.166385],[2.977391,39.166383],[2.977377,39.166376],[2.977363,39.16637],[2.977345,39.166364],[2.977317,39.166354],[2.977274,39.166341],[2.977259,39.166338],[2.977247,39.166336],[2.97723,39.166335],[2.977216,39.166334],[2.977194,39.166335],[2.977145,39.166337],[2.977051,39.16634],[2.976966,39.166342],[2.976915,39.166342],[2.976867,39.166344],[2.976845,39.166345],[2.976823,39.166348],[2.976802,39.166351],[2.976777,39.166356],[2.976749,39.166363],[2.97669,39.166375],[2.97667,39.166379],[2.976616,39.166389],[2.976602,39.166393],[2.976581,39.166399],[2.976445,39.166441],[2.976399,39.166454],[2.976393,39.166455],[2.976381,39.166455],[2.976368,39.166455],[2.976353,39.166453],[2.976333,39.16645],[2.976315,39.166449],[2.976307,39.166449],[2.976295,39.166451],[2.976277,39.166454],[2.976251,39.166458],[2.976239,39.166459],[2.976218,39.16646],[2.976185,39.166462],[2.976173,39.166463],[2.976152,39.166467],[2.976136,39.166471],[2.976109,39.166479],[2.975911,39.166535],[2.975872,39.166545],[2.975859,39.166547],[2.975794,39.166559],[2.97578,39.166563],[2.97575,39.166571],[2.975709,39.166582],[2.975694,39.166585],[2.975647,39.166595],[2.975594,39.166607],[2.975496,39.16663],[2.975483,39.166634],[2.975473,39.166638],[2.97546,39.166644],[2.975414,39.166666],[2.975412,39.166667],[2.975405,39.16667],[2.975355,39.166687],[2.975328,39.166698],[2.97532,39.166702],[2.975308,39.166709],[2.975298,39.166716],[2.975283,39.166728],[2.97526,39.166749],[2.97525,39.166759],[2.975242,39.166769],[2.975238,39.166776],[2.975233,39.166786],[2.975224,39.166803],[2.975216,39.166809],[2.975208,39.166813],[2.975199,39.166817],[2.975191,39.166819],[2.975184,39.16682],[2.975179,39.16682],[2.975172,39.166819],[2.975163,39.166819],[2.975158,39.166819],[2.975152,39.166821],[2.975145,39.166825],[2.975137,39.16683],[2.975128,39.166837],[2.975113,39.166849],[2.975105,39.166857],[2.975098,39.166866],[2.975092,39.166876],[2.975079,39.166892],[2.975076,39.166894],[2.97507,39.166896],[2.975065,39.166896],[2.975055,39.166895],[2.975046,39.166896],[2.975041,39.166897],[2.975036,39.166899],[2.975031,39.166902],[2.975023,39.166909],[2.975015,39.166917],[2.975008,39.166926],[2.975004,39.166933],[2.975,39.166942],[2.974986,39.166971],[2.974982,39.166975],[2.974971,39.166987],[2.974948,39.167012],[2.974946,39.167017],[2.974931,39.167041],[2.974928,39.167044],[2.974923,39.167047],[2.974917,39.16705],[2.974911,39.167052],[2.974905,39.167053],[2.9749,39.167052],[2.974894,39.167051],[2.974868,39.167046],[2.974863,39.167046],[2.97485,39.167048],[2.974835,39.16705],[2.974827,39.167052],[2.974822,39.167055],[2.974817,39.167058],[2.974814,39.167062],[2.974809,39.167069],[2.974804,39.167078],[2.974786,39.167107],[2.974782,39.167113],[2.974772,39.167122],[2.974741,39.167154],[2.974729,39.167167],[2.974701,39.167198],[2.974693,39.167205],[2.974684,39.167212],[2.97467,39.16722],[2.974655,39.167231],[2.974647,39.167238],[2.974638,39.167247],[2.974626,39.167262],[2.974621,39.167268],[2.974618,39.167275],[2.974616,39.167282],[2.974616,39.16729],[2.974616,39.167304],[2.974615,39.167338],[2.974614,39.167346],[2.97461,39.16736],[2.974605,39.167373],[2.974598,39.16739],[2.974589,39.167412],[2.974586,39.167425],[2.974584,39.167441],[2.974583,39.167458],[2.974579,39.167505],[2.974577,39.16751],[2.97457,39.167524],[2.974558,39.167546],[2.97455,39.167564],[2.974542,39.167582],[2.974529,39.167613],[2.974523,39.167623],[2.974513,39.167637],[2.974496,39.167665],[2.974493,39.167671],[2.974489,39.167684],[2.974485,39.167699],[2.974475,39.167739],[2.974465,39.16778],[2.974464,39.167789],[2.974464,39.167801],[2.974465,39.16781],[2.974468,39.167819],[2.974472,39.167831],[2.974482,39.167859],[2.974482,39.167865],[2.974482,39.167875],[2.97448,39.167887],[2.974477,39.167903],[2.974458,39.168],[2.974458,39.168006],[2.974459,39.16802],[2.974463,39.168033],[2.974466,39.168042],[2.974477,39.168067],[2.974484,39.168087],[2.974488,39.1681],[2.974489,39.168112],[2.97449,39.168124],[2.974489,39.168141],[2.974487,39.168156],[2.974483,39.168174],[2.974472,39.168227],[2.974466,39.168238],[2.974444,39.168287],[2.974435,39.168309],[2.974426,39.168328],[2.974416,39.168347],[2.974403,39.168374],[2.974395,39.168393],[2.974391,39.168404],[2.974388,39.168417],[2.974388,39.168427],[2.974388,39.168439],[2.974389,39.168451],[2.974392,39.168465],[2.974397,39.168481],[2.974403,39.168497],[2.974409,39.168512],[2.974417,39.168525],[2.974419,39.168532],[2.97442,39.168537],[2.974418,39.168542],[2.974416,39.168547],[2.97441,39.168557],[2.974391,39.168591],[2.974388,39.168599],[2.974382,39.168617],[2.974379,39.168635],[2.974377,39.168651],[2.974376,39.16867],[2.974376,39.168685],[2.974378,39.168696],[2.97438,39.168706],[2.974384,39.168716],[2.97439,39.168727],[2.974403,39.168748],[2.974414,39.168763],[2.974437,39.168794],[2.974449,39.168808],[2.974458,39.168817],[2.974473,39.16883],[2.974481,39.168838],[2.974485,39.168844],[2.974488,39.16885],[2.97449,39.168858],[2.974491,39.168865],[2.974491,39.168876],[2.974493,39.168922],[2.974494,39.168928],[2.974497,39.168936],[2.974502,39.168945],[2.974509,39.168955],[2.974518,39.168966],[2.974576,39.169038],[2.974583,39.169044],[2.974594,39.169053],[2.974604,39.169059],[2.974619,39.169067],[2.974635,39.169074],[2.974684,39.169096],[2.974726,39.169116],[2.974731,39.169119],[2.974738,39.169127],[2.974742,39.169132],[2.974745,39.169138],[2.974747,39.169144],[2.974749,39.169152],[2.974749,39.169161],[2.974748,39.169173],[2.974746,39.169185],[2.974742,39.1692],[2.974737,39.169213],[2.974733,39.169222],[2.974726,39.169233],[2.974717,39.169244],[2.974686,39.169282],[2.974678,39.169295],[2.974675,39.1693],[2.974673,39.169308],[2.974672,39.169315],[2.974673,39.169324],[2.974675,39.169335],[2.97468,39.169356],[2.974685,39.16937],[2.97469,39.169386],[2.974691,39.169395],[2.974695,39.169414],[2.974697,39.169417],[2.974702,39.169422],[2.974709,39.169427],[2.974717,39.169433],[2.974737,39.169444],[2.974796,39.169476],[2.974797,39.169477],[2.974812,39.169485],[2.97486,39.169509],[2.974903,39.16953],[2.974957,39.169555],[2.975011,39.169581],[2.975043,39.169597],[2.97507,39.169609],[2.975091,39.169618],[2.975117,39.169628],[2.975146,39.169638],[2.975239,39.169671],[2.975267,39.169682],[2.975354,39.169715],[2.975364,39.169717],[2.975389,39.169723],[2.975411,39.169727],[2.975427,39.169729],[2.975445,39.16973],[2.975461,39.16973],[2.975481,39.169729],[2.975501,39.169727],[2.975522,39.169724],[2.975555,39.169718],[2.975593,39.16971],[2.975643,39.169702],[2.97567,39.169698],[2.975728,39.169691],[2.975738,39.169691],[2.975754,39.169691],[2.975766,39.169693],[2.975778,39.169695],[2.97579,39.169699],[2.97581,39.169705],[2.975878,39.169727],[2.975887,39.169729],[2.975907,39.169732],[2.97593,39.169735],[2.975974,39.169741],[2.976008,39.169747],[2.976048,39.169752],[2.976082,39.169756],[2.976184,39.169769],[2.976225,39.169773],[2.976237,39.169774],[2.976254,39.169773],[2.976279,39.169773],[2.976286,39.169774]],[[2.95027,39.164668],[2.950295,39.164674],[2.950309,39.164679],[2.950334,39.164691],[2.950363,39.164706],[2.950409,39.164733],[2.950425,39.164744],[2.950463,39.164774],[2.950574,39.164866],[2.950587,39.164879],[2.950606,39.164902],[2.950622,39.164925],[2.95065,39.164967],[2.950659,39.164985],[2.950671,39.165014],[2.950678,39.165037],[2.950699,39.165115],[2.9507,39.165125],[2.950703,39.16515],[2.950708,39.165173],[2.950718,39.165224],[2.950718,39.165231],[2.95072,39.165252],[2.950719,39.165261],[2.950715,39.165273],[2.950712,39.165277],[2.950707,39.165288],[2.950697,39.16531],[2.950695,39.165321],[2.950685,39.165359],[2.950684,39.165363],[2.950679,39.165372],[2.950679,39.165372],[2.95067,39.165385],[2.950645,39.165424],[2.950644,39.16543],[2.950638,39.165452],[2.950635,39.165457],[2.950626,39.165464],[2.950616,39.165471],[2.950598,39.16548],[2.950576,39.165494],[2.950572,39.165499],[2.950569,39.165506],[2.950567,39.165516],[2.950567,39.165525],[2.950571,39.165537],[2.950577,39.165552],[2.950606,39.165611],[2.950613,39.16562],[2.950626,39.165633],[2.950639,39.165644],[2.950652,39.165651],[2.950665,39.165657],[2.950684,39.165663],[2.950701,39.165666],[2.950724,39.165668],[2.950795,39.165674],[2.950823,39.165674],[2.95095,39.165674],[2.951007,39.165672],[2.951039,39.165669],[2.951054,39.165666],[2.951075,39.16566],[2.951098,39.165651],[2.951118,39.16564],[2.951132,39.165631],[2.951146,39.16562],[2.951162,39.165603],[2.95117,39.165592],[2.951173,39.165585],[2.951174,39.165576],[2.951173,39.165562],[2.951169,39.165544],[2.951161,39.165518],[2.951147,39.165481],[2.951133,39.165439],[2.951133,39.165432],[2.951136,39.165422],[2.95114,39.165415],[2.951147,39.165408],[2.951156,39.165402],[2.951169,39.165396],[2.951187,39.165389],[2.951213,39.165382],[2.951236,39.165377],[2.95125,39.165376],[2.951264,39.165377],[2.95127,39.165379],[2.951273,39.165383],[2.951275,39.165387],[2.951276,39.165394],[2.951274,39.165405],[2.951269,39.165444],[2.95127,39.165451],[2.951277,39.165471],[2.951295,39.165512],[2.951302,39.165531],[2.951312,39.165546],[2.951326,39.165554],[2.951334,39.165559],[2.951339,39.165559],[2.95135,39.165558],[2.951373,39.165553],[2.951392,39.16555],[2.951411,39.165542],[2.951465,39.165519],[2.951474,39.165517],[2.951501,39.165515],[2.951555,39.165507],[2.95158,39.165502],[2.951617,39.165493],[2.951636,39.165486],[2.951727,39.165451],[2.951751,39.16544],[2.951798,39.165416],[2.951821,39.165402],[2.951843,39.165386],[2.951853,39.165376],[2.95186,39.165366],[2.951866,39.165354],[2.951884,39.165325],[2.951894,39.165312],[2.951918,39.165287],[2.95195,39.16525],[2.951983,39.165208],[2.95199,39.165196],[2.951994,39.165184],[2.951998,39.165164],[2.952004,39.165147],[2.952008,39.165129],[2.952007,39.165122],[2.952001,39.165098],[2.951998,39.165092],[2.951977,39.165055],[2.951977,39.165054],[2.951977,39.165051],[2.95198,39.165038],[2.951984,39.165032],[2.951989,39.165028],[2.951995,39.165027],[2.952003,39.165026],[2.952014,39.165028],[2.952028,39.165032],[2.952038,39.165037],[2.952046,39.165043],[2.952052,39.165049],[2.952054,39.165055],[2.952054,39.165063],[2.952052,39.165076],[2.952046,39.165096],[2.952045,39.16511],[2.952046,39.165118],[2.95205,39.165123],[2.952054,39.165125],[2.95206,39.165125],[2.952068,39.165124],[2.952078,39.16512],[2.952091,39.165113],[2.952132,39.165095],[2.952146,39.165091],[2.952154,39.165091],[2.952162,39.165092],[2.952169,39.165095],[2.952175,39.1651],[2.952181,39.165108],[2.952206,39.165136],[2.952212,39.16514],[2.952236,39.165152],[2.952245,39.165154],[2.952255,39.165155],[2.952276,39.165155],[2.95234,39.165152],[2.952351,39.16515],[2.952369,39.165144],[2.952395,39.165134],[2.952406,39.165127],[2.952413,39.16512],[2.952416,39.165115],[2.952417,39.165108],[2.952416,39.165101],[2.952412,39.165093],[2.952404,39.165082],[2.95239,39.165067],[2.952377,39.165055],[2.952364,39.165047],[2.952347,39.165038],[2.952273,39.164998],[2.95227,39.164994],[2.952266,39.164986],[2.952264,39.164976],[2.952263,39.164958],[2.952266,39.164956],[2.95227,39.164955],[2.952275,39.164957],[2.952283,39.164961],[2.952297,39.16497],[2.952327,39.164987],[2.952334,39.164989],[2.952365,39.164994],[2.95238,39.164995],[2.952399,39.164994],[2.952419,39.164991],[2.952437,39.164987],[2.952458,39.16498],[2.952466,39.164975],[2.952475,39.164967],[2.952487,39.164961],[2.952492,39.164961],[2.952505,39.164963],[2.952526,39.164968],[2.952566,39.164975],[2.952572,39.164975],[2.952587,39.164971],[2.952607,39.164965],[2.952623,39.164962],[2.952631,39.164962],[2.952636,39.164964],[2.95264,39.164968],[2.952644,39.164975],[2.952654,39.164986],[2.95266,39.164991],[2.952671,39.164996],[2.952683,39.164999],[2.952715,39.165011],[2.95273,39.165018],[2.952764,39.165037],[2.952767,39.16504],[2.952768,39.165048],[2.952769,39.165057],[2.952767,39.165086],[2.952763,39.165098],[2.952759,39.165103],[2.952753,39.165107],[2.952745,39.16511],[2.952734,39.165112],[2.952719,39.165113],[2.95268,39.165114],[2.952649,39.165116],[2.952639,39.165119],[2.952635,39.165122],[2.952632,39.165127],[2.952627,39.165138],[2.952617,39.165156],[2.9526,39.165192],[2.952601,39.165196],[2.952604,39.165196],[2.952613,39.1652],[2.952617,39.165204],[2.952619,39.165209],[2.952619,39.165213],[2.952615,39.165219],[2.952607,39.165229],[2.9526,39.16524],[2.9526,39.165244],[2.952603,39.165248],[2.952608,39.165252],[2.952618,39.165256],[2.952692,39.165286],[2.952707,39.16529],[2.95275,39.1653],[2.952788,39.165306],[2.9528,39.165307],[2.952813,39.165305],[2.952817,39.165303],[2.952833,39.165291],[2.952859,39.165275],[2.952934,39.165224],[2.953014,39.165169],[2.953025,39.165158],[2.953068,39.165122],[2.953093,39.165102],[2.953158,39.165051],[2.953172,39.165037],[2.953189,39.165018],[2.953196,39.165006],[2.953203,39.164991],[2.953217,39.164967],[2.953222,39.164961],[2.953236,39.164951],[2.953249,39.164944],[2.953283,39.164928],[2.953306,39.164919],[2.953321,39.164915],[2.953414,39.16489],[2.953433,39.164883],[2.95348,39.164864],[2.95355,39.164837],[2.95357,39.164831],[2.953605,39.164819],[2.953647,39.164803],[2.953698,39.164786],[2.953766,39.164764],[2.95379,39.164759],[2.953836,39.164746],[2.953838,39.164744],[2.953839,39.164738],[2.953838,39.164733],[2.953833,39.164726],[2.953826,39.164719],[2.953817,39.164712],[2.953806,39.164707],[2.953791,39.164703],[2.953746,39.164691],[2.953692,39.164679],[2.953665,39.164674],[2.953515,39.164653],[2.953475,39.164645],[2.953469,39.164642],[2.953459,39.164635],[2.953454,39.164629],[2.95345,39.164621],[2.953442,39.164608],[2.953436,39.164603],[2.953422,39.164595],[2.953412,39.164591],[2.9534,39.164588],[2.95335,39.164575],[2.953346,39.164572],[2.95334,39.164565],[2.953337,39.164558],[2.953336,39.164549],[2.953337,39.16454],[2.95334,39.164534],[2.953345,39.164517],[2.953345,39.164509],[2.953343,39.164497],[2.953339,39.164487],[2.953333,39.16448],[2.953325,39.164474],[2.953313,39.164467],[2.953293,39.164453],[2.95329,39.164449],[2.953288,39.164441],[2.953288,39.164434],[2.953291,39.164427],[2.953296,39.16442],[2.953305,39.164414],[2.953311,39.164412],[2.95332,39.164411],[2.953329,39.164412],[2.953338,39.164415],[2.953347,39.16442],[2.953362,39.16443],[2.95338,39.16444],[2.953389,39.164442],[2.953404,39.164445],[2.953423,39.164446],[2.95345,39.164446],[2.953484,39.164444],[2.953523,39.164439],[2.953696,39.164419],[2.953706,39.164416],[2.953716,39.16441],[2.953722,39.164406],[2.953726,39.164399],[2.953733,39.164385],[2.953742,39.164371],[2.953745,39.16437],[2.953751,39.16437],[2.953761,39.164371],[2.953783,39.164377],[2.95381,39.164386],[2.953877,39.164405],[2.95389,39.164407],[2.953911,39.164408],[2.953942,39.164408],[2.953973,39.164406],[2.953988,39.164403],[2.954009,39.164397],[2.954058,39.164384],[2.954125,39.164366],[2.954147,39.164358],[2.954176,39.164345],[2.954234,39.164318],[2.954303,39.164283],[2.95432,39.164271],[2.954345,39.164253],[2.954369,39.164234],[2.954377,39.164224],[2.954385,39.164212],[2.954391,39.164197],[2.954397,39.164178],[2.954401,39.16416],[2.954402,39.164141],[2.9544,39.164124],[2.954396,39.164108],[2.95439,39.164094],[2.954381,39.164077],[2.954371,39.164064],[2.954362,39.164056],[2.954353,39.164051],[2.954341,39.164047],[2.954327,39.164044],[2.954313,39.164042],[2.954296,39.164043],[2.954243,39.164046],[2.954198,39.164046],[2.954165,39.164045],[2.954157,39.164043],[2.954148,39.164038],[2.95414,39.164033],[2.954135,39.164025],[2.954131,39.164017],[2.954127,39.164001],[2.954128,39.163994],[2.954131,39.163985],[2.95414,39.163963],[2.954146,39.163957],[2.954164,39.163938],[2.954392,39.163779],[2.954423,39.163763],[2.954439,39.163754],[2.954456,39.163748],[2.95448,39.16374],[2.954522,39.16373],[2.954535,39.163728],[2.954556,39.163728],[2.954582,39.163729],[2.954593,39.163731],[2.954601,39.163735],[2.954615,39.163744],[2.954655,39.163766],[2.954668,39.163772],[2.954689,39.163777],[2.954697,39.163778],[2.954722,39.163778],[2.95478,39.163776],[2.954791,39.163774],[2.954804,39.163769],[2.954812,39.163764],[2.954817,39.163758],[2.954822,39.163749],[2.954836,39.16373],[2.954845,39.163721],[2.954855,39.163715],[2.954865,39.163711],[2.954878,39.163708],[2.954892,39.163706],[2.954913,39.163706],[2.954986,39.163707],[2.955011,39.163709],[2.955023,39.163711],[2.955039,39.163717],[2.955057,39.163725],[2.955073,39.163735],[2.955084,39.163744],[2.955098,39.163758],[2.95515,39.163812],[2.955159,39.163826],[2.955167,39.16384],[2.955175,39.163861],[2.955197,39.163908],[2.955204,39.163918],[2.955213,39.163934],[2.955214,39.163941],[2.95522,39.163963],[2.955225,39.163974],[2.955233,39.163985],[2.955244,39.163995],[2.955271,39.164025],[2.955272,39.16403],[2.955272,39.16404],[2.95527,39.164058],[2.955271,39.164072],[2.955275,39.164081],[2.95528,39.16409],[2.955288,39.164098],[2.955302,39.16411],[2.955321,39.164129],[2.955327,39.164138],[2.955334,39.164152],[2.955338,39.164166],[2.955359,39.164225],[2.955363,39.16423],[2.955371,39.164236],[2.955378,39.164239],[2.955387,39.16424],[2.955402,39.16424],[2.955426,39.164238],[2.955449,39.164234],[2.955472,39.164229],[2.955502,39.16422],[2.955524,39.164211],[2.955561,39.164194],[2.955581,39.164184],[2.955598,39.164172],[2.955849,39.163997],[2.955854,39.163991],[2.955859,39.163981],[2.95587,39.163965],[2.955902,39.163926],[2.956019,39.16379],[2.956033,39.163777],[2.956067,39.163742],[2.956075,39.163731],[2.956112,39.163674],[2.956131,39.163649],[2.956152,39.163625],[2.956207,39.163558],[2.956214,39.163546],[2.956223,39.163526],[2.956246,39.163479],[2.956254,39.16347],[2.956266,39.163457],[2.956289,39.163438],[2.956303,39.163429],[2.956318,39.163417],[2.956323,39.16341],[2.956345,39.163385],[2.956352,39.163379],[2.956358,39.163378],[2.956368,39.163377],[2.95638,39.163378],[2.956391,39.163381],[2.956409,39.163387],[2.95643,39.163397],[2.956439,39.163403],[2.956444,39.163409],[2.956448,39.163418],[2.956457,39.16343],[2.956464,39.163435],[2.956474,39.16344],[2.956491,39.163447],[2.956508,39.163452],[2.956522,39.163453],[2.95663,39.163468],[2.956639,39.163471],[2.956655,39.163479],[2.956665,39.163485],[2.956672,39.163493],[2.956702,39.163527],[2.956704,39.163532],[2.956703,39.163539],[2.956701,39.163548],[2.956697,39.163566],[2.956699,39.163573],[2.956703,39.163583],[2.956709,39.163592],[2.956719,39.163602],[2.956733,39.163614],[2.956764,39.163644],[2.956769,39.163651],[2.956778,39.163671],[2.956779,39.163677],[2.956778,39.16369],[2.956778,39.163707],[2.956782,39.163722],[2.956786,39.163731],[2.956792,39.163749],[2.956802,39.163772],[2.956806,39.163775],[2.956816,39.16378],[2.956827,39.163783],[2.956852,39.163789],[2.956889,39.163799],[2.956904,39.163805],[2.956921,39.163815],[2.956936,39.163825],[2.956949,39.163836],[2.956958,39.163847],[2.956984,39.163874],[2.957,39.163884],[2.957014,39.16389],[2.957038,39.163899],[2.957101,39.163926],[2.957116,39.163934],[2.957155,39.163957],[2.957165,39.163966],[2.957181,39.163982],[2.957187,39.163991],[2.957189,39.163998],[2.957189,39.164005],[2.957186,39.164014],[2.957176,39.164047],[2.957177,39.164053],[2.957182,39.164068],[2.957187,39.164078],[2.957193,39.164084],[2.9572,39.164088],[2.957208,39.16409],[2.957218,39.164091],[2.957228,39.16409],[2.957236,39.164088],[2.957242,39.164084],[2.957248,39.164077],[2.957253,39.164069],[2.95726,39.164052],[2.957266,39.164033],[2.957271,39.164008],[2.95727,39.164],[2.957266,39.163983],[2.957259,39.163967],[2.957238,39.163906],[2.957237,39.163896],[2.957237,39.163874],[2.957239,39.163854],[2.957247,39.16381],[2.957255,39.163777],[2.957264,39.163752],[2.95728,39.163697],[2.957295,39.163654],[2.9573,39.163648],[2.957311,39.163637],[2.957322,39.163629],[2.957332,39.163624],[2.957339,39.163622],[2.957344,39.163623],[2.957349,39.163626],[2.957355,39.163632],[2.957365,39.163646],[2.957387,39.163673],[2.957428,39.163718],[2.957441,39.163729],[2.957465,39.163748],[2.957483,39.163759],[2.957501,39.163768],[2.957521,39.163775],[2.957542,39.163785],[2.957549,39.163791],[2.957562,39.163804],[2.957578,39.163816],[2.957587,39.16382],[2.957603,39.163826],[2.957615,39.163828],[2.957628,39.163828],[2.957644,39.163827],[2.957658,39.163824],[2.957681,39.163815],[2.957688,39.163815],[2.957745,39.163816],[2.957761,39.163819],[2.957777,39.163823],[2.957788,39.163828],[2.957844,39.16385],[2.957857,39.163853],[2.957884,39.163862],[2.957938,39.163876],[2.957947,39.163877],[2.95797,39.163876],[2.958017,39.163873],[2.958046,39.16387],[2.958064,39.163869],[2.958075,39.163871],[2.958086,39.163875],[2.958098,39.163881],[2.958116,39.163892],[2.958148,39.163913],[2.958185,39.163935],[2.958194,39.163938],[2.958215,39.163943],[2.958241,39.163948],[2.958257,39.163949],[2.958385,39.163958],[2.958394,39.16396],[2.958412,39.163964],[2.958423,39.163964],[2.958442,39.163962],[2.95846,39.163958],[2.958488,39.16395],[2.95854,39.163938],[2.958616,39.163921],[2.958652,39.163915],[2.95868,39.163912],[2.958768,39.163902],[2.958806,39.163896],[2.958836,39.163889],[2.958871,39.163879],[2.958933,39.16386],[2.959028,39.163828],[2.959053,39.163817],[2.959116,39.163793],[2.95913,39.163789],[2.959186,39.163774],[2.959196,39.163769],[2.959228,39.163756],[2.959239,39.163754],[2.95929,39.163746],[2.959318,39.163743],[2.959352,39.163738],[2.959368,39.163734],[2.959402,39.163722],[2.95945,39.163709],[2.95948,39.163702],[2.959493,39.163701],[2.959501,39.163702],[2.95951,39.163706],[2.959522,39.163712],[2.959554,39.163732],[2.959588,39.163751],[2.95962,39.16377],[2.959629,39.163778],[2.959647,39.163798],[2.959651,39.163806],[2.959653,39.163813],[2.959652,39.16382],[2.959648,39.163829],[2.959642,39.16385],[2.959644,39.163853],[2.959649,39.163858],[2.959658,39.163865],[2.959668,39.163874],[2.959671,39.16388],[2.959672,39.163888],[2.959671,39.163901],[2.959668,39.163939],[2.959661,39.163993],[2.959642,39.164121],[2.959634,39.164156],[2.959626,39.164179],[2.959618,39.164198],[2.959611,39.164208],[2.959603,39.164216],[2.959593,39.164222],[2.959581,39.164227],[2.959569,39.16423],[2.959557,39.164231],[2.959542,39.164231],[2.959506,39.164232],[2.959499,39.164234],[2.959484,39.16424],[2.959472,39.164247],[2.959455,39.164259],[2.959445,39.164269],[2.959437,39.16428],[2.959413,39.164309],[2.959409,39.164311],[2.959396,39.164314],[2.959384,39.164314],[2.95937,39.164313],[2.959351,39.16431],[2.959318,39.164303],[2.959289,39.164298],[2.959276,39.164298],[2.959261,39.1643],[2.959242,39.164304],[2.959212,39.164312],[2.959188,39.16432],[2.959175,39.164327],[2.95917,39.164332],[2.959163,39.16434],[2.95916,39.164348],[2.959159,39.164356],[2.95916,39.164372],[2.959163,39.164393],[2.959168,39.164409],[2.959178,39.164445],[2.959176,39.164448],[2.95917,39.164452],[2.959162,39.164455],[2.959152,39.164457],[2.959139,39.164457],[2.9591,39.16446],[2.959086,39.164463],[2.959061,39.164466],[2.959049,39.164465],[2.95904,39.164463],[2.959032,39.164459],[2.959022,39.164452],[2.958992,39.164434],[2.958987,39.164433],[2.958978,39.164433],[2.958969,39.164436],[2.95896,39.16444],[2.95895,39.164447],[2.958936,39.164459],[2.958888,39.164498],[2.958833,39.164546],[2.958829,39.164552],[2.958826,39.164562],[2.958826,39.164572],[2.958827,39.164586],[2.958831,39.164598],[2.958835,39.164603],[2.958841,39.164608],[2.95885,39.164612],[2.958867,39.164618],[2.958884,39.164621],[2.958926,39.164632],[2.958935,39.164636],[2.958948,39.164644],[2.958976,39.16466],[2.958986,39.164664],[2.9591,39.164703],[2.959123,39.164713],[2.959225,39.164759],[2.959232,39.164764],[2.959243,39.164776],[2.959251,39.164786],[2.959264,39.164807],[2.959275,39.164821],[2.959284,39.164829],[2.959298,39.164838],[2.95932,39.164855],[2.959338,39.164872],[2.959349,39.164885],[2.959364,39.164906],[2.959378,39.164929],[2.959387,39.16495],[2.959405,39.164982],[2.959417,39.164999],[2.959431,39.165015],[2.959452,39.165042],[2.959459,39.165055],[2.959463,39.165068],[2.959464,39.165076],[2.959462,39.165088],[2.959458,39.1651],[2.959449,39.165119],[2.959435,39.165152],[2.959429,39.165175],[2.959421,39.16521],[2.95942,39.165225],[2.959421,39.165237],[2.959426,39.165255],[2.959432,39.165269],[2.959438,39.165276],[2.959444,39.165281],[2.959453,39.165285],[2.959464,39.165288],[2.959475,39.165288],[2.959487,39.165287],[2.959497,39.165284],[2.959513,39.165278],[2.959533,39.165272],[2.959604,39.165248],[2.959617,39.165242],[2.95968,39.165209],[2.959692,39.165201],[2.959704,39.16519],[2.95972,39.165173],[2.95977,39.165115],[2.959782,39.165098],[2.959827,39.165038],[2.959836,39.16503],[2.959854,39.165017],[2.959875,39.165004],[2.959911,39.164984],[2.95994,39.16497],[2.960045,39.164922],[2.960131,39.164881],[2.960151,39.164869],[2.960179,39.16485],[2.960222,39.164819],[2.960241,39.164802],[2.960258,39.164785],[2.96032,39.164718],[2.960394,39.164636],[2.960414,39.16461],[2.960422,39.164596],[2.960461,39.164532],[2.96047,39.164523],[2.960504,39.164483],[2.960516,39.164466],[2.960546,39.164417],[2.960551,39.164405],[2.960568,39.164368],[2.960578,39.164352],[2.960607,39.16431],[2.96065,39.164252],[2.960717,39.164164],[2.960776,39.164084],[2.96078,39.164074],[2.960787,39.164054],[2.960788,39.164043],[2.960789,39.164008],[2.960788,39.163945],[2.960785,39.163914],[2.960775,39.163815],[2.960771,39.163803],[2.960759,39.163771],[2.960752,39.163759],[2.960739,39.163741],[2.960703,39.163696],[2.960689,39.163682],[2.960674,39.163664],[2.960664,39.163648],[2.960653,39.163628],[2.960646,39.163609],[2.960626,39.163553],[2.96062,39.163529],[2.960616,39.163502],[2.960614,39.163472],[2.960601,39.163278],[2.960602,39.163257],[2.960605,39.163245],[2.96061,39.163234],[2.960617,39.163225],[2.960625,39.163218],[2.960635,39.163212],[2.960647,39.163207],[2.960662,39.163203],[2.96068,39.1632],[2.960706,39.163198],[2.960796,39.163189],[2.960806,39.163186],[2.960827,39.163178],[2.960879,39.163156],[2.960913,39.163144],[2.960924,39.163142],[2.960942,39.16314],[2.96095,39.163142],[2.960961,39.163145],[2.960982,39.163154],[2.961014,39.163166],[2.96102,39.163165],[2.961031,39.163164],[2.961039,39.16316],[2.961044,39.163156],[2.961048,39.16315],[2.96105,39.163143],[2.961051,39.163133],[2.961049,39.163122],[2.961047,39.163096],[2.961049,39.16309],[2.961055,39.16308],[2.961061,39.163074],[2.96107,39.163068],[2.961083,39.163062],[2.961098,39.163057],[2.961119,39.163053],[2.961155,39.163042],[2.961161,39.163039],[2.961171,39.163031],[2.961211,39.163],[2.961222,39.162995],[2.961237,39.162984],[2.961246,39.162976],[2.961252,39.162967],[2.961258,39.162955],[2.96128,39.162915],[2.961291,39.1629],[2.961307,39.162881],[2.961321,39.162869],[2.961337,39.162857],[2.961353,39.162848],[2.961369,39.162841],[2.961402,39.162829],[2.961472,39.162801],[2.961487,39.162793],[2.9615,39.162784],[2.961521,39.162767],[2.961548,39.162747],[2.961575,39.16273],[2.96162,39.1627],[2.961626,39.162693],[2.961642,39.162671],[2.961654,39.162653],[2.961669,39.162633],[2.961679,39.162623],[2.961694,39.162612],[2.961704,39.162607],[2.961716,39.162603],[2.961728,39.162601],[2.961739,39.162602],[2.961754,39.162604],[2.961776,39.162609],[2.961814,39.162617],[2.961823,39.162617],[2.961832,39.162614],[2.961838,39.162611],[2.961843,39.162605],[2.961848,39.162598],[2.96185,39.162588],[2.961854,39.162569],[2.961858,39.162556],[2.961863,39.16255],[2.96187,39.162544],[2.961879,39.16254],[2.961891,39.162536],[2.961907,39.162533],[2.961923,39.162532],[2.961949,39.162532],[2.96198,39.162534],[2.962002,39.162538],[2.962077,39.162558],[2.962109,39.162572],[2.962124,39.162578],[2.962179,39.162601],[2.962227,39.162623],[2.962252,39.162636],[2.96229,39.162655],[2.962307,39.162661],[2.962383,39.162686],[2.962392,39.162687],[2.962406,39.162686],[2.962419,39.162684],[2.962429,39.16268],[2.962437,39.162675],[2.962443,39.162668],[2.96245,39.162659],[2.962456,39.162644],[2.962489,39.162581],[2.962495,39.162574],[2.962507,39.162564],[2.962517,39.162559],[2.962534,39.162551],[2.962608,39.162518],[2.962618,39.162511],[2.962636,39.162497],[2.96265,39.162483],[2.962661,39.162469],[2.962667,39.162458],[2.962671,39.162446],[2.96269,39.162393],[2.962697,39.162381],[2.962707,39.162368],[2.962718,39.162359],[2.962752,39.162324],[2.962766,39.162306],[2.962774,39.162293],[2.962815,39.162231],[2.962825,39.162221],[2.962849,39.162197],[2.962889,39.162162],[2.962904,39.162152],[2.962941,39.162128],[2.963008,39.162088],[2.963046,39.162065],[2.963085,39.162049],[2.963099,39.162044],[2.963145,39.162031],[2.963168,39.162026],[2.963216,39.162018],[2.963338,39.161996],[2.963348,39.161992],[2.963414,39.161966],[2.963464,39.161948],[2.963474,39.161947],[2.963501,39.161944],[2.963582,39.161936],[2.963595,39.161933],[2.96361,39.161927],[2.963655,39.161912],[2.963675,39.161907],[2.963694,39.161904],[2.963709,39.161904],[2.963728,39.161906],[2.963752,39.16191],[2.96378,39.161916],[2.963831,39.161926],[2.96384,39.161926],[2.963857,39.161924],[2.963876,39.16192],[2.963908,39.161911],[2.963956,39.161899],[2.963964,39.161899],[2.963976,39.161901],[2.963985,39.161904],[2.963997,39.161911],[2.964013,39.161921],[2.964029,39.161935],[2.96407,39.161966],[2.964076,39.161968],[2.964088,39.16197],[2.964097,39.16197],[2.964107,39.161967],[2.964116,39.161963],[2.964126,39.161957],[2.964137,39.161948],[2.964145,39.161938],[2.964152,39.161926],[2.964158,39.161911],[2.96416,39.1619],[2.964161,39.161884],[2.964165,39.161843],[2.964168,39.161836],[2.964178,39.161819],[2.964191,39.161799],[2.964203,39.161787],[2.964217,39.161775],[2.96423,39.161767],[2.964241,39.161762],[2.964254,39.161759],[2.964271,39.161756],[2.964287,39.161756],[2.964304,39.161758],[2.964383,39.161763],[2.964402,39.161762],[2.964429,39.161759],[2.964437,39.161757],[2.964446,39.161752],[2.964507,39.161715],[2.964522,39.161704],[2.96455,39.161685],[2.96456,39.161681],[2.964577,39.161677],[2.964595,39.161674],[2.964616,39.161672],[2.964637,39.161672],[2.964656,39.161674],[2.964678,39.161678],[2.964709,39.161686],[2.964738,39.161691],[2.96476,39.161693],[2.964803,39.161699],[2.964811,39.161702],[2.964837,39.161714],[2.96485,39.161722],[2.964857,39.161728],[2.964861,39.161735],[2.964865,39.161746],[2.964868,39.16176],[2.964869,39.161781],[2.964873,39.1618],[2.964877,39.16181],[2.964886,39.161824],[2.964897,39.161838],[2.964908,39.161848],[2.964918,39.161854],[2.964933,39.161861],[2.96496,39.161876],[2.964965,39.161882],[2.964969,39.16189],[2.96497,39.161897],[2.964969,39.161906],[2.964966,39.161917],[2.964958,39.161934],[2.964926,39.161999],[2.96491,39.162037],[2.964901,39.162063],[2.964896,39.162086],[2.964896,39.162101],[2.964897,39.162116],[2.964901,39.16213],[2.964906,39.162139],[2.964912,39.162146],[2.96492,39.162153],[2.96493,39.162157],[2.96494,39.16216],[2.964953,39.162161],[2.964969,39.162161],[2.964992,39.162158],[2.96501,39.162155],[2.965023,39.16215],[2.965032,39.162145],[2.965043,39.162137],[2.965059,39.162122],[2.965067,39.162111],[2.965074,39.162099],[2.965095,39.162057],[2.96516,39.162013],[2.965166,39.162012],[2.965199,39.162001],[2.965229,39.161984],[2.965244,39.161975],[2.965259,39.161969],[2.965275,39.161963],[2.965279,39.161962],[2.965302,39.161957],[2.965332,39.161951],[2.9654,39.161937],[2.965416,39.161932],[2.965447,39.16192],[2.965451,39.161917],[2.96546,39.161906],[2.965465,39.161895],[2.965471,39.161879],[2.965473,39.161866],[2.965482,39.161803],[2.965482,39.161787],[2.96548,39.161743],[2.965478,39.161672],[2.96548,39.161654],[2.965483,39.161646],[2.965488,39.16164],[2.965495,39.161635],[2.965502,39.161633],[2.965511,39.161632],[2.965545,39.16163],[2.965572,39.16163],[2.965598,39.161632],[2.965614,39.161635],[2.965673,39.161648],[2.965732,39.161659],[2.965812,39.161673],[2.965827,39.161673],[2.96585,39.161676],[2.965859,39.161679],[2.96587,39.161684],[2.965878,39.161691],[2.965888,39.161701],[2.965899,39.161716],[2.965939,39.161766],[2.965949,39.161775],[2.965967,39.161788],[2.965981,39.161796],[2.966,39.161805],[2.966055,39.161831],[2.966069,39.16184],[2.966081,39.16185],[2.96609,39.16186],[2.966097,39.161871],[2.9661,39.161881],[2.966102,39.161892],[2.966101,39.161907],[2.966098,39.161922],[2.966095,39.161951],[2.966097,39.161957],[2.966103,39.161969],[2.96611,39.161978],[2.96612,39.161989],[2.96614,39.162011],[2.966139,39.162014],[2.966136,39.162019],[2.96613,39.162025],[2.966119,39.162033],[2.966103,39.162041],[2.96607,39.162062],[2.966067,39.162065],[2.966062,39.162079],[2.966059,39.162091],[2.966059,39.162101],[2.966062,39.162111],[2.966067,39.162116],[2.966071,39.162118],[2.966078,39.16212],[2.966088,39.16212],[2.966097,39.162118],[2.966105,39.162115],[2.966114,39.162108],[2.966136,39.162096],[2.96614,39.162096],[2.966148,39.162097],[2.966156,39.162101],[2.966165,39.162107],[2.966172,39.162114],[2.966178,39.162123],[2.966184,39.162135],[2.966187,39.162148],[2.966199,39.162203],[2.966208,39.162259],[2.966215,39.162282],[2.966219,39.162289],[2.966228,39.162299],[2.96624,39.16231],[2.966254,39.162319],[2.96629,39.162345],[2.966339,39.162379],[2.966346,39.162381],[2.966357,39.162382],[2.966368,39.162382],[2.966386,39.162379],[2.966437,39.162373],[2.966508,39.162363],[2.96654,39.162357],[2.966556,39.162355],[2.966587,39.162355],[2.966719,39.162349],[2.966777,39.162349],[2.966799,39.162351],[2.966838,39.162355],[2.96684,39.162357],[2.966846,39.162365],[2.966875,39.162402],[2.966885,39.162411],[2.966898,39.16242],[2.96691,39.16243],[2.966915,39.162437],[2.966924,39.162454],[2.966928,39.162466],[2.96693,39.162479],[2.966929,39.162489],[2.966926,39.162498],[2.966921,39.162504],[2.966911,39.162514],[2.966892,39.162529],[2.966877,39.162544],[2.966871,39.162552],[2.966868,39.162561],[2.966865,39.162575],[2.966863,39.162599],[2.966865,39.162608],[2.966869,39.162616],[2.966875,39.162625],[2.966885,39.162634],[2.966897,39.162642],[2.966915,39.162651],[2.966936,39.162665],[2.966944,39.162673],[2.966956,39.162687],[2.966959,39.162694],[2.96696,39.162702],[2.966968,39.162744],[2.966972,39.162753],[2.966981,39.162767],[2.966988,39.162773],[2.966997,39.162779],[2.96701,39.162789],[2.967012,39.162793],[2.967018,39.162804],[2.967023,39.162806],[2.967047,39.162823],[2.967051,39.162828],[2.967069,39.162846],[2.967072,39.162846],[2.967081,39.162844],[2.967091,39.162841],[2.967121,39.162828],[2.967126,39.162824],[2.967132,39.162816],[2.96716,39.162784],[2.967176,39.162769],[2.967187,39.162762],[2.967215,39.162745],[2.967252,39.162726],[2.96726,39.162724],[2.967275,39.162721],[2.967307,39.162719],[2.967341,39.162714],[2.967387,39.162706],[2.967393,39.162703],[2.967409,39.162693],[2.967417,39.162685],[2.967423,39.162677],[2.967427,39.162666],[2.967435,39.162644],[2.967448,39.162612],[2.967461,39.162587],[2.967472,39.16256],[2.96749,39.162522],[2.967497,39.162514],[2.96751,39.162493],[2.967511,39.162487],[2.967521,39.162449],[2.967524,39.162445],[2.967537,39.162432],[2.967551,39.162421],[2.967588,39.16239],[2.967589,39.162386],[2.967593,39.162369],[2.967598,39.162334],[2.967606,39.162266],[2.967606,39.16225],[2.967603,39.162228],[2.967593,39.162175],[2.967578,39.162077],[2.967577,39.162061],[2.96758,39.162044],[2.967584,39.162028],[2.967595,39.161998],[2.967604,39.161979],[2.967618,39.161957],[2.967626,39.161947],[2.967637,39.161937],[2.967668,39.161913],[2.967701,39.161885],[2.967707,39.161878],[2.967711,39.161868],[2.967711,39.161862],[2.967709,39.161857],[2.967704,39.161852],[2.967697,39.161848],[2.967678,39.161834],[2.967677,39.16183],[2.967675,39.161821],[2.967668,39.161789],[2.967665,39.161786],[2.96766,39.161778],[2.96766,39.161774],[2.967663,39.161768],[2.967668,39.161762],[2.967677,39.161754],[2.967689,39.161746],[2.9677,39.161737],[2.967705,39.16173],[2.967708,39.161722],[2.967713,39.161704],[2.967722,39.161678],[2.967727,39.161669],[2.967736,39.161659],[2.967749,39.161648],[2.967806,39.161594],[2.967826,39.161573],[2.967841,39.16156],[2.967893,39.161512],[2.967924,39.16148],[2.967936,39.161465],[2.967943,39.161453],[2.967948,39.16144],[2.967953,39.16142],[2.967966,39.161373],[2.967972,39.161361],[2.967985,39.161342],[2.968014,39.1613],[2.968025,39.161288],[2.968035,39.16128],[2.968047,39.161274],[2.968059,39.161269],[2.96808,39.161263],[2.968102,39.161255],[2.968122,39.161246],[2.968147,39.161236],[2.968168,39.161231],[2.968192,39.161226],[2.96822,39.161218],[2.968231,39.161214],[2.968333,39.161165],[2.968341,39.161159],[2.968352,39.161149],[2.968365,39.161133],[2.968381,39.16111],[2.968383,39.161103],[2.968383,39.161094],[2.968381,39.161084],[2.968376,39.16107],[2.96836,39.161034],[2.968337,39.160987],[2.968324,39.160966],[2.968316,39.160948],[2.968311,39.160933],[2.968309,39.160916],[2.968308,39.160897],[2.96831,39.160876],[2.968314,39.160859],[2.968323,39.160805],[2.968328,39.160764],[2.968337,39.160711],[2.968341,39.160702],[2.968348,39.160678],[2.968349,39.160667],[2.968353,39.160647],[2.968357,39.160642],[2.968363,39.160637],[2.968372,39.160632],[2.968407,39.160615],[2.968414,39.160614],[2.96843,39.160614],[2.968468,39.160611],[2.968494,39.160608],[2.968616,39.160588],[2.968803,39.160561],[2.968827,39.160559],[2.968859,39.160559],[2.968873,39.16056],[2.968886,39.160564],[2.968903,39.16057],[2.968942,39.160583],[2.968952,39.160585],[2.96902,39.160593],[2.969026,39.160591],[2.969037,39.160588],[2.969044,39.160583],[2.969048,39.160578],[2.969051,39.160571],[2.969061,39.160552],[2.969064,39.160552],[2.969072,39.160553],[2.969082,39.160555],[2.969092,39.160559],[2.969106,39.160568],[2.96916,39.160598],[2.969167,39.1606],[2.969188,39.160602],[2.969228,39.16061],[2.969236,39.160613],[2.969295,39.160636],[2.969308,39.160639],[2.96933,39.160643],[2.969391,39.16065],[2.969409,39.16065],[2.969449,39.160648],[2.969502,39.160645],[2.969522,39.160642],[2.969574,39.160635],[2.96959,39.160635],[2.969653,39.160636],[2.969664,39.160639],[2.969782,39.160661],[2.969797,39.160662],[2.969846,39.160663],[2.969921,39.160664],[2.969952,39.160662],[2.969976,39.160659],[2.970004,39.160653],[2.970062,39.160644],[2.970083,39.160642],[2.970123,39.160641],[2.970145,39.160642],[2.97017,39.160641],[2.970188,39.160639],[2.970213,39.160634],[2.970252,39.160624],[2.970288,39.160617],[2.970299,39.160617],[2.970358,39.160619],[2.970367,39.160621],[2.970391,39.160629],[2.970415,39.160635],[2.970422,39.160634],[2.970458,39.160631],[2.970487,39.16063],[2.970528,39.160627],[2.970542,39.160625],[2.970571,39.160617],[2.970619,39.160605],[2.970787,39.160547],[2.970791,39.160545],[2.970879,39.16051],[2.970914,39.160494],[2.970952,39.160474],[2.971028,39.160432],[2.971055,39.160416],[2.971082,39.160396],[2.971111,39.160372],[2.971149,39.160337],[2.971175,39.160311],[2.97119,39.160293],[2.971199,39.160277],[2.971205,39.160264],[2.971207,39.160251],[2.971207,39.160238],[2.971205,39.160218],[2.9712,39.160191],[2.971196,39.160181],[2.97119,39.160174],[2.971186,39.160172],[2.971184,39.16017],[2.971177,39.160168],[2.971168,39.160167],[2.971153,39.160168],[2.971138,39.160171],[2.971116,39.160177],[2.97109,39.160186],[2.971058,39.1602],[2.971016,39.160219],[2.970868,39.160274],[2.970789,39.160302],[2.970732,39.160328],[2.970696,39.160341],[2.970646,39.160359],[2.970645,39.16036],[2.970582,39.160375],[2.970575,39.160377],[2.970522,39.160391],[2.970506,39.160395],[2.970498,39.160397],[2.970498,39.160397],[2.97049,39.160399],[2.970483,39.1604],[2.970475,39.160402],[2.970466,39.160404],[2.970425,39.160411],[2.970421,39.160412],[2.970416,39.160413],[2.970411,39.160414],[2.970407,39.160414],[2.970403,39.160415],[2.9704,39.160415],[2.970396,39.160415],[2.970393,39.160415],[2.97039,39.160415],[2.970386,39.160415],[2.970384,39.160415],[2.970379,39.160414],[2.970374,39.160413],[2.970369,39.160412],[2.970364,39.160411],[2.970359,39.160409],[2.970355,39.160408],[2.97035,39.160406],[2.970345,39.160404],[2.970341,39.160401],[2.970336,39.160399],[2.970332,39.160397],[2.970327,39.160394],[2.970323,39.160391],[2.970317,39.160387],[2.97031,39.160383],[2.9703,39.160376],[2.970299,39.160375],[2.970294,39.160372],[2.97029,39.160368],[2.970286,39.160366],[2.970283,39.160363],[2.97028,39.16036],[2.970277,39.160358],[2.970275,39.160355],[2.970272,39.160352],[2.970271,39.16035],[2.970268,39.160347],[2.970267,39.160345],[2.970265,39.160342],[2.970263,39.160339],[2.970255,39.160324],[2.970247,39.160309],[2.970237,39.160292],[2.970223,39.160266],[2.970217,39.160255],[2.970213,39.160247],[2.970213,39.160246],[2.970212,39.160244],[2.970211,39.160243],[2.970211,39.160242],[2.970211,39.160241],[2.970211,39.16024],[2.970211,39.160239],[2.970211,39.160238],[2.970212,39.160238],[2.970212,39.160237],[2.970213,39.160237],[2.970214,39.160236],[2.970216,39.160235],[2.970218,39.160234],[2.970249,39.160222],[2.97025,39.160221],[2.970253,39.16022],[2.970255,39.160219],[2.970273,39.160214],[2.970279,39.160213],[2.970284,39.160211],[2.970288,39.16021],[2.970291,39.160209],[2.970294,39.160208],[2.970297,39.160206],[2.970298,39.160205],[2.970301,39.160203],[2.970302,39.160203],[2.970304,39.1602],[2.970305,39.160199],[2.970306,39.160198],[2.970307,39.160196],[2.970313,39.160184],[2.970322,39.160163],[2.970322,39.160162],[2.970324,39.160143],[2.970323,39.160133],[2.970319,39.160121],[2.970314,39.160112],[2.970305,39.160102],[2.970291,39.160088],[2.970267,39.160069],[2.970131,39.159961],[2.970116,39.159952],[2.97004,39.159905],[2.970027,39.159894],[2.969993,39.159863],[2.969969,39.159837],[2.969949,39.159814],[2.969905,39.159764],[2.969895,39.159756],[2.969881,39.159747],[2.969868,39.159742],[2.969855,39.15974],[2.969841,39.159738],[2.969819,39.159739],[2.969795,39.159741],[2.969748,39.159746],[2.969714,39.159749],[2.969705,39.159748],[2.969668,39.159741],[2.969661,39.159738],[2.969658,39.159735],[2.969657,39.15973],[2.969659,39.159723],[2.969663,39.159713],[2.969667,39.159706],[2.969674,39.159694],[2.969677,39.159684],[2.969676,39.159679],[2.969672,39.159671],[2.969665,39.159663],[2.969652,39.159653],[2.969635,39.159641],[2.969618,39.159631],[2.969599,39.159623],[2.969579,39.159617],[2.969552,39.15961],[2.969527,39.159606],[2.969474,39.159596],[2.969468,39.159593],[2.969455,39.159584],[2.969443,39.159573],[2.96943,39.159559],[2.969415,39.159538],[2.969391,39.159502],[2.969368,39.159463],[2.969331,39.159396],[2.969314,39.159362],[2.969306,39.159338],[2.969295,39.159303],[2.969288,39.159271],[2.969284,39.159239],[2.969282,39.159209],[2.969281,39.159168],[2.969283,39.159085],[2.969286,39.159062],[2.969291,39.159039],[2.9693,39.159013],[2.969314,39.15898],[2.969328,39.158952],[2.969343,39.158928],[2.969366,39.158895],[2.969402,39.158847],[2.969446,39.158786],[2.969496,39.15872],[2.969523,39.158687],[2.969563,39.158644],[2.969592,39.158614],[2.96963,39.158579],[2.969686,39.158531],[2.969748,39.15848],[2.969778,39.158458],[2.969819,39.158426],[2.969851,39.158397],[2.969905,39.158347],[2.969938,39.158314],[2.969959,39.158289],[2.969976,39.15814],[2.969997,39.158103],[2.97,39.158098],[2.970026,39.158056],[2.970044,39.158031],[2.97007,39.158],[2.970088,39.157982],[2.970131,39.157941],[2.970163,39.157914],[2.970191,39.157893],[2.970222,39.157873],[2.970306,39.15782],[2.970348,39.157796],[2.970375,39.157783],[2.970405,39.15777],[2.970439,39.157759],[2.970508,39.157736],[2.97055,39.157725],[2.970582,39.157719],[2.97062,39.157712],[2.970661,39.157708],[2.970689,39.157707],[2.970746,39.157707],[2.970876,39.157709],[2.970901,39.157711],[2.970937,39.157716],[2.970973,39.157723],[2.971044,39.157738],[2.971093,39.157749],[2.9711,39.157752],[2.971106,39.157757],[2.971108,39.157762],[2.971108,39.157767],[2.971105,39.157774],[2.9711,39.157782],[2.971092,39.15779],[2.971078,39.157801],[2.97101,39.157855],[2.971,39.157866],[2.970984,39.157887],[2.970976,39.157901],[2.970971,39.157913],[2.97097,39.157924],[2.97097,39.157936],[2.970973,39.157946],[2.970979,39.157958],[2.970987,39.157969],[2.970998,39.157979],[2.97101,39.157988],[2.971025,39.157997],[2.971038,39.158002],[2.971046,39.158003],[2.971053,39.158002],[2.971058,39.158],[2.971063,39.157994],[2.971069,39.157986],[2.971074,39.157974],[2.97108,39.157954],[2.971088,39.157935],[2.971094,39.157927],[2.971103,39.15792],[2.971111,39.157915],[2.971122,39.157912],[2.971134,39.157911],[2.971149,39.157911],[2.971167,39.157913],[2.97119,39.157917],[2.971225,39.157926],[2.971247,39.157929],[2.971265,39.15793],[2.971294,39.15793],[2.971348,39.157931],[2.971376,39.15793],[2.971378,39.157928],[2.971379,39.157924],[2.971377,39.157921],[2.971372,39.157917],[2.971362,39.157913],[2.971345,39.157908],[2.971314,39.157896],[2.971298,39.157888],[2.971281,39.157877],[2.971267,39.157866],[2.971258,39.157855],[2.971248,39.157841],[2.971239,39.157824],[2.971233,39.157809],[2.97123,39.157793],[2.97123,39.157779],[2.971232,39.157765],[2.971236,39.157753],[2.971243,39.15774],[2.971264,39.157694],[2.971265,39.157688],[2.97127,39.157658],[2.971273,39.157654],[2.971283,39.157647],[2.971293,39.157642],[2.971308,39.157637],[2.971326,39.157633],[2.971353,39.15763],[2.971427,39.157617],[2.971434,39.157614],[2.971475,39.157593],[2.971517,39.157574],[2.971585,39.157559],[2.971621,39.157567],[2.97169,39.157583],[2.971718,39.157592],[2.971857,39.157634],[2.971892,39.157643],[2.971937,39.157655],[2.972012,39.157675],[2.97203,39.157678],[2.972063,39.157681],[2.972089,39.157682],[2.972124,39.15768],[2.972165,39.157677],[2.972246,39.157672],[2.972256,39.157674],[2.97229,39.157677],[2.972307,39.157677],[2.97233,39.157674],[2.972362,39.157669],[2.972379,39.157664],[2.972388,39.15766],[2.972448,39.157641],[2.972492,39.157642],[2.972495,39.157642],[2.972525,39.157639],[2.97254,39.157636],[2.972625,39.15762],[2.972644,39.157618],[2.972677,39.157618],[2.972716,39.157618],[2.972734,39.15762],[2.972746,39.157624],[2.972757,39.157629],[2.972763,39.157634],[2.972766,39.15764],[2.972767,39.157646],[2.972766,39.157654],[2.972762,39.157662],[2.972755,39.157671],[2.972737,39.1577],[2.972736,39.157706],[2.972735,39.157718],[2.972738,39.157726],[2.972742,39.157734],[2.972749,39.157742],[2.972758,39.157749],[2.972768,39.157753],[2.972778,39.157756],[2.972789,39.157757],[2.972805,39.157757],[2.972828,39.157754],[2.972866,39.157751],[2.972883,39.157752],[2.972905,39.157755],[2.972916,39.157758],[2.972923,39.157762],[2.972926,39.157767],[2.972927,39.157771],[2.972925,39.157776],[2.972921,39.157781],[2.972913,39.157788],[2.972897,39.157797],[2.972878,39.157811],[2.972876,39.157816],[2.972877,39.157821],[2.97288,39.157827],[2.972887,39.157833],[2.972896,39.157839],[2.97291,39.157846],[2.97293,39.157853],[2.97301,39.157881],[2.973033,39.157887],[2.973053,39.15789],[2.973073,39.157892],[2.973096,39.157891],[2.973117,39.157889],[2.973156,39.157884],[2.973197,39.157876],[2.973255,39.157867],[2.973273,39.157866],[2.973305,39.157866],[2.973438,39.157868],[2.973466,39.157871],[2.973488,39.157875],[2.973503,39.157879],[2.973513,39.157884],[2.973522,39.157891],[2.97353,39.157898],[2.97355,39.157917],[2.973557,39.157921],[2.973569,39.157924],[2.973579,39.157925],[2.973596,39.157924],[2.973678,39.157923],[2.973692,39.157924],[2.973712,39.157929],[2.97378,39.157941],[2.973791,39.157941],[2.973809,39.157939],[2.973825,39.157936],[2.973837,39.157931],[2.973846,39.157926],[2.97385,39.157921],[2.97385,39.157916],[2.973856,39.157897],[2.97386,39.157894],[2.973866,39.157891],[2.973874,39.15789],[2.973885,39.15789],[2.973899,39.157891],[2.973914,39.157895],[2.973931,39.157902],[2.973963,39.157915],[2.974023,39.157943],[2.974068,39.157962],[2.974084,39.157966],[2.974115,39.157973],[2.974158,39.157985],[2.974179,39.157992],[2.974216,39.158007],[2.974316,39.158047],[2.974338,39.158053],[2.974379,39.158064],[2.974429,39.158074],[2.974461,39.158079],[2.974494,39.158082],[2.974539,39.158085],[2.974629,39.158091],[2.974742,39.158098],[2.974766,39.158098],[2.974944,39.158092],[2.974958,39.15809],[2.974977,39.158085],[2.974992,39.158079],[2.974999,39.158074],[2.975005,39.158067],[2.975012,39.158056],[2.975036,39.158024],[2.975041,39.158021],[2.975053,39.158016],[2.975069,39.158011],[2.975097,39.158005],[2.97512,39.158003],[2.975134,39.158003],[2.975147,39.158005],[2.975158,39.158009],[2.97517,39.158015],[2.975182,39.158023],[2.975191,39.158032],[2.975199,39.158042],[2.975217,39.158061],[2.975223,39.158065],[2.975237,39.158071],[2.975248,39.158074],[2.97526,39.158074],[2.975276,39.158073],[2.975294,39.15807],[2.975322,39.158064],[2.975409,39.158046],[2.975427,39.158044],[2.975444,39.158045],[2.975456,39.158047],[2.975465,39.158051],[2.975474,39.158056],[2.975492,39.158071],[2.975511,39.158082],[2.975523,39.158087],[2.975538,39.158091],[2.975555,39.158094],[2.975582,39.158096],[2.975616,39.158097],[2.975834,39.158106],[2.975849,39.158108],[2.975875,39.158114],[2.975931,39.15813],[2.975973,39.158143],[2.976031,39.15816],[2.976077,39.158171],[2.976165,39.15819],[2.976183,39.158192],[2.976205,39.158193],[2.976242,39.158192],[2.976271,39.15819],[2.976288,39.158187],[2.976307,39.158181],[2.976331,39.158172],[2.976362,39.158158],[2.97639,39.158143],[2.976409,39.158131],[2.976425,39.158119],[2.976449,39.158097],[2.97648,39.158066],[2.976486,39.158058],[2.976496,39.158039],[2.976505,39.158018],[2.976507,39.158004],[2.97651,39.157981],[2.97651,39.15796],[2.976508,39.157934],[2.976504,39.157913],[2.976498,39.157899],[2.976464,39.157815],[2.976445,39.157762],[2.976444,39.157753],[2.976446,39.15773],[2.976449,39.157712],[2.976456,39.15769],[2.976462,39.157674],[2.976466,39.157665],[2.976483,39.157616],[2.976485,39.157604],[2.976486,39.157582],[2.976484,39.15756],[2.97648,39.157541],[2.976474,39.157521],[2.976454,39.157455],[2.976454,39.157447],[2.976457,39.157425],[2.976462,39.157403],[2.976488,39.157278],[2.97649,39.157258],[2.97649,39.157221],[2.976489,39.157189],[2.976485,39.157161],[2.976478,39.157128],[2.976471,39.157107],[2.976462,39.157086],[2.976451,39.157067],[2.97644,39.157052],[2.976421,39.15703],[2.976404,39.157014],[2.976387,39.157],[2.97636,39.156982],[2.976333,39.156965],[2.976261,39.156919],[2.97623,39.156897],[2.976201,39.15688],[2.976165,39.156855],[2.976136,39.156832],[2.976095,39.156798],[2.976051,39.156759],[2.976009,39.156724],[2.975993,39.156714],[2.975955,39.156687],[2.975907,39.15665],[2.975892,39.156636],[2.975864,39.156607],[2.97583,39.156574],[2.975811,39.156559],[2.975788,39.156544],[2.975764,39.15653],[2.975745,39.156521],[2.975717,39.156511],[2.975675,39.156498],[2.975652,39.156489],[2.975629,39.156477],[2.975604,39.156463],[2.975491,39.156395],[2.975409,39.156342],[2.975383,39.156324],[2.975208,39.156199],[2.975184,39.156185],[2.975129,39.156154],[2.9751,39.15614],[2.975021,39.156099],[2.974998,39.156085],[2.974884,39.156018],[2.974818,39.155976],[2.974797,39.155961],[2.974694,39.155887],[2.974664,39.155868],[2.974631,39.155849],[2.97455,39.155802],[2.974534,39.15579],[2.974489,39.155754],[2.974461,39.155729],[2.974379,39.155659],[2.974362,39.155647],[2.97431,39.155609],[2.974287,39.155589],[2.974259,39.155562],[2.974227,39.155528],[2.9742,39.155496],[2.974096,39.155371],[2.974082,39.155352],[2.974064,39.155322],[2.974045,39.155286],[2.974003,39.155202],[2.973994,39.15518],[2.973975,39.155137],[2.973968,39.155126],[2.973958,39.155116],[2.973945,39.155106],[2.973908,39.155078],[2.973809,39.155007],[2.973794,39.154999],[2.973748,39.154976],[2.973738,39.154973],[2.973686,39.154959],[2.973666,39.154956],[2.973645,39.154954],[2.973613,39.154954],[2.973363,39.154954],[2.973309,39.154952],[2.973281,39.154949],[2.973181,39.154941],[2.973077,39.15493],[2.972953,39.154916],[2.972937,39.154912],[2.972903,39.154902],[2.972748,39.154855],[2.972722,39.154845],[2.972683,39.154828],[2.972494,39.154748],[2.972472,39.15474],[2.972385,39.15471],[2.972357,39.154698],[2.972306,39.154675],[2.972267,39.154655],[2.972222,39.154629],[2.972188,39.154607],[2.972142,39.154576],[2.972067,39.154522],[2.972054,39.15451],[2.972039,39.154494],[2.972024,39.154475],[2.971953,39.154377],[2.971944,39.154361],[2.971927,39.154326],[2.971916,39.154298],[2.971893,39.154232],[2.971873,39.154185],[2.971868,39.154177],[2.971839,39.154141],[2.971824,39.154126],[2.971789,39.154095],[2.97177,39.154074],[2.971735,39.15404],[2.971721,39.154029],[2.971681,39.153997],[2.971625,39.153948],[2.971619,39.15394],[2.97161,39.153923],[2.9716,39.153901],[2.97158,39.153852],[2.971574,39.15383],[2.971571,39.153812],[2.97157,39.15379],[2.971571,39.153757],[2.971574,39.153741],[2.971581,39.153715],[2.971598,39.15366],[2.971603,39.15365],[2.971619,39.153626],[2.971633,39.1536],[2.971639,39.153584],[2.971656,39.153547],[2.971674,39.153513],[2.971685,39.153497],[2.971699,39.15348],[2.971713,39.153461],[2.971716,39.153452],[2.971718,39.153441],[2.971718,39.153425],[2.971748,39.153389],[2.971774,39.153362],[2.971812,39.153319],[2.971814,39.1533],[2.971805,39.153275],[2.971776,39.153216],[2.971776,39.153198],[2.971811,39.15313],[2.971833,39.15308],[2.97184,39.152959],[2.971852,39.152847],[2.971853,39.152809],[2.971845,39.152782],[2.971821,39.152719],[2.971843,39.152663],[2.971854,39.15264],[2.971869,39.152613],[2.971889,39.152582],[2.9719,39.152569],[2.971951,39.152506],[2.971966,39.152484],[2.971982,39.152455],[2.971992,39.152433],[2.971999,39.152414],[2.972002,39.152396],[2.972003,39.152383],[2.972001,39.152362],[2.971995,39.152329],[2.97199,39.152314],[2.971974,39.152273],[2.971963,39.15225],[2.97195,39.15222],[2.971934,39.152185],[2.971927,39.152177],[2.971873,39.152105],[2.971839,39.152056],[2.971815,39.152018],[2.971791,39.151984],[2.971778,39.151969],[2.971751,39.151942],[2.971733,39.151926],[2.971719,39.151917],[2.971651,39.151876],[2.97164,39.151872],[2.971494,39.151802],[2.971419,39.151762],[2.971349,39.151729],[2.971258,39.151685],[2.971244,39.151676],[2.971224,39.15166],[2.971208,39.151645],[2.971188,39.151623],[2.971153,39.151588],[2.971137,39.151576],[2.971096,39.151545],[2.971059,39.151521],[2.97103,39.151503],[2.971003,39.15149],[2.970982,39.151482],[2.970952,39.151472],[2.970857,39.151439],[2.970842,39.151431],[2.970815,39.151415],[2.970795,39.1514],[2.970776,39.151383],[2.970739,39.151348],[2.97073,39.151337],[2.970723,39.151324],[2.970719,39.151311],[2.970715,39.151294],[2.970713,39.151271],[2.970704,39.151148],[2.970703,39.1511],[2.970697,39.15099],[2.970694,39.150974],[2.970689,39.150957],[2.970679,39.150938],[2.970658,39.150898],[2.970623,39.150837],[2.970613,39.150823],[2.970591,39.150799],[2.970571,39.150779],[2.970537,39.15075],[2.970524,39.15074],[2.970506,39.150726],[2.970502,39.15072],[2.970498,39.15071],[2.970496,39.150698],[2.970495,39.15068],[2.970497,39.15065],[2.970497,39.150595],[2.970494,39.150577],[2.970488,39.15055],[2.970474,39.150497],[2.970491,39.150459],[2.970494,39.15044],[2.970487,39.150422],[2.970484,39.150409],[2.970481,39.150401],[2.970489,39.150383],[2.970501,39.150374],[2.970551,39.150366],[2.970586,39.150342],[2.970599,39.150308],[2.970696,39.15025],[2.97076,39.150214],[2.970798,39.150194],[2.970824,39.150178],[2.970843,39.150165],[2.970912,39.150117],[2.970929,39.150109],[2.970973,39.150083],[2.971009,39.150059],[2.971017,39.150052],[2.971021,39.150045],[2.971022,39.150038],[2.971021,39.15003],[2.971017,39.150023],[2.971011,39.150016],[2.970994,39.150003],[2.970981,39.149995],[2.97096,39.149986],[2.970894,39.149953],[2.970874,39.149941],[2.970852,39.149925],[2.97084,39.149914],[2.97082,39.149893],[2.970813,39.149883],[2.970811,39.149875],[2.970811,39.149866],[2.970813,39.149858],[2.970818,39.149849],[2.970827,39.149839],[2.970838,39.149829],[2.97086,39.149813],[2.970896,39.149784],[2.970898,39.149779],[2.970902,39.149767],[2.970903,39.149755],[2.970902,39.149738],[2.970898,39.149717],[2.97089,39.149682],[2.970877,39.149642],[2.970866,39.149615],[2.970857,39.149599],[2.970849,39.149591],[2.97084,39.149584],[2.970831,39.14958],[2.970819,39.149576],[2.970802,39.149574],[2.970752,39.149567],[2.970667,39.149555],[2.970653,39.149551],[2.970638,39.149544],[2.970627,39.149538],[2.970616,39.149528],[2.970607,39.149517],[2.970596,39.149501],[2.970569,39.149457],[2.970557,39.149433],[2.970542,39.149407],[2.970533,39.149396],[2.970517,39.149381],[2.970456,39.149318],[2.97045,39.149309],[2.970439,39.149289],[2.970431,39.149269],[2.970398,39.149179],[2.970389,39.149149],[2.97038,39.149127],[2.970368,39.149104],[2.970352,39.149078],[2.97033,39.149046],[2.970302,39.149012],[2.970226,39.148913],[2.970193,39.14886],[2.970135,39.148807],[2.970094,39.148757],[2.970034,39.148687],[2.970012,39.148665],[2.969987,39.148637],[2.969965,39.148615],[2.969942,39.148596],[2.96987,39.148532],[2.96986,39.148519],[2.969848,39.148503],[2.969834,39.14848],[2.96981,39.148434],[2.969774,39.14836],[2.969758,39.148323],[2.969744,39.148285],[2.969706,39.148185],[2.969688,39.148145],[2.969669,39.148109],[2.969653,39.148082],[2.969617,39.14802],[2.9696,39.147986],[2.969555,39.147899],[2.969536,39.147868],[2.969491,39.147799],[2.969475,39.147779],[2.969457,39.14776],[2.96943,39.147734],[2.969407,39.147716],[2.969388,39.147697],[2.969342,39.147657],[2.969337,39.147655],[2.969315,39.147645],[2.969272,39.147628],[2.969263,39.147626],[2.969252,39.147623],[2.969251,39.14762],[2.969248,39.147619],[2.969239,39.147618],[2.969203,39.147614],[2.969156,39.14761],[2.969116,39.147609],[2.969081,39.14761],[2.969011,39.147614],[2.968994,39.147617],[2.968981,39.147621],[2.968973,39.147625],[2.968966,39.147632],[2.968959,39.147641],[2.968897,39.147723],[2.968889,39.147738],[2.968879,39.14776],[2.968874,39.147777],[2.968855,39.147834],[2.968849,39.147845],[2.968838,39.147858],[2.96882,39.147878],[2.968807,39.147889],[2.968783,39.147907],[2.968759,39.147927],[2.968715,39.147966],[2.968646,39.148031],[2.968639,39.148037],[2.968604,39.148067],[2.968595,39.148072],[2.968537,39.148107],[2.968533,39.148113],[2.968531,39.148119],[2.968531,39.148125],[2.96853,39.148142],[2.968527,39.148151],[2.968521,39.14816],[2.968514,39.148167],[2.968505,39.148172],[2.968492,39.148178],[2.968364,39.148223],[2.968359,39.148222],[2.968333,39.148217],[2.968262,39.148206],[2.968253,39.148206],[2.968239,39.14821],[2.968234,39.148213],[2.96823,39.148218],[2.968228,39.148224],[2.968228,39.148232],[2.968225,39.148261],[2.968222,39.148264],[2.968214,39.14827],[2.968205,39.148275],[2.968191,39.148279],[2.968177,39.148282],[2.968157,39.148283],[2.968121,39.148284],[2.968072,39.148284],[2.968017,39.148281],[2.967988,39.148278],[2.967955,39.148273],[2.967906,39.148263],[2.967802,39.14824],[2.967788,39.148235],[2.967767,39.148225],[2.967704,39.148198],[2.967656,39.148175],[2.967646,39.148168],[2.967622,39.148147],[2.967585,39.148114],[2.967413,39.147963],[2.967393,39.147947],[2.96735,39.147918],[2.967314,39.147897],[2.967291,39.147884],[2.967256,39.147869],[2.967237,39.147862],[2.967218,39.147858],[2.9672,39.147856],[2.967115,39.147844],[2.967101,39.14784],[2.967005,39.147816],[2.966986,39.147813],[2.96695,39.147809],[2.966924,39.147809],[2.966897,39.14781],[2.966879,39.147813],[2.966858,39.147818],[2.966822,39.147828],[2.966737,39.147852],[2.9667,39.14786],[2.966675,39.147863],[2.966643,39.147866],[2.966623,39.147866],[2.966606,39.147864],[2.966588,39.14786],[2.966572,39.147854],[2.966556,39.147846],[2.96654,39.147837],[2.966528,39.147827],[2.966518,39.147816],[2.966509,39.147803],[2.966502,39.147789],[2.966494,39.147768],[2.966491,39.147755],[2.966491,39.147744],[2.966494,39.147736],[2.966501,39.147722],[2.966508,39.147703],[2.966508,39.147694],[2.966507,39.147681],[2.966503,39.147665],[2.966498,39.147657],[2.966494,39.147653],[2.966488,39.147651],[2.966481,39.147651],[2.966471,39.147653],[2.966459,39.147657],[2.966448,39.147662],[2.96644,39.147668],[2.966434,39.147676],[2.966428,39.147686],[2.966421,39.147702],[2.966414,39.147724],[2.966408,39.147754],[2.966404,39.14778],[2.966404,39.1478],[2.966406,39.147821],[2.966411,39.147844],[2.966419,39.14787],[2.966432,39.147905],[2.966442,39.14794],[2.966463,39.148],[2.966501,39.148119],[2.966516,39.14816],[2.96655,39.148243],[2.96657,39.148285],[2.966589,39.148321],[2.966617,39.148378],[2.966631,39.148411],[2.966639,39.148436],[2.966641,39.14845],[2.966641,39.148466],[2.966639,39.148494],[2.966637,39.148542],[2.966639,39.148556],[2.966644,39.148576],[2.966654,39.148609],[2.966668,39.148658],[2.96667,39.148675],[2.966674,39.148727],[2.966677,39.1488],[2.966675,39.148809],[2.966666,39.148844],[2.96666,39.148856],[2.966637,39.148895],[2.96663,39.148904],[2.966618,39.148913],[2.966574,39.148947],[2.966564,39.148953],[2.966539,39.148964],[2.966494,39.148981],[2.966466,39.14899],[2.966445,39.148995],[2.966426,39.148997],[2.966399,39.148998],[2.966317,39.149],[2.966286,39.148999],[2.966257,39.148996],[2.966233,39.148991],[2.966199,39.148983],[2.966177,39.148976],[2.966148,39.148965],[2.966119,39.148955],[2.966104,39.148952],[2.966088,39.148951],[2.966074,39.148952],[2.966061,39.148955],[2.966049,39.148959],[2.966038,39.148965],[2.966027,39.148973],[2.966019,39.148982],[2.966006,39.148999],[2.965982,39.149033],[2.965972,39.149053],[2.965953,39.149092],[2.965941,39.149123],[2.965937,39.149139],[2.96593,39.149175],[2.965929,39.149196],[2.965931,39.149207],[2.965935,39.149219],[2.965942,39.149243],[2.965942,39.149251],[2.965939,39.149266],[2.965935,39.149274],[2.965928,39.149282],[2.965918,39.149292],[2.965904,39.149308],[2.965902,39.149314],[2.965901,39.149324],[2.965903,39.149338],[2.965908,39.149363],[2.965915,39.149387],[2.965934,39.149438],[2.965946,39.149464],[2.965965,39.14951],[2.965968,39.149524],[2.965973,39.149559],[2.965981,39.149592],[2.965987,39.149611],[2.966,39.14964],[2.966011,39.14966],[2.966043,39.149721],[2.966048,39.149736],[2.966061,39.14978],[2.966064,39.149799],[2.966065,39.149817],[2.966063,39.149835],[2.966058,39.149856],[2.966048,39.149884],[2.966027,39.149957],[2.966028,39.149964],[2.966031,39.149978],[2.966036,39.149989],[2.966043,39.15],[2.96605,39.150006],[2.96606,39.150012],[2.966075,39.150019],[2.966096,39.150026],[2.966134,39.150041],[2.966137,39.150045],[2.966144,39.150057],[2.96616,39.150089],[2.966172,39.150116],[2.96617,39.15012],[2.966165,39.150122],[2.966159,39.150121],[2.966148,39.150118],[2.966132,39.150113],[2.966114,39.150105],[2.966074,39.150088],[2.966063,39.150086],[2.966045,39.150084],[2.966028,39.150083],[2.966011,39.150085],[2.965992,39.150089],[2.965963,39.150097],[2.965941,39.150105],[2.965931,39.150111],[2.96593,39.150114],[2.96593,39.150118],[2.965933,39.150123],[2.965939,39.150128],[2.965951,39.150135],[2.965973,39.15015],[2.965974,39.150153],[2.965972,39.150157],[2.965968,39.150162],[2.965961,39.150165],[2.965956,39.150166],[2.965949,39.150165],[2.965938,39.150161],[2.965915,39.150152],[2.965819,39.15011],[2.965778,39.150094],[2.965766,39.150091],[2.965748,39.150089],[2.965733,39.15009],[2.965719,39.150092],[2.965705,39.150096],[2.965691,39.150102],[2.96568,39.150109],[2.96567,39.150118],[2.965664,39.150126],[2.965659,39.150136],[2.965657,39.150146],[2.965657,39.150158],[2.96566,39.150174],[2.965665,39.150187],[2.965672,39.150203],[2.965685,39.150233],[2.965688,39.150246],[2.96569,39.150265],[2.96569,39.15029],[2.965688,39.15033],[2.965685,39.150349],[2.965679,39.150368],[2.96567,39.150408],[2.965671,39.150417],[2.965674,39.15044],[2.965684,39.150492],[2.965685,39.150513],[2.965684,39.150534],[2.965681,39.150557],[2.965676,39.150576],[2.96567,39.150606],[2.96567,39.150619],[2.965667,39.150754],[2.965665,39.150772],[2.965658,39.150798],[2.965654,39.150805],[2.965648,39.15081],[2.965642,39.150813],[2.965635,39.150814],[2.965625,39.150813],[2.965613,39.150811],[2.965599,39.150806],[2.965581,39.150798],[2.965555,39.150787],[2.965552,39.150788],[2.965548,39.150792],[2.965545,39.150799],[2.965541,39.150812],[2.96554,39.150826],[2.96554,39.150842],[2.965544,39.150859],[2.965549,39.150874],[2.965557,39.150888],[2.965567,39.150904],[2.965582,39.15092],[2.965592,39.150929],[2.965602,39.150934],[2.965619,39.150941],[2.965649,39.150956],[2.965659,39.150963],[2.965677,39.150979],[2.965686,39.150989],[2.965687,39.150994],[2.965686,39.150999],[2.965682,39.151005],[2.965674,39.151013],[2.965663,39.151021],[2.965644,39.151038],[2.96564,39.151044],[2.965636,39.151055],[2.965635,39.151065],[2.965636,39.15108],[2.965639,39.151106],[2.965646,39.151171],[2.965647,39.151178],[2.965645,39.151183],[2.965639,39.151191],[2.965631,39.151199],[2.965619,39.151206],[2.965606,39.151212],[2.965593,39.151216],[2.965576,39.15122],[2.96555,39.151222],[2.965522,39.151223],[2.965501,39.151223],[2.96539,39.151224],[2.965372,39.151223],[2.96534,39.151218],[2.965332,39.151215],[2.965323,39.151209],[2.965316,39.151202],[2.965311,39.151196],[2.965307,39.15119],[2.965291,39.151166],[2.965282,39.151148],[2.965281,39.151144],[2.965279,39.151137],[2.965279,39.151128],[2.965281,39.151121],[2.965281,39.15112],[2.965286,39.151113],[2.965293,39.151107],[2.965303,39.151101],[2.965328,39.151083],[2.965336,39.151074],[2.965343,39.151064],[2.965346,39.151055],[2.965349,39.151042],[2.965349,39.151028],[2.965346,39.151019],[2.965342,39.15101],[2.965335,39.151003],[2.965327,39.150997],[2.965316,39.150992],[2.965303,39.150989],[2.965287,39.150986],[2.965281,39.150986],[2.965267,39.150985],[2.965241,39.150985],[2.965207,39.150988],[2.965137,39.150994],[2.965128,39.150997],[2.965109,39.151005],[2.965048,39.151028],[2.965041,39.151029],[2.96503,39.151028],[2.965023,39.151025],[2.965014,39.151019],[2.96501,39.151014],[2.965006,39.151004],[2.965003,39.150992],[2.965003,39.15098],[2.965005,39.150968],[2.965009,39.150957],[2.965024,39.150914],[2.965025,39.150905],[2.965023,39.15089],[2.96502,39.150882],[2.965015,39.150874],[2.965007,39.150867],[2.964997,39.150861],[2.964986,39.150856],[2.964975,39.150854],[2.964959,39.150852],[2.964927,39.150847],[2.964919,39.150844],[2.964906,39.150836],[2.964894,39.150827],[2.964883,39.150816],[2.964874,39.150804],[2.964858,39.150779],[2.964831,39.15074],[2.964808,39.150705],[2.964802,39.150691],[2.964774,39.150632],[2.964768,39.150625],[2.964759,39.150617],[2.964747,39.15061],[2.964731,39.150603],[2.964717,39.150595],[2.964715,39.150591],[2.964714,39.150584],[2.964714,39.150572],[2.964718,39.150536],[2.964725,39.1505],[2.964733,39.150444],[2.964732,39.150434],[2.964726,39.150408],[2.964722,39.150396],[2.964716,39.150388],[2.964708,39.15038],[2.964697,39.150373],[2.964678,39.150365],[2.964668,39.150363],[2.964654,39.150362],[2.964629,39.150358],[2.964627,39.150356],[2.964623,39.15035],[2.964622,39.150344],[2.964623,39.150336],[2.964628,39.150323],[2.964633,39.1503],[2.964632,39.150296],[2.964628,39.150291],[2.964622,39.150288],[2.964604,39.15028],[2.964584,39.150269],[2.964572,39.150261],[2.964568,39.150255],[2.964567,39.150249],[2.964568,39.150244],[2.964571,39.15024],[2.964576,39.150237],[2.964584,39.150235],[2.964595,39.150234],[2.964616,39.150234],[2.964634,39.150237],[2.964661,39.150242],[2.964698,39.150247],[2.964728,39.15025],[2.964773,39.150251],[2.964797,39.15025],[2.964819,39.150247],[2.964826,39.150245],[2.96483,39.150241],[2.964833,39.150236],[2.964833,39.150229],[2.964832,39.150219],[2.964827,39.150206],[2.964821,39.150195],[2.96481,39.150182],[2.964796,39.150167],[2.964783,39.150157],[2.964766,39.150147],[2.964742,39.150133],[2.964693,39.15011],[2.964666,39.150099],[2.964648,39.150093],[2.964635,39.150092],[2.964617,39.150091],[2.96458,39.150092],[2.964544,39.150091],[2.96443,39.150091],[2.964424,39.150092],[2.964416,39.150096],[2.964412,39.150101],[2.964408,39.150108],[2.964406,39.150117],[2.964406,39.150128],[2.964408,39.150146],[2.964415,39.150186],[2.964421,39.150201],[2.964426,39.150208],[2.964434,39.150217],[2.964444,39.150224],[2.964457,39.15023],[2.964469,39.150234],[2.964512,39.150249],[2.964517,39.150252],[2.964523,39.15026],[2.964525,39.150266],[2.964524,39.150272],[2.964522,39.150279],[2.964516,39.150287],[2.964506,39.150298],[2.964484,39.150317],[2.964459,39.150343],[2.964454,39.150351],[2.964453,39.150357],[2.964454,39.150364],[2.964455,39.150386],[2.964453,39.150389],[2.964447,39.150392],[2.964441,39.150393],[2.964431,39.150392],[2.964424,39.15039],[2.964418,39.150386],[2.964411,39.150379],[2.964375,39.150346],[2.96436,39.150335],[2.964318,39.150307],[2.964305,39.150301],[2.964293,39.150298],[2.964278,39.150295],[2.964258,39.150294],[2.964241,39.150295],[2.96422,39.150298],[2.96416,39.150304],[2.964144,39.150304],[2.964126,39.150302],[2.964107,39.150298],[2.964073,39.150289],[2.963993,39.15027],[2.963981,39.150269],[2.963966,39.15027],[2.963951,39.150272],[2.963929,39.150278],[2.963884,39.150288],[2.963874,39.150288],[2.963855,39.150286],[2.963826,39.150281],[2.963796,39.150274],[2.963779,39.150268],[2.963749,39.150255],[2.963735,39.150252],[2.963707,39.150246],[2.963687,39.150244],[2.963673,39.150245],[2.963661,39.150247],[2.96365,39.150251],[2.963638,39.150258],[2.963627,39.150266],[2.96362,39.150273],[2.963611,39.150286],[2.963608,39.150296],[2.963608,39.150302],[2.963611,39.150309],[2.963616,39.150314],[2.963624,39.150319],[2.963652,39.150339],[2.963654,39.150343],[2.963654,39.15035],[2.963652,39.150361],[2.963646,39.150385],[2.963639,39.150404],[2.963626,39.150429],[2.963619,39.150438],[2.963601,39.150458],[2.963548,39.150519],[2.96354,39.150532],[2.96353,39.150543],[2.963522,39.150549],[2.963507,39.150557],[2.963484,39.150567],[2.963469,39.150572],[2.963355,39.150608],[2.963305,39.150622],[2.963299,39.150621],[2.963239,39.150617],[2.963223,39.150614],[2.96322,39.150613],[2.963192,39.150606],[2.963165,39.150597],[2.963127,39.150582],[2.963107,39.150572],[2.963067,39.150551],[2.963049,39.150539],[2.963025,39.150521],[2.963001,39.1505],[2.962982,39.15048],[2.962958,39.150453],[2.962941,39.150429],[2.962927,39.150406],[2.962917,39.150386],[2.962909,39.150366],[2.962903,39.150341],[2.962899,39.150318],[2.962898,39.150297],[2.9629,39.150271],[2.962903,39.150244],[2.962909,39.150222],[2.962916,39.1502],[2.962916,39.150199],[2.962921,39.150186],[2.962929,39.150166],[2.962941,39.150146],[2.962955,39.150126],[2.962975,39.150101],[2.962995,39.150079],[2.963017,39.150059],[2.963076,39.150007],[2.963093,39.149995],[2.963102,39.149992],[2.96311,39.14999],[2.96312,39.149991],[2.963132,39.149993],[2.963145,39.149997],[2.963161,39.150005],[2.963176,39.150014],[2.963193,39.150027],[2.963209,39.150042],[2.963218,39.150051],[2.963244,39.150078],[2.963285,39.150115],[2.963294,39.15012],[2.963303,39.150124],[2.963311,39.150125],[2.963322,39.150124],[2.963332,39.150122],[2.96334,39.150117],[2.963347,39.150112],[2.963356,39.150103],[2.963365,39.150089],[2.963375,39.15007],[2.963387,39.150044],[2.963395,39.150019],[2.963406,39.14998],[2.963415,39.149958],[2.963424,39.149942],[2.963439,39.14992],[2.963454,39.149901],[2.963469,39.149886],[2.963515,39.149836],[2.963519,39.149829],[2.963523,39.149817],[2.963524,39.149805],[2.963523,39.149788],[2.963515,39.149663],[2.963511,39.149646],[2.963508,39.14962],[2.963508,39.149593],[2.96351,39.149579],[2.963513,39.149573],[2.96352,39.149566],[2.963531,39.149557],[2.963548,39.149546],[2.963607,39.149506],[2.963613,39.149499],[2.963621,39.149488],[2.963623,39.14948],[2.963623,39.149471],[2.963621,39.149459],[2.963614,39.149434],[2.963561,39.149225],[2.963558,39.149203],[2.963547,39.149141],[2.963543,39.149135],[2.963531,39.149117],[2.963524,39.14911],[2.963517,39.149106],[2.96351,39.149105],[2.963497,39.149104],[2.963471,39.149104],[2.963452,39.149106],[2.963438,39.149109],[2.963423,39.149115],[2.963404,39.149124],[2.963369,39.149143],[2.963349,39.149156],[2.963322,39.149171],[2.963277,39.149199],[2.963266,39.149208],[2.963246,39.149227],[2.963197,39.149272],[2.963174,39.149289],[2.96316,39.149298],[2.963146,39.149303],[2.963132,39.149307],[2.963118,39.149309],[2.963105,39.149308],[2.963086,39.149306],[2.963069,39.149302],[2.963056,39.149297],[2.96304,39.149289],[2.963026,39.149279],[2.963016,39.149269],[2.962993,39.149252],[2.962982,39.149246],[2.962959,39.149237],[2.962934,39.149228],[2.962917,39.149224],[2.962901,39.149223],[2.962885,39.149223],[2.962871,39.149225],[2.962858,39.149229],[2.962846,39.149234],[2.962833,39.149243],[2.96282,39.149253],[2.962799,39.149274],[2.962786,39.149289],[2.962782,39.149297],[2.96278,39.149307],[2.962779,39.149318],[2.962781,39.149334],[2.962783,39.149367],[2.962781,39.149373],[2.962775,39.149383],[2.962762,39.149399],[2.962749,39.149413],[2.962734,39.149424],[2.962709,39.149442],[2.96268,39.14946],[2.962641,39.149481],[2.962549,39.14953],[2.962537,39.149533],[2.962525,39.149535],[2.962513,39.149534],[2.962501,39.149532],[2.962488,39.149527],[2.962475,39.149521],[2.962463,39.149513],[2.962435,39.149495],[2.962424,39.149492],[2.9624,39.149485],[2.962381,39.149481],[2.962365,39.14948],[2.962353,39.149481],[2.962343,39.149484],[2.962334,39.149488],[2.962328,39.149494],[2.962325,39.1495],[2.962323,39.149507],[2.962324,39.149516],[2.962328,39.149528],[2.962334,39.149559],[2.962333,39.149565],[2.96233,39.149568],[2.962326,39.149569],[2.962317,39.149569],[2.962296,39.149568],[2.962279,39.149565],[2.962262,39.149561],[2.962243,39.149553],[2.962211,39.149539],[2.962161,39.14952],[2.962074,39.149483],[2.962069,39.149478],[2.962058,39.149466],[2.96205,39.149455],[2.962045,39.149443],[2.962024,39.149401],[2.962019,39.149396],[2.962005,39.149387],[2.961994,39.149382],[2.961981,39.149377],[2.961961,39.149373],[2.961936,39.149369],[2.961922,39.149365],[2.961917,39.149362],[2.961912,39.149356],[2.961908,39.149348],[2.961905,39.149337],[2.961891,39.149295],[2.961885,39.149282],[2.961867,39.149253],[2.961856,39.14924],[2.961838,39.149221],[2.961829,39.149214],[2.961819,39.149209],[2.961811,39.149208],[2.961802,39.149208],[2.961795,39.14921],[2.96179,39.149214],[2.961785,39.149219],[2.961779,39.14923],[2.961767,39.14926],[2.96176,39.14926],[2.961758,39.149262],[2.961743,39.149275],[2.961733,39.149281],[2.96172,39.149287],[2.961714,39.149287],[2.961706,39.149286],[2.961699,39.149283],[2.961688,39.149276],[2.961672,39.149264],[2.961651,39.149245],[2.961629,39.149223],[2.961608,39.149198],[2.961587,39.14917],[2.96158,39.149158],[2.961576,39.149144],[2.961573,39.149129],[2.961571,39.149107],[2.96157,39.149046],[2.961564,39.148949],[2.961561,39.148935],[2.961555,39.148922],[2.961528,39.14885],[2.961526,39.148836],[2.961523,39.148813],[2.961517,39.148767],[2.961513,39.148757],[2.961504,39.148729],[2.961503,39.148719],[2.961504,39.148699],[2.961509,39.148657],[2.961517,39.148551],[2.961516,39.148541],[2.961512,39.148532],[2.961506,39.148524],[2.961498,39.148516],[2.961486,39.148509],[2.961471,39.148501],[2.961457,39.148497],[2.961443,39.148494],[2.961426,39.148492],[2.961408,39.148493],[2.961384,39.148495],[2.961354,39.1485],[2.961288,39.148512],[2.961244,39.148522],[2.961229,39.148527],[2.961217,39.148534],[2.961207,39.148541],[2.961199,39.148549],[2.961168,39.14858],[2.961163,39.148582],[2.961153,39.148583],[2.961141,39.148583],[2.961124,39.148581],[2.961096,39.148576],[2.961066,39.148569],[2.960965,39.148547],[2.960929,39.148541],[2.960909,39.148539],[2.960885,39.148539],[2.960865,39.148541],[2.960844,39.148545],[2.960805,39.148555],[2.960773,39.14856],[2.960762,39.14856],[2.960746,39.148558],[2.960729,39.148554],[2.960717,39.14855],[2.960707,39.148544],[2.960694,39.148533],[2.960643,39.148496],[2.960632,39.148491],[2.9606,39.148473],[2.960587,39.148463],[2.96056,39.148442],[2.960497,39.148387],[2.960473,39.148364],[2.960452,39.148341],[2.96043,39.148313],[2.960416,39.148299],[2.960406,39.148292],[2.960394,39.148286],[2.960384,39.148284],[2.960252,39.148361],[2.960178,39.148364],[2.960176,39.148362],[2.960163,39.148348],[2.960156,39.148337],[2.960147,39.148318],[2.960123,39.148275],[2.960117,39.14827],[2.960109,39.148265],[2.960101,39.148263],[2.960094,39.148263],[2.960087,39.148265],[2.96008,39.148269],[2.960076,39.148274],[2.960073,39.14828],[2.960073,39.148287],[2.960075,39.148295],[2.960079,39.148305],[2.960087,39.148316],[2.960102,39.148333],[2.960113,39.14835],[2.960116,39.148356],[2.960116,39.148365],[2.960113,39.148377],[2.960108,39.148396],[2.960103,39.148403],[2.960096,39.148409],[2.96009,39.148412],[2.960084,39.148413],[2.960077,39.148412],[2.960069,39.148408],[2.960061,39.148403],[2.960052,39.148395],[2.960046,39.148386],[2.960041,39.148375],[2.960037,39.14836],[2.960021,39.148308],[2.960017,39.148306],[2.96001,39.148303],[2.960004,39.148303],[2.959997,39.148304],[2.95999,39.148308],[2.959985,39.148314],[2.95998,39.148321],[2.959978,39.14833],[2.959977,39.148342],[2.959978,39.148356],[2.959982,39.14837],[2.959987,39.148381],[2.959994,39.14839],[2.960005,39.148401],[2.960026,39.148424],[2.96003,39.148432],[2.960036,39.148448],[2.960038,39.148461],[2.960037,39.148473],[2.960034,39.148484],[2.96003,39.148491],[2.960024,39.148497],[2.960016,39.148502],[2.960004,39.148507],[2.959989,39.148511],[2.959972,39.148514],[2.959951,39.148515],[2.959929,39.148515],[2.959908,39.148512],[2.959893,39.148508],[2.959883,39.148504],[2.959875,39.148498],[2.959869,39.148492],[2.959863,39.148481],[2.959859,39.14847],[2.959858,39.148459],[2.959858,39.148443],[2.959857,39.148414],[2.959854,39.148407],[2.95985,39.148404],[2.959845,39.148403],[2.959839,39.148403],[2.95983,39.148405],[2.959818,39.14841],[2.959785,39.148422],[2.959779,39.148421],[2.95977,39.148418],[2.95976,39.148412],[2.959752,39.148405],[2.959746,39.148398],[2.959743,39.148391],[2.959742,39.148383],[2.959744,39.148369],[2.959744,39.148337],[2.959721,39.148287],[2.959717,39.148287],[2.959705,39.148288],[2.959692,39.148292],[2.95968,39.148294],[2.959675,39.148293],[2.959669,39.148289],[2.959664,39.148284],[2.959655,39.148273],[2.959639,39.148255],[2.959631,39.148249],[2.959622,39.148245],[2.959614,39.148244],[2.959606,39.148244],[2.959596,39.148247],[2.959584,39.148252],[2.959546,39.148267],[2.959541,39.148267],[2.959531,39.148264],[2.959519,39.148259],[2.9595,39.148249],[2.959441,39.14822],[2.959436,39.14822],[2.959426,39.148222],[2.959417,39.148225],[2.959406,39.148232],[2.959393,39.148242],[2.959342,39.148277],[2.959333,39.14828],[2.95931,39.148287],[2.959245,39.148304],[2.959181,39.148322],[2.959174,39.148326],[2.959154,39.14834],[2.959079,39.148394],[2.959073,39.1484],[2.959068,39.14841],[2.959064,39.148421],[2.959052,39.148451],[2.959046,39.148458],[2.959033,39.148471],[2.959021,39.14848],[2.959009,39.148486],[2.958997,39.14849],[2.958983,39.148493],[2.958968,39.148494],[2.958943,39.148493],[2.958907,39.148491],[2.958834,39.148483],[2.958762,39.148478],[2.958739,39.148479],[2.958705,39.148481],[2.958679,39.148485],[2.958659,39.14849],[2.95864,39.148496],[2.95862,39.148505],[2.95859,39.14852],[2.958569,39.148533],[2.958545,39.148551],[2.95852,39.148571],[2.958498,39.148592],[2.958309,39.148768],[2.958297,39.148776],[2.958279,39.148786],[2.958259,39.148795],[2.958207,39.148819],[2.958191,39.148829],[2.958178,39.14884],[2.958169,39.148849],[2.958163,39.148859],[2.958159,39.14887],[2.958158,39.148881],[2.958159,39.148894],[2.958163,39.148916],[2.958162,39.148928],[2.95816,39.148934],[2.958154,39.148939],[2.958147,39.148944],[2.958137,39.148948],[2.958128,39.148949],[2.958115,39.14895],[2.958069,39.14895],[2.957934,39.148951],[2.957879,39.148949],[2.957862,39.148947],[2.95785,39.148943],[2.95784,39.148938],[2.957829,39.148931],[2.95782,39.148921],[2.957812,39.148911],[2.957802,39.148895],[2.9578,39.14889],[2.957791,39.14887],[2.957789,39.148861],[2.95779,39.148849],[2.957792,39.148833],[2.957797,39.148822],[2.957803,39.148813],[2.957811,39.148805],[2.957825,39.148795],[2.957863,39.148765],[2.957871,39.148756],[2.957881,39.148742],[2.957887,39.148728],[2.957893,39.148711],[2.957896,39.148696],[2.957897,39.148676],[2.957901,39.148654],[2.957906,39.148635],[2.957916,39.148612],[2.95793,39.148583],[2.957944,39.14856],[2.95796,39.148538],[2.957984,39.148508],[2.958012,39.148477],[2.95803,39.148461],[2.95806,39.148435],[2.958128,39.148376],[2.958134,39.148367],[2.95814,39.148356],[2.958142,39.148347],[2.958142,39.148341],[2.958138,39.148336],[2.958133,39.14833],[2.958124,39.148325],[2.95811,39.148319],[2.958081,39.14831],[2.957999,39.148285],[2.957974,39.148275],[2.957965,39.14827],[2.957956,39.148262],[2.957951,39.148254],[2.957947,39.148243],[2.957945,39.148233],[2.957945,39.14822],[2.957947,39.1482],[2.957952,39.14818],[2.957961,39.14816],[2.957969,39.148146],[2.957983,39.148126],[2.958001,39.148106],[2.95802,39.148087],[2.95804,39.14807],[2.958052,39.148063],[2.958088,39.148039],[2.958092,39.148034],[2.958096,39.148024],[2.958099,39.148013],[2.958099,39.147998],[2.958099,39.147961],[2.9581,39.147909],[2.958103,39.147905],[2.958114,39.147891],[2.958124,39.147882],[2.95814,39.147869],[2.958178,39.147838],[2.958191,39.147825],[2.958215,39.147797],[2.958234,39.147778],[2.958244,39.147771],[2.958261,39.147762],[2.958392,39.147687],[2.958433,39.147661],[2.95844,39.147654],[2.958445,39.147646],[2.958449,39.147636],[2.95845,39.147627],[2.958448,39.147618],[2.958444,39.147608],[2.958439,39.147603],[2.958433,39.147601],[2.958427,39.1476],[2.958415,39.147601],[2.958402,39.147603],[2.958384,39.147609],[2.958365,39.147617],[2.958334,39.147632],[2.958253,39.147673],[2.958107,39.147745],[2.958024,39.147783],[2.95799,39.147797],[2.957895,39.147833],[2.957882,39.147835],[2.957834,39.147843],[2.957794,39.147848],[2.957747,39.147851],[2.95755,39.147894],[2.957472,39.147904],[2.95744,39.147898],[2.95742,39.147885],[2.957415,39.147882],[2.957385,39.147864],[2.957277,39.147799],[2.957259,39.147791],[2.95721,39.147769],[2.957202,39.147768],[2.957184,39.147767],[2.957169,39.147767],[2.95712,39.147768],[2.957108,39.147767],[2.957084,39.147763],[2.95703,39.147753],[2.956956,39.147741],[2.95695,39.147742],[2.956937,39.147745],[2.956918,39.147752],[2.956848,39.147773],[2.956839,39.147775],[2.956815,39.147777],[2.956802,39.147776],[2.956785,39.147774],[2.956754,39.147769],[2.956743,39.147766],[2.956733,39.147761],[2.956718,39.147752],[2.956692,39.147734],[2.956671,39.147718],[2.95666,39.147708],[2.956648,39.147695],[2.956635,39.147677],[2.95662,39.147652],[2.956541,39.147529],[2.956533,39.147512],[2.956523,39.147493],[2.956465,39.147374],[2.956426,39.147301],[2.956393,39.147242],[2.956348,39.147157],[2.956333,39.147124],[2.956322,39.147096],[2.956298,39.147039],[2.956288,39.147011],[2.956283,39.146991],[2.956276,39.146973],[2.956266,39.146938],[2.956258,39.146904],[2.956255,39.146884],[2.956253,39.146856],[2.956252,39.146825],[2.956254,39.146812],[2.956262,39.146762],[2.956267,39.146748],[2.956273,39.146732],[2.956289,39.14669],[2.956288,39.146687],[2.956285,39.14668],[2.956279,39.146674],[2.956271,39.146669],[2.95626,39.146665],[2.956246,39.14666],[2.956236,39.146655],[2.956231,39.146651],[2.956225,39.146644],[2.956219,39.146635],[2.956215,39.146625],[2.956212,39.14661],[2.956208,39.146588],[2.956194,39.14652],[2.956187,39.146491],[2.95617,39.146423],[2.956169,39.146409],[2.956168,39.146381],[2.95617,39.146371],[2.956173,39.146361],[2.95618,39.146347],[2.956193,39.146324],[2.956202,39.146311],[2.956204,39.146306],[2.956204,39.146299],[2.956202,39.146295],[2.956198,39.146289],[2.956191,39.146283],[2.956182,39.146277],[2.956161,39.146262],[2.956154,39.146254],[2.956146,39.146244],[2.956141,39.146234],[2.956139,39.146226],[2.956138,39.146216],[2.956138,39.146199],[2.95614,39.146182],[2.956145,39.146151],[2.956151,39.146102],[2.956152,39.146079],[2.956156,39.146045],[2.956163,39.145999],[2.956167,39.145985],[2.956175,39.145949],[2.956187,39.145905],[2.956201,39.145862],[2.95621,39.145835],[2.956229,39.14578],[2.956232,39.145776],[2.956236,39.145774],[2.956243,39.145773],[2.95625,39.145774],[2.956278,39.145774],[2.956283,39.145773],[2.956293,39.145767],[2.9563,39.145762],[2.956308,39.145754],[2.956315,39.145744],[2.956341,39.145704],[2.956347,39.145692],[2.956351,39.145678],[2.956353,39.145668],[2.956357,39.145609],[2.956356,39.145599],[2.956351,39.145574],[2.956343,39.145542],[2.956337,39.145528],[2.956299,39.145434],[2.95629,39.145416],[2.956282,39.145404],[2.956267,39.145385],[2.956254,39.145371],[2.95621,39.145322],[2.956201,39.14531],[2.956142,39.145228],[2.956132,39.145217],[2.956116,39.145196],[2.95608,39.145153],[2.956066,39.14514],[2.956023,39.145099],[2.956018,39.145096],[2.955993,39.145081],[2.955933,39.145043],[2.955909,39.145026],[2.955842,39.14498],[2.955829,39.144973],[2.955813,39.144963],[2.955807,39.144957],[2.955764,39.144912],[2.95575,39.144895],[2.955732,39.144871],[2.9557,39.144824],[2.955696,39.144816],[2.955685,39.144795],[2.955678,39.144777],[2.955673,39.144761],[2.955653,39.144683],[2.955649,39.144661],[2.955625,39.144513],[2.955626,39.144508],[2.955627,39.144505],[2.95563,39.1445],[2.955633,39.144495],[2.955641,39.144491],[2.955649,39.144487],[2.955667,39.144481],[2.95571,39.144468],[2.955794,39.144442],[2.955911,39.144404],[2.955933,39.144395],[2.955948,39.144388],[2.955984,39.144368],[2.955992,39.144361],[2.956006,39.144347],[2.95608,39.144277],[2.95609,39.14427],[2.956128,39.144247],[2.956151,39.144235],[2.956178,39.144223],[2.956208,39.144211],[2.956229,39.144204],[2.956251,39.144198],[2.956271,39.144192],[2.956337,39.144172],[2.956359,39.144163],[2.956398,39.14415],[2.956455,39.144132],[2.956471,39.144129],[2.956505,39.144123],[2.956542,39.144115],[2.95657,39.144108],[2.956592,39.144101],[2.956602,39.144096],[2.95661,39.14409],[2.956615,39.144084],[2.956618,39.144077],[2.956619,39.14407],[2.956619,39.144062],[2.956617,39.144047],[2.956613,39.144037],[2.956608,39.144027],[2.9566,39.144016],[2.95659,39.144007],[2.95658,39.144],[2.956568,39.143993],[2.956556,39.143989],[2.956545,39.143986],[2.956534,39.143984],[2.956522,39.143985],[2.956504,39.143986],[2.956477,39.143991],[2.956456,39.143995],[2.95644,39.144001],[2.956413,39.144008],[2.956399,39.14401],[2.95639,39.144009],[2.956382,39.144007],[2.956373,39.144003],[2.956361,39.143995],[2.956307,39.14396],[2.956297,39.143949],[2.956276,39.14393],[2.956246,39.14392],[2.956238,39.143916],[2.956235,39.143914],[2.956235,39.143912],[2.956238,39.143907],[2.956243,39.143901],[2.956257,39.143891],[2.956268,39.143879],[2.956274,39.14387],[2.956282,39.143856],[2.956285,39.143846],[2.956285,39.143839],[2.956283,39.14383],[2.956279,39.143821],[2.956274,39.143814],[2.956267,39.143807],[2.956259,39.143802],[2.956249,39.143798],[2.956238,39.143795],[2.956229,39.143795],[2.956219,39.143796],[2.95621,39.143799],[2.956197,39.143804],[2.956179,39.143813],[2.956142,39.143829],[2.956134,39.143831],[2.956117,39.143833],[2.956099,39.143834],[2.956071,39.143833],[2.956061,39.143831],[2.956046,39.143827],[2.956036,39.143823],[2.956031,39.143821],[2.956025,39.143817],[2.956022,39.143813],[2.956021,39.143807],[2.956021,39.143799],[2.956022,39.143783],[2.956027,39.143763],[2.95603,39.143756],[2.956039,39.143744],[2.956048,39.143733],[2.95606,39.143723],[2.95608,39.143703],[2.956085,39.143696],[2.956088,39.143687],[2.956088,39.143681],[2.956086,39.143676],[2.956081,39.143668],[2.956073,39.14366],[2.956064,39.143653],[2.956022,39.143622],[2.955989,39.143595],[2.955976,39.143582],[2.955959,39.143564],[2.955943,39.143543],[2.955936,39.143532],[2.95593,39.143502],[2.955925,39.143465],[2.955898,39.143414],[2.955887,39.143405],[2.955886,39.14339],[2.955887,39.143371],[2.95589,39.143335],[2.955896,39.14329],[2.9559,39.143275],[2.955905,39.143263],[2.955918,39.143238],[2.955952,39.143169],[2.955958,39.143153],[2.95597,39.143126],[2.955979,39.14311],[2.956004,39.143061],[2.956018,39.14304],[2.956035,39.143015],[2.956048,39.143001],[2.956081,39.142966],[2.956093,39.142956],[2.956114,39.142942],[2.956148,39.142919],[2.95617,39.142907],[2.956195,39.142895],[2.956217,39.142886],[2.956282,39.142857],[2.956295,39.142849],[2.95631,39.142839],[2.956321,39.142829],[2.956327,39.142821],[2.956335,39.142808],[2.95634,39.142797],[2.956342,39.142786],[2.956343,39.142776],[2.956342,39.142765],[2.956338,39.142748],[2.956332,39.142725],[2.956326,39.142698],[2.956324,39.14268],[2.956324,39.14268],[2.956324,39.142678],[2.956325,39.142632],[2.956325,39.142627],[2.956325,39.142624],[2.956326,39.14262],[2.956326,39.142617],[2.956328,39.142612],[2.956329,39.142607],[2.956331,39.142602],[2.956333,39.142598],[2.956336,39.142593],[2.956338,39.142588],[2.956341,39.142583],[2.956344,39.142579],[2.956348,39.142572],[2.956353,39.142565],[2.956372,39.142537],[2.956373,39.142535],[2.956386,39.142512],[2.956398,39.142493],[2.956405,39.142483],[2.956411,39.142473],[2.956417,39.142464],[2.956422,39.142457],[2.956426,39.142451],[2.956433,39.142442],[2.956438,39.142435],[2.956443,39.142429],[2.956448,39.142423],[2.956453,39.142417],[2.956458,39.142411],[2.956464,39.142405],[2.956467,39.142401],[2.956472,39.142396],[2.956477,39.142392],[2.956482,39.142387],[2.956487,39.142383],[2.956492,39.142378],[2.956498,39.142374],[2.956503,39.14237],[2.956509,39.142366],[2.956514,39.142362],[2.956523,39.142356],[2.956528,39.142352],[2.956537,39.142347],[2.956546,39.142341],[2.956558,39.142334],[2.956576,39.142323],[2.956583,39.142318],[2.956603,39.142306],[2.956609,39.142302],[2.956618,39.142297],[2.956625,39.142294],[2.956632,39.14229],[2.956639,39.142287],[2.956646,39.142283],[2.956653,39.14228],[2.956658,39.142278],[2.956666,39.142275],[2.956671,39.142273],[2.956676,39.142271],[2.956682,39.142269],[2.956686,39.142268],[2.956689,39.142267],[2.956693,39.142266],[2.956697,39.142266],[2.956702,39.142265],[2.956706,39.142264],[2.956712,39.142263],[2.956716,39.142263],[2.956719,39.142263],[2.956725,39.142263],[2.956729,39.142263],[2.956735,39.142263],[2.956738,39.142263],[2.956744,39.142263],[2.956747,39.142264],[2.956754,39.142264],[2.95676,39.142265],[2.956765,39.142266],[2.95677,39.142267],[2.956774,39.142268],[2.956778,39.142268],[2.956781,39.142269],[2.956784,39.14227],[2.956788,39.142271],[2.956788,39.142271],[2.956801,39.142276],[2.956802,39.142276],[2.956843,39.142291],[2.956857,39.142295],[2.956924,39.142319],[2.95694,39.142326],[2.956962,39.142335],[2.956995,39.142346],[2.957022,39.142357],[2.957046,39.142368],[2.957081,39.142385],[2.957107,39.1424],[2.957124,39.142412],[2.957193,39.14246],[2.957242,39.142493],[2.957264,39.142505],[2.957292,39.14252],[2.957344,39.142545],[2.957358,39.14255],[2.957407,39.142566],[2.957421,39.142569],[2.957461,39.142576],[2.957482,39.142578],[2.957499,39.142579],[2.957512,39.142578],[2.957531,39.142574],[2.95754,39.142571],[2.957546,39.142568],[2.957552,39.142562],[2.957559,39.142554],[2.957567,39.142541],[2.957576,39.142525],[2.957578,39.142516],[2.957579,39.142507],[2.957578,39.142499],[2.957574,39.142493],[2.957569,39.142488],[2.957561,39.142482],[2.957551,39.142477],[2.957535,39.142471],[2.957522,39.142468],[2.957501,39.142463],[2.957432,39.142448],[2.957425,39.142445],[2.957407,39.142436],[2.957396,39.142428],[2.957396,39.142428],[2.957388,39.142421],[2.957382,39.142413],[2.957377,39.142403],[2.957369,39.142384],[2.957362,39.142361],[2.957357,39.14234],[2.957356,39.142325],[2.957355,39.142304],[2.957357,39.142295],[2.957361,39.142287],[2.957366,39.142281],[2.957374,39.142275],[2.957384,39.142269],[2.957403,39.142259],[2.957418,39.142253],[2.957436,39.142248],[2.957456,39.142243],[2.957482,39.142239],[2.957502,39.142237],[2.95753,39.142236],[2.957557,39.142237],[2.957598,39.142239],[2.95763,39.142242],[2.957698,39.142247],[2.957721,39.142248],[2.957746,39.142247],[2.957775,39.142244],[2.957789,39.142241],[2.957827,39.142231],[2.957867,39.14222],[2.9579,39.142209],[2.957934,39.142196],[2.957962,39.142187],[2.957975,39.142185],[2.957999,39.142182],[2.958026,39.14218],[2.958059,39.142178],[2.958108,39.142178],[2.958254,39.142175],[2.958318,39.142175],[2.958377,39.142177],[2.958438,39.142177],[2.958459,39.142176],[2.958484,39.142173],[2.958515,39.142168],[2.958538,39.142163],[2.958649,39.14214],[2.958659,39.142139],[2.958668,39.14214],[2.958677,39.142142],[2.958686,39.142146],[2.958724,39.142161],[2.95873,39.142162],[2.958747,39.142163],[2.958786,39.142164],[2.958795,39.142163],[2.958814,39.142159],[2.958826,39.142155],[2.958846,39.14215],[2.958855,39.142149],[2.958866,39.142149],[2.958873,39.142151],[2.95888,39.142154],[2.958891,39.142161],[2.958909,39.142174],[2.958931,39.142186],[2.958941,39.14219],[2.958956,39.142195],[2.958973,39.142199],[2.958989,39.142201],[2.959014,39.142203],[2.959028,39.142203],[2.959066,39.142204],[2.959073,39.142205],[2.959085,39.14221],[2.959096,39.142216],[2.959106,39.142223],[2.959142,39.142245],[2.959149,39.142248],[2.959161,39.14225],[2.959172,39.142251],[2.959201,39.142255],[2.959208,39.142257],[2.959218,39.142262],[2.959225,39.142267],[2.959248,39.142283],[2.959256,39.142286],[2.959267,39.142289],[2.959279,39.14229],[2.959292,39.14229],[2.959313,39.142289],[2.95936,39.142286],[2.959373,39.142283],[2.959398,39.142277],[2.959407,39.142273],[2.959418,39.142267],[2.959428,39.142259],[2.959433,39.142254],[2.959435,39.142248],[2.959436,39.14224],[2.959435,39.142232],[2.959431,39.142205],[2.959425,39.142181],[2.959421,39.142155],[2.959422,39.142149],[2.959425,39.142142],[2.959428,39.142139],[2.959432,39.142138],[2.959438,39.142137],[2.959451,39.142137],[2.959466,39.142138],[2.959488,39.142142],[2.9596,39.142157],[2.959615,39.142158],[2.959702,39.142163],[2.959712,39.142165],[2.959826,39.142186],[2.959859,39.142191],[2.959899,39.142195],[2.959921,39.142196],[2.960009,39.142201],[2.960036,39.142204],[2.960062,39.142208],[2.960107,39.142214],[2.960132,39.142216],[2.960224,39.142219],[2.960295,39.14222],[2.960307,39.14222],[2.960341,39.142225],[2.960391,39.142234],[2.960417,39.142238],[2.960468,39.142243],[2.960548,39.142249],[2.960601,39.142252],[2.960624,39.142253],[2.960672,39.142252],[2.960703,39.14225],[2.960725,39.142248],[2.960741,39.142245],[2.960758,39.142241],[2.9608,39.142234],[2.960829,39.14223],[2.960879,39.14222],[2.960897,39.142217],[2.960942,39.142211],[2.960964,39.142207],[2.960982,39.142203],[2.960992,39.1422],[2.960999,39.142196],[2.961006,39.142191],[2.961011,39.142185],[2.961023,39.142165],[2.961027,39.142156],[2.961033,39.142148],[2.961038,39.142143],[2.961041,39.142141],[2.961091,39.142132],[2.961108,39.14213],[2.961129,39.142125],[2.961139,39.142122],[2.961175,39.142117],[2.96119,39.142115],[2.961204,39.142113],[2.96122,39.142108],[2.96124,39.1421],[2.961249,39.142095],[2.961266,39.142084],[2.961282,39.142071],[2.961293,39.142061],[2.961302,39.14205],[2.961322,39.142021],[2.961351,39.141975],[2.961358,39.141964],[2.961365,39.141955],[2.961376,39.141946],[2.96138,39.141943],[2.961422,39.141928],[2.961437,39.141924],[2.961446,39.14192],[2.961457,39.141914],[2.961461,39.14191],[2.961506,39.141847],[2.961518,39.141828],[2.961534,39.1418],[2.96154,39.141788],[2.961547,39.141769],[2.961551,39.14175],[2.961553,39.141738],[2.961553,39.141725],[2.961552,39.14172],[2.961526,39.141673],[2.961521,39.141667],[2.96152,39.141661],[2.96152,39.141656],[2.961527,39.141638],[2.961535,39.14162],[2.961543,39.141606],[2.961597,39.141533],[2.961619,39.141504],[2.961641,39.141478],[2.961654,39.141464],[2.961667,39.141452],[2.961713,39.141416],[2.961744,39.141393],[2.961763,39.141378],[2.961771,39.14137],[2.961778,39.141363],[2.961788,39.141344],[2.9618,39.141321],[2.961809,39.141299],[2.961815,39.141277],[2.961822,39.14125],[2.961824,39.141237],[2.961825,39.141206],[2.961825,39.141198],[2.961828,39.141182],[2.96183,39.141174],[2.961839,39.141157],[2.961846,39.141147],[2.96185,39.14114],[2.961852,39.141133],[2.961852,39.141125],[2.961831,39.141033],[2.961817,39.140972],[2.961814,39.140957],[2.961812,39.140935],[2.961812,39.140919],[2.961812,39.140915],[2.961818,39.140904],[2.961826,39.140893],[2.961831,39.140884],[2.961836,39.140871],[2.961838,39.140862],[2.961838,39.140855],[2.961837,39.14085],[2.961833,39.140844],[2.961828,39.14084],[2.961771,39.140806],[2.961762,39.1408],[2.961757,39.140797],[2.961754,39.140793],[2.96175,39.14078],[2.96175,39.140774],[2.961756,39.14073],[2.961758,39.14072],[2.961759,39.140697],[2.961758,39.140689],[2.961773,39.140601],[2.961777,39.140584],[2.961783,39.140564],[2.961791,39.140529],[2.961797,39.14049],[2.961807,39.140407],[2.961809,39.140394],[2.961808,39.140383],[2.961806,39.14037],[2.961804,39.140364],[2.961796,39.140353],[2.961789,39.140341],[2.961755,39.140295],[2.961749,39.140287],[2.961738,39.140277],[2.961727,39.140267],[2.961715,39.140259],[2.961688,39.140238],[2.961671,39.140225],[2.961663,39.14022],[2.961652,39.140215],[2.961642,39.140212],[2.961635,39.140211],[2.961628,39.140211],[2.961623,39.140213],[2.961613,39.140219],[2.961596,39.140234],[2.961577,39.140252],[2.961555,39.140277],[2.961548,39.140284],[2.961533,39.140295],[2.961518,39.140303],[2.961479,39.140322],[2.961422,39.140336],[2.961417,39.140337],[2.961409,39.140341],[2.961406,39.140355],[2.961406,39.140365],[2.961406,39.140375],[2.961406,39.140379],[2.961415,39.140404],[2.961421,39.140419],[2.961425,39.140431],[2.961426,39.140442],[2.961426,39.140452],[2.961415,39.140468],[2.961404,39.140481],[2.961398,39.140487],[2.961376,39.140508],[2.961354,39.140525],[2.961334,39.140541],[2.961309,39.140563],[2.961291,39.14058],[2.961276,39.140591],[2.961265,39.140597],[2.961249,39.140605],[2.961242,39.140605],[2.961232,39.140606],[2.961226,39.140606],[2.961222,39.140605],[2.961219,39.140604],[2.961205,39.140602],[2.961195,39.140598],[2.961141,39.14057],[2.961124,39.140561],[2.961109,39.140552],[2.961074,39.140524],[2.96106,39.140514],[2.961013,39.140473],[2.960982,39.140444],[2.960968,39.140431],[2.960956,39.140421],[2.960915,39.140392],[2.960898,39.140381],[2.960889,39.140374],[2.960886,39.140372],[2.960882,39.140358],[2.960881,39.140356],[2.96088,39.140348],[2.960881,39.140329],[2.960894,39.140283],[2.9609,39.140248],[2.960903,39.140207],[2.960909,39.140185],[2.960914,39.140158],[2.960915,39.140146],[2.960915,39.140124],[2.960935,39.140034],[2.960936,39.140011],[2.960935,39.139989],[2.960934,39.13998],[2.960934,39.139972],[2.960943,39.139944],[2.960948,39.139937],[2.960953,39.139931],[2.960969,39.139913],[2.960989,39.139893],[2.961012,39.139872],[2.961074,39.139821],[2.961088,39.139811],[2.961096,39.139802],[2.961106,39.139791],[2.961112,39.139781],[2.961117,39.13977],[2.961118,39.139764],[2.961118,39.139759],[2.961116,39.139753],[2.961113,39.139747],[2.961091,39.139729],[2.961079,39.13972],[2.961071,39.139715],[2.961063,39.139711],[2.961056,39.139709],[2.96105,39.139709],[2.961044,39.13971],[2.961035,39.139715],[2.96102,39.139727],[2.960993,39.139743],[2.960971,39.139755],[2.960959,39.139761],[2.96095,39.139764],[2.960942,39.139766],[2.960936,39.139766],[2.96093,39.139765],[2.960924,39.139762],[2.960919,39.139758],[2.960915,39.139753],[2.960913,39.139749],[2.960906,39.139736],[2.960904,39.13973],[2.960903,39.139719],[2.960905,39.139701],[2.960906,39.139687],[2.960905,39.139677],[2.960902,39.139666],[2.960898,39.139658],[2.960894,39.139652],[2.960877,39.139638],[2.960833,39.1396],[2.960825,39.139595],[2.960804,39.139582],[2.960787,39.139564],[2.960776,39.139552],[2.960776,39.139551],[2.960763,39.139533],[2.960749,39.139516],[2.960736,39.139503],[2.96072,39.139483],[2.960705,39.139461],[2.960697,39.139451],[2.960665,39.139419],[2.960656,39.139411],[2.960648,39.139405],[2.960642,39.139402],[2.960633,39.1394],[2.960629,39.1394],[2.960596,39.139408],[2.960587,39.139411],[2.960579,39.139412],[2.960571,39.139412],[2.960561,39.13941],[2.960552,39.139407],[2.960543,39.139402],[2.960533,39.139394],[2.960526,39.139387],[2.960521,39.139379],[2.960519,39.139375],[2.960521,39.139352],[2.960522,39.139344],[2.960522,39.139336],[2.96052,39.139329],[2.960515,39.139322],[2.960495,39.139298],[2.960486,39.139289],[2.960473,39.139271],[2.960462,39.139258],[2.960453,39.139249],[2.960444,39.139243],[2.960437,39.139239],[2.960428,39.139236],[2.960416,39.139235],[2.960409,39.139232],[2.960382,39.13923],[2.960369,39.13923],[2.960351,39.139231],[2.96034,39.13923],[2.960331,39.139229],[2.960324,39.139226],[2.960318,39.139221],[2.960312,39.139216],[2.960306,39.139211],[2.960299,39.139205],[2.960294,39.139198],[2.960283,39.139186],[2.960265,39.139146],[2.96026,39.13913],[2.960259,39.139119],[2.960259,39.139111],[2.960264,39.139091],[2.960269,39.139074],[2.960272,39.139065],[2.960272,39.139058],[2.96027,39.139053],[2.960267,39.139046],[2.960262,39.139041],[2.960253,39.139035],[2.960242,39.139029],[2.960208,39.139007],[2.960195,39.138997],[2.960186,39.138993],[2.960177,39.138989],[2.960157,39.138984],[2.960144,39.138982],[2.960131,39.138981],[2.960116,39.138982],[2.960106,39.138984],[2.960075,39.138993],[2.960025,39.13901],[2.960014,39.139014],[2.960007,39.139015],[2.96,39.139015],[2.959995,39.139013],[2.959992,39.13901],[2.95999,39.139004],[2.959987,39.138999],[2.959982,39.138979],[2.959982,39.138967],[2.959982,39.138959],[2.95998,39.138953],[2.959975,39.138946],[2.959968,39.138939],[2.959942,39.13892],[2.959903,39.138895],[2.959901,39.138894],[2.95987,39.138873],[2.959849,39.138862],[2.959824,39.138844],[2.959821,39.138842],[2.959802,39.138823],[2.959793,39.138812],[2.95978,39.138798],[2.959768,39.138787],[2.959734,39.138759],[2.95972,39.13875],[2.959697,39.138734],[2.959661,39.13871],[2.959591,39.138661],[2.959585,39.138654],[2.959577,39.138644],[2.959545,39.138605],[2.959538,39.138599],[2.959518,39.138586],[2.959498,39.138573],[2.959471,39.138555],[2.959465,39.138549],[2.959458,39.138539],[2.959455,39.138532],[2.959453,39.138524],[2.959452,39.138511],[2.959452,39.138481],[2.95945,39.138452],[2.959447,39.138447],[2.959441,39.138441],[2.959435,39.138436],[2.959426,39.138431],[2.959419,39.138428],[2.959413,39.138428],[2.959402,39.138427],[2.95938,39.138429],[2.959357,39.138431],[2.959323,39.138435],[2.959262,39.138442],[2.959229,39.138445],[2.95916,39.138455],[2.959141,39.138457],[2.959122,39.138459],[2.959112,39.138461],[2.959107,39.138462],[2.959101,39.138461],[2.959095,39.138455],[2.959086,39.138446],[2.95908,39.138436],[2.959074,39.138422],[2.959069,39.138409],[2.959067,39.138397],[2.959067,39.138383],[2.959068,39.138353],[2.95907,39.138343],[2.959074,39.138335],[2.95908,39.138326],[2.959087,39.138318],[2.959099,39.138308],[2.959126,39.138288],[2.959155,39.138264],[2.959165,39.138254],[2.959229,39.138191],[2.959238,39.138184],[2.959283,39.138154],[2.959298,39.138145],[2.959363,39.138106],[2.959383,39.138093],[2.959387,39.138088],[2.959389,39.138083],[2.95939,39.138077],[2.959389,39.138071],[2.959386,39.138063],[2.959379,39.13805],[2.959355,39.138006],[2.959355,39.138001],[2.959356,39.137994],[2.959359,39.137988],[2.959362,39.137984],[2.959368,39.137981],[2.959396,39.137961],[2.959399,39.137957],[2.959415,39.13794],[2.959417,39.13794],[2.959423,39.137941],[2.959429,39.137943],[2.959439,39.137948],[2.959456,39.13796],[2.959474,39.137973],[2.959515,39.138002],[2.959527,39.138008],[2.959548,39.138018],[2.959572,39.138027],[2.959653,39.138057],[2.959676,39.138064],[2.95968,39.138065],[2.95969,39.138067],[2.9597,39.138068],[2.959706,39.138069],[2.959719,39.138069],[2.959736,39.138067],[2.959753,39.138064],[2.95977,39.13806],[2.959781,39.138055],[2.959789,39.13805],[2.959834,39.138017],[2.959849,39.138001],[2.959861,39.13799],[2.959872,39.137978],[2.95988,39.137966],[2.95989,39.137948],[2.9599,39.137927],[2.959908,39.137908],[2.959917,39.137889],[2.959952,39.137797],[2.959958,39.137781],[2.959965,39.137767],[2.959971,39.137757],[2.959985,39.137741],[2.959992,39.137733],[2.959997,39.137726],[2.96,39.137721],[2.960008,39.137653],[2.960008,39.137648],[2.960019,39.137625],[2.960023,39.137617],[2.960026,39.137607],[2.960028,39.137595],[2.960028,39.137589],[2.960021,39.137563],[2.960016,39.137549],[2.96,39.137517],[2.95998,39.137431],[2.959947,39.137379],[2.959922,39.137344],[2.959899,39.13731],[2.959889,39.137295],[2.959884,39.137287],[2.959882,39.13728],[2.95988,39.137276],[2.959877,39.13727],[2.959877,39.137268],[2.959885,39.137263],[2.959905,39.137256],[2.959915,39.137252],[2.959921,39.137248],[2.959925,39.137243],[2.95993,39.137235],[2.959933,39.137226],[2.959934,39.137218],[2.959933,39.137206],[2.959929,39.13719],[2.959927,39.137182],[2.959922,39.137175],[2.959911,39.137158],[2.959905,39.137148],[2.959901,39.13714],[2.9599,39.137137],[2.959904,39.137117],[2.959906,39.137112],[2.959906,39.137103],[2.959905,39.137099],[2.959893,39.137082],[2.959893,39.137082],[2.959888,39.137077],[2.959886,39.137074],[2.959887,39.137066],[2.95989,39.137058],[2.95989,39.137054],[2.959888,39.137048],[2.959886,39.137045],[2.95983,39.137008],[2.959814,39.136997],[2.959798,39.136989],[2.959789,39.136985],[2.959779,39.136982],[2.959771,39.136981],[2.959762,39.136982],[2.959754,39.136983],[2.95974,39.136989],[2.959698,39.137012],[2.959677,39.137024],[2.959676,39.137025],[2.959659,39.137037],[2.959639,39.137047],[2.959617,39.137046],[2.959614,39.137045],[2.959606,39.137039],[2.959601,39.137034],[2.959597,39.137027],[2.959594,39.137019],[2.959594,39.137009],[2.959595,39.136999],[2.959598,39.13699],[2.959603,39.136978],[2.959613,39.136964],[2.959621,39.136954],[2.959637,39.136938],[2.959662,39.136915],[2.959687,39.13689],[2.95969,39.136884],[2.959697,39.136869],[2.959698,39.136862],[2.959697,39.136856],[2.959694,39.136852],[2.959689,39.136847],[2.959681,39.136843],[2.959673,39.136841],[2.959665,39.13684],[2.959658,39.13684],[2.95965,39.136842],[2.959641,39.136846],[2.959631,39.136852],[2.95961,39.136863],[2.959606,39.136863],[2.959598,39.136862],[2.959591,39.136859],[2.959581,39.136853],[2.959559,39.136842],[2.959551,39.13684],[2.959535,39.136837],[2.959507,39.136831],[2.959477,39.136827],[2.959469,39.136827],[2.959457,39.136829],[2.959417,39.136835],[2.959394,39.136837],[2.959371,39.136837],[2.959364,39.136836],[2.959356,39.136833],[2.959351,39.136829],[2.95935,39.136826],[2.959351,39.136823],[2.959354,39.136817],[2.959361,39.136798],[2.95936,39.136795],[2.959356,39.136791],[2.959351,39.136787],[2.95934,39.136781],[2.959317,39.136768],[2.959311,39.136763],[2.959302,39.136752],[2.959295,39.136741],[2.95929,39.13673],[2.959286,39.136718],[2.95928,39.136691],[2.95928,39.136686],[2.959283,39.136678],[2.959289,39.136668],[2.959296,39.136653],[2.959296,39.136649],[2.959294,39.136644],[2.95929,39.13664],[2.959285,39.136637],[2.959278,39.136635],[2.959268,39.136634],[2.959245,39.136633],[2.959203,39.136632],[2.95917,39.136633],[2.959142,39.136635],[2.959076,39.136639],[2.959054,39.136638],[2.95904,39.136637],[2.959029,39.136634],[2.959013,39.136628],[2.959,39.136622],[2.958984,39.136613],[2.958969,39.136601],[2.958959,39.136593],[2.958951,39.136583],[2.958948,39.136576],[2.958947,39.136569],[2.958947,39.136561],[2.95895,39.136531],[2.958955,39.136506],[2.958958,39.136477],[2.958958,39.136465],[2.958955,39.136434],[2.958951,39.136416],[2.958947,39.136404],[2.958942,39.136394],[2.958934,39.136383],[2.958926,39.136376],[2.958912,39.136362],[2.958898,39.136353],[2.958889,39.136349],[2.958878,39.136344],[2.958865,39.13634],[2.958851,39.136337],[2.95883,39.136335],[2.958818,39.136333],[2.958805,39.136333],[2.958792,39.136332],[2.958779,39.13633],[2.958766,39.136323],[2.958761,39.136318],[2.958755,39.13631],[2.958748,39.136297],[2.958741,39.136281],[2.958737,39.136269],[2.958736,39.136259],[2.958737,39.136252],[2.958741,39.136245],[2.958745,39.136239],[2.958754,39.136231],[2.958762,39.136226],[2.958773,39.13622],[2.958786,39.136215],[2.958809,39.136208],[2.958856,39.136192],[2.958882,39.136182],[2.958901,39.136173],[2.958932,39.136157],[2.958954,39.136143],[2.958975,39.136129],[2.958991,39.136115],[2.959003,39.136104],[2.959029,39.136081],[2.95904,39.136073],[2.95906,39.136062],[2.959075,39.136054],[2.9591,39.136045],[2.959136,39.136032],[2.959167,39.136023],[2.959191,39.136017],[2.95926,39.135996],[2.959278,39.135989],[2.959293,39.135982],[2.9593,39.135976],[2.959305,39.135971],[2.959307,39.135966],[2.959308,39.13596],[2.959307,39.135953],[2.959302,39.135915],[2.959303,39.135907],[2.959302,39.135894],[2.9593,39.135889],[2.959296,39.135883],[2.959287,39.135875],[2.959253,39.135844],[2.959246,39.13584],[2.959234,39.135835],[2.959143,39.135799],[2.959136,39.135797],[2.959122,39.135796],[2.959084,39.135793],[2.959065,39.135789],[2.959023,39.13578],[2.958972,39.135768],[2.958952,39.135762],[2.958945,39.135758],[2.958939,39.135753],[2.958926,39.135744],[2.958917,39.135739],[2.958902,39.135735],[2.958877,39.135728],[2.958851,39.135722],[2.958798,39.135712],[2.95877,39.135708],[2.958749,39.135707],[2.958725,39.135706],[2.958696,39.135705],[2.958674,39.135702],[2.958656,39.135697],[2.958642,39.135693],[2.958627,39.135686],[2.958593,39.135673],[2.958582,39.135671],[2.95857,39.135669],[2.95856,39.13567],[2.958544,39.135672],[2.958515,39.135674],[2.958505,39.135673],[2.958482,39.13567],[2.958435,39.135664],[2.95842,39.135664],[2.958394,39.135665],[2.95833,39.135669],[2.958316,39.135671],[2.958238,39.135684],[2.958193,39.135687],[2.958176,39.135688],[2.958139,39.135693],[2.958123,39.135695],[2.958093,39.135698],[2.958075,39.135702],[2.958062,39.135704],[2.95803,39.135715],[2.95798,39.135734],[2.957964,39.13574],[2.957935,39.135745],[2.957916,39.135748],[2.957883,39.135745],[2.957847,39.135744],[2.957813,39.135746],[2.957786,39.135749],[2.95773,39.135755],[2.957715,39.135756],[2.957681,39.135759],[2.957587,39.135765],[2.957502,39.135777],[2.957435,39.13579],[2.957393,39.135798],[2.957366,39.135802],[2.957341,39.135804],[2.957327,39.135805],[2.957316,39.135804],[2.95731,39.135803],[2.957304,39.135802],[2.957298,39.1358],[2.957284,39.135798],[2.957269,39.135795],[2.957239,39.135792],[2.957217,39.135791],[2.957177,39.135787],[2.957129,39.135784],[2.957093,39.135781],[2.957061,39.135779],[2.957029,39.135778],[2.95701,39.135777],[2.956957,39.135771],[2.956926,39.13576],[2.956885,39.135742],[2.956854,39.135732],[2.956778,39.135736],[2.956604,39.135768],[2.956549,39.13578],[2.95652,39.135789],[2.956484,39.135795],[2.956442,39.135803],[2.956424,39.135808],[2.95641,39.13581],[2.956398,39.135812],[2.956373,39.135814],[2.956352,39.135815],[2.956334,39.135818],[2.956319,39.135821],[2.956266,39.135825],[2.95624,39.135823],[2.95621,39.135822],[2.956169,39.13582],[2.956142,39.135816],[2.956107,39.135811],[2.956039,39.1358],[2.955982,39.135793],[2.955913,39.135788],[2.955871,39.135786],[2.955799,39.135783],[2.95568,39.135776],[2.955636,39.135763],[2.955593,39.135749],[2.955559,39.135739],[2.955515,39.135726],[2.955495,39.135721],[2.955476,39.135718],[2.955467,39.135718],[2.955456,39.135719],[2.955445,39.135722],[2.955434,39.135727],[2.955423,39.135734],[2.955407,39.135744],[2.955396,39.135754],[2.955384,39.135766],[2.955375,39.135778],[2.955366,39.135792],[2.955358,39.135808],[2.955338,39.135853],[2.955327,39.135873],[2.955323,39.135877],[2.955315,39.135881],[2.955311,39.135882],[2.955304,39.135882],[2.955297,39.13588],[2.955288,39.135877],[2.955253,39.135864],[2.955243,39.135862],[2.95523,39.135861],[2.955219,39.135859],[2.955216,39.135856],[2.955211,39.135851],[2.955208,39.135846],[2.955208,39.13584],[2.955201,39.135803],[2.955198,39.1358],[2.955192,39.135795],[2.955185,39.135791],[2.955177,39.135789],[2.955171,39.135789],[2.955164,39.13579],[2.955157,39.135793],[2.955152,39.135797],[2.955145,39.135805],[2.955139,39.135815],[2.955137,39.135822],[2.955128,39.135845],[2.955124,39.135849],[2.955118,39.135853],[2.95511,39.135856],[2.955081,39.135871],[2.955078,39.135874],[2.955073,39.13588],[2.955069,39.135887],[2.955067,39.135893],[2.955065,39.135903],[2.955063,39.135917],[2.955073,39.135978],[2.955092,39.136009],[2.955094,39.136019],[2.955101,39.136033],[2.955103,39.13604],[2.955105,39.136045],[2.955105,39.136054],[2.955104,39.136063],[2.955092,39.136074],[2.955083,39.13608],[2.955077,39.136082],[2.955071,39.136083],[2.955059,39.136082],[2.955045,39.136081],[2.955032,39.136078],[2.955016,39.136073],[2.954983,39.136061],[2.954968,39.136054],[2.954837,39.135994],[2.954829,39.135992],[2.954812,39.13599],[2.954788,39.135988],[2.954748,39.135987],[2.954669,39.135985],[2.954656,39.135987],[2.954644,39.135989],[2.954635,39.135993],[2.954622,39.135999],[2.954613,39.136006],[2.954574,39.136025],[2.954571,39.136025],[2.954559,39.136022],[2.954553,39.13602],[2.954544,39.136017],[2.954528,39.136011],[2.954512,39.136006],[2.954501,39.136002],[2.954449,39.135984],[2.954434,39.135978],[2.954411,39.135965],[2.954405,39.135959],[2.954401,39.135952],[2.954399,39.135945],[2.954398,39.135938],[2.9544,39.135931],[2.954404,39.135922],[2.95441,39.135913],[2.954421,39.135899],[2.954436,39.135883],[2.954463,39.135851],[2.954473,39.135837],[2.954479,39.135826],[2.954483,39.135813],[2.954508,39.13575],[2.954513,39.135742],[2.954524,39.13573],[2.95454,39.135713],[2.95455,39.135705],[2.954561,39.135698],[2.954576,39.13569],[2.954601,39.13568],[2.954639,39.135663],[2.954647,39.135657],[2.954657,39.135649],[2.954662,39.135643],[2.954665,39.135635],[2.954666,39.135628],[2.954666,39.135618],[2.954664,39.135602],[2.95466,39.135585],[2.954656,39.135574],[2.95465,39.135565],[2.954644,39.135559],[2.954636,39.135553],[2.954627,39.13555],[2.954619,39.135548],[2.954611,39.135548],[2.954602,39.135549],[2.954589,39.135553],[2.954568,39.13556],[2.954552,39.135566],[2.954514,39.135582],[2.954505,39.135583],[2.954491,39.135584],[2.95448,39.135584],[2.954465,39.135581],[2.95445,39.135576],[2.954442,39.135572],[2.954426,39.135563],[2.954419,39.135558],[2.954414,39.135551],[2.954409,39.135541],[2.954406,39.13553],[2.954405,39.135521],[2.954406,39.135509],[2.954408,39.135497],[2.954414,39.135462],[2.954413,39.135456],[2.954409,39.135446],[2.954405,39.135439],[2.954399,39.135433],[2.95439,39.135427],[2.95438,39.135421],[2.95437,39.135417],[2.954353,39.135413],[2.954323,39.135403],[2.954317,39.1354],[2.954307,39.135392],[2.954299,39.135383],[2.954292,39.135374],[2.954263,39.135336],[2.954252,39.135325],[2.954226,39.135301],[2.954174,39.13525],[2.954166,39.135239],[2.954155,39.135223],[2.954125,39.13518],[2.954067,39.135096],[2.95406,39.135083],[2.954053,39.135065],[2.954049,39.135051],[2.954045,39.135032],[2.954045,39.135018],[2.954037,39.134908],[2.954034,39.134899],[2.954027,39.134879],[2.95402,39.134865],[2.954008,39.134847],[2.953983,39.134802],[2.953979,39.134792],[2.953974,39.134776],[2.953972,39.13476],[2.953972,39.134748],[2.953971,39.134723],[2.953969,39.134661],[2.95397,39.134651],[2.953974,39.134638],[2.953978,39.134628],[2.953984,39.13462],[2.953993,39.134611],[2.954002,39.134603],[2.954023,39.134589],[2.954063,39.13456],[2.954067,39.134555],[2.954076,39.134541],[2.954089,39.134519],[2.954126,39.134453],[2.954138,39.13443],[2.954145,39.134408],[2.954146,39.134401],[2.954146,39.134387],[2.954144,39.134377],[2.95414,39.134363],[2.954126,39.134312],[2.954123,39.134294],[2.954122,39.134271],[2.954119,39.134225],[2.954116,39.134186],[2.954113,39.134175],[2.954107,39.134147],[2.954095,39.134076],[2.954096,39.134071],[2.9541,39.134062],[2.954106,39.134051],[2.954115,39.134041],[2.954126,39.134024],[2.95413,39.134015],[2.954132,39.134005],[2.954132,39.133996],[2.954129,39.133983],[2.954125,39.133969],[2.954116,39.13393],[2.954101,39.133879],[2.954098,39.133873],[2.954089,39.133862],[2.95408,39.133855],[2.954072,39.13385],[2.954054,39.133841],[2.954025,39.133825],[2.953997,39.133807],[2.953986,39.133798],[2.953975,39.133788],[2.953964,39.133773],[2.95394,39.133742],[2.953931,39.133727],[2.953918,39.133703],[2.953902,39.133667],[2.953866,39.133594],[2.95386,39.133586],[2.953851,39.133577],[2.953841,39.133569],[2.953825,39.13356],[2.953812,39.133554],[2.953795,39.133548],[2.953775,39.133542],[2.953758,39.133539],[2.953731,39.133532],[2.95372,39.133528],[2.953679,39.13351],[2.953669,39.133504],[2.953646,39.133489],[2.953631,39.133477],[2.953621,39.133467],[2.953612,39.133455],[2.953586,39.13342],[2.953557,39.133377],[2.953548,39.133361],[2.95354,39.133342],[2.95353,39.133316],[2.95352,39.133283],[2.953518,39.133272],[2.953514,39.133234],[2.953512,39.133197],[2.953512,39.13315],[2.953513,39.133137],[2.953517,39.133123],[2.953524,39.133106],[2.95353,39.133093],[2.953541,39.133069],[2.953554,39.133045],[2.953568,39.133021],[2.953583,39.132993],[2.95361,39.132939],[2.953618,39.13292],[2.953626,39.132894],[2.95363,39.132876],[2.95364,39.132843],[2.953645,39.132832],[2.953653,39.13282],[2.953658,39.132814],[2.953667,39.132808],[2.953675,39.132805],[2.953687,39.132802],[2.953699,39.1328],[2.953716,39.132798],[2.953748,39.132797],[2.95377,39.132798],[2.953789,39.1328],[2.953808,39.132804],[2.953848,39.13281],[2.953861,39.132811],[2.953881,39.13281],[2.953953,39.13281],[2.953965,39.132811],[2.953978,39.132815],[2.954006,39.132823],[2.954025,39.132827],[2.954039,39.132828],[2.954055,39.132828],[2.954071,39.132827],[2.95409,39.132824],[2.954103,39.13282],[2.954112,39.132816],[2.954132,39.132806],[2.954137,39.132803],[2.954148,39.13279],[2.954156,39.13278],[2.954164,39.132768],[2.954169,39.132756],[2.954173,39.132744],[2.954175,39.132732],[2.954174,39.132724],[2.954171,39.132718],[2.954167,39.132713],[2.954162,39.132709],[2.954156,39.132707],[2.954146,39.132704],[2.954138,39.132704],[2.954129,39.132705],[2.954095,39.132706],[2.954089,39.132704],[2.954059,39.132691],[2.954048,39.132683],[2.954039,39.132678],[2.954019,39.132678],[2.954006,39.132681],[2.954003,39.132678],[2.953999,39.132671],[2.953995,39.132661],[2.953994,39.132653],[2.953994,39.132644],[2.953997,39.132632],[2.954012,39.132582],[2.954025,39.13253],[2.954024,39.132522],[2.954022,39.132511],[2.954019,39.132502],[2.954013,39.132493],[2.954006,39.132484],[2.953988,39.132466],[2.953974,39.132449],[2.95397,39.132442],[2.953968,39.132434],[2.953968,39.132425],[2.953969,39.132407],[2.953972,39.132398],[2.953975,39.132393],[2.953981,39.132387],[2.954004,39.132367],[2.95401,39.132364],[2.954023,39.132358],[2.954031,39.132354],[2.954054,39.132341],[2.954059,39.132341],[2.95407,39.13234],[2.954103,39.132341],[2.954124,39.132341],[2.954133,39.132339],[2.954141,39.132336],[2.954147,39.132331],[2.954153,39.132325],[2.954156,39.132319],[2.954157,39.132313],[2.954157,39.132306],[2.954155,39.1323],[2.95415,39.132294],[2.954144,39.132289],[2.954137,39.132284],[2.954128,39.13228],[2.954118,39.132278],[2.954107,39.132277],[2.954095,39.132278],[2.954059,39.132278],[2.954051,39.132276],[2.954037,39.132273],[2.954026,39.132268],[2.953952,39.132234],[2.953949,39.132231],[2.953943,39.132223],[2.95394,39.132215],[2.953939,39.132206],[2.953939,39.132196],[2.953941,39.132184],[2.953944,39.132152],[2.953942,39.132148],[2.953938,39.132142],[2.953932,39.132137],[2.953925,39.132134],[2.953919,39.132132],[2.95391,39.132132],[2.953902,39.132133],[2.953896,39.132136],[2.953891,39.13214],[2.953886,39.132145],[2.953876,39.132159],[2.953831,39.132218],[2.953827,39.132221],[2.953818,39.132226],[2.95381,39.132228],[2.953799,39.132229],[2.953787,39.132229],[2.953774,39.132227],[2.953762,39.132224],[2.953748,39.132219],[2.953735,39.132213],[2.953726,39.132206],[2.953716,39.132197],[2.953702,39.132184],[2.953692,39.132171],[2.953686,39.13216],[2.953681,39.132148],[2.953677,39.132133],[2.953675,39.13212],[2.953675,39.132108],[2.953677,39.13209],[2.953681,39.132079],[2.953686,39.13207],[2.953691,39.132064],[2.953698,39.132058],[2.953705,39.132055],[2.953713,39.132053],[2.953722,39.132052],[2.953732,39.132053],[2.953747,39.132056],[2.953761,39.13206],[2.953796,39.132069],[2.953805,39.132069],[2.953817,39.132068],[2.953829,39.132066],[2.953838,39.132062],[2.953845,39.132058],[2.953851,39.132052],[2.953856,39.132046],[2.953858,39.132039],[2.953859,39.13203],[2.953859,39.132016],[2.953857,39.131998],[2.953854,39.131984],[2.953848,39.131971],[2.953839,39.131955],[2.953833,39.131947],[2.953823,39.131939],[2.953813,39.131932],[2.953799,39.131925],[2.953788,39.131921],[2.953776,39.131918],[2.953747,39.13191],[2.953744,39.131907],[2.953742,39.131903],[2.953742,39.131898],[2.953744,39.131893],[2.95375,39.131885],[2.953766,39.131864],[2.953776,39.131849],[2.953777,39.131843],[2.953777,39.131837],[2.953774,39.131829],[2.95377,39.131821],[2.953763,39.131814],[2.953756,39.131808],[2.953743,39.1318],[2.953707,39.131775],[2.953697,39.131766],[2.953686,39.131754],[2.953671,39.131736],[2.953662,39.13172],[2.953657,39.13171],[2.953656,39.131704],[2.953657,39.131696],[2.95366,39.131688],[2.953665,39.131678],[2.953672,39.13166],[2.953672,39.131654],[2.953671,39.131643],[2.953668,39.131634],[2.953663,39.131625],[2.953651,39.131608],[2.953634,39.131579],[2.953632,39.131572],[2.95363,39.13156],[2.95363,39.131547],[2.953632,39.131538],[2.953636,39.131532],[2.953642,39.131524],[2.953652,39.131516],[2.953668,39.131503],[2.953693,39.131482],[2.953701,39.131474],[2.953708,39.131463],[2.953711,39.131455],[2.953712,39.131448],[2.953711,39.131441],[2.953708,39.131435],[2.9537,39.131424],[2.953685,39.131398],[2.953681,39.131388],[2.953665,39.131353],[2.953648,39.131312],[2.953645,39.131302],[2.953645,39.131292],[2.953646,39.131278],[2.953649,39.131266],[2.953659,39.131215],[2.953659,39.131202],[2.953658,39.131185],[2.953655,39.131159],[2.953653,39.131133],[2.953654,39.131116],[2.953657,39.131098],[2.95366,39.131087],[2.953665,39.131078],[2.953672,39.131068],[2.953683,39.131056],[2.953693,39.131048],[2.953705,39.13104],[2.953717,39.131035],[2.953745,39.131019],[2.953751,39.131014],[2.953757,39.131005],[2.953761,39.130998],[2.953762,39.130989],[2.953763,39.130979],[2.953761,39.130965],[2.953755,39.130896],[2.953756,39.130886],[2.953761,39.130857],[2.953764,39.130847],[2.95377,39.130836],[2.953779,39.130825],[2.953789,39.130815],[2.953796,39.13081],[2.953806,39.130805],[2.953818,39.1308],[2.953829,39.130798],[2.953845,39.130796],[2.95388,39.130791],[2.953902,39.130786],[2.953916,39.130781],[2.953941,39.130771],[2.953963,39.130763],[2.954,39.13075],[2.95401,39.130748],[2.954023,39.130746],[2.954033,39.130747],[2.95405,39.130749],[2.954105,39.130757],[2.954127,39.130759],[2.954139,39.130758],[2.954162,39.130756],[2.954189,39.130752],[2.954212,39.130746],[2.954229,39.130741],[2.954246,39.130734],[2.954278,39.130719],[2.95429,39.130712],[2.95433,39.130686],[2.954344,39.130675],[2.954387,39.130639],[2.954466,39.130571],[2.954533,39.130516],[2.95454,39.130512],[2.954557,39.130506],[2.954574,39.1305],[2.95461,39.130488],[2.95462,39.130483],[2.954639,39.130471],[2.95466,39.130456],[2.954671,39.130447],[2.954684,39.130434],[2.954717,39.130397],[2.954762,39.13035],[2.95477,39.130344],[2.954816,39.130308],[2.954821,39.130302],[2.954827,39.130291],[2.954863,39.130238],[2.954869,39.130231],[2.954882,39.13022],[2.954924,39.130187],[2.954935,39.13018],[2.955001,39.130137],[2.955013,39.130127],[2.955047,39.130098],[2.955058,39.130087],[2.955086,39.130054],[2.95514,39.12999],[2.955207,39.129909],[2.955246,39.129858],[2.955257,39.129842],[2.955275,39.12981],[2.955304,39.129764],[2.955314,39.129751],[2.955359,39.129697],[2.95537,39.129686],[2.955386,39.129673],[2.955406,39.129654],[2.95541,39.129642],[2.955429,39.129606],[2.955436,39.129597],[2.955476,39.129542],[2.955487,39.12953],[2.955521,39.129495],[2.955539,39.129478],[2.955575,39.129449],[2.955607,39.129424],[2.955733,39.129328],[2.955743,39.129323],[2.955769,39.12931],[2.955802,39.129296],[2.955812,39.129294],[2.955833,39.12929],[2.955888,39.12928],[2.955923,39.129276],[2.956058,39.129256],[2.956067,39.129253],[2.956078,39.129248],[2.956094,39.129239],[2.956161,39.129198],[2.956175,39.129188],[2.956192,39.129173],[2.95621,39.129156],[2.956237,39.129128],[2.956247,39.129115],[2.95626,39.129096],[2.956282,39.129059],[2.956288,39.129047],[2.956293,39.129032],[2.956295,39.129018],[2.956296,39.129002],[2.956296,39.128977],[2.956294,39.128948],[2.956291,39.128854],[2.956292,39.128843],[2.956295,39.128831],[2.956305,39.128803],[2.956311,39.128791],[2.956316,39.128776],[2.956325,39.128758],[2.956332,39.128748],[2.95634,39.128738],[2.956348,39.128732],[2.956358,39.128726],[2.956381,39.128715],[2.956406,39.128701],[2.956448,39.128675],[2.956469,39.128661],[2.956543,39.128612],[2.956596,39.128575],[2.956671,39.12852],[2.956717,39.128489],[2.956743,39.128473],[2.956806,39.128433],[2.956851,39.128402],[2.956869,39.128388],[2.956889,39.128374],[2.956922,39.128351],[2.956945,39.128336],[2.956969,39.128322],[2.95703,39.128289],[2.95705,39.12828],[2.957085,39.128266],[2.957102,39.128261],[2.957164,39.12824],[2.957177,39.128234],[2.957192,39.128225],[2.957203,39.128217],[2.957222,39.128201],[2.957242,39.128182],[2.957262,39.12816],[2.957298,39.12812],[2.957302,39.128113],[2.957342,39.128045],[2.957349,39.128029],[2.957352,39.12802],[2.957355,39.127999],[2.957362,39.127967],[2.957367,39.127951],[2.957376,39.127931],[2.957389,39.127894],[2.957394,39.127878],[2.9574,39.12786],[2.95741,39.127838],[2.957415,39.12783],[2.957422,39.127824],[2.95743,39.12782],[2.957439,39.127816],[2.957462,39.127808],[2.957514,39.127788],[2.957519,39.127784],[2.957527,39.127777],[2.957537,39.127766],[2.957547,39.127752],[2.957552,39.127743],[2.957555,39.127734],[2.957559,39.127713],[2.957561,39.127691],[2.957562,39.12767],[2.95756,39.127647],[2.957557,39.127623],[2.957554,39.127611],[2.957548,39.127598],[2.957543,39.127591],[2.957538,39.127586],[2.957531,39.127582],[2.957523,39.127579],[2.957516,39.127578],[2.957509,39.127579],[2.957501,39.127582],[2.957494,39.127585],[2.957486,39.127591],[2.957443,39.12762],[2.957437,39.127622],[2.957421,39.127626],[2.957403,39.127629],[2.957379,39.127632],[2.957296,39.12764],[2.957273,39.12764],[2.957192,39.127642],[2.957172,39.12764],[2.957089,39.127634],[2.957071,39.127631],[2.95705,39.127626],[2.957027,39.127619],[2.957007,39.127612],[2.956988,39.127603],[2.956977,39.127596],[2.95697,39.12759],[2.956962,39.127581],[2.956955,39.127571],[2.956949,39.127559],[2.956946,39.127548],[2.956943,39.127534],[2.956942,39.127517],[2.956943,39.127499],[2.956946,39.127469],[2.95695,39.127456],[2.956958,39.12743],[2.956964,39.127405],[2.956973,39.127378],[2.956977,39.127369],[2.956985,39.127359],[2.956992,39.127351],[2.957002,39.127344],[2.957012,39.127339],[2.957025,39.127334],[2.957038,39.127331],[2.957053,39.127329],[2.957072,39.127327],[2.957088,39.127328],[2.957121,39.12733],[2.957198,39.127337],[2.957216,39.12734],[2.957239,39.127346],[2.957251,39.127351],[2.957281,39.12736],[2.957295,39.127362],[2.957308,39.127364],[2.957327,39.127364],[2.957341,39.127362],[2.957355,39.127359],[2.957373,39.127354],[2.957523,39.127308],[2.957532,39.127304],[2.957544,39.127296],[2.957558,39.127285],[2.957572,39.127272],[2.957602,39.127242],[2.957665,39.127178],[2.957678,39.127163],[2.957732,39.127095],[2.957783,39.127032],[2.957794,39.127022],[2.957833,39.126988],[2.957859,39.126963],[2.957862,39.126957],[2.957864,39.12695],[2.957863,39.126944],[2.957861,39.126938],[2.957856,39.126931],[2.957848,39.126924],[2.957839,39.126918],[2.957818,39.126905],[2.957805,39.1269],[2.95779,39.126895],[2.957754,39.126885],[2.957733,39.12688],[2.957705,39.126872],[2.957697,39.126868],[2.957661,39.12685],[2.957633,39.126834],[2.957606,39.12682],[2.957594,39.126816],[2.957558,39.126804],[2.957548,39.126803],[2.957536,39.126802],[2.957522,39.126803],[2.957503,39.126806],[2.957491,39.126809],[2.957476,39.126815],[2.957467,39.12682],[2.957448,39.126833],[2.957397,39.126869],[2.957372,39.126885],[2.957344,39.126904],[2.957332,39.12691],[2.957234,39.126961],[2.957221,39.126969],[2.957196,39.126988],[2.957178,39.126999],[2.95717,39.127001],[2.95716,39.127003],[2.957153,39.127003],[2.957144,39.127001],[2.957135,39.126998],[2.95712,39.126991],[2.957049,39.126957],[2.957016,39.126944],[2.956973,39.126924],[2.956967,39.12692],[2.956962,39.126913],[2.95696,39.126908],[2.956959,39.1269],[2.956959,39.126882],[2.956957,39.126869],[2.956954,39.126858],[2.956949,39.126849],[2.956942,39.126842],[2.956934,39.126835],[2.956922,39.126827],[2.956896,39.126812],[2.956883,39.126806],[2.956869,39.126801],[2.956842,39.126794],[2.956828,39.126792],[2.956816,39.126792],[2.956752,39.126788],[2.956745,39.126786],[2.956735,39.126781],[2.956728,39.126776],[2.956722,39.126769],[2.956716,39.126761],[2.956709,39.126747],[2.956694,39.126722],[2.95669,39.126718],[2.956681,39.126713],[2.95667,39.126709],[2.956653,39.126704],[2.956642,39.126703],[2.95663,39.126703],[2.956614,39.126705],[2.956584,39.126709],[2.956558,39.126711],[2.956546,39.126711],[2.956531,39.126709],[2.956507,39.126704],[2.956489,39.126699],[2.956473,39.126693],[2.956321,39.126636],[2.956302,39.126627],[2.956286,39.126622],[2.956282,39.126622],[2.956275,39.126623],[2.956264,39.126628],[2.95623,39.12664],[2.956225,39.12664],[2.956216,39.126638],[2.956206,39.126634],[2.956196,39.126629],[2.956185,39.126622],[2.956177,39.126615],[2.956142,39.126584],[2.95611,39.126558],[2.956098,39.12655],[2.956084,39.126542],[2.956048,39.126525],[2.956025,39.126516],[2.955963,39.12649],[2.955947,39.126481],[2.955932,39.126472],[2.955917,39.12646],[2.955893,39.12644],[2.955885,39.126431],[2.955881,39.126427],[2.955866,39.126409],[2.955857,39.126395],[2.955848,39.12638],[2.955834,39.126351],[2.95583,39.126339],[2.955828,39.126325],[2.955828,39.126313],[2.95583,39.126298],[2.955836,39.126271],[2.95584,39.12626],[2.955847,39.126244],[2.955857,39.126229],[2.95587,39.126203],[2.955872,39.126195],[2.955872,39.126189],[2.955869,39.126182],[2.955866,39.126176],[2.955858,39.126168],[2.95585,39.126162],[2.955835,39.126153],[2.955812,39.126141],[2.955781,39.126123],[2.955772,39.126116],[2.955757,39.126101],[2.955746,39.126088],[2.955738,39.126077],[2.955732,39.126065],[2.955729,39.126055],[2.955728,39.126044],[2.955728,39.12603],[2.95573,39.12601],[2.955733,39.125996],[2.95574,39.125976],[2.955774,39.125877],[2.955779,39.125868],[2.955795,39.125842],[2.955817,39.125811],[2.955862,39.12575],[2.955876,39.125733],[2.955896,39.125712],[2.955927,39.125682],[2.955948,39.125664],[2.95597,39.125647],[2.955985,39.125638],[2.95601,39.12562],[2.956025,39.125608],[2.956033,39.125598],[2.956036,39.125593],[2.956037,39.125588],[2.956035,39.125582],[2.956032,39.125577],[2.956025,39.125569],[2.956015,39.125561],[2.955998,39.125548],[2.955991,39.125545],[2.955982,39.125543],[2.955969,39.125541],[2.95596,39.125541],[2.955947,39.125543],[2.955926,39.125548],[2.955892,39.125557],[2.955878,39.125562],[2.955827,39.125583],[2.955773,39.125607],[2.955763,39.125613],[2.955731,39.125634],[2.955721,39.125643],[2.955678,39.125678],[2.95566,39.125691],[2.955597,39.125733],[2.955579,39.125744],[2.955468,39.125805],[2.955445,39.125816],[2.955418,39.125828],[2.955379,39.125842],[2.955334,39.125858],[2.955315,39.125863],[2.955298,39.125866],[2.955243,39.125874],[2.95523,39.125875],[2.955198,39.125875],[2.955185,39.125874],[2.95516,39.12587],[2.955131,39.125864],[2.954985,39.125834],[2.954924,39.125824],[2.954861,39.125814],[2.954728,39.125792],[2.954701,39.125786],[2.954685,39.125781],[2.954676,39.125776],[2.954662,39.125768],[2.954638,39.125751],[2.954583,39.125711],[2.954485,39.125638],[2.954477,39.12563],[2.954406,39.125559],[2.954391,39.125547],[2.954308,39.125475],[2.95428,39.125449],[2.954178,39.125351],[2.954143,39.125316],[2.954064,39.125234],[2.954061,39.125228],[2.954055,39.125214],[2.954045,39.125186],[2.954027,39.125142],[2.954008,39.125099],[2.953997,39.125078],[2.953989,39.125067],[2.953982,39.125061],[2.953973,39.125055],[2.95396,39.125048],[2.953948,39.125043],[2.953935,39.12504],[2.953921,39.125039],[2.953909,39.125039],[2.953892,39.12504],[2.953877,39.125043],[2.953861,39.125048],[2.953848,39.125053],[2.953837,39.125059],[2.953815,39.125073],[2.953807,39.12508],[2.953795,39.125092],[2.953786,39.125104],[2.953775,39.125121],[2.953769,39.125132],[2.953764,39.125149],[2.95376,39.125165],[2.953754,39.125196],[2.953727,39.125359],[2.953712,39.125439],[2.953706,39.125464],[2.953699,39.125482],[2.953693,39.125504],[2.953691,39.125521],[2.95369,39.125534],[2.953692,39.125548],[2.953695,39.125563],[2.953704,39.125591],[2.953709,39.125604],[2.953741,39.125681],[2.953741,39.125686],[2.953739,39.125699],[2.953737,39.125726],[2.953739,39.125736],[2.953742,39.125749],[2.953746,39.125759],[2.953754,39.125772],[2.953765,39.125787],[2.953778,39.125802],[2.953812,39.125839],[2.953873,39.125902],[2.953884,39.125911],[2.953921,39.125939],[2.953948,39.125958],[2.95397,39.125972],[2.953984,39.125982],[2.954028,39.126017],[2.954039,39.126028],[2.954063,39.126053],[2.95407,39.126063],[2.954071,39.126069],[2.954073,39.126079],[2.954073,39.126082],[2.954076,39.126112],[2.954085,39.126154],[2.95409,39.126194],[2.954089,39.126206],[2.954085,39.126252],[2.954082,39.126264],[2.954075,39.126284],[2.95407,39.126305],[2.954069,39.126316],[2.95407,39.126328],[2.954073,39.126343],[2.95408,39.126371],[2.954083,39.126393],[2.954082,39.126398],[2.954076,39.126415],[2.95407,39.126437],[2.954067,39.126454],[2.954057,39.126503],[2.954051,39.126522],[2.95404,39.126568],[2.954031,39.126611],[2.95403,39.126624],[2.954029,39.126662],[2.954031,39.12667],[2.954034,39.12669],[2.954033,39.126697],[2.954026,39.126759],[2.954027,39.126765],[2.954031,39.126776],[2.954035,39.126781],[2.954042,39.126788],[2.95405,39.126794],[2.954065,39.126802],[2.954089,39.126814],[2.954104,39.126823],[2.954112,39.12683],[2.954117,39.126836],[2.95412,39.126843],[2.954122,39.126853],[2.954123,39.126865],[2.954123,39.126884],[2.95412,39.126897],[2.954116,39.126908],[2.954111,39.126916],[2.954102,39.126926],[2.954091,39.126937],[2.95408,39.126945],[2.954072,39.126949],[2.954058,39.126952],[2.954035,39.126957],[2.954021,39.126962],[2.954014,39.126966],[2.954005,39.126974],[2.953995,39.126984],[2.953986,39.126996],[2.953979,39.127006],[2.953973,39.12702],[2.953956,39.12706],[2.95394,39.127095],[2.953934,39.127103],[2.953922,39.127123],[2.953896,39.127164],[2.953891,39.127169],[2.953878,39.127179],[2.953863,39.127188],[2.953852,39.127193],[2.953837,39.127199],[2.953815,39.127205],[2.953768,39.12722],[2.95376,39.127224],[2.953751,39.127231],[2.95374,39.127241],[2.953703,39.127275],[2.953699,39.12728],[2.953697,39.127288],[2.953695,39.127298],[2.953688,39.127326],[2.953685,39.127333],[2.953679,39.12734],[2.953672,39.127345],[2.953664,39.127349],[2.953656,39.127351],[2.953648,39.127352],[2.953639,39.127351],[2.953627,39.127349],[2.95361,39.127344],[2.953597,39.127338],[2.953577,39.127328],[2.95356,39.127322],[2.95354,39.127316],[2.953516,39.12731],[2.953497,39.127307],[2.953438,39.127299],[2.953427,39.127299],[2.953409,39.1273],[2.953392,39.127303],[2.953376,39.127307],[2.953357,39.127313],[2.953345,39.127319],[2.953331,39.127327],[2.95331,39.12734],[2.953303,39.127347],[2.95329,39.127361],[2.953264,39.127386],[2.953255,39.127392],[2.953241,39.127401],[2.953228,39.127407],[2.953216,39.127411],[2.953205,39.127413],[2.953192,39.127414],[2.953178,39.127413],[2.953157,39.127411],[2.95314,39.127408],[2.953126,39.127404],[2.953113,39.127399],[2.953076,39.127385],[2.95307,39.127385],[2.953049,39.127384],[2.953038,39.127385],[2.952992,39.12739],[2.952959,39.127396],[2.952939,39.127397],[2.952828,39.127406],[2.952815,39.127406],[2.952797,39.127404],[2.952779,39.127401],[2.952767,39.127397],[2.952758,39.127392],[2.952747,39.127385],[2.952712,39.127364],[2.952704,39.127361],[2.952693,39.127359],[2.952682,39.127357],[2.952672,39.127358],[2.952657,39.12736],[2.952623,39.127367],[2.952597,39.127373],[2.952577,39.12738],[2.952567,39.127385],[2.952558,39.127391],[2.952542,39.127403],[2.952533,39.127412],[2.952499,39.127445],[2.952493,39.127449],[2.95247,39.127461],[2.952458,39.127465],[2.952444,39.127469],[2.952425,39.127473],[2.952397,39.127476],[2.952379,39.127477],[2.952346,39.127478],[2.952308,39.127477],[2.952296,39.127476],[2.952279,39.127472],[2.952268,39.127468],[2.952258,39.127463],[2.952251,39.127457],[2.952245,39.12745],[2.95224,39.127442],[2.952237,39.127434],[2.952236,39.127425],[2.952236,39.127412],[2.952239,39.1274],[2.952242,39.127394],[2.952247,39.127387],[2.952255,39.12738],[2.952266,39.127372],[2.95228,39.127364],[2.952296,39.127356],[2.952313,39.12735],[2.952392,39.127319],[2.952403,39.127313],[2.95247,39.127275],[2.952521,39.127248],[2.952529,39.127245],[2.952547,39.127241],[2.952567,39.127238],[2.952621,39.127229],[2.952632,39.127225],[2.952647,39.127219],[2.952656,39.127214],[2.952668,39.127206],[2.952682,39.127193],[2.952697,39.127177],[2.952707,39.127165],[2.952755,39.127107],[2.952764,39.127098],[2.952818,39.127047],[2.952821,39.127041],[2.952824,39.127032],[2.952825,39.127025],[2.952824,39.127018],[2.95282,39.127013],[2.952815,39.127008],[2.952807,39.127003],[2.952793,39.126996],[2.952775,39.126989],[2.952758,39.126984],[2.952738,39.126977],[2.952725,39.12697],[2.952702,39.126957],[2.952692,39.126949],[2.952679,39.126937],[2.952661,39.12692],[2.952651,39.126912],[2.952647,39.126909],[2.952641,39.126906],[2.952634,39.126903],[2.952624,39.126901],[2.952615,39.126901],[2.952588,39.126898],[2.952578,39.126896],[2.952571,39.126893],[2.952566,39.126889],[2.952564,39.126885],[2.952563,39.12688],[2.952564,39.126875],[2.952566,39.126869],[2.952573,39.126859],[2.952599,39.126814],[2.9526,39.126809],[2.9526,39.126802],[2.952597,39.126795],[2.952593,39.126789],[2.952588,39.126784],[2.952578,39.126777],[2.952568,39.126772],[2.952557,39.126768],[2.952547,39.126766],[2.952524,39.126762],[2.952507,39.126761],[2.95248,39.12676],[2.952464,39.126761],[2.952445,39.126764],[2.952423,39.126768],[2.952369,39.126778],[2.95236,39.126778],[2.952307,39.126777],[2.95229,39.126775],[2.952266,39.126772],[2.952227,39.126764],[2.952133,39.126744],[2.952068,39.126732],[2.952003,39.126722],[2.951968,39.126717],[2.951925,39.126713],[2.951875,39.12671],[2.951828,39.126705],[2.951794,39.126701],[2.951711,39.126691],[2.951694,39.12669],[2.951673,39.126691],[2.951649,39.126693],[2.951631,39.126696],[2.951612,39.126701],[2.951567,39.126713],[2.951492,39.126736],[2.951479,39.126741],[2.951407,39.126769],[2.951403,39.126769],[2.951401,39.126769],[2.951392,39.126769],[2.951384,39.126767],[2.951372,39.126763],[2.951358,39.126757],[2.951341,39.126748],[2.951275,39.12671],[2.951267,39.126703],[2.951247,39.126685],[2.951244,39.126681],[2.951243,39.126675],[2.951244,39.126669],[2.951246,39.126661],[2.951253,39.126647],[2.951258,39.126632],[2.951259,39.126624],[2.951259,39.126612],[2.951256,39.126602],[2.951252,39.126591],[2.951244,39.126579],[2.951237,39.126569],[2.951228,39.126561],[2.951214,39.12655],[2.951194,39.126536],[2.951184,39.126531],[2.951172,39.126526],[2.951157,39.126519],[2.95114,39.126513],[2.951124,39.126509],[2.9511,39.126505],[2.951068,39.1265],[2.951023,39.126495],[2.950984,39.126492],[2.950932,39.126486],[2.950892,39.126481],[2.950857,39.126474],[2.950846,39.126471],[2.950832,39.126465],[2.95082,39.126458],[2.950808,39.126449],[2.950785,39.126431],[2.950777,39.126422],[2.950772,39.126414],[2.950768,39.126405],[2.950764,39.126394],[2.950763,39.126382],[2.950762,39.126364],[2.950763,39.126333],[2.950765,39.126308],[2.950768,39.126296],[2.950774,39.126277],[2.950781,39.126261],[2.95079,39.126246],[2.950806,39.126221],[2.950817,39.126208],[2.950845,39.126177],[2.950865,39.126151],[2.950868,39.126145],[2.950871,39.126133],[2.950871,39.126123],[2.95087,39.126115],[2.950866,39.126107],[2.950861,39.126098],[2.950855,39.126091],[2.950847,39.126086],[2.95083,39.126076],[2.950813,39.126068],[2.950799,39.126063],[2.950764,39.126051],[2.950731,39.126042],[2.950715,39.12604],[2.950688,39.126036],[2.950675,39.126036],[2.950649,39.126037],[2.950621,39.12604],[2.950574,39.126043],[2.950546,39.126043],[2.950518,39.126042],[2.950443,39.126041],[2.950387,39.126041],[2.950362,39.126042],[2.950333,39.126045],[2.950315,39.126049],[2.950298,39.126053],[2.950217,39.126073],[2.950203,39.126076],[2.950177,39.126078],[2.950142,39.12608],[2.950017,39.126088],[2.950001,39.12609],[2.949971,39.126096],[2.949933,39.126102],[2.949916,39.126104],[2.949891,39.126104],[2.94987,39.126103],[2.94985,39.126101],[2.949825,39.126096],[2.949809,39.126092],[2.949794,39.126086],[2.949774,39.126077],[2.94965,39.126024],[2.949637,39.12602],[2.949618,39.126016],[2.949609,39.126015],[2.9496,39.126016],[2.94959,39.126018],[2.949581,39.126021],[2.949567,39.126028],[2.949555,39.126036],[2.94954,39.126048],[2.949487,39.126087],[2.949475,39.126094],[2.949454,39.126104],[2.949437,39.126111],[2.94941,39.12612],[2.94939,39.126125],[2.949278,39.126156],[2.949263,39.126162],[2.949245,39.12617],[2.949195,39.126195],[2.949172,39.126208],[2.949162,39.126216],[2.949131,39.12624],[2.949123,39.126249],[2.949113,39.126261],[2.949104,39.126276],[2.949099,39.126287],[2.949098,39.126296],[2.949097,39.126305],[2.949099,39.12632],[2.949105,39.126365],[2.949109,39.126381],[2.949117,39.126419],[2.949118,39.126431],[2.94912,39.126444],[2.949127,39.126485],[2.949126,39.126493],[2.949123,39.126512],[2.949119,39.126524],[2.949111,39.126541],[2.949105,39.12655],[2.949099,39.126556],[2.94909,39.126563],[2.949077,39.12657],[2.949063,39.126577],[2.949055,39.126579],[2.949042,39.126581],[2.949027,39.126582],[2.949009,39.126581],[2.948996,39.126579],[2.948985,39.126575],[2.948972,39.12657],[2.94895,39.126559],[2.948899,39.126536],[2.948887,39.126532],[2.948875,39.12653],[2.948864,39.12653],[2.948854,39.126531],[2.948847,39.126533],[2.948841,39.126537],[2.948836,39.126541],[2.948832,39.126547],[2.94883,39.126553],[2.948829,39.126561],[2.94883,39.126571],[2.948834,39.126591],[2.948838,39.126601],[2.948846,39.12662],[2.948855,39.126635],[2.94887,39.126663],[2.948873,39.126674],[2.948876,39.126688],[2.94888,39.12672],[2.948879,39.126728],[2.948876,39.126738],[2.948872,39.126746],[2.948865,39.126755],[2.948855,39.126763],[2.948843,39.126773],[2.948769,39.126834],[2.948764,39.12684],[2.948761,39.126846],[2.94876,39.126853],[2.948761,39.126865],[2.948764,39.12692],[2.948766,39.126935],[2.948772,39.126957],[2.948778,39.126989],[2.94878,39.127008],[2.948779,39.12702],[2.948777,39.127027],[2.948773,39.127033],[2.948769,39.127037],[2.948763,39.12704],[2.948757,39.127042],[2.94875,39.127042],[2.948742,39.12704],[2.948733,39.127037],[2.948726,39.127033],[2.94872,39.127028],[2.948714,39.12702],[2.948707,39.127009],[2.948701,39.126996],[2.948667,39.126924],[2.948661,39.126917],[2.948638,39.126889],[2.948627,39.12688],[2.948609,39.126865],[2.948584,39.126847],[2.94857,39.126839],[2.948556,39.126833],[2.94854,39.126827],[2.948525,39.126824],[2.948514,39.126823],[2.948504,39.126823],[2.94849,39.126825],[2.948489,39.126825],[2.948475,39.126828],[2.948465,39.126832],[2.948455,39.126838],[2.948443,39.126846],[2.948434,39.126855],[2.948415,39.126873],[2.948412,39.126879],[2.948405,39.126893],[2.948397,39.126907],[2.948393,39.12691],[2.948387,39.126912],[2.948383,39.126913],[2.948379,39.126914],[2.94837,39.126915],[2.94836,39.126915],[2.948348,39.126913],[2.948333,39.126909],[2.948319,39.126904],[2.948306,39.126897],[2.948291,39.126888],[2.948275,39.126876],[2.948267,39.126868],[2.948261,39.12686],[2.948253,39.126845],[2.948249,39.126832],[2.948245,39.126819],[2.948243,39.126799],[2.948241,39.126776],[2.94824,39.126735],[2.948242,39.126727],[2.948247,39.126711],[2.948255,39.126682],[2.948255,39.126676],[2.948253,39.126666],[2.948248,39.126655],[2.948243,39.126647],[2.948235,39.126637],[2.948228,39.126631],[2.948207,39.126616],[2.948199,39.126612],[2.948185,39.126607],[2.948169,39.126602],[2.948154,39.1266],[2.948144,39.1266],[2.948125,39.1266],[2.948094,39.126603],[2.948074,39.126607],[2.948043,39.126613],[2.948024,39.126618],[2.947998,39.126624],[2.94798,39.126627],[2.947959,39.126628],[2.947938,39.126628],[2.94792,39.126626],[2.947906,39.126624],[2.947885,39.126618],[2.947874,39.126614],[2.947859,39.126606],[2.947849,39.1266],[2.94784,39.126592],[2.947832,39.126583],[2.947824,39.126571],[2.947819,39.126561],[2.947814,39.126546],[2.947808,39.126524],[2.947786,39.126447],[2.947785,39.126443],[2.947767,39.126376],[2.947767,39.126366],[2.947764,39.12635],[2.94776,39.126339],[2.947753,39.126325],[2.947744,39.126312],[2.947734,39.126294],[2.947732,39.126285],[2.94773,39.126275],[2.947731,39.126262],[2.947733,39.126249],[2.947737,39.126237],[2.947745,39.126219],[2.947751,39.126208],[2.947761,39.126196],[2.947792,39.126153],[2.947801,39.126138],[2.947807,39.126125],[2.947813,39.126107],[2.947819,39.126083],[2.947822,39.126063],[2.947824,39.126041],[2.947823,39.12603],[2.947819,39.126004],[2.947815,39.125991],[2.94781,39.12598],[2.947792,39.125938],[2.947789,39.125929],[2.947789,39.125919],[2.94779,39.125905],[2.947793,39.125896],[2.947796,39.12589],[2.947801,39.125885],[2.947808,39.125879],[2.947836,39.125857],[2.947838,39.125854],[2.947842,39.125843],[2.947847,39.125826],[2.947855,39.1258],[2.947863,39.125781],[2.947882,39.125732],[2.947883,39.125725],[2.947884,39.125697],[2.947883,39.12569],[2.94788,39.125683],[2.947875,39.125677],[2.947867,39.125669],[2.947852,39.125657],[2.9478,39.125617],[2.947777,39.125601],[2.947744,39.125577],[2.947724,39.12556],[2.947705,39.125542],[2.947689,39.125529],[2.947679,39.125522],[2.947663,39.125514],[2.947652,39.125511],[2.947624,39.125503],[2.94761,39.1255],[2.947588,39.125494],[2.94757,39.125489],[2.947526,39.125472],[2.947511,39.125465],[2.947468,39.125444],[2.947455,39.125435],[2.947438,39.125424],[2.947409,39.125404],[2.947354,39.125369],[2.947346,39.125366],[2.947331,39.125362],[2.9473,39.125352],[2.947295,39.125349],[2.947285,39.125341],[2.947276,39.125332],[2.947242,39.125287],[2.947234,39.125274],[2.947219,39.125252],[2.947197,39.125224],[2.94719,39.125217],[2.947167,39.125198],[2.947153,39.125189],[2.947146,39.125186],[2.947138,39.125184],[2.94713,39.125183],[2.947124,39.125185],[2.94712,39.125187],[2.947117,39.125191],[2.947114,39.125197],[2.947113,39.125206],[2.947111,39.125221],[2.947112,39.125235],[2.947111,39.12525],[2.947108,39.125257],[2.947103,39.125266],[2.947098,39.125272],[2.947087,39.125281],[2.947076,39.125292],[2.947072,39.125299],[2.947071,39.125305],[2.947071,39.125311],[2.947073,39.125318],[2.947077,39.125335],[2.947076,39.12534],[2.947072,39.125349],[2.947068,39.125357],[2.94706,39.125365],[2.947048,39.125376],[2.947039,39.125381],[2.947028,39.125386],[2.947021,39.125388],[2.947013,39.125388],[2.946974,39.125391],[2.946969,39.125393],[2.946947,39.125401],[2.946929,39.12541],[2.946805,39.125473],[2.94679,39.125482],[2.946758,39.125504],[2.946738,39.125519],[2.946705,39.125542],[2.946671,39.125564],[2.946603,39.125606],[2.946549,39.125638],[2.946517,39.125655],[2.946499,39.125663],[2.946478,39.12567],[2.946437,39.125683],[2.946408,39.12569],[2.946393,39.125693],[2.946382,39.125693],[2.946359,39.125692],[2.946335,39.12569],[2.946311,39.125687],[2.946291,39.125682],[2.946274,39.125677],[2.946233,39.125663],[2.946182,39.125647],[2.946172,39.125646],[2.946159,39.125646],[2.946147,39.125648],[2.946132,39.125652],[2.946122,39.125656],[2.946108,39.125663],[2.946087,39.125676],[2.946073,39.125687],[2.946065,39.125695],[2.946056,39.125706],[2.946053,39.125713],[2.946051,39.125721],[2.94605,39.125732],[2.946051,39.125749],[2.94605,39.125785],[2.946049,39.125807],[2.946044,39.125831],[2.946032,39.125898],[2.946021,39.125941],[2.946011,39.12598],[2.946006,39.12599],[2.946001,39.125996],[2.945994,39.126003],[2.945987,39.126007],[2.945978,39.12601],[2.945968,39.126011],[2.945953,39.126013],[2.945941,39.126012],[2.945926,39.12601],[2.945912,39.126007],[2.945858,39.125996],[2.945842,39.125995],[2.945812,39.125993],[2.945801,39.125994],[2.945752,39.125997],[2.945739,39.125996],[2.945711,39.125993],[2.945703,39.125991],[2.94568,39.125983],[2.945658,39.125973],[2.945627,39.125962],[2.945616,39.12596],[2.9456,39.125958],[2.945586,39.125958],[2.945554,39.125959],[2.945407,39.125962],[2.945397,39.12596],[2.945387,39.125957],[2.945362,39.125947],[2.945306,39.125924],[2.945296,39.125917],[2.945284,39.125909],[2.945267,39.125899],[2.94526,39.125896],[2.945251,39.125895],[2.945243,39.125895],[2.945236,39.125897],[2.945227,39.1259],[2.945211,39.125909],[2.945191,39.12592],[2.945171,39.125933],[2.945136,39.125955],[2.94512,39.125963],[2.945109,39.125967],[2.945095,39.12597],[2.945073,39.125974],[2.945051,39.125977],[2.94501,39.12598],[2.944957,39.125985],[2.944933,39.125989],[2.944907,39.125995],[2.944884,39.126001],[2.944875,39.126005],[2.944866,39.126011],[2.944857,39.126019],[2.944847,39.126029],[2.944839,39.12604],[2.944809,39.12608],[2.944804,39.126084],[2.944795,39.126088],[2.944758,39.126108],[2.94475,39.126114],[2.944734,39.126124],[2.944728,39.126126],[2.944719,39.126127],[2.944697,39.126132],[2.944692,39.126135],[2.944684,39.126141],[2.944678,39.126148],[2.944671,39.126159],[2.944664,39.126172],[2.944663,39.126175],[2.944658,39.126188],[2.94465,39.126212],[2.944638,39.126247],[2.94463,39.126263],[2.944624,39.126269],[2.944614,39.126279],[2.944568,39.126326],[2.944563,39.126334],[2.944553,39.126351],[2.944545,39.126369],[2.944523,39.126413],[2.944506,39.126443],[2.944494,39.126468],[2.944466,39.126531],[2.944466,39.126533],[2.944472,39.126544],[2.944492,39.126596],[2.944498,39.126617],[2.944505,39.126635],[2.944512,39.126653],[2.944516,39.126667],[2.944518,39.126679],[2.94452,39.126694],[2.944515,39.126709],[2.944503,39.126738],[2.944496,39.126751],[2.944492,39.126756],[2.944488,39.126758],[2.944487,39.126758],[2.944481,39.12676],[2.944474,39.12676],[2.944464,39.126759],[2.944452,39.126757],[2.944443,39.126753],[2.944433,39.126748],[2.944408,39.126733],[2.944389,39.126719],[2.94436,39.1267],[2.944355,39.126699],[2.944346,39.126699],[2.94434,39.126701],[2.944334,39.126704],[2.94433,39.126707],[2.944326,39.126713],[2.944323,39.126721],[2.944321,39.126731],[2.944319,39.12675],[2.944311,39.126806],[2.944308,39.126813],[2.944302,39.126824],[2.944294,39.126835],[2.944284,39.126845],[2.944275,39.126852],[2.944269,39.126854],[2.94426,39.126857],[2.94425,39.126857],[2.944201,39.126863],[2.944195,39.126865],[2.944181,39.126872],[2.94417,39.126879],[2.944159,39.126888],[2.944143,39.1269],[2.944136,39.126903],[2.944128,39.126905],[2.94412,39.126905],[2.94411,39.126903],[2.944097,39.126899],[2.94407,39.126893],[2.944065,39.126894],[2.944059,39.126895],[2.944058,39.126898],[2.944052,39.126892],[2.944027,39.126882],[2.944025,39.126882],[2.944018,39.126885],[2.94401,39.12689],[2.944002,39.126896],[2.943995,39.126905],[2.943988,39.126916],[2.943979,39.126931],[2.943963,39.126958],[2.943955,39.126966],[2.943944,39.126975],[2.943934,39.126982],[2.943928,39.126984],[2.943922,39.126984],[2.943916,39.126983],[2.943906,39.12698],[2.94388,39.126974],[2.943875,39.126974],[2.943866,39.126976],[2.943858,39.12698],[2.943846,39.126987],[2.94379,39.127018],[2.94378,39.127022],[2.943763,39.12703],[2.943752,39.127037],[2.943701,39.127067],[2.943655,39.127097],[2.943649,39.127103],[2.943643,39.127112],[2.943639,39.12712],[2.943637,39.127129],[2.943637,39.127137],[2.943639,39.127144],[2.943644,39.127155],[2.943648,39.127169],[2.94365,39.127179],[2.943651,39.1272],[2.943649,39.127215],[2.943647,39.127229],[2.943641,39.12725],[2.943635,39.127261],[2.943622,39.127294],[2.943623,39.127298],[2.943627,39.127312],[2.943635,39.127332],[2.943652,39.127382],[2.943654,39.127391],[2.943654,39.127407],[2.943653,39.127423],[2.943644,39.127502],[2.943641,39.12751],[2.943634,39.127525],[2.943628,39.127533],[2.943616,39.127546],[2.943604,39.127558],[2.943594,39.127564],[2.943586,39.127569],[2.943568,39.127576],[2.943552,39.127579],[2.94352,39.127584],[2.943505,39.127586],[2.94348,39.127586],[2.943449,39.127586],[2.94343,39.127584],[2.94341,39.12758],[2.943395,39.127576],[2.94333,39.127561],[2.943322,39.127561],[2.94331,39.127562],[2.9433,39.127565],[2.943291,39.127569],[2.94328,39.127576],[2.943266,39.127582],[2.94326,39.127583],[2.943254,39.127582],[2.943246,39.12758],[2.943224,39.127576],[2.943218,39.127576],[2.943206,39.127578],[2.943173,39.127581],[2.943168,39.12758],[2.943151,39.127575],[2.943137,39.12757],[2.943116,39.127561],[2.943072,39.127539],[2.943004,39.127508],[2.942901,39.127459],[2.942895,39.127454],[2.942887,39.127446],[2.942883,39.127439],[2.942882,39.127433],[2.942883,39.127429],[2.942886,39.127424],[2.942892,39.127418],[2.942901,39.127411],[2.942916,39.127403],[2.942926,39.127395],[2.942932,39.127388],[2.942936,39.127381],[2.942938,39.127374],[2.942938,39.127369],[2.942935,39.127361],[2.942931,39.127355],[2.942925,39.127349],[2.942915,39.127342],[2.942897,39.127325],[2.942896,39.127322],[2.942894,39.127306],[2.942891,39.127297],[2.942886,39.12729],[2.94288,39.127284],[2.942874,39.12728],[2.942864,39.127275],[2.942853,39.127271],[2.942837,39.127267],[2.942793,39.127255],[2.942787,39.127252],[2.942761,39.127237],[2.942752,39.127231],[2.942644,39.127167],[2.942634,39.127159],[2.942553,39.127099],[2.942536,39.127088],[2.942469,39.127048],[2.942446,39.127036],[2.942434,39.127032],[2.942421,39.127028],[2.942405,39.127026],[2.942391,39.127025],[2.942383,39.127026],[2.942376,39.127029],[2.942369,39.127032],[2.942365,39.127036],[2.942363,39.127041],[2.942363,39.127045],[2.942365,39.12705],[2.942369,39.127057],[2.94239,39.127087],[2.942401,39.127107],[2.942432,39.127156],[2.942446,39.127182],[2.942461,39.127204],[2.942468,39.127212],[2.942477,39.127221],[2.942484,39.127226],[2.942492,39.127231],[2.942578,39.127295],[2.942579,39.127298],[2.942579,39.127302],[2.942577,39.127307],[2.942572,39.127311],[2.942559,39.127328],[2.942558,39.127332],[2.942559,39.127337],[2.942562,39.127343],[2.942568,39.127351],[2.942575,39.127357],[2.942588,39.127368],[2.942618,39.127393],[2.942622,39.127399],[2.942625,39.127406],[2.942627,39.127414],[2.942627,39.127424],[2.942626,39.127438],[2.942622,39.127454],[2.942616,39.127471],[2.942611,39.127481],[2.942601,39.127497],[2.942583,39.127521],[2.94257,39.127537],[2.942557,39.127548],[2.942523,39.127579],[2.942522,39.127579],[2.942509,39.127589],[2.9425,39.127593],[2.942483,39.127601],[2.942446,39.127614],[2.942369,39.127641],[2.942351,39.127646],[2.942323,39.127651],[2.942301,39.127654],[2.942288,39.127655],[2.94226,39.127654],[2.942232,39.127652],[2.942142,39.127646],[2.94213,39.127647],[2.942107,39.12765],[2.942094,39.127654],[2.942083,39.127658],[2.942071,39.127665],[2.942031,39.127686],[2.942022,39.127688],[2.942001,39.127693],[2.941983,39.127696],[2.941967,39.127697],[2.941938,39.127697],[2.941884,39.127695],[2.941851,39.127693],[2.941803,39.127688],[2.941767,39.127683],[2.941741,39.127678],[2.941714,39.127671],[2.941701,39.127666],[2.941679,39.127657],[2.941662,39.127648],[2.941651,39.12764],[2.941645,39.127634],[2.94164,39.127626],[2.941636,39.127618],[2.941634,39.127608],[2.941634,39.127608],[2.941634,39.127598],[2.941635,39.127578],[2.941639,39.127534],[2.941647,39.127473],[2.94165,39.127466],[2.941655,39.127459],[2.94166,39.127454],[2.941669,39.127447],[2.941682,39.127441],[2.941697,39.127435],[2.941724,39.127426],[2.941734,39.127421],[2.941745,39.127414],[2.941751,39.127409],[2.941755,39.127402],[2.941758,39.127396],[2.941759,39.127387],[2.94176,39.127364],[2.941763,39.127348],[2.941767,39.127336],[2.941774,39.127322],[2.94178,39.127313],[2.941805,39.127274],[2.941808,39.127266],[2.941811,39.127253],[2.941811,39.127245],[2.941809,39.127234],[2.941805,39.127223],[2.9418,39.127215],[2.941792,39.127205],[2.941784,39.127197],[2.941772,39.127188],[2.941754,39.127175],[2.941733,39.127163],[2.941723,39.12716],[2.941715,39.127158],[2.941708,39.127158],[2.941701,39.12716],[2.941693,39.127164],[2.941676,39.127173],[2.941658,39.127181],[2.94165,39.127182],[2.941641,39.127183],[2.941633,39.127182],[2.941625,39.12718],[2.941618,39.127176],[2.94161,39.12717],[2.941598,39.127161],[2.941587,39.127149],[2.941577,39.127136],[2.941567,39.127119],[2.941537,39.127077],[2.941529,39.127068],[2.941523,39.127064],[2.941519,39.127064],[2.941516,39.127065],[2.941513,39.127068],[2.941511,39.127073],[2.941509,39.12708],[2.94151,39.127087],[2.941512,39.127096],[2.941516,39.127106],[2.941526,39.127125],[2.941541,39.12715],[2.941561,39.12718],[2.941576,39.127199],[2.941587,39.12721],[2.941607,39.127234],[2.941612,39.127242],[2.941618,39.127257],[2.941625,39.127276],[2.941655,39.127369],[2.941654,39.127373],[2.941651,39.127382],[2.941646,39.12739],[2.941638,39.127399],[2.941628,39.127407],[2.941616,39.127416],[2.941577,39.127444],[2.941573,39.127449],[2.941566,39.127461],[2.941562,39.127471],[2.941559,39.127485],[2.941556,39.127505],[2.941547,39.12755],[2.941544,39.127556],[2.941536,39.127566],[2.941526,39.127577],[2.941515,39.127586],[2.941508,39.12759],[2.941502,39.127591],[2.941497,39.127591],[2.941492,39.127589],[2.941488,39.127587],[2.941485,39.127586],[2.941475,39.127579],[2.941464,39.127569],[2.941453,39.127556],[2.941415,39.127519],[2.941405,39.127511],[2.941392,39.127502],[2.941378,39.127496],[2.941351,39.127484],[2.941266,39.127449],[2.941254,39.127446],[2.941166,39.12742],[2.941141,39.127411],[2.941095,39.127393],[2.941085,39.127387],[2.941047,39.127364],[2.941035,39.127355],[2.94101,39.127333],[2.940992,39.127316],[2.940976,39.127298],[2.940952,39.127255],[2.940934,39.127227],[2.940921,39.127202],[2.940911,39.127179],[2.940902,39.127157],[2.940892,39.127133],[2.940882,39.127112],[2.940877,39.127102],[2.940874,39.127093],[2.940872,39.127081],[2.940872,39.127074],[2.940872,39.127072],[2.940886,39.127031],[2.940886,39.127026],[2.940884,39.127015],[2.940881,39.127007],[2.940875,39.126997],[2.940867,39.126986],[2.940857,39.126976],[2.940835,39.126957],[2.940828,39.126952],[2.940813,39.126945],[2.940798,39.126939],[2.940779,39.126933],[2.940761,39.12693],[2.940745,39.126928],[2.940736,39.126929],[2.940729,39.126931],[2.940724,39.126934],[2.94072,39.126939],[2.940717,39.126946],[2.940716,39.126952],[2.940717,39.12696],[2.94072,39.126977],[2.940725,39.126993],[2.940732,39.12701],[2.940738,39.127029],[2.940738,39.127035],[2.940738,39.127037],[2.940736,39.127044],[2.94073,39.127055],[2.940724,39.127064],[2.940714,39.127075],[2.940701,39.127086],[2.940683,39.1271],[2.940662,39.127114],[2.94065,39.12712],[2.940628,39.127129],[2.940611,39.127135],[2.94059,39.12714],[2.94057,39.127143],[2.940559,39.127142],[2.940549,39.127141],[2.940537,39.127137],[2.940488,39.127123],[2.940481,39.127123],[2.940469,39.127123],[2.940456,39.127125],[2.940442,39.12713],[2.940428,39.127135],[2.940409,39.127144],[2.940391,39.127155],[2.940338,39.127187],[2.940323,39.127198],[2.940309,39.12721],[2.940291,39.127227],[2.940273,39.127248],[2.940243,39.127283],[2.940223,39.127311],[2.940218,39.12732],[2.940212,39.127335],[2.940206,39.127355],[2.940198,39.127378],[2.940184,39.12741],[2.940168,39.127441],[2.940157,39.12746],[2.940149,39.127469],[2.940139,39.127479],[2.940116,39.127498],[2.940105,39.127504],[2.940102,39.127505],[2.940098,39.127506],[2.940091,39.127507],[2.940083,39.127506],[2.940073,39.127503],[2.940061,39.127499],[2.940052,39.127493],[2.940039,39.127485],[2.940007,39.127464],[2.939997,39.12746],[2.939984,39.127456],[2.939975,39.127455],[2.939964,39.127455],[2.939925,39.127454],[2.939915,39.127453],[2.9399,39.127448],[2.939885,39.127443],[2.939876,39.127438],[2.939868,39.127431],[2.939861,39.127423],[2.939855,39.127413],[2.939852,39.127405],[2.939843,39.127382],[2.939839,39.127378],[2.939832,39.127373],[2.939824,39.12737],[2.939814,39.127368],[2.939804,39.127367],[2.939792,39.127367],[2.939753,39.127367],[2.939743,39.127365],[2.939728,39.12736],[2.93971,39.127353],[2.939689,39.127347],[2.939679,39.127346],[2.939663,39.127345],[2.939649,39.127347],[2.939635,39.127349],[2.939619,39.127354],[2.939602,39.12736],[2.939571,39.127373],[2.93953,39.127391],[2.939455,39.127427],[2.939427,39.127442],[2.939405,39.127456],[2.939245,39.127553],[2.939228,39.127562],[2.939199,39.127575],[2.939167,39.127591],[2.939151,39.127601],[2.939134,39.127613],[2.939124,39.127622],[2.939115,39.127632],[2.939107,39.127643],[2.939103,39.127651],[2.939103,39.127658],[2.939103,39.127667],[2.939106,39.127678],[2.939112,39.12769],[2.939124,39.127715],[2.939129,39.12773],[2.93913,39.127737],[2.939128,39.127747],[2.939124,39.127767],[2.939121,39.127787],[2.939122,39.127797],[2.939125,39.127809],[2.939129,39.127819],[2.939137,39.127833],[2.939157,39.127873],[2.939161,39.127884],[2.939167,39.127895],[2.939174,39.127904],[2.939182,39.127912],[2.939193,39.127919],[2.939205,39.127926],[2.939221,39.127933],[2.939235,39.127937],[2.93925,39.12794],[2.939266,39.127941],[2.93929,39.127941],[2.93931,39.127939],[2.939331,39.127937],[2.939393,39.127926],[2.939401,39.127923],[2.939429,39.127915],[2.939444,39.127912],[2.939469,39.127905],[2.939591,39.127875],[2.939599,39.127875],[2.939608,39.127876],[2.939616,39.12788],[2.939621,39.127883],[2.939628,39.127891],[2.939635,39.1279],[2.939643,39.127913],[2.939649,39.127928],[2.939651,39.127936],[2.939652,39.127949],[2.939651,39.127964],[2.939648,39.127981],[2.939643,39.127998],[2.939634,39.12802],[2.939624,39.128041],[2.939618,39.128058],[2.939617,39.128068],[2.939618,39.128077],[2.939621,39.128091],[2.939627,39.128109],[2.939632,39.128119],[2.939639,39.128127],[2.939644,39.128129],[2.939647,39.128129],[2.93965,39.128126],[2.939653,39.12812],[2.939656,39.128112],[2.939657,39.1281],[2.939659,39.128074],[2.939663,39.128042],[2.939666,39.12803],[2.939671,39.128019],[2.93968,39.128002],[2.939688,39.127992],[2.939697,39.127983],[2.939706,39.127977],[2.939712,39.127975],[2.939714,39.127975],[2.939715,39.127975],[2.93972,39.127978],[2.939726,39.127983],[2.939732,39.127991],[2.939738,39.128002],[2.939756,39.128038],[2.939781,39.128107],[2.939803,39.12815],[2.939806,39.128157],[2.939806,39.128163],[2.939805,39.128164],[2.9398,39.128167],[2.939787,39.128173],[2.939767,39.128182],[2.939724,39.128202],[2.939713,39.128209],[2.939656,39.128246],[2.939621,39.128268],[2.939614,39.12827],[2.939604,39.128272],[2.939595,39.128272],[2.939581,39.128271],[2.939564,39.128271],[2.939553,39.128273],[2.939541,39.128276],[2.939529,39.128281],[2.939514,39.128288],[2.939492,39.128301],[2.939475,39.128313],[2.939406,39.128359],[2.939388,39.128369],[2.93931,39.128414],[2.939245,39.128454],[2.939195,39.128486],[2.93918,39.128498],[2.939086,39.128573],[2.939058,39.128597],[2.939042,39.128613],[2.938991,39.128662],[2.938984,39.128667],[2.938951,39.128688],[2.938882,39.128734],[2.938865,39.128743],[2.938847,39.128751],[2.938832,39.128756],[2.93882,39.128758],[2.938807,39.128758],[2.938795,39.128757],[2.938786,39.128754],[2.938774,39.12875],[2.938749,39.128739],[2.938729,39.128728],[2.938712,39.128717],[2.938655,39.128683],[2.93858,39.12864],[2.93853,39.128613],[2.938515,39.128606],[2.938495,39.1286],[2.938491,39.128601],[2.938481,39.128603],[2.938464,39.128609],[2.93845,39.128613],[2.938438,39.128614],[2.938424,39.128614],[2.938407,39.128612],[2.938387,39.128608],[2.938344,39.128599],[2.938324,39.128593],[2.93829,39.128585],[2.938272,39.128582],[2.938227,39.128574],[2.93821,39.128569],[2.938189,39.128561],[2.938172,39.128553],[2.93816,39.128546],[2.938156,39.128541],[2.938152,39.128535],[2.938147,39.128523],[2.938142,39.128517],[2.938138,39.128515],[2.938133,39.128515],[2.938125,39.128516],[2.93811,39.128519],[2.938071,39.128526],[2.938064,39.128526],[2.938049,39.128524],[2.938031,39.128519],[2.937974,39.128507],[2.937959,39.128506],[2.937943,39.128506],[2.937928,39.128507],[2.937917,39.12851],[2.937908,39.128514],[2.9379,39.128519],[2.937887,39.12853],[2.937824,39.128579],[2.937817,39.128582],[2.937739,39.12862],[2.937722,39.12863],[2.937685,39.12865],[2.937675,39.128654],[2.937649,39.128661],[2.937616,39.128669],[2.937602,39.128671],[2.93759,39.128672],[2.937573,39.128671],[2.937559,39.128668],[2.93755,39.128665],[2.937539,39.128659],[2.937529,39.128653],[2.937518,39.128642],[2.937509,39.128631],[2.9375,39.128622],[2.937495,39.128617],[2.937488,39.128613],[2.937478,39.128609],[2.937467,39.128606],[2.937456,39.128605],[2.937443,39.128605],[2.93742,39.128606],[2.937378,39.128609],[2.937353,39.128612],[2.937316,39.128616],[2.937238,39.128624],[2.937211,39.128625],[2.937146,39.128627],[2.937079,39.12863],[2.93701,39.128636],[2.936974,39.128638],[2.936938,39.128642],[2.936892,39.128647],[2.936717,39.12867],[2.936708,39.128673],[2.936686,39.128681],[2.936658,39.128693],[2.936632,39.128703],[2.936618,39.128706],[2.936597,39.12871],[2.936577,39.128712],[2.936549,39.128714],[2.936532,39.128714],[2.936508,39.128712],[2.936417,39.128704],[2.936385,39.1287],[2.936361,39.128697],[2.93634,39.128692],[2.936318,39.128685],[2.936286,39.128675],[2.936214,39.128649],[2.936197,39.128642],[2.936169,39.128627],[2.936157,39.128619],[2.936136,39.128603],[2.93611,39.128581],[2.936056,39.128537],[2.936044,39.12853],[2.93602,39.128517],[2.935996,39.128506],[2.935932,39.128478],[2.935738,39.128391],[2.9357,39.128373],[2.935682,39.128362],[2.935659,39.128347],[2.935628,39.128325],[2.935617,39.128315],[2.935599,39.128296],[2.935589,39.128284],[2.935581,39.12827],[2.935573,39.128254],[2.935565,39.128233],[2.935543,39.128183],[2.935534,39.128165],[2.935523,39.12815],[2.93551,39.128133],[2.935501,39.128124],[2.935487,39.128113],[2.935442,39.128076],[2.93543,39.128064],[2.935416,39.128048],[2.935407,39.128035],[2.935388,39.128006],[2.935382,39.127992],[2.935365,39.127952],[2.935356,39.127926],[2.935354,39.127914],[2.935353,39.127897],[2.935347,39.127839],[2.935345,39.127831],[2.935339,39.127819],[2.935337,39.127817],[2.935333,39.127813],[2.935325,39.127806],[2.935317,39.127801],[2.935309,39.127799],[2.935302,39.127799],[2.935294,39.1278],[2.935284,39.127802],[2.935273,39.127808],[2.935261,39.127815],[2.935252,39.127822],[2.935212,39.127852],[2.935202,39.127857],[2.935191,39.127861],[2.935175,39.127866],[2.935162,39.127868],[2.935147,39.127869],[2.935123,39.127869],[2.935099,39.127867],[2.935083,39.127865],[2.935063,39.12786],[2.935044,39.127854],[2.934979,39.127834],[2.934964,39.127831],[2.934942,39.127829],[2.934923,39.127828],[2.934902,39.127828],[2.934856,39.12783],[2.934842,39.127833],[2.934821,39.127838],[2.934805,39.127842],[2.934793,39.127848],[2.93478,39.127856],[2.934765,39.127866],[2.934717,39.127898],[2.9347,39.127906],[2.934677,39.127917],[2.934663,39.127922],[2.934643,39.127928],[2.934593,39.127942],[2.934569,39.127951],[2.934567,39.127952],[2.934544,39.127961],[2.934521,39.127973],[2.934509,39.127981],[2.934496,39.127992],[2.934481,39.128006],[2.934464,39.128024],[2.934449,39.128044],[2.934439,39.128059],[2.934413,39.128097],[2.934407,39.128103],[2.934385,39.128122],[2.934376,39.128128],[2.93436,39.128137],[2.934347,39.128141],[2.934328,39.128146],[2.9343,39.128152],[2.934226,39.128166],[2.934187,39.128172],[2.934117,39.128181],[2.93411,39.128181],[2.934095,39.128178],[2.934079,39.128173],[2.934036,39.128158],[2.933995,39.128147],[2.93397,39.128141],[2.933954,39.128139],[2.93394,39.128139],[2.933926,39.12814],[2.933909,39.128144],[2.933888,39.128149],[2.933825,39.128165],[2.93382,39.128164],[2.933802,39.128162],[2.93378,39.128157],[2.933716,39.128145],[2.933698,39.128143],[2.933682,39.128143],[2.933668,39.128144],[2.933649,39.128147],[2.933636,39.128151],[2.933628,39.128155],[2.933619,39.128158],[2.933595,39.12817],[2.933426,39.12825],[2.933361,39.128282],[2.93334,39.128295],[2.933321,39.128308],[2.933303,39.128322],[2.933288,39.128335],[2.933278,39.128347],[2.933192,39.128448],[2.933181,39.128464],[2.933175,39.128475],[2.933172,39.128485],[2.93317,39.128498],[2.93317,39.128509],[2.933173,39.128525],[2.933177,39.128539],[2.933181,39.128562],[2.933181,39.128573],[2.93318,39.128585],[2.933177,39.128592],[2.933171,39.128601],[2.933165,39.128607],[2.933154,39.128616],[2.933116,39.128648],[2.933111,39.128654],[2.933106,39.128664],[2.933091,39.12869],[2.933083,39.128697],[2.933076,39.128703],[2.933065,39.12871],[2.933041,39.128726],[2.93303,39.128735],[2.933021,39.128746],[2.933014,39.128756],[2.933005,39.128772],[2.933,39.128785],[2.932985,39.128823],[2.93298,39.128828],[2.932971,39.128837],[2.932963,39.128843],[2.932948,39.128851],[2.932934,39.128857],[2.932916,39.128863],[2.932858,39.128883],[2.932854,39.128886],[2.932846,39.128894],[2.932843,39.128901],[2.932841,39.128907],[2.932842,39.128914],[2.932844,39.128922],[2.93285,39.128932],[2.932862,39.128952],[2.93287,39.128968],[2.932886,39.129005],[2.93289,39.129018],[2.932891,39.129029],[2.932891,39.129047],[2.932889,39.129075],[2.932886,39.129082],[2.932879,39.129095],[2.932864,39.129118],[2.932842,39.129156],[2.932842,39.129161],[2.932844,39.129167],[2.932848,39.129173],[2.932856,39.12918],[2.932876,39.129199],[2.932878,39.129204],[2.932877,39.12921],[2.932875,39.129216],[2.932868,39.129227],[2.932859,39.129237],[2.932851,39.129245],[2.932838,39.129253],[2.932823,39.129261],[2.9328,39.129272],[2.932758,39.129293],[2.932753,39.129297],[2.932746,39.129306],[2.932741,39.129315],[2.932738,39.129323],[2.932735,39.129341],[2.932727,39.12937],[2.932723,39.129377],[2.932715,39.129387],[2.932704,39.129398],[2.93269,39.12941],[2.932653,39.129443],[2.932648,39.12945],[2.932644,39.129459],[2.932643,39.129466],[2.932644,39.129474],[2.932647,39.129487],[2.932653,39.129499],[2.932659,39.129509],[2.932681,39.129543],[2.932685,39.129553],[2.932686,39.129562],[2.932692,39.12959],[2.932695,39.129595],[2.932705,39.129605],[2.932722,39.12962],[2.932747,39.12964],[2.932781,39.12967],[2.932795,39.129684],[2.932803,39.129695],[2.932807,39.129704],[2.932809,39.129713],[2.932808,39.129719],[2.932805,39.12973],[2.932798,39.129748],[2.932793,39.129765],[2.932793,39.129776],[2.932795,39.12979],[2.932798,39.129805],[2.932803,39.129815],[2.93281,39.129827],[2.932823,39.129845],[2.932838,39.129868],[2.932843,39.129879],[2.932855,39.129902],[2.932862,39.12991],[2.932879,39.12993],[2.932889,39.129945],[2.932895,39.129956],[2.9329,39.129972],[2.932902,39.129981],[2.932909,39.130013],[2.932912,39.130018],[2.93292,39.130029],[2.93293,39.13004],[2.932972,39.13008],[2.932974,39.130082],[2.93299,39.130096],[2.933011,39.130116],[2.933029,39.130131],[2.933039,39.130137],[2.933069,39.130158],[2.933076,39.130165],[2.933085,39.130176],[2.93309,39.130184],[2.933092,39.130191],[2.933092,39.130198],[2.93309,39.130207],[2.933086,39.130216],[2.933081,39.130224],[2.933072,39.130233],[2.933035,39.130275],[2.933033,39.130281],[2.933031,39.130289],[2.933031,39.130297],[2.933033,39.130307],[2.933036,39.130319],[2.933044,39.130337],[2.933054,39.130356],[2.93307,39.130389],[2.933074,39.130403],[2.933079,39.130422],[2.93308,39.130434],[2.933083,39.130453],[2.933088,39.130473],[2.933095,39.130489],[2.933101,39.130499],[2.933116,39.130522],[2.93314,39.130556],[2.933173,39.130599],[2.933192,39.130629],[2.933192,39.130631],[2.933188,39.130637],[2.933183,39.130642],[2.933175,39.130647],[2.933167,39.130651],[2.933157,39.130653],[2.933148,39.130654],[2.933132,39.130654],[2.933092,39.130651],[2.933073,39.130648],[2.933052,39.130644],[2.933036,39.130639],[2.932993,39.130625],[2.932979,39.130618],[2.932958,39.130607],[2.932941,39.130595],[2.932937,39.130593],[2.932925,39.130584],[2.932908,39.130569],[2.932889,39.13055],[2.932876,39.130534],[2.932853,39.130504],[2.932843,39.130489],[2.932826,39.130464],[2.93281,39.130445],[2.932799,39.130434],[2.932787,39.130425],[2.932777,39.130419],[2.932767,39.130416],[2.932761,39.130416],[2.932755,39.130417],[2.932747,39.130419],[2.932741,39.130423],[2.932737,39.130428],[2.932734,39.130433],[2.932733,39.13044],[2.932734,39.130447],[2.932735,39.130467],[2.932736,39.130497],[2.932735,39.130512],[2.932733,39.130522],[2.932728,39.130534],[2.93272,39.130549],[2.932711,39.130561],[2.932702,39.13057],[2.93269,39.13058],[2.932675,39.130589],[2.932659,39.130598],[2.932612,39.130625],[2.932595,39.130633],[2.93259,39.130633],[2.932585,39.130632],[2.93258,39.130629],[2.932576,39.130625],[2.932573,39.130619],[2.932572,39.130613],[2.932572,39.130606],[2.932575,39.130594],[2.932583,39.130554],[2.932583,39.130543],[2.932582,39.130527],[2.932578,39.130515],[2.932573,39.130505],[2.932568,39.130497],[2.93256,39.130489],[2.932551,39.130482],[2.932542,39.130478],[2.932533,39.130476],[2.932525,39.130475],[2.932517,39.130476],[2.932507,39.130479],[2.932495,39.130484],[2.932483,39.130486],[2.932478,39.130486],[2.932472,39.130483],[2.932464,39.130479],[2.932449,39.130469],[2.93244,39.13046],[2.932433,39.130452],[2.932428,39.130442],[2.932424,39.130431],[2.932415,39.130409],[2.932411,39.130405],[2.932402,39.130398],[2.932393,39.130394],[2.93238,39.130389],[2.932365,39.130384],[2.932351,39.130382],[2.932335,39.130381],[2.932321,39.130381],[2.932303,39.130384],[2.932294,39.130387],[2.932284,39.130392],[2.932278,39.130398],[2.932274,39.130404],[2.932273,39.13041],[2.932273,39.130418],[2.932272,39.130448],[2.932269,39.130453],[2.932264,39.130461],[2.932254,39.130473],[2.932244,39.130481],[2.93223,39.130491],[2.932198,39.130516],[2.932187,39.130527],[2.932184,39.130533],[2.93218,39.130544],[2.932178,39.130554],[2.932178,39.130563],[2.932181,39.13057],[2.932185,39.130576],[2.932192,39.130583],[2.932199,39.130587],[2.932207,39.130591],[2.932217,39.130593],[2.932253,39.130605],[2.932259,39.130608],[2.932276,39.13062],[2.932285,39.130628],[2.932289,39.130634],[2.932292,39.130642],[2.932295,39.130654],[2.932297,39.13067],[2.932296,39.130681],[2.932293,39.13069],[2.932284,39.130714],[2.93227,39.130747],[2.932263,39.130759],[2.932254,39.130771],[2.932233,39.130801],[2.93223,39.130809],[2.932229,39.130817],[2.93223,39.130826],[2.93223,39.130853],[2.932227,39.130858],[2.932219,39.130869],[2.93221,39.130877],[2.932192,39.130893],[2.932183,39.130899],[2.932171,39.130904],[2.932151,39.130912],[2.932133,39.130918],[2.93212,39.13092],[2.9321,39.130922],[2.93207,39.130926],[2.932061,39.130929],[2.932047,39.130935],[2.932038,39.13094],[2.932028,39.130948],[2.932017,39.13096],[2.932009,39.13097],[2.932003,39.130981],[2.931997,39.130998],[2.931982,39.13103],[2.931974,39.131041],[2.931964,39.131054],[2.931952,39.131066],[2.93194,39.131075],[2.931928,39.131082],[2.931917,39.131087],[2.931906,39.13109],[2.931897,39.131091],[2.931887,39.13109],[2.931878,39.131088],[2.931871,39.131084],[2.931867,39.13108],[2.931865,39.131075],[2.931864,39.131068],[2.931864,39.131059],[2.931864,39.131038],[2.931862,39.131031],[2.931857,39.131025],[2.931852,39.13102],[2.931843,39.131015],[2.931835,39.131012],[2.931825,39.131011],[2.931816,39.131011],[2.931804,39.131012],[2.931791,39.131015],[2.931777,39.131019],[2.931763,39.131025],[2.93175,39.131032],[2.93174,39.13104],[2.931733,39.131048],[2.931726,39.131058],[2.931721,39.131069],[2.931717,39.131081],[2.931715,39.131093],[2.931708,39.131124],[2.931704,39.131131],[2.931696,39.131141],[2.931686,39.131152],[2.931649,39.131187],[2.931642,39.131192],[2.931631,39.131197],[2.931619,39.131201],[2.931596,39.131207],[2.931583,39.131212],[2.931551,39.131225],[2.931541,39.131231],[2.931506,39.131251],[2.931491,39.131257],[2.931436,39.131283],[2.931407,39.131295],[2.931394,39.131299],[2.931377,39.131302],[2.931364,39.131303],[2.931356,39.131302],[2.931351,39.1313],[2.931349,39.131298],[2.931347,39.131293],[2.931346,39.131285],[2.931343,39.131277],[2.93134,39.131274],[2.93133,39.131269],[2.931318,39.131263],[2.931302,39.131257],[2.931288,39.131254],[2.93128,39.131254],[2.931269,39.131256],[2.931258,39.13126],[2.931247,39.131265],[2.931237,39.131271],[2.931225,39.131282],[2.931203,39.131301],[2.931192,39.131313],[2.931186,39.131323],[2.93116,39.131358],[2.931152,39.131367],[2.931128,39.131387],[2.931104,39.131407],[2.931074,39.131428],[2.931057,39.131438],[2.931046,39.131443],[2.931014,39.131455],[2.930997,39.131459],[2.930938,39.131478],[2.93093,39.131482],[2.930875,39.131508],[2.930816,39.131535],[2.930807,39.131537],[2.930792,39.131539],[2.930761,39.131543],[2.930756,39.131543],[2.930682,39.131549],[2.930667,39.131548],[2.930646,39.131546],[2.930617,39.131541],[2.93059,39.131539],[2.930569,39.131538],[2.930512,39.131535],[2.930489,39.131533],[2.930456,39.131527],[2.930437,39.131523],[2.930411,39.131515],[2.930394,39.131509],[2.930302,39.131475],[2.930177,39.131427],[2.930141,39.131411],[2.930128,39.131404],[2.930089,39.131381],[2.930077,39.131372],[2.930075,39.13137],[2.930056,39.131355],[2.930044,39.131342],[2.930033,39.131328],[2.930025,39.131315],[2.930015,39.131297],[2.929998,39.13126],[2.929991,39.131239],[2.929983,39.131212],[2.929982,39.131202],[2.929983,39.131186],[2.929987,39.131155],[2.929991,39.131136],[2.93,39.131083],[2.93002,39.130984],[2.930024,39.130974],[2.930041,39.130935],[2.930048,39.130915],[2.93005,39.130903],[2.930066,39.130874],[2.930071,39.130867],[2.930093,39.130841],[2.930137,39.130791],[2.930164,39.130758],[2.93017,39.130748],[2.930175,39.130736],[2.930178,39.130723],[2.930178,39.130713],[2.930177,39.130695],[2.930173,39.130674],[2.930168,39.130656],[2.930155,39.130617],[2.930147,39.130597],[2.93014,39.130576],[2.930137,39.13056],[2.930136,39.130547],[2.930138,39.130534],[2.930141,39.130523],[2.930147,39.130506],[2.930151,39.130491],[2.930151,39.130483],[2.930149,39.130473],[2.930145,39.130463],[2.930138,39.130452],[2.93013,39.130443],[2.930122,39.130434],[2.930103,39.13042],[2.930064,39.130386],[2.930059,39.130379],[2.93005,39.130365],[2.930042,39.130348],[2.930028,39.130324],[2.930019,39.130313],[2.929986,39.13027],[2.929979,39.130256],[2.92996,39.130221],[2.92996,39.130217],[2.929964,39.130207],[2.929967,39.130203],[2.929973,39.1302],[2.929977,39.1302],[2.929981,39.130201],[2.929989,39.130206],[2.930016,39.130222],[2.930024,39.130224],[2.930034,39.130226],[2.93004,39.130225],[2.930046,39.130223],[2.930051,39.130219],[2.930059,39.130211],[2.930073,39.130193],[2.930095,39.130168],[2.930102,39.130163],[2.930108,39.130161],[2.930118,39.130159],[2.930128,39.130158],[2.930164,39.130155],[2.930169,39.130152],[2.930176,39.130147],[2.930185,39.130139],[2.930196,39.130126],[2.930202,39.130117],[2.930207,39.130104],[2.930212,39.130089],[2.930215,39.130072],[2.930216,39.130057],[2.930214,39.130045],[2.930211,39.130038],[2.930206,39.130032],[2.930199,39.130027],[2.930189,39.130022],[2.930178,39.130018],[2.930085,39.129991],[2.930072,39.129989],[2.930047,39.129987],[2.930036,39.129987],[2.930026,39.129989],[2.930015,39.129994],[2.930008,39.129998],[2.93,39.130005],[2.929994,39.130013],[2.929988,39.130023],[2.929974,39.130046],[2.929969,39.13005],[2.929933,39.130077],[2.929904,39.130096],[2.929895,39.1301],[2.929886,39.130102],[2.929877,39.130102],[2.929868,39.1301],[2.929853,39.130095],[2.929823,39.130088],[2.92979,39.130081],[2.929774,39.130079],[2.929751,39.130078],[2.92972,39.130078],[2.929691,39.13008],[2.929643,39.130084],[2.929631,39.130086],[2.929619,39.13009],[2.929593,39.1301],[2.929572,39.130107],[2.929564,39.130107],[2.929554,39.130106],[2.929543,39.130104],[2.929527,39.130099],[2.929498,39.130091],[2.929477,39.130087],[2.929332,39.130058],[2.92931,39.130052],[2.929277,39.130042],[2.929249,39.130034],[2.929182,39.130015],[2.929164,39.130011],[2.929141,39.130006],[2.929114,39.130001],[2.929089,39.129999],[2.929079,39.13],[2.929067,39.130002],[2.92906,39.130005],[2.929054,39.130009],[2.929049,39.130014],[2.929044,39.130022],[2.929037,39.130035],[2.929024,39.130057],[2.929013,39.130072],[2.928997,39.130091],[2.928969,39.130125],[2.928965,39.130133],[2.928962,39.130142],[2.928962,39.13015],[2.928959,39.130165],[2.928957,39.130168],[2.928951,39.130172],[2.928943,39.130176],[2.92893,39.130181],[2.928912,39.130186],[2.928893,39.130189],[2.928866,39.130193],[2.928832,39.130195],[2.928786,39.130201],[2.928771,39.130204],[2.928751,39.130211],[2.92874,39.130217],[2.928731,39.130223],[2.928725,39.13023],[2.92872,39.130237],[2.928718,39.130244],[2.928719,39.13025],[2.928723,39.130257],[2.928729,39.130266],[2.92873,39.130272],[2.92873,39.130276],[2.928726,39.130281],[2.928719,39.130287],[2.92871,39.130292],[2.928699,39.130295],[2.928688,39.130296],[2.928674,39.130296],[2.928612,39.130297],[2.9286,39.130299],[2.928565,39.130306],[2.928523,39.130317],[2.928497,39.130325],[2.928441,39.130344],[2.928403,39.130358],[2.928392,39.130364],[2.92837,39.130378],[2.92836,39.130386],[2.92834,39.130404],[2.928302,39.130438],[2.928297,39.13044],[2.928286,39.130443],[2.928275,39.130445],[2.92826,39.130445],[2.928239,39.130444],[2.928207,39.130445],[2.928198,39.130447],[2.928186,39.13045],[2.928172,39.130457],[2.928159,39.130464],[2.928143,39.130475],[2.928107,39.130504],[2.928077,39.130529],[2.928066,39.130541],[2.92806,39.130549],[2.928057,39.130558],[2.928055,39.130569],[2.928056,39.130577],[2.928059,39.130588],[2.928065,39.130611],[2.928064,39.130618],[2.928059,39.130639],[2.928053,39.130655],[2.928045,39.130671],[2.928037,39.130684],[2.92803,39.130692],[2.92802,39.1307],[2.928008,39.130709],[2.927996,39.130715],[2.927983,39.13072],[2.927967,39.130724],[2.927938,39.130732],[2.927934,39.130735],[2.927926,39.130743],[2.927919,39.130752],[2.927911,39.130765],[2.927897,39.130783],[2.92789,39.130789],[2.927852,39.130827],[2.927838,39.130843],[2.927832,39.130852],[2.927825,39.130866],[2.927823,39.130874],[2.927815,39.130899],[2.92781,39.130904],[2.9278,39.130912],[2.927792,39.130917],[2.927765,39.130929],[2.927746,39.13094],[2.927733,39.13095],[2.927716,39.130963],[2.927699,39.130979],[2.927687,39.130989],[2.927653,39.131017],[2.92765,39.131022],[2.927642,39.131038],[2.927629,39.131062],[2.927622,39.131069],[2.927613,39.131077],[2.927594,39.131091],[2.927557,39.131125],[2.927548,39.131136],[2.927543,39.131144],[2.927542,39.131153],[2.927543,39.131159],[2.927557,39.131226],[2.927564,39.13125],[2.927601,39.131372],[2.927612,39.131416],[2.927611,39.13142],[2.927608,39.131427],[2.927604,39.13143],[2.927597,39.131433],[2.927589,39.131434],[2.92758,39.131434],[2.927564,39.131431],[2.927551,39.131427],[2.927542,39.131423],[2.927531,39.131415],[2.927515,39.131403],[2.927503,39.131391],[2.927492,39.131378],[2.927465,39.131346],[2.92738,39.131242],[2.927367,39.131229],[2.927317,39.131181],[2.927269,39.131133],[2.927265,39.131126],[2.927261,39.131116],[2.927257,39.131103],[2.927251,39.131087],[2.927243,39.131075],[2.927224,39.131047],[2.927195,39.131008],[2.927184,39.130997],[2.927169,39.130984],[2.92715,39.13097],[2.927139,39.130964],[2.927128,39.130961],[2.927116,39.130959],[2.927092,39.130956],[2.927025,39.130948],[2.92699,39.130942],[2.926964,39.130936],[2.926946,39.130931],[2.926927,39.130923],[2.926893,39.130908],[2.926882,39.130902],[2.926859,39.130885],[2.926852,39.130878],[2.926827,39.130854],[2.926807,39.130837],[2.926754,39.13079],[2.926742,39.130777],[2.92673,39.130762],[2.926725,39.130753],[2.926722,39.130742],[2.926708,39.130706],[2.926703,39.1307],[2.926685,39.130677],[2.926666,39.13065],[2.926661,39.13064],[2.926657,39.130627],[2.926656,39.130617],[2.926658,39.13061],[2.926661,39.130605],[2.926669,39.130598],[2.926684,39.130585],[2.926714,39.130557],[2.926718,39.130551],[2.926722,39.130542],[2.926722,39.130538],[2.926719,39.130531],[2.926715,39.130527],[2.926708,39.130522],[2.926697,39.130516],[2.926683,39.130511],[2.926673,39.130509],[2.926655,39.130507],[2.926642,39.130507],[2.926626,39.130508],[2.926604,39.130508],[2.926593,39.130507],[2.926583,39.130503],[2.926575,39.1305],[2.92657,39.130495],[2.926565,39.130488],[2.92656,39.130479],[2.926541,39.130448],[2.926535,39.130441],[2.926522,39.130431],[2.926496,39.130412],[2.926483,39.130405],[2.926451,39.130388],[2.926419,39.130369],[2.926401,39.130357],[2.926374,39.130336],[2.926304,39.130282],[2.926264,39.130252],[2.926252,39.130246],[2.926234,39.130238],[2.926211,39.13023],[2.926189,39.130223],[2.926163,39.130218],[2.92604,39.130189],[2.925959,39.130171],[2.92583,39.130145],[2.925782,39.130133],[2.925771,39.130129],[2.925753,39.130121],[2.925726,39.130107],[2.925691,39.130086],[2.925662,39.130069],[2.925628,39.130045],[2.925601,39.130028],[2.925589,39.130023],[2.925568,39.130015],[2.925548,39.130009],[2.925532,39.130006],[2.925519,39.130006],[2.925461,39.130001],[2.925451,39.129998],[2.925388,39.129984],[2.925373,39.129982],[2.925336,39.129979],[2.925248,39.129973],[2.925242,39.129974],[2.925235,39.129978],[2.925228,39.129983],[2.925223,39.129989],[2.925209,39.130002],[2.925205,39.130003],[2.925198,39.130002],[2.925192,39.13],[2.925185,39.129996],[2.925178,39.129989],[2.925165,39.129976],[2.925129,39.129938],[2.92512,39.129933],[2.925103,39.129925],[2.925095,39.129923],[2.925086,39.129922],[2.925043,39.129916],[2.92503,39.129912],[2.925007,39.129903],[2.924997,39.129898],[2.924991,39.129892],[2.924988,39.129886],[2.924984,39.129874],[2.924969,39.12984],[2.924966,39.129837],[2.924958,39.129833],[2.92495,39.129831],[2.924942,39.129832],[2.924931,39.129833],[2.924915,39.129838],[2.924893,39.129845],[2.92487,39.129851],[2.924863,39.129851],[2.924854,39.129849],[2.924845,39.129845],[2.924833,39.129838],[2.924822,39.129831],[2.92481,39.12982],[2.924798,39.129807],[2.924784,39.129789],[2.924779,39.129779],[2.924775,39.129768],[2.924772,39.129753],[2.924771,39.129739],[2.924772,39.12972],[2.924775,39.129702],[2.924778,39.129696],[2.924783,39.12969],[2.924793,39.129683],[2.924828,39.129655],[2.924836,39.129647],[2.924849,39.12963],[2.924852,39.129623],[2.924856,39.129611],[2.924858,39.1296],[2.924857,39.129587],[2.924855,39.129568],[2.924852,39.129561],[2.924848,39.129555],[2.924841,39.12955],[2.924833,39.129547],[2.924825,39.129547],[2.92482,39.129548],[2.924809,39.129552],[2.924798,39.129554],[2.92479,39.129553],[2.924785,39.129551],[2.924778,39.129547],[2.924774,39.129542],[2.924772,39.129537],[2.924771,39.12953],[2.924773,39.129523],[2.924777,39.129515],[2.924783,39.129507],[2.924792,39.1295],[2.924809,39.129488],[2.92485,39.129456],[2.924851,39.129452],[2.924851,39.129446],[2.924849,39.129436],[2.924844,39.129426],[2.924837,39.129416],[2.924824,39.129401],[2.924811,39.129388],[2.924797,39.129376],[2.924785,39.129369],[2.924766,39.129359],[2.924762,39.129357],[2.924758,39.129354],[2.92472,39.129333],[2.92471,39.129325],[2.924687,39.129306],[2.924657,39.129284],[2.924646,39.129277],[2.9246,39.129254],[2.924482,39.129192],[2.924376,39.129138],[2.924364,39.129135],[2.924348,39.129131],[2.924249,39.129107],[2.924182,39.129093],[2.924156,39.129089],[2.92412,39.129082],[2.924111,39.129078],[2.924094,39.12907],[2.92408,39.129061],[2.92406,39.129045],[2.923935,39.128954],[2.923917,39.128943],[2.923879,39.128922],[2.923805,39.128881],[2.923782,39.12887],[2.923754,39.128859],[2.923732,39.128852],[2.92371,39.128846],[2.923675,39.128839],[2.923641,39.128831],[2.923623,39.128827],[2.923607,39.128822],[2.923502,39.128783],[2.92344,39.128758],[2.92321,39.128675],[2.923195,39.128668],[2.923172,39.128653],[2.92315,39.128638],[2.923138,39.12863],[2.923123,39.128622],[2.923099,39.128604],[2.923085,39.12859],[2.923069,39.128573],[2.923066,39.128567],[2.923057,39.128549],[2.923054,39.128537],[2.923052,39.128525],[2.923051,39.128506],[2.923052,39.128484],[2.923055,39.12846],[2.923059,39.128439],[2.923069,39.128397],[2.923076,39.128379],[2.923083,39.128364],[2.923091,39.128353],[2.923111,39.128325],[2.923152,39.128273],[2.923169,39.12825],[2.923175,39.128238],[2.92318,39.128223],[2.923184,39.128209],[2.923183,39.128201],[2.923181,39.128193],[2.923177,39.128186],[2.923171,39.128181],[2.923164,39.128176],[2.923153,39.12817],[2.923136,39.128164],[2.923113,39.128156],[2.923095,39.128152],[2.923069,39.128147],[2.922973,39.128129],[2.922964,39.128125],[2.922954,39.12812],[2.922947,39.128114],[2.922941,39.128106],[2.922938,39.1281],[2.922937,39.128094],[2.922938,39.128086],[2.922941,39.128077],[2.922946,39.128071],[2.922953,39.128065],[2.922967,39.128054],[2.923011,39.128024],[2.923065,39.127989],[2.92312,39.127955],[2.923148,39.127936],[2.923159,39.127926],[2.923196,39.127893],[2.923207,39.127881],[2.92322,39.127864],[2.923228,39.127849],[2.923232,39.12784],[2.923235,39.127827],[2.923236,39.127812],[2.923235,39.1278],[2.923232,39.127789],[2.923228,39.12778],[2.923221,39.127771],[2.923214,39.127764],[2.923203,39.127757],[2.923193,39.127752],[2.92318,39.127747],[2.923164,39.127743],[2.923146,39.127741],[2.923125,39.127739],[2.923072,39.127735],[2.922944,39.127728],[2.922927,39.127729],[2.922889,39.127731],[2.922877,39.127734],[2.922863,39.127739],[2.922851,39.127744],[2.922818,39.127761],[2.922801,39.127771],[2.922788,39.127781],[2.922739,39.12782],[2.922732,39.127828],[2.92272,39.127839],[2.922708,39.127848],[2.922673,39.127874],[2.922637,39.127901],[2.922607,39.127925],[2.922604,39.127929],[2.9226,39.127937],[2.922599,39.127945],[2.9226,39.127953],[2.922603,39.127963],[2.92261,39.127978],[2.922619,39.127992],[2.922627,39.128003],[2.922648,39.128033],[2.922649,39.128038],[2.922648,39.128045],[2.922645,39.12805],[2.92264,39.128057],[2.922631,39.128065],[2.922616,39.128075],[2.922601,39.128085],[2.922584,39.128093],[2.922563,39.128102],[2.922549,39.128106],[2.922528,39.128111],[2.922502,39.128115],[2.922491,39.128115],[2.922474,39.128114],[2.922432,39.128112],[2.922427,39.128113],[2.922413,39.128118],[2.922404,39.128122],[2.922398,39.128127],[2.922391,39.128135],[2.922367,39.128158],[2.922363,39.12816],[2.922353,39.128161],[2.922343,39.128161],[2.922323,39.128159],[2.922309,39.128156],[2.922301,39.128153],[2.922263,39.128138],[2.922251,39.128135],[2.922238,39.128134],[2.922228,39.128134],[2.922205,39.128136],[2.922112,39.128144],[2.922032,39.128152],[2.92199,39.128156],[2.921953,39.128161],[2.921896,39.128168],[2.921863,39.12817],[2.921831,39.128171],[2.921808,39.12817],[2.921777,39.128167],[2.921751,39.128163],[2.921711,39.128156],[2.921541,39.128127],[2.921506,39.128123],[2.921485,39.128121],[2.921465,39.128122],[2.921432,39.128124],[2.921431,39.128124],[2.921418,39.128126],[2.921406,39.12813],[2.921395,39.128135],[2.92138,39.128143],[2.92134,39.128167],[2.921318,39.128182],[2.921282,39.128205],[2.921268,39.128212],[2.921246,39.128221],[2.921231,39.128226],[2.921214,39.12823],[2.921205,39.128231],[2.921193,39.12823],[2.921183,39.128228],[2.92117,39.128223],[2.921157,39.128217],[2.921147,39.12821],[2.921133,39.128199],[2.921118,39.128184],[2.921104,39.128169],[2.92108,39.12814],[2.921064,39.128124],[2.921055,39.128116],[2.921044,39.12811],[2.921028,39.128102],[2.921018,39.128099],[2.921007,39.128098],[2.920994,39.128098],[2.920977,39.128099],[2.920957,39.128102],[2.920925,39.128109],[2.920905,39.128114],[2.920888,39.12812],[2.920847,39.128137],[2.920829,39.128145],[2.920798,39.128163],[2.920779,39.128175],[2.920754,39.128193],[2.920728,39.128213],[2.920717,39.128225],[2.920701,39.128242],[2.920693,39.128254],[2.920684,39.12827],[2.920681,39.128281],[2.920679,39.12829],[2.92068,39.128301],[2.920683,39.128319],[2.920689,39.128343],[2.920696,39.128363],[2.920707,39.128387],[2.920726,39.128426],[2.920735,39.128441],[2.920746,39.128455],[2.920761,39.128477],[2.920762,39.128482],[2.920763,39.128494],[2.920763,39.128515],[2.92076,39.128542],[2.920758,39.128545],[2.920751,39.128553],[2.920744,39.128557],[2.92073,39.128564],[2.920709,39.128573],[2.92066,39.128596],[2.920649,39.128603],[2.920618,39.128624],[2.920606,39.128635],[2.920587,39.128654],[2.920565,39.128672],[2.920539,39.128692],[2.920525,39.128701],[2.920512,39.128707],[2.920488,39.128717],[2.920472,39.128721],[2.920452,39.128726],[2.920429,39.128729],[2.920406,39.128732],[2.920383,39.128735],[2.920344,39.128739],[2.920308,39.128741],[2.920239,39.128746],[2.920124,39.128755],[2.92011,39.128758],[2.920087,39.128764],[2.920066,39.128771],[2.919865,39.128842],[2.919812,39.12886],[2.919801,39.128865],[2.919747,39.12889],[2.919728,39.128897],[2.919674,39.128915],[2.919603,39.128941],[2.919593,39.128946],[2.919544,39.128971],[2.919533,39.128975],[2.919513,39.128984],[2.919505,39.128989],[2.9195,39.128994],[2.919495,39.129001],[2.919493,39.129008],[2.919492,39.129015],[2.919494,39.129026],[2.919498,39.129044],[2.919517,39.129134],[2.919519,39.12915],[2.919526,39.129206],[2.919534,39.12928],[2.919539,39.129344],[2.919545,39.129399],[2.919549,39.129413],[2.919555,39.129426],[2.91957,39.129454],[2.919579,39.129468],[2.919595,39.129488],[2.919606,39.129501],[2.919616,39.129512],[2.919694,39.129604],[2.919705,39.12962],[2.919764,39.129701],[2.919779,39.129719],[2.919807,39.12975],[2.919824,39.129766],[2.919841,39.12978],[2.919875,39.129805],[2.919908,39.129828],[2.919937,39.12985],[2.919958,39.129864],[2.919986,39.129884],[2.920002,39.129895],[2.920003,39.129896],[2.920008,39.129902],[2.920014,39.129911],[2.920022,39.129926],[2.920031,39.129945],[2.920036,39.129961],[2.920039,39.129979],[2.920039,39.129988],[2.920037,39.13],[2.920032,39.130012],[2.920026,39.130023],[2.920019,39.130031],[2.92001,39.130039],[2.920001,39.130046],[2.919997,39.130048],[2.919978,39.13006],[2.919962,39.130067],[2.919935,39.130078],[2.91992,39.130086],[2.919914,39.130091],[2.919905,39.1301],[2.919901,39.130108],[2.919899,39.130114],[2.919899,39.130123],[2.9199,39.130137],[2.919905,39.130171],[2.919911,39.1302],[2.919919,39.130228],[2.91994,39.130294],[2.91995,39.13032],[2.919957,39.130334],[2.91997,39.130354],[2.919977,39.130361],[2.919987,39.130369],[2.919999,39.130377],[2.920011,39.130383],[2.920023,39.130388],[2.92004,39.130392],[2.920056,39.130394],[2.920111,39.130404],[2.920119,39.130408],[2.920154,39.13042],[2.920166,39.130423],[2.920181,39.130425],[2.920195,39.130426],[2.920219,39.130425],[2.920414,39.13042],[2.92043,39.130418],[2.920466,39.130412],[2.920498,39.130405],[2.920569,39.130393],[2.920586,39.130391],[2.920673,39.130381],[2.920707,39.130376],[2.920866,39.130353],[2.92089,39.130351],[2.920929,39.130349],[2.920973,39.130348],[2.920995,39.130349],[2.921028,39.13035],[2.921079,39.130352],[2.921097,39.130354],[2.9212,39.130364],[2.921208,39.130364],[2.921225,39.130361],[2.921238,39.130357],[2.921251,39.130352],[2.921271,39.130346],[2.921279,39.130345],[2.92129,39.130346],[2.921306,39.130348],[2.921332,39.130354],[2.92136,39.130361],[2.92146,39.130389],[2.921492,39.130396],[2.921512,39.130399],[2.921567,39.130406],[2.921573,39.130405],[2.921587,39.130401],[2.921606,39.130395],[2.921635,39.130387],[2.921649,39.130384],[2.921662,39.130384],[2.92168,39.130384],[2.921714,39.130386],[2.921738,39.130389],[2.921754,39.130393],[2.921764,39.130396],[2.921778,39.130404],[2.921843,39.130434],[2.921852,39.130436],[2.921865,39.130438],[2.921876,39.130438],[2.921887,39.130436],[2.921897,39.130433],[2.921916,39.130425],[2.92195,39.130413],[2.921958,39.130412],[2.921976,39.130411],[2.922002,39.130411],[2.922063,39.13041],[2.922084,39.130408],[2.922112,39.130405],[2.922169,39.130398],[2.922183,39.130398],[2.92221,39.1304],[2.922257,39.130403],[2.922327,39.13041],[2.922342,39.130413],[2.92237,39.13042],[2.922381,39.130425],[2.922389,39.13043],[2.922394,39.130434],[2.922395,39.130439],[2.922395,39.130443],[2.922391,39.13045],[2.922386,39.130458],[2.922376,39.130467],[2.922335,39.130511],[2.922333,39.130515],[2.922334,39.130521],[2.922337,39.130526],[2.922342,39.130532],[2.922349,39.130536],[2.92236,39.130542],[2.922383,39.130551],[2.922408,39.130564],[2.922416,39.13057],[2.92242,39.130574],[2.922421,39.130578],[2.922419,39.130581],[2.922415,39.130586],[2.922408,39.130591],[2.9224,39.130595],[2.922389,39.130598],[2.922378,39.1306],[2.922354,39.130602],[2.92232,39.130607],[2.922301,39.130611],[2.922278,39.130618],[2.922264,39.130624],[2.922237,39.130636],[2.922223,39.130644],[2.92221,39.130654],[2.922201,39.130662],[2.922192,39.130673],[2.922182,39.130689],[2.922175,39.130701],[2.922159,39.130737],[2.922158,39.130746],[2.922158,39.130756],[2.92216,39.130765],[2.922166,39.130784],[2.922173,39.130796],[2.922178,39.130803],[2.922187,39.13081],[2.922201,39.13082],[2.922215,39.130828],[2.922234,39.130837],[2.922252,39.130843],[2.92228,39.130852],[2.922306,39.130859],[2.922353,39.130869],[2.922393,39.130879],[2.922399,39.130883],[2.922408,39.13089],[2.922433,39.130907],[2.922441,39.13091],[2.922472,39.130919],[2.922491,39.130924],[2.922535,39.130933],[2.922552,39.130935],[2.922602,39.130943],[2.922642,39.13095],[2.922668,39.130957],[2.922762,39.130979],[2.922784,39.130982],[2.922816,39.130986],[2.922844,39.130987],[2.922876,39.130988],[2.92292,39.130987],[2.92297,39.130987],[2.922985,39.130989],[2.923044,39.130994],[2.923057,39.130993],[2.923077,39.130995],[2.923084,39.130997],[2.923089,39.131],[2.923092,39.131005],[2.923097,39.131014],[2.923104,39.131025],[2.92311,39.131031],[2.923123,39.131039],[2.923139,39.131048],[2.923154,39.131055],[2.923173,39.131062],[2.923186,39.131065],[2.923207,39.131069],[2.92323,39.131071],[2.923249,39.131071],[2.923276,39.13107],[2.923315,39.13107],[2.923338,39.131071],[2.923374,39.131075],[2.923459,39.131082],[2.923468,39.131081],[2.923483,39.131077],[2.923521,39.131069],[2.92353,39.131069],[2.92355,39.131071],[2.923574,39.131074],[2.923691,39.131092],[2.923709,39.131097],[2.923774,39.131111],[2.923787,39.131113],[2.923797,39.131112],[2.923809,39.13111],[2.923823,39.131105],[2.923859,39.131096],[2.923866,39.131095],[2.923885,39.131096],[2.923914,39.131095],[2.923923,39.131093],[2.923931,39.131089],[2.923938,39.131084],[2.923948,39.131075],[2.92396,39.131061],[2.92398,39.131036],[2.923986,39.131025],[2.924002,39.131002],[2.924013,39.130988],[2.92403,39.130965],[2.924035,39.130955],[2.924037,39.130946],[2.924037,39.130937],[2.924035,39.130923],[2.924033,39.130894],[2.924036,39.130889],[2.924041,39.13088],[2.924049,39.130872],[2.924059,39.130866],[2.92407,39.130859],[2.924083,39.130855],[2.924094,39.130853],[2.924104,39.130853],[2.924111,39.130855],[2.924117,39.130858],[2.92412,39.130862],[2.924121,39.130867],[2.924123,39.130881],[2.924127,39.13089],[2.924131,39.130896],[2.924136,39.130899],[2.924142,39.130902],[2.924164,39.130912],[2.924165,39.130915],[2.924165,39.13092],[2.924162,39.130927],[2.924162,39.130934],[2.924164,39.130938],[2.924168,39.130943],[2.924176,39.130948],[2.924183,39.13095],[2.924193,39.130951],[2.924205,39.130951],[2.924245,39.130953],[2.924252,39.130955],[2.924262,39.13096],[2.92427,39.130967],[2.924282,39.130978],[2.924288,39.130986],[2.924299,39.131006],[2.924307,39.131021],[2.92433,39.131067],[2.924339,39.131082],[2.924375,39.131134],[2.92438,39.131137],[2.924394,39.131144],[2.924447,39.131173],[2.924467,39.131181],[2.924479,39.131184],[2.924559,39.131205],[2.924581,39.131213],[2.924606,39.131223],[2.924623,39.131232],[2.924671,39.131258],[2.924675,39.131262],[2.924705,39.131287],[2.92471,39.13129],[2.924726,39.131295],[2.924748,39.1313],[2.924794,39.131311],[2.924817,39.131317],[2.924832,39.131324],[2.924847,39.131332],[2.924858,39.13134],[2.924869,39.131351],[2.92488,39.131364],[2.924902,39.131387],[2.92491,39.131392],[2.92493,39.131402],[2.924947,39.131413],[2.924956,39.131421],[2.924973,39.131434],[2.924983,39.131439],[2.925004,39.131448],[2.925015,39.131451],[2.925033,39.131453],[2.925051,39.131454],[2.925065,39.131454],[2.925083,39.131452],[2.925109,39.13145],[2.925119,39.131451],[2.925133,39.131454],[2.925176,39.131461],[2.925187,39.131461],[2.925198,39.13146],[2.92521,39.131457],[2.92525,39.131449],[2.925256,39.13145],[2.925298,39.13145],[2.925303,39.131448],[2.925317,39.131441],[2.92535,39.131427],[2.925355,39.131426],[2.925378,39.131427],[2.925465,39.131428],[2.925484,39.131427],[2.925508,39.131424],[2.925552,39.13142],[2.925556,39.131421],[2.92556,39.131424],[2.925561,39.131427],[2.92556,39.131432],[2.925558,39.131454],[2.92556,39.131456],[2.925568,39.131461],[2.925577,39.131465],[2.925589,39.131468],[2.925601,39.13147],[2.925613,39.13147],[2.92563,39.131468],[2.925654,39.131468],[2.925658,39.131469],[2.925667,39.131474],[2.92568,39.131479],[2.925688,39.13148],[2.925699,39.13148],[2.92571,39.131478],[2.925721,39.131475],[2.925762,39.131463],[2.925769,39.131463],[2.925777,39.131465],[2.925784,39.131468],[2.925805,39.131476],[2.925811,39.131477],[2.925824,39.131477],[2.925834,39.131475],[2.925845,39.131472],[2.925854,39.131467],[2.92586,39.131462],[2.925866,39.131454],[2.925873,39.131444],[2.925902,39.131402],[2.925909,39.131396],[2.925927,39.131381],[2.925939,39.131374],[2.925953,39.131368],[2.925971,39.131361],[2.925982,39.131359],[2.925994,39.131359],[2.926008,39.13136],[2.926025,39.131363],[2.926037,39.131367],[2.926054,39.131374],[2.926073,39.131383],[2.926077,39.131387],[2.92608,39.131392],[2.926081,39.131398],[2.92608,39.131403],[2.926076,39.131411],[2.926063,39.131439],[2.926063,39.131443],[2.926067,39.131455],[2.926071,39.131462],[2.926075,39.131466],[2.926082,39.13147],[2.926092,39.131473],[2.926101,39.131474],[2.926113,39.131474],[2.926124,39.131472],[2.926148,39.131466],[2.92617,39.131459],[2.926185,39.131456],[2.926191,39.131457],[2.926199,39.13146],[2.926207,39.131464],[2.926216,39.131471],[2.92624,39.131487],[2.926249,39.131491],[2.926262,39.131495],[2.926273,39.131496],[2.926284,39.131496],[2.926299,39.131495],[2.926313,39.131492],[2.92636,39.13148],[2.926368,39.131477],[2.926389,39.13147],[2.926398,39.131468],[2.926409,39.131468],[2.926416,39.13147],[2.926422,39.131474],[2.926427,39.131479],[2.926434,39.13149],[2.926447,39.131513],[2.926458,39.131528],[2.926478,39.131554],[2.926508,39.131595],[2.926512,39.131604],[2.926529,39.131633],[2.926536,39.131641],[2.926546,39.131651],[2.926556,39.131657],[2.92657,39.131665],[2.926589,39.131673],[2.92661,39.131681],[2.92663,39.131686],[2.926656,39.131692],[2.926702,39.131701],[2.926737,39.131706],[2.926788,39.131715],[2.926884,39.131734],[2.926889,39.131737],[2.926898,39.131743],[2.926903,39.131751],[2.926906,39.131757],[2.926907,39.131764],[2.926905,39.131773],[2.926902,39.131782],[2.926896,39.131791],[2.926889,39.1318],[2.926871,39.131817],[2.926856,39.131831],[2.926843,39.131839],[2.926832,39.131844],[2.92682,39.131847],[2.92681,39.131848],[2.926799,39.131847],[2.926787,39.131844],[2.926769,39.131838],[2.926743,39.131832],[2.926734,39.131831],[2.926722,39.131832],[2.926709,39.131836],[2.926696,39.13184],[2.926676,39.13185],[2.926651,39.131859],[2.926642,39.131861],[2.926627,39.131862],[2.926613,39.131862],[2.926591,39.13186],[2.926574,39.131857],[2.92656,39.131853],[2.926542,39.131847],[2.926508,39.131832],[2.926469,39.131815],[2.926443,39.131801],[2.926433,39.131794],[2.926417,39.131781],[2.926405,39.131773],[2.926392,39.131767],[2.926373,39.13176],[2.926356,39.131755],[2.926336,39.131751],[2.926295,39.131744],[2.926234,39.131735],[2.926225,39.131736],[2.926194,39.13174],[2.926177,39.131743],[2.926167,39.131747],[2.926157,39.131753],[2.926147,39.13176],[2.926131,39.131773],[2.926124,39.131781],[2.926118,39.131791],[2.926114,39.131801],[2.926113,39.13181],[2.926113,39.131822],[2.926115,39.13184],[2.926115,39.131847],[2.926126,39.131863],[2.926157,39.131926],[2.926159,39.131933],[2.92616,39.131951],[2.926159,39.131961],[2.926156,39.131971],[2.92615,39.131981],[2.926143,39.131992],[2.92613,39.132006],[2.926111,39.132025],[2.9261,39.132034],[2.926085,39.132043],[2.926069,39.132051],[2.926057,39.132055],[2.926044,39.132058],[2.926008,39.132064],[2.925996,39.132068],[2.925985,39.132074],[2.925977,39.13208],[2.925969,39.132088],[2.925964,39.132095],[2.925961,39.132104],[2.925958,39.132119],[2.925952,39.13214],[2.925948,39.132147],[2.92594,39.132156],[2.925929,39.132165],[2.925916,39.132173],[2.925884,39.132192],[2.925865,39.132201],[2.925847,39.132208],[2.925817,39.132217],[2.9258,39.132221],[2.925779,39.132224],[2.9257,39.132238],[2.92569,39.132242],[2.925667,39.132252],[2.925655,39.13226],[2.925638,39.132272],[2.925587,39.13231],[2.925561,39.132327],[2.925555,39.132329],[2.925545,39.132329],[2.925539,39.132328],[2.925531,39.132324],[2.92552,39.132317],[2.925499,39.132306],[2.925494,39.132305],[2.925487,39.132307],[2.925481,39.132311],[2.925475,39.132317],[2.925468,39.132328],[2.925438,39.132368],[2.925429,39.132376],[2.925412,39.13239],[2.925381,39.132414],[2.925368,39.132421],[2.925359,39.132425],[2.925349,39.132426],[2.925343,39.132425],[2.925334,39.132422],[2.925322,39.132416],[2.925291,39.132404],[2.925272,39.132398],[2.925256,39.132395],[2.925244,39.132394],[2.925231,39.132394],[2.925223,39.132396],[2.925216,39.1324],[2.925213,39.132405],[2.925212,39.132409],[2.925212,39.132416],[2.925216,39.132424],[2.925222,39.132433],[2.925231,39.132444],[2.925245,39.132462],[2.92525,39.132471],[2.92525,39.132477],[2.925248,39.132481],[2.925243,39.132487],[2.925236,39.132492],[2.925226,39.132498],[2.925218,39.132501],[2.925209,39.132501],[2.925196,39.132501],[2.925183,39.132498],[2.925157,39.132492],[2.925063,39.132471],[2.92505,39.13247],[2.925029,39.132469],[2.925012,39.132471],[2.924989,39.132474],[2.924977,39.132477],[2.924959,39.132484],[2.924934,39.132495],[2.924867,39.132522],[2.924848,39.132527],[2.924832,39.132531],[2.924779,39.132543],[2.924769,39.132547],[2.924754,39.132556],[2.924743,39.132564],[2.924728,39.132577],[2.924707,39.132594],[2.924695,39.132602],[2.92468,39.13261],[2.924668,39.132614],[2.92465,39.132619],[2.924627,39.132627],[2.924618,39.132632],[2.924606,39.13264],[2.924595,39.13265],[2.924579,39.132666],[2.924573,39.132676],[2.924564,39.132691],[2.924554,39.132712],[2.92454,39.132738],[2.924535,39.132742],[2.924525,39.132749],[2.92451,39.132758],[2.924495,39.132765],[2.924487,39.132767],[2.924475,39.132768],[2.924463,39.132768],[2.924447,39.132767],[2.924416,39.132762],[2.924351,39.132753],[2.924336,39.132753],[2.924313,39.132754],[2.92429,39.132756],[2.924274,39.13276],[2.924259,39.132765],[2.924244,39.132771],[2.924206,39.132789],[2.92414,39.132822],[2.924127,39.132831],[2.924098,39.132851],[2.924087,39.132861],[2.924081,39.132869],[2.924079,39.132875],[2.92408,39.132882],[2.924084,39.132887],[2.92409,39.132892],[2.924098,39.132896],[2.924108,39.132899],[2.924126,39.132904],[2.924146,39.132907],[2.924159,39.132908],[2.924176,39.132907],[2.924187,39.132905],[2.924199,39.132901],[2.924215,39.132895],[2.924242,39.132882],[2.924265,39.13287],[2.924305,39.132846],[2.924344,39.132825],[2.924356,39.13282],[2.924372,39.132816],[2.924384,39.132815],[2.924397,39.132815],[2.924411,39.132817],[2.924423,39.13282],[2.924435,39.132825],[2.924454,39.132834],[2.924468,39.132842],[2.924477,39.13285],[2.924481,39.132856],[2.924484,39.132865],[2.924486,39.132875],[2.924497,39.132934],[2.9245,39.132938],[2.924509,39.132949],[2.924518,39.132957],[2.924532,39.132967],[2.924544,39.132973],[2.924561,39.132981],[2.924573,39.132984],[2.924586,39.132986],[2.924599,39.132985],[2.924614,39.132984],[2.924626,39.132981],[2.924644,39.132975],[2.924664,39.132971],[2.924673,39.13297],[2.924684,39.132972],[2.924693,39.132975],[2.924706,39.13298],[2.924744,39.132999],[2.924766,39.133007],[2.924789,39.133015],[2.924798,39.133016],[2.924807,39.133016],[2.924815,39.133014],[2.924828,39.133009],[2.924853,39.132998],[2.924908,39.132976],[2.924932,39.132969],[2.924944,39.132966],[2.924964,39.132964],[2.924976,39.132964],[2.924988,39.132966],[2.925011,39.132971],[2.925034,39.132974],[2.925046,39.132974],[2.925057,39.132972],[2.925073,39.132968],[2.925136,39.132954],[2.925146,39.132953],[2.925172,39.132953],[2.925194,39.132955],[2.92523,39.132959],[2.925276,39.132963],[2.925301,39.132966],[2.925308,39.132969],[2.925311,39.132973],[2.925311,39.132973],[2.925313,39.132976],[2.925312,39.13298],[2.925309,39.132983],[2.925304,39.132986],[2.925296,39.132987],[2.925284,39.132988],[2.925251,39.132992],[2.925244,39.132995],[2.925235,39.132999],[2.92523,39.133004],[2.925226,39.13301],[2.925225,39.133016],[2.925225,39.133024],[2.925227,39.133031],[2.925232,39.133041],[2.925239,39.133051],[2.925249,39.13306],[2.925269,39.133078],[2.925296,39.133104],[2.925313,39.133123],[2.925334,39.133144],[2.925352,39.133159],[2.925369,39.133171],[2.925379,39.133176],[2.92539,39.13318],[2.925402,39.133183],[2.925422,39.133185],[2.925437,39.133186],[2.92546,39.133188],[2.925478,39.133192],[2.925493,39.133196],[2.92551,39.133203],[2.925532,39.133209],[2.925548,39.133213],[2.925569,39.133216],[2.925583,39.133216],[2.925594,39.133215],[2.925601,39.133212],[2.925608,39.133207],[2.925611,39.133202],[2.925613,39.133196],[2.925612,39.13319],[2.925613,39.133168],[2.925616,39.133163],[2.925623,39.133157],[2.925631,39.133152],[2.92564,39.133149],[2.925646,39.133149],[2.925649,39.133151],[2.925651,39.133152],[2.925655,39.133156],[2.925658,39.133161],[2.925659,39.133169],[2.925658,39.133178],[2.925654,39.133193],[2.925648,39.133211],[2.925593,39.133361],[2.925578,39.133398],[2.925557,39.133445],[2.925538,39.133482],[2.925534,39.13349],[2.925517,39.13352],[2.925499,39.133556],[2.925467,39.133623],[2.92546,39.133643],[2.925453,39.133665],[2.925442,39.133698],[2.925431,39.133724],[2.925415,39.133768],[2.925413,39.13378],[2.925412,39.133794],[2.925409,39.133844],[2.925409,39.133846],[2.925405,39.133874],[2.925397,39.133947],[2.925397,39.13396],[2.925397,39.133999],[2.925395,39.134036],[2.925391,39.134063],[2.925385,39.134125],[2.925386,39.134139],[2.925389,39.134184],[2.925391,39.134228],[2.925389,39.134236],[2.925384,39.134251],[2.925378,39.134265],[2.925353,39.134323],[2.925351,39.134333],[2.925347,39.134362],[2.925343,39.134411],[2.925344,39.134425],[2.92535,39.134492],[2.925353,39.134499],[2.925358,39.134508],[2.925389,39.134566],[2.925393,39.134576],[2.925396,39.134591],[2.925398,39.13461],[2.925399,39.134639],[2.925398,39.134682],[2.925396,39.134695],[2.925388,39.134739],[2.925382,39.134762],[2.925374,39.134782],[2.925366,39.134799],[2.925331,39.134879],[2.925311,39.134918],[2.925305,39.134931],[2.925302,39.134934],[2.925295,39.134937],[2.92529,39.134938],[2.925282,39.134937],[2.925277,39.134935],[2.92527,39.13493],[2.925263,39.134924],[2.925257,39.134915],[2.925251,39.134903],[2.925241,39.13488],[2.925218,39.134832],[2.925208,39.134815],[2.925198,39.134802],[2.925185,39.134788],[2.925178,39.134782],[2.925169,39.134778],[2.925162,39.134777],[2.925155,39.134777],[2.925145,39.134779],[2.92513,39.134783],[2.925117,39.134789],[2.925109,39.134794],[2.925102,39.1348],[2.925095,39.13481],[2.925082,39.134829],[2.925074,39.134843],[2.925056,39.134875],[2.925051,39.134879],[2.925043,39.134882],[2.925038,39.134883],[2.92503,39.134883],[2.925022,39.13488],[2.925012,39.134876],[2.924998,39.134868],[2.924986,39.134859],[2.924964,39.13484],[2.924961,39.134839],[2.92493,39.134815],[2.924919,39.134808],[2.924911,39.134805],[2.924902,39.1348],[2.924892,39.134798],[2.924884,39.134797],[2.924877,39.134799],[2.924869,39.134802],[2.924848,39.134808],[2.924837,39.13481],[2.924822,39.134814],[2.924815,39.134817],[2.924811,39.134821],[2.924809,39.134826],[2.924809,39.134832],[2.924811,39.134838],[2.924817,39.134846],[2.924824,39.134853],[2.924831,39.134858],[2.924857,39.134876],[2.924859,39.13488],[2.924859,39.134885],[2.924856,39.134889],[2.924851,39.134894],[2.92484,39.134902],[2.924826,39.134915],[2.924823,39.134922],[2.92482,39.134931],[2.92482,39.13494],[2.924821,39.134969],[2.924823,39.134984],[2.924827,39.134996],[2.924833,39.135007],[2.924843,39.135021],[2.924855,39.135036],[2.924874,39.135056],[2.924894,39.135075],[2.924909,39.135087],[2.924935,39.135109],[2.924988,39.135159],[2.924998,39.135169],[2.925028,39.135207],[2.925084,39.135272],[2.925096,39.135283],[2.925121,39.135309],[2.92516,39.135348],[2.925174,39.135359],[2.925217,39.135391],[2.92523,39.135398],[2.92528,39.135424],[2.925302,39.135434],[2.925335,39.135451],[2.92534,39.135456],[2.92536,39.135476],[2.925364,39.135483],[2.925371,39.135499],[2.925379,39.135511],[2.925385,39.135517],[2.925395,39.135524],[2.92541,39.135533],[2.925431,39.135545],[2.925446,39.135551],[2.925458,39.135554],[2.92551,39.135568],[2.925529,39.135573],[2.925551,39.135578],[2.925563,39.13558],[2.925583,39.135584],[2.925589,39.135587],[2.9256,39.135594],[2.92561,39.135603],[2.925622,39.135616],[2.925642,39.135642],[2.925669,39.135677],[2.925681,39.135696],[2.925689,39.135712],[2.925692,39.135723],[2.925693,39.135733],[2.925701,39.135782],[2.925704,39.135816],[2.925702,39.135821],[2.925698,39.135827],[2.925697,39.135829],[2.92569,39.135836],[2.925679,39.135845],[2.925643,39.135876],[2.925611,39.135901],[2.925606,39.135902],[2.925596,39.135902],[2.925585,39.135902],[2.925573,39.135903],[2.925566,39.135905],[2.925549,39.135912],[2.925461,39.135951],[2.925454,39.135956],[2.925441,39.135966],[2.925433,39.135975],[2.925426,39.135985],[2.925418,39.136001],[2.925415,39.136011],[2.925413,39.136022],[2.925414,39.136031],[2.925417,39.136038],[2.925422,39.136043],[2.92543,39.136049],[2.925438,39.136053],[2.925447,39.136054],[2.925459,39.136055],[2.925499,39.13606],[2.925508,39.136063],[2.92552,39.136068],[2.925527,39.136072],[2.925534,39.136079],[2.925538,39.136085],[2.925539,39.136092],[2.925541,39.136111],[2.925544,39.136124],[2.925545,39.136139],[2.925543,39.136143],[2.925542,39.136144],[2.925539,39.136147],[2.925534,39.13615],[2.925526,39.136153],[2.925518,39.136153],[2.925508,39.136152],[2.925494,39.136149],[2.925475,39.136144],[2.925419,39.136129],[2.92536,39.136112],[2.925355,39.136108],[2.925325,39.13609],[2.925314,39.13608],[2.925296,39.136059],[2.925277,39.136042],[2.925264,39.136039],[2.925251,39.136041],[2.925226,39.136051],[2.92519,39.136066],[2.925171,39.136074],[2.925135,39.136091],[2.925121,39.136091],[2.925085,39.136091],[2.925007,39.13609],[2.924969,39.136088],[2.924952,39.136085],[2.924866,39.136069],[2.924861,39.136067],[2.924841,39.136056],[2.924819,39.13605],[2.924783,39.136042],[2.924707,39.135996],[2.924644,39.135967],[2.924601,39.135968],[2.924562,39.13597],[2.92452,39.135972],[2.924489,39.135968],[2.924469,39.135963],[2.924448,39.135951],[2.92442,39.135936],[2.924397,39.135902],[2.92437,39.135889],[2.924339,39.13588],[2.924322,39.135874],[2.92431,39.135871],[2.924308,39.135871],[2.924301,39.135869],[2.924283,39.135863],[2.924266,39.135856],[2.924243,39.135846],[2.924227,39.135836],[2.924181,39.135812],[2.924123,39.135778],[2.924111,39.135769],[2.924025,39.13571],[2.924009,39.135701],[2.923972,39.135681],[2.92388,39.135635],[2.923871,39.135633],[2.923858,39.135632],[2.923851,39.135633],[2.923841,39.135635],[2.923831,39.135639],[2.923818,39.135647],[2.923804,39.135656],[2.923763,39.135683],[2.923753,39.135687],[2.923733,39.135695],[2.923723,39.135697],[2.923708,39.135699],[2.923668,39.135705],[2.92366,39.135707],[2.923637,39.135717],[2.92359,39.135736],[2.923582,39.135738],[2.923579,39.135738],[2.923567,39.135738],[2.923556,39.135738],[2.923545,39.135735],[2.923532,39.135731],[2.923497,39.135716],[2.923461,39.135703],[2.923447,39.135701],[2.923417,39.135695],[2.923405,39.135695],[2.923387,39.135695],[2.923352,39.135695],[2.923342,39.135693],[2.923322,39.135688],[2.923306,39.135682],[2.923269,39.135671],[2.923255,39.135668],[2.923232,39.135665],[2.923217,39.135665],[2.923216,39.135665],[2.923201,39.135666],[2.92318,39.135669],[2.923161,39.135673],[2.923135,39.13568],[2.923118,39.135683],[2.923105,39.135684],[2.92308,39.135687],[2.923072,39.13569],[2.923064,39.135694],[2.923055,39.1357],[2.92303,39.135715],[2.923019,39.13572],[2.922993,39.13573],[2.922978,39.135734],[2.92296,39.135737],[2.922929,39.135744],[2.922889,39.135754],[2.92287,39.135761],[2.922857,39.135767],[2.922841,39.135776],[2.922833,39.135783],[2.922828,39.13579],[2.922824,39.135797],[2.922815,39.135812],[2.92281,39.135816],[2.922785,39.135832],[2.922753,39.135854],[2.922743,39.135864],[2.922734,39.135875],[2.922726,39.135887],[2.922717,39.135904],[2.922705,39.13593],[2.922701,39.135943],[2.922693,39.135976],[2.922692,39.135988],[2.922693,39.136001],[2.922696,39.136011],[2.922699,39.136016],[2.922706,39.136022],[2.922712,39.136026],[2.922721,39.136029],[2.922733,39.136032],[2.922745,39.136034],[2.922757,39.136033],[2.9228,39.136034],[2.922809,39.136036],[2.922825,39.136041],[2.922839,39.136046],[2.92285,39.136053],[2.92286,39.13606],[2.922866,39.136067],[2.92287,39.136075],[2.922873,39.136085],[2.922875,39.136094],[2.922874,39.136104],[2.922871,39.136118],[2.922866,39.136136],[2.922861,39.136147],[2.922853,39.136161],[2.922822,39.136209],[2.922817,39.136213],[2.922811,39.136216],[2.922804,39.136217],[2.92277,39.136223],[2.922763,39.136226],[2.922752,39.136233],[2.92274,39.136242],[2.922729,39.136253],[2.922722,39.136262],[2.922715,39.136275],[2.922708,39.136291],[2.922703,39.136306],[2.922702,39.136319],[2.922702,39.136329],[2.922706,39.136383],[2.922709,39.136389],[2.922714,39.136397],[2.922721,39.136403],[2.922734,39.136412],[2.92275,39.136422],[2.922769,39.136431],[2.92278,39.136434],[2.922793,39.136437],[2.922805,39.136437],[2.922821,39.136437],[2.922835,39.136434],[2.922854,39.13643],[2.922881,39.136422],[2.922904,39.136417],[2.922916,39.136416],[2.922935,39.136416],[2.922956,39.136417],[2.922974,39.13642],[2.922996,39.136425],[2.923019,39.136432],[2.923068,39.136448],[2.923141,39.136471],[2.92315,39.136472],[2.923165,39.136472],[2.923177,39.136471],[2.92319,39.136467],[2.923198,39.136463],[2.923208,39.136456],[2.923216,39.136448],[2.923228,39.136435],[2.923249,39.136409],[2.923258,39.136394],[2.923281,39.136361],[2.923312,39.13632],[2.923326,39.136304],[2.92334,39.136291],[2.923351,39.136283],[2.923366,39.136274],[2.923384,39.136266],[2.9234,39.13626],[2.923419,39.136255],[2.923438,39.136251],[2.923461,39.136248],[2.923474,39.136248],[2.923487,39.13625],[2.923529,39.136254],[2.923536,39.136253],[2.923559,39.136247],[2.923577,39.136241],[2.923624,39.136224],[2.923715,39.136193],[2.923726,39.136191],[2.923806,39.136177],[2.923836,39.136173],[2.923866,39.136171],[2.923886,39.136171],[2.923916,39.136173],[2.923935,39.136175],[2.923968,39.136178],[2.923983,39.136178],[2.924014,39.136175],[2.924047,39.136172],[2.924091,39.136169],[2.924121,39.136168],[2.924135,39.136169],[2.924151,39.136172],[2.924166,39.136177],[2.924173,39.136181],[2.924179,39.136185],[2.924183,39.136191],[2.924184,39.136196],[2.924184,39.136204],[2.924187,39.136252],[2.924189,39.136258],[2.924195,39.136268],[2.924206,39.136288],[2.924206,39.136293],[2.924208,39.136315],[2.924211,39.13632],[2.924216,39.136326],[2.924223,39.136332],[2.924237,39.136341],[2.924279,39.136367],[2.924297,39.136376],[2.92433,39.136391],[2.92434,39.136394],[2.924362,39.136399],[2.924378,39.136401],[2.924401,39.136402],[2.924419,39.136401],[2.92444,39.136399],[2.92446,39.136396],[2.924479,39.136391],[2.924492,39.136386],[2.924542,39.136366],[2.924587,39.13635],[2.924597,39.136349],[2.92461,39.136348],[2.924627,39.136348],[2.92467,39.136347],[2.924689,39.136345],[2.924716,39.136341],[2.924739,39.136336],[2.92476,39.13633],[2.92479,39.13632],[2.924807,39.136313],[2.924816,39.136306],[2.924825,39.136299],[2.92487,39.136263],[2.924874,39.136262],[2.924881,39.136263],[2.924886,39.136264],[2.924892,39.136268],[2.924897,39.136274],[2.924901,39.136282],[2.924903,39.13629],[2.924905,39.136302],[2.924914,39.136345],[2.924917,39.13635],[2.924923,39.136355],[2.924929,39.136358],[2.924935,39.136359],[2.924939,39.136358],[2.924944,39.136355],[2.924949,39.13635],[2.924955,39.136342],[2.924961,39.136328],[2.924972,39.136311],[2.924978,39.136306],[2.924985,39.136302],[2.924995,39.136298],[2.925005,39.136297],[2.925016,39.136296],[2.925028,39.136298],[2.925038,39.1363],[2.925045,39.136304],[2.925051,39.13631],[2.925053,39.136315],[2.925055,39.136324],[2.925056,39.136337],[2.925063,39.136387],[2.925066,39.136393],[2.925073,39.136402],[2.925082,39.136411],[2.925091,39.136423],[2.925094,39.13643],[2.925096,39.136439],[2.925099,39.136449],[2.925104,39.136454],[2.92511,39.136458],[2.925116,39.13646],[2.925123,39.13646],[2.925135,39.136458],[2.925142,39.136459],[2.925146,39.136461],[2.925151,39.136466],[2.925154,39.136471],[2.925155,39.136477],[2.925155,39.136487],[2.925152,39.136503],[2.925153,39.13651],[2.925156,39.136513],[2.925161,39.136516],[2.92517,39.136519],[2.925181,39.136521],[2.92519,39.13652],[2.925203,39.136518],[2.925245,39.136512],[2.925249,39.136513],[2.925256,39.136516],[2.92526,39.13652],[2.925261,39.136525],[2.925261,39.13653],[2.925259,39.136542],[2.925254,39.136558],[2.925247,39.136573],[2.925208,39.136666],[2.925205,39.136678],[2.925203,39.136696],[2.925192,39.136757],[2.925188,39.136767],[2.925182,39.136792],[2.925178,39.136813],[2.925168,39.136885],[2.925167,39.136904],[2.925168,39.136934],[2.92517,39.136943],[2.92518,39.13699],[2.925182,39.137013],[2.925184,39.137044],[2.925187,39.137069],[2.92519,39.137078],[2.925196,39.137088],[2.925206,39.1371],[2.925213,39.137107],[2.925222,39.137112],[2.925229,39.137115],[2.925237,39.137116],[2.925246,39.137116],[2.925256,39.137114],[2.925266,39.137111],[2.925279,39.137105],[2.925309,39.13709],[2.925337,39.137074],[2.925357,39.137061],[2.925374,39.137048],[2.925401,39.137029],[2.925426,39.137014],[2.925435,39.137011],[2.925442,39.13701],[2.925449,39.137011],[2.925456,39.137013],[2.925461,39.137018],[2.925465,39.137023],[2.925467,39.137029],[2.925466,39.137034],[2.925464,39.13704],[2.925459,39.137048],[2.925449,39.137061],[2.925435,39.137082],[2.925433,39.13709],[2.925431,39.1371],[2.925432,39.137109],[2.925435,39.137117],[2.925441,39.137128],[2.925445,39.13714],[2.925447,39.13715],[2.92545,39.137158],[2.925451,39.137163],[2.925459,39.137181],[2.925469,39.137199],[2.925476,39.137209],[2.925487,39.137221],[2.92551,39.137249],[2.925559,39.137305],[2.925567,39.13731],[2.925579,39.137317],[2.925594,39.137323],[2.925606,39.137326],[2.925619,39.137328],[2.925635,39.137329],[2.925661,39.137328],[2.925684,39.137326],[2.925702,39.137323],[2.925726,39.137317],[2.925739,39.137313],[2.925751,39.137307],[2.925784,39.137288],[2.925829,39.137265],[2.925839,39.137261],[2.925853,39.137258],[2.925863,39.137257],[2.925872,39.137258],[2.925882,39.13726],[2.925892,39.137264],[2.92593,39.137279],[2.925936,39.137279],[2.925952,39.137278],[2.925965,39.137276],[2.925978,39.137273],[2.92599,39.137267],[2.92601,39.137258],[2.926079,39.137224],[2.926087,39.137222],[2.926102,39.13722],[2.926112,39.13722],[2.926121,39.137222],[2.92613,39.137226],[2.926136,39.137231],[2.926141,39.137236],[2.926144,39.137243],[2.926144,39.13725],[2.926143,39.137258],[2.92614,39.137269],[2.926133,39.137282],[2.926126,39.137293],[2.926114,39.137309],[2.926099,39.137324],[2.926082,39.13734],[2.926058,39.137359],[2.926045,39.137371],[2.926022,39.13739],[2.926008,39.137405],[2.926004,39.137411],[2.926003,39.137418],[2.926004,39.137423],[2.926007,39.137428],[2.926012,39.137432],[2.926021,39.137436],[2.926033,39.137445],[2.926035,39.137448],[2.926035,39.137453],[2.926033,39.137459],[2.926029,39.137464],[2.92602,39.137473],[2.925996,39.1375],[2.925996,39.137504],[2.925998,39.137511],[2.926002,39.137516],[2.926008,39.137519],[2.926015,39.137521],[2.926024,39.137522],[2.926035,39.137521],[2.926051,39.137519],[2.926084,39.137515],[2.926094,39.137516],[2.926109,39.137519],[2.92612,39.137523],[2.926127,39.137527],[2.926132,39.137533],[2.926133,39.137537],[2.926133,39.137543],[2.926131,39.13755],[2.926126,39.13756],[2.926116,39.137573],[2.926083,39.137627],[2.926081,39.137633],[2.926071,39.137664],[2.926067,39.13768],[2.926067,39.137689],[2.92607,39.137699],[2.926076,39.137711],[2.926084,39.137731],[2.926083,39.137737],[2.926085,39.137762],[2.926088,39.137766],[2.926094,39.137772],[2.9261,39.137776],[2.926111,39.137784],[2.926113,39.137788],[2.926122,39.137804],[2.926126,39.137806],[2.926136,39.137808],[2.926145,39.137808],[2.926164,39.137806],[2.926177,39.137807],[2.926184,39.13781],[2.926188,39.137813],[2.926189,39.137818],[2.926189,39.137823],[2.926187,39.137831],[2.926183,39.137839],[2.926144,39.137907],[2.926139,39.137912],[2.926131,39.137919],[2.926122,39.137923],[2.926112,39.137925],[2.926104,39.137926],[2.926091,39.137926],[2.926082,39.137924],[2.926017,39.137915],[2.926011,39.137916],[2.925997,39.13792],[2.925947,39.137937],[2.925942,39.13794],[2.925937,39.137946],[2.925935,39.137952],[2.925934,39.137957],[2.925936,39.137964],[2.925942,39.137979],[2.925943,39.137988],[2.925943,39.137996],[2.92594,39.138004],[2.925935,39.13801],[2.925929,39.138016],[2.925919,39.138022],[2.925903,39.138031],[2.925892,39.138035],[2.925881,39.138037],[2.925849,39.138045],[2.925843,39.138048],[2.92583,39.138058],[2.925813,39.138072],[2.925762,39.138112],[2.925753,39.138117],[2.925736,39.138123],[2.925713,39.138134],[2.92571,39.138137],[2.925709,39.138141],[2.92571,39.138145],[2.925713,39.138149],[2.925718,39.138153],[2.925729,39.13816],[2.925758,39.138179],[2.925761,39.138182],[2.925763,39.138189],[2.925763,39.138197],[2.925763,39.138199],[2.925768,39.138211],[2.925771,39.138215],[2.925783,39.138229],[2.925793,39.138237],[2.925805,39.138245],[2.925816,39.13825],[2.925841,39.138261],[2.925858,39.138269],[2.925894,39.13829],[2.925914,39.138303],[2.925967,39.138339],[2.925992,39.138354],[2.926002,39.138358],[2.926026,39.138366],[2.926059,39.138376],[2.926102,39.13839],[2.926119,39.138397],[2.926143,39.138409],[2.926156,39.138417],[2.926158,39.138419],[2.926162,39.138423],[2.926167,39.138431],[2.926171,39.138442],[2.926173,39.13845],[2.926173,39.13846],[2.926171,39.138473],[2.926169,39.138502],[2.926171,39.138514],[2.926173,39.138555],[2.926171,39.138563],[2.926166,39.138574],[2.926161,39.138582],[2.926152,39.138591],[2.926139,39.138603],[2.926127,39.138611],[2.926108,39.138623],[2.926098,39.138626],[2.926091,39.138627],[2.926083,39.138626],[2.926072,39.138623],[2.926056,39.138617],[2.926,39.138593],[2.925996,39.13859],[2.925973,39.138571],[2.925967,39.138569],[2.925956,39.138567],[2.925945,39.138567],[2.925934,39.138568],[2.925918,39.138571],[2.925899,39.138577],[2.925848,39.138591],[2.925837,39.138593],[2.925781,39.138603],[2.925776,39.138606],[2.925773,39.13861],[2.92577,39.138616],[2.925769,39.138622],[2.92577,39.13863],[2.925778,39.13867],[2.925782,39.138707],[2.92578,39.138709],[2.925776,39.138711],[2.92577,39.138711],[2.925759,39.138711],[2.925744,39.138708],[2.925699,39.138703],[2.925693,39.138704],[2.925681,39.138708],[2.925672,39.138712],[2.925661,39.13872],[2.925628,39.138743],[2.925609,39.138755],[2.925601,39.138757],[2.92559,39.138758],[2.925576,39.138758],[2.925506,39.13876],[2.925495,39.138762],[2.92546,39.13877],[2.925343,39.13878],[2.925279,39.138791],[2.925244,39.138802],[2.925223,39.138812],[2.925207,39.138825],[2.925201,39.138835],[2.925192,39.138846],[2.925177,39.138859],[2.925161,39.138881],[2.925143,39.138896],[2.925123,39.138899],[2.925114,39.138898],[2.925098,39.138894],[2.92509,39.138891],[2.925082,39.138889],[2.925073,39.138886],[2.925064,39.138883],[2.925053,39.13888],[2.925045,39.138879],[2.92503,39.138878],[2.925016,39.138879],[2.924981,39.138881],[2.924904,39.138882],[2.924878,39.138882],[2.924837,39.138884],[2.924819,39.138887],[2.924815,39.138887],[2.924811,39.138888],[2.924801,39.138893],[2.924786,39.138903],[2.924775,39.138912],[2.924767,39.138922],[2.92475,39.138938],[2.924738,39.138947],[2.924724,39.138955],[2.924705,39.138964],[2.924695,39.138967],[2.924652,39.138982],[2.924641,39.138987],[2.924607,39.139007],[2.92456,39.139033],[2.924549,39.139037],[2.924535,39.139041],[2.924519,39.139043],[2.924505,39.139043],[2.92449,39.139042],[2.924471,39.13904],[2.924443,39.139034],[2.924419,39.139027],[2.924405,39.139022],[2.924349,39.138999],[2.924313,39.138985],[2.924263,39.138969],[2.924241,39.138963],[2.924224,39.138961],[2.924211,39.13896],[2.9242,39.138962],[2.924187,39.138965],[2.924176,39.13897],[2.924165,39.138977],[2.924133,39.138994],[2.924125,39.138997],[2.924114,39.138999],[2.924098,39.139001],[2.924074,39.139005],[2.924055,39.13901],[2.924026,39.13902],[2.923999,39.139029],[2.923988,39.139036],[2.92398,39.139042],[2.923974,39.139049],[2.923968,39.139058],[2.923963,39.13907],[2.92395,39.139093],[2.92394,39.139101],[2.923933,39.139105],[2.92392,39.13911],[2.923891,39.139124],[2.923887,39.139127],[2.923879,39.139137],[2.923876,39.139145],[2.923874,39.139153],[2.923875,39.13916],[2.923875,39.139191],[2.923873,39.139197],[2.923868,39.139205],[2.923861,39.139213],[2.923849,39.139223],[2.923839,39.139229],[2.923828,39.139233],[2.923814,39.139237],[2.923799,39.139239],[2.923773,39.139242],[2.923723,39.139245],[2.923688,39.139248],[2.923666,39.139248],[2.923619,39.13925],[2.923599,39.139252],[2.92358,39.139256],[2.923555,39.139262],[2.923496,39.139275],[2.92348,39.139277],[2.923447,39.139279],[2.923429,39.139279],[2.923405,39.139278],[2.923375,39.139275],[2.923341,39.13927],[2.923276,39.139262],[2.923257,39.139261],[2.92322,39.139253],[2.92321,39.13925],[2.923191,39.139242],[2.923182,39.139236],[2.923142,39.139213],[2.923134,39.13921],[2.923108,39.139202],[2.923093,39.139199],[2.923064,39.139195],[2.923038,39.139193],[2.92283,39.139177],[2.922819,39.139177],[2.922804,39.13918],[2.922783,39.139186],[2.922753,39.139191],[2.922743,39.139192],[2.92273,39.139191],[2.922664,39.139189],[2.922645,39.139189],[2.922593,39.13919],[2.922571,39.139189],[2.922473,39.139182],[2.922458,39.13918],[2.922438,39.139175],[2.922408,39.139166],[2.922385,39.139158],[2.922336,39.139143],[2.92231,39.139136],[2.922241,39.13912],[2.922232,39.139119],[2.922196,39.139116],[2.922186,39.139114],[2.922168,39.139111],[2.922159,39.139111],[2.922148,39.139113],[2.922135,39.139116],[2.922082,39.139129],[2.922073,39.13913],[2.922059,39.139128],[2.92204,39.139125],[2.922017,39.139123],[2.922006,39.139123],[2.921989,39.139125],[2.921942,39.13913],[2.921925,39.13913],[2.92188,39.139132],[2.921857,39.139134],[2.921812,39.139141],[2.921753,39.13915],[2.921721,39.139157],[2.921634,39.139177],[2.921616,39.139182],[2.921576,39.139196],[2.921541,39.139207],[2.9215,39.139218],[2.921479,39.139222],[2.921435,39.139229],[2.921385,39.139235],[2.921235,39.139254],[2.921222,39.139254],[2.921146,39.139254],[2.921117,39.139252],[2.921086,39.139249],[2.921021,39.139241],[2.920988,39.139235],[2.920955,39.139228],[2.920924,39.139223],[2.920864,39.139212],[2.920843,39.139206],[2.920739,39.139181],[2.9207,39.139174],[2.920632,39.139162],[2.920558,39.13915],[2.920445,39.139133],[2.92041,39.139127],[2.920351,39.139115],[2.920303,39.139103],[2.920291,39.139098],[2.920256,39.139087],[2.920246,39.139085],[2.920234,39.139085],[2.920217,39.139086],[2.920191,39.139088],[2.920156,39.139094],[2.920135,39.139094],[2.920113,39.139088],[2.920093,39.13908],[2.920068,39.139073],[2.920051,39.139068],[2.920036,39.139063],[2.920025,39.13906],[2.920008,39.139056],[2.91999,39.139053],[2.919979,39.139052],[2.919948,39.139054],[2.919937,39.139047],[2.919933,39.139041],[2.91993,39.139032],[2.919929,39.139025],[2.919928,39.139005],[2.919926,39.138997],[2.919922,39.138991],[2.919917,39.138986],[2.91991,39.138981],[2.919897,39.138975],[2.91988,39.138968],[2.919862,39.138963],[2.919723,39.138922],[2.919709,39.138919],[2.919692,39.138917],[2.919672,39.138917],[2.919631,39.138914],[2.919619,39.138912],[2.919599,39.138906],[2.919459,39.138868],[2.919364,39.138841],[2.919351,39.138836],[2.919298,39.138813],[2.919273,39.138801],[2.919251,39.138788],[2.919209,39.138765],[2.919199,39.138761],[2.919141,39.138739],[2.919062,39.138709],[2.919049,39.138705],[2.919033,39.138703],[2.918965,39.138691],[2.918951,39.138687],[2.918929,39.138679],[2.91887,39.138659],[2.918857,39.138656],[2.918831,39.138652],[2.918787,39.138643],[2.91878,39.13864],[2.918724,39.13862],[2.918718,39.13862],[2.918704,39.13862],[2.918664,39.138621],[2.91865,39.13862],[2.918626,39.138617],[2.918613,39.138613],[2.918596,39.138607],[2.918556,39.138595],[2.91854,39.138591],[2.918524,39.13859],[2.918499,39.138588],[2.918458,39.138587],[2.918442,39.138587],[2.918428,39.138587],[2.918396,39.138584],[2.918315,39.138577],[2.918265,39.138571],[2.918228,39.138571],[2.918201,39.13857],[2.918165,39.138569],[2.918117,39.138569],[2.918042,39.138572],[2.917979,39.138573],[2.917927,39.138576],[2.917893,39.138576],[2.917866,39.138575],[2.917831,39.138572],[2.917771,39.138568],[2.917733,39.138558],[2.91762,39.138527],[2.917585,39.138516],[2.917547,39.138506],[2.917532,39.138503],[2.917507,39.1385],[2.917451,39.138495],[2.917401,39.138489],[2.917349,39.138482],[2.917324,39.138477],[2.91727,39.138465],[2.917189,39.138448],[2.917054,39.138418],[2.917004,39.138405],[2.916985,39.138399],[2.916925,39.138378],[2.916873,39.138361],[2.916859,39.138357],[2.916851,39.138357],[2.916844,39.138359],[2.916834,39.138362],[2.916822,39.138365],[2.916816,39.138365],[2.916804,39.138363],[2.916749,39.138352],[2.91669,39.138338],[2.916486,39.138291],[2.916453,39.138282],[2.916409,39.138269],[2.916288,39.13823],[2.916274,39.138227],[2.916266,39.138227],[2.916255,39.138228],[2.916214,39.138232],[2.916189,39.138232],[2.916074,39.138237],[2.916062,39.138238],[2.916045,39.138243],[2.916025,39.138249],[2.915984,39.138263],[2.915967,39.138271],[2.915925,39.138291],[2.915877,39.138311],[2.915848,39.138323],[2.915833,39.13833],[2.915822,39.138337],[2.915816,39.138344],[2.915809,39.138353],[2.915803,39.138363],[2.915793,39.138384],[2.915788,39.138401],[2.915778,39.138423],[2.915771,39.138434],[2.91576,39.138451],[2.915752,39.138458],[2.915738,39.13847],[2.915727,39.138477],[2.915717,39.138482],[2.915703,39.138486],[2.91569,39.138489],[2.915676,39.13849],[2.91566,39.13849],[2.915637,39.138489],[2.91563,39.138487],[2.915622,39.138484],[2.915614,39.138478],[2.915591,39.138464],[2.915586,39.138463],[2.915577,39.138463],[2.915568,39.138464],[2.915557,39.138467],[2.915549,39.138471],[2.915541,39.138476],[2.915527,39.138487],[2.915512,39.1385],[2.915478,39.13853],[2.915469,39.138535],[2.915459,39.138539],[2.91545,39.138542],[2.915426,39.138549],[2.91542,39.138553],[2.91541,39.13856],[2.915401,39.138569],[2.915397,39.138576],[2.915392,39.138586],[2.915389,39.138592],[2.915376,39.138615],[2.915368,39.138625],[2.915349,39.138654],[2.915332,39.138677],[2.915326,39.138681],[2.915314,39.138689],[2.915305,39.138693],[2.915292,39.138697],[2.915276,39.1387],[2.915235,39.13871],[2.91523,39.138714],[2.915222,39.13872],[2.915215,39.138728],[2.915208,39.138738],[2.915201,39.138751],[2.915194,39.138767],[2.915185,39.138792],[2.91517,39.138832],[2.915167,39.138835],[2.915157,39.138841],[2.915117,39.138869],[2.91511,39.138876],[2.9151,39.138888],[2.915095,39.138897],[2.915089,39.138912],[2.915078,39.138935],[2.915062,39.13897],[2.91506,39.13898],[2.915048,39.139022],[2.915044,39.139029],[2.915035,39.139043],[2.915007,39.139087],[2.915001,39.1391],[2.914974,39.139162],[2.914969,39.139178],[2.914961,39.139198],[2.914952,39.139216],[2.91493,39.139255],[2.914913,39.139282],[2.914902,39.139296],[2.9149,39.139298],[2.914887,39.139319],[2.914887,39.139322],[2.914889,39.139327],[2.914893,39.139333],[2.9149,39.139339],[2.914912,39.139348],[2.914928,39.139358],[2.91494,39.139363],[2.914983,39.139382],[2.914994,39.139385],[2.915011,39.139388],[2.915051,39.139394],[2.915065,39.139394],[2.915085,39.139394],[2.915104,39.139392],[2.915157,39.139388],[2.915163,39.139389],[2.915178,39.139393],[2.915189,39.139397],[2.915199,39.139402],[2.915216,39.139413],[2.915225,39.13942],[2.915234,39.139429],[2.915235,39.139433],[2.91524,39.139447],[2.91524,39.139455],[2.915239,39.139468],[2.915236,39.139477],[2.915231,39.139487],[2.915226,39.139493],[2.915214,39.139505],[2.915205,39.139512],[2.915196,39.139517],[2.915176,39.139527],[2.915155,39.139538],[2.915145,39.139545],[2.915131,39.139558],[2.91512,39.13957],[2.915109,39.139583],[2.915056,39.139648],[2.915047,39.139655],[2.915032,39.139667],[2.914962,39.139717],[2.914946,39.139727],[2.91493,39.139739],[2.91492,39.139747],[2.914908,39.139762],[2.914898,39.139775],[2.914891,39.139787],[2.914882,39.139807],[2.91488,39.139815],[2.91488,39.139826],[2.914881,39.139835],[2.914882,39.139851],[2.91488,39.139854],[2.914873,39.139862],[2.914861,39.13988],[2.914861,39.139885],[2.91486,39.139894],[2.914859,39.139939],[2.914857,39.140026],[2.914858,39.140044],[2.914861,39.140058],[2.914865,39.14007],[2.914889,39.140142],[2.914889,39.140149],[2.914888,39.140171],[2.914884,39.140239],[2.91488,39.14027],[2.914873,39.140309],[2.914869,39.140321],[2.914853,39.140364],[2.914845,39.14038],[2.914834,39.140398],[2.914827,39.140406],[2.914818,39.140414],[2.914808,39.14042],[2.914799,39.140423],[2.91479,39.140425],[2.914783,39.140424],[2.914776,39.140423],[2.914767,39.140419],[2.914736,39.140408],[2.914731,39.140407],[2.914709,39.140403],[2.914699,39.140403],[2.914691,39.140403],[2.914644,39.140423],[2.914633,39.140427],[2.914623,39.140432],[2.914618,39.140436],[2.914613,39.140444],[2.91461,39.140451],[2.914607,39.140461],[2.914603,39.140485],[2.914594,39.140534],[2.914554,39.140642],[2.914562,39.140693],[2.914561,39.140705],[2.914559,39.140724],[2.914543,39.140767],[2.914537,39.140787],[2.914522,39.140814],[2.914506,39.140838],[2.914493,39.140862],[2.914476,39.140885],[2.914463,39.140899],[2.91445,39.140919],[2.91443,39.140946],[2.914406,39.140993],[2.914403,39.140999],[2.914399,39.141011],[2.914397,39.141022],[2.914393,39.141054],[2.914392,39.141076],[2.914393,39.141097],[2.914395,39.14112],[2.9144,39.14117],[2.9144,39.14119],[2.914398,39.141208],[2.914372,39.141294],[2.914362,39.141317],[2.914354,39.141351],[2.914346,39.141393],[2.914351,39.141429],[2.914341,39.141454],[2.914333,39.141467],[2.914314,39.141498],[2.914309,39.141502],[2.914289,39.141516],[2.914248,39.14155],[2.914233,39.141563],[2.91421,39.141587],[2.914206,39.141594],[2.914203,39.141602],[2.914202,39.14161],[2.914203,39.141628],[2.914201,39.141684],[2.914201,39.141733],[2.914203,39.141744],[2.914207,39.141756],[2.914216,39.141786],[2.914224,39.141809],[2.914231,39.141822],[2.914239,39.141832],[2.914287,39.1419],[2.914304,39.141927],[2.914311,39.14194],[2.914331,39.141977],[2.914338,39.141987],[2.914364,39.142024],[2.914369,39.142034],[2.91438,39.142052],[2.914392,39.142068],[2.914417,39.142097],[2.914432,39.142118],[2.914449,39.142139],[2.914471,39.142165],[2.914493,39.142186],[2.914513,39.142209],[2.914518,39.142217],[2.914521,39.142226],[2.914522,39.142233],[2.914521,39.142246],[2.914519,39.142255],[2.914515,39.142263],[2.914508,39.142272],[2.914495,39.142287],[2.914434,39.142354],[2.914431,39.142356],[2.914423,39.142357],[2.914416,39.142357],[2.914406,39.142356],[2.914397,39.142353],[2.914382,39.142346],[2.914364,39.142336],[2.914346,39.142325],[2.914319,39.142306],[2.914244,39.142256],[2.914238,39.142254],[2.914223,39.14225],[2.91421,39.142248],[2.914201,39.142248],[2.914186,39.14225],[2.91417,39.142253],[2.914155,39.142258],[2.914146,39.142262],[2.914129,39.142272],[2.914116,39.142281],[2.914101,39.142293],[2.914095,39.142301],[2.91409,39.142309],[2.914086,39.14232],[2.914077,39.142336],[2.914072,39.142342],[2.914059,39.142353],[2.914048,39.142367],[2.914045,39.142373],[2.914044,39.14238],[2.914044,39.142386],[2.914048,39.142396],[2.914053,39.142405],[2.914063,39.142419],[2.914094,39.142467],[2.914098,39.142476],[2.914106,39.142501],[2.914116,39.142537],[2.914119,39.142551],[2.914119,39.142565],[2.914119,39.142595],[2.914114,39.142611],[2.914111,39.142616],[2.914103,39.142628],[2.914079,39.142662],[2.914055,39.142693],[2.914048,39.142699],[2.91404,39.142704],[2.914032,39.142707],[2.914023,39.142709],[2.914011,39.14271],[2.913994,39.142709],[2.913877,39.142709],[2.913866,39.142711],[2.913849,39.142714],[2.913831,39.14272],[2.913825,39.142723],[2.91382,39.142728],[2.913818,39.142731],[2.913818,39.142735],[2.913821,39.142738],[2.913825,39.142741],[2.913834,39.142745],[2.913849,39.142751],[2.913881,39.142761],[2.913917,39.142771],[2.913938,39.142776],[2.91396,39.142782],[2.913989,39.142791],[2.914003,39.142797],[2.914012,39.142803],[2.91403,39.142815],[2.914042,39.142825],[2.914051,39.142835],[2.91406,39.142848],[2.91407,39.142865],[2.914082,39.142888],[2.914093,39.142915],[2.914103,39.142941],[2.914106,39.142953],[2.914118,39.142999],[2.91413,39.143041],[2.914138,39.143072],[2.914154,39.143132],[2.914161,39.143148],[2.914173,39.143175],[2.914183,39.143192],[2.914192,39.143212],[2.914199,39.143233],[2.91423,39.143309],[2.914237,39.143321],[2.914268,39.143375],[2.914286,39.14341],[2.914292,39.143426],[2.914319,39.143497],[2.914327,39.143522],[2.914339,39.143555],[2.914351,39.143582],[2.914382,39.143651],[2.914393,39.143671],[2.914406,39.143691],[2.914418,39.143706],[2.914431,39.143725],[2.914441,39.143743],[2.914452,39.143767],[2.914472,39.143814],[2.914475,39.143825],[2.914478,39.143842],[2.91448,39.143869],[2.914479,39.143879],[2.914475,39.143906],[2.914468,39.143934],[2.914456,39.14398],[2.914451,39.143992],[2.914445,39.144003],[2.914437,39.144012],[2.914429,39.144019],[2.914421,39.144024],[2.91441,39.144029],[2.914398,39.144036],[2.91439,39.144043],[2.914359,39.14407],[2.914358,39.144074],[2.914356,39.144081],[2.914357,39.144088],[2.914359,39.144104],[2.914364,39.144123],[2.914372,39.144147],[2.914395,39.14421],[2.914402,39.144225],[2.914413,39.144243],[2.914422,39.144254],[2.914433,39.144265],[2.914454,39.144288],[2.91446,39.144298],[2.914469,39.144315],[2.914476,39.14433],[2.914499,39.144387],[2.9145,39.144396],[2.914508,39.144431],[2.914511,39.144437],[2.914519,39.144448],[2.914552,39.144497],[2.914557,39.144507],[2.914561,39.144519],[2.914566,39.144539],[2.914568,39.144556],[2.914569,39.144581],[2.914569,39.1446],[2.914571,39.144653],[2.914576,39.144694],[2.914576,39.144697],[2.914584,39.144739],[2.914589,39.144754],[2.914597,39.144769],[2.914606,39.144781],[2.914617,39.144793],[2.914629,39.144802],[2.914652,39.144817],[2.914694,39.144843],[2.914827,39.144928],[2.914849,39.144943],[2.914961,39.145025],[2.914989,39.145042],[2.915038,39.145071],[2.91508,39.145093],[2.915111,39.145107],[2.915137,39.145116],[2.915173,39.145127],[2.915221,39.145144],[2.91525,39.145158],[2.915273,39.145196],[2.915294,39.145222],[2.915318,39.145244],[2.915337,39.145261],[2.915377,39.145298],[2.915409,39.145342],[2.91549,39.145377],[2.915543,39.145405],[2.915587,39.145432],[2.915613,39.145448],[2.915628,39.145459],[2.915708,39.14562],[2.915716,39.145629],[2.915729,39.14564],[2.915741,39.145648],[2.915761,39.145657],[2.915781,39.145665],[2.91581,39.145674],[2.915883,39.145698],[2.915903,39.145707],[2.915922,39.145727],[2.915989,39.145775],[2.916012,39.145802],[2.916058,39.145835],[2.91608,39.145851],[2.916102,39.145867],[2.91613,39.145888],[2.916145,39.145906],[2.916164,39.145925],[2.916214,39.145983],[2.916269,39.146056],[2.916285,39.146078],[2.916306,39.146112],[2.916315,39.146134],[2.916327,39.146168],[2.916331,39.146187],[2.916332,39.146202],[2.91633,39.146217],[2.916325,39.146237],[2.916318,39.146258],[2.916303,39.146291],[2.916264,39.146383],[2.916251,39.146418],[2.916233,39.146477],[2.916228,39.1465],[2.916225,39.146529],[2.916225,39.146548],[2.916227,39.14657],[2.916232,39.146586],[2.916238,39.146599],[2.916245,39.146609],[2.916254,39.146618],[2.916258,39.14662],[2.916275,39.146629],[2.916286,39.146633],[2.916311,39.146639],[2.916341,39.146645],[2.916385,39.146651],[2.916429,39.146656],[2.916482,39.146663],[2.91649,39.146666],[2.916501,39.146673],[2.916509,39.14668],[2.916516,39.146689],[2.916521,39.1467],[2.916526,39.146714],[2.916538,39.146742],[2.916542,39.146746],[2.916562,39.146755],[2.916571,39.146757],[2.916588,39.146758],[2.916607,39.146757],[2.916631,39.146755],[2.916665,39.146749],[2.916697,39.146742],[2.916723,39.146734],[2.916751,39.146724],[2.916779,39.146711],[2.916816,39.146696],[2.916824,39.146695],[2.916838,39.146695],[2.916849,39.146697],[2.916858,39.1467],[2.916862,39.146704],[2.916864,39.146709],[2.916863,39.146717],[2.91686,39.146725],[2.916851,39.146738],[2.916837,39.146755],[2.916817,39.146776],[2.916799,39.146792],[2.916716,39.146866],[2.916708,39.146877],[2.91669,39.146902],[2.916682,39.146919],[2.916681,39.146928],[2.916681,39.146939],[2.916685,39.14695],[2.916691,39.146964],[2.916703,39.146983],[2.916762,39.147072],[2.916779,39.147094],[2.9168,39.147117],[2.916817,39.147133],[2.916835,39.147146],[2.916856,39.147157],[2.916885,39.147172],[2.916907,39.147181],[2.916928,39.147187],[2.916952,39.147192],[2.917047,39.147211],[2.917083,39.147216],[2.917127,39.147221],[2.917167,39.147223],[2.917244,39.147225],[2.917311,39.147225],[2.917384,39.147223],[2.91746,39.147223],[2.917501,39.147225],[2.917549,39.147229],[2.917658,39.147236],[2.917672,39.147235],[2.917739,39.147229],[2.917807,39.147221],[2.917842,39.147215],[2.917877,39.147207],[2.917933,39.147196],[2.917945,39.147197],[2.917961,39.147199],[2.917981,39.147203],[2.917993,39.147208],[2.918003,39.147214],[2.918009,39.14722],[2.918017,39.14723],[2.918026,39.147246],[2.918047,39.147279],[2.918061,39.147296],[2.918098,39.147337],[2.918119,39.147358],[2.918149,39.147384],[2.918169,39.147399],[2.918193,39.147414],[2.918237,39.147439],[2.918373,39.147519],[2.918404,39.14754],[2.918465,39.147584],[2.918516,39.147612],[2.918545,39.147613],[2.918548,39.147613],[2.918572,39.147615],[2.918578,39.147617],[2.918587,39.147622],[2.918597,39.147631],[2.918611,39.147645],[2.918622,39.147661],[2.918625,39.147668],[2.918626,39.147677],[2.918625,39.147686],[2.918621,39.147694],[2.918615,39.1477],[2.918607,39.147705],[2.918595,39.147711],[2.918559,39.14773],[2.918554,39.147734],[2.918545,39.147747],[2.918539,39.147759],[2.918533,39.147776],[2.918531,39.14779],[2.918532,39.147795],[2.918537,39.147801],[2.918545,39.147809],[2.918563,39.147823],[2.918575,39.147835],[2.91858,39.147843],[2.918583,39.147852],[2.918583,39.147861],[2.918581,39.147872],[2.918577,39.147883],[2.918567,39.1479],[2.918561,39.147917],[2.918559,39.147932],[2.91856,39.147942],[2.918564,39.147958],[2.918569,39.147993],[2.918569,39.148007],[2.918567,39.148029],[2.918563,39.14804],[2.918557,39.14805],[2.918549,39.14806],[2.918539,39.148069],[2.91853,39.148073],[2.91852,39.148076],[2.918508,39.148077],[2.91849,39.148078],[2.918452,39.148081],[2.918446,39.148083],[2.918434,39.14809],[2.918417,39.148102],[2.918385,39.148128],[2.918374,39.148139],[2.91835,39.148161],[2.918343,39.148164],[2.918331,39.148168],[2.918317,39.148171],[2.918291,39.148174],[2.918271,39.148178],[2.918262,39.148182],[2.918249,39.148189],[2.918231,39.148202],[2.918178,39.148243],[2.918163,39.148258],[2.918145,39.148278],[2.918117,39.148305],[2.918106,39.148313],[2.918,39.148386],[2.917993,39.148389],[2.91797,39.148395],[2.917888,39.14842],[2.917879,39.148424],[2.917871,39.148431],[2.917868,39.148436],[2.917866,39.148443],[2.917867,39.148452],[2.91787,39.148464],[2.917875,39.148477],[2.917882,39.148486],[2.917902,39.148518],[2.917905,39.148527],[2.917917,39.148556],[2.917925,39.148569],[2.917953,39.148618],[2.917956,39.148628],[2.917964,39.148661],[2.917967,39.148686],[2.917984,39.148786],[2.917987,39.148792],[2.918,39.148811],[2.918049,39.148879],[2.918059,39.148888],[2.918075,39.148901],[2.918085,39.148906],[2.918104,39.148914],[2.918121,39.148919],[2.918131,39.14892],[2.918143,39.14892],[2.918159,39.148917],[2.918169,39.148913],[2.918181,39.148907],[2.918195,39.148897],[2.918206,39.148886],[2.918223,39.148868],[2.918276,39.148812],[2.918284,39.148806],[2.918307,39.148793],[2.918351,39.148771],[2.918403,39.148747],[2.918423,39.14874],[2.918495,39.148712],[2.918512,39.148703],[2.918558,39.148678],[2.918569,39.148669],[2.918589,39.148652],[2.918603,39.148636],[2.918659,39.148578],[2.918674,39.148565],[2.918705,39.148542],[2.918716,39.148537],[2.918747,39.148523],[2.918773,39.148513],[2.918797,39.148507],[2.918838,39.148497],[2.918856,39.148495],[2.918879,39.148494],[2.918949,39.148493],[2.918963,39.148494],[2.918974,39.148497],[2.918978,39.148501],[2.918982,39.148506],[2.918986,39.148515],[2.918987,39.148525],[2.918986,39.148534],[2.918986,39.148558],[2.918988,39.14857],[2.918995,39.14859],[2.919,39.148598],[2.919006,39.148603],[2.919015,39.148608],[2.919027,39.148612],[2.919048,39.148618],[2.919138,39.148639],[2.919236,39.148664],[2.919259,39.148671],[2.919275,39.148679],[2.919293,39.148689],[2.919317,39.148706],[2.919336,39.148721],[2.919361,39.148738],[2.919374,39.148745],[2.919405,39.148758],[2.919458,39.148779],[2.919517,39.148805],[2.919539,39.148816],[2.919578,39.148834],[2.919601,39.148843],[2.919648,39.148858],[2.919661,39.148861],[2.919681,39.148862],[2.919705,39.148863],[2.919864,39.148866],[2.919873,39.148868],[2.91988,39.148871],[2.919885,39.148876],[2.919891,39.148884],[2.919894,39.148893],[2.919894,39.1489],[2.919892,39.14891],[2.919887,39.148922],[2.919872,39.148952],[2.919861,39.14898],[2.919849,39.149002],[2.919842,39.149009],[2.919832,39.149018],[2.919817,39.149028],[2.919768,39.149062],[2.919763,39.149067],[2.919748,39.14909],[2.919737,39.14911],[2.919732,39.149123],[2.91973,39.149138],[2.919729,39.149157],[2.919727,39.149231],[2.919729,39.149242],[2.919733,39.149274],[2.919739,39.149303],[2.919742,39.149327],[2.919739,39.149332],[2.919734,39.149336],[2.919727,39.14934],[2.919713,39.149345],[2.919669,39.149363],[2.919639,39.149374],[2.919634,39.149374],[2.919624,39.149371],[2.919612,39.149366],[2.919599,39.149358],[2.919566,39.14934],[2.919561,39.14934],[2.91955,39.149341],[2.919538,39.149344],[2.919517,39.149351],[2.919502,39.149358],[2.919483,39.149369],[2.919455,39.149383],[2.919443,39.149387],[2.919423,39.149391],[2.919408,39.149392],[2.919387,39.149392],[2.919355,39.14939],[2.919314,39.149389],[2.919299,39.149391],[2.919229,39.149399],[2.919217,39.149403],[2.919206,39.149408],[2.919196,39.149415],[2.919185,39.149425],[2.919173,39.149438],[2.919163,39.149453],[2.919146,39.149474],[2.919139,39.149479],[2.919086,39.149521],[2.919079,39.149529],[2.919071,39.149542],[2.919066,39.149555],[2.919062,39.14957],[2.919061,39.149583],[2.919063,39.149596],[2.919067,39.149608],[2.919071,39.149616],[2.919078,39.149622],[2.919086,39.149627],[2.919108,39.149642],[2.919109,39.149646],[2.919109,39.149653],[2.919107,39.149661],[2.9191,39.149674],[2.919092,39.149687],[2.919079,39.149701],[2.919068,39.149711],[2.919055,39.149719],[2.919023,39.149743],[2.919018,39.149749],[2.919008,39.149764],[2.919005,39.149772],[2.919004,39.149784],[2.918998,39.149826],[2.918995,39.149831],[2.91898,39.149851],[2.918968,39.149864],[2.918936,39.149896],[2.918923,39.149906],[2.918901,39.149925],[2.918881,39.149946],[2.918853,39.149976],[2.918817,39.150014],[2.91878,39.150056],[2.918765,39.150075],[2.918724,39.150133],[2.918703,39.150167],[2.918688,39.150187],[2.918668,39.150217],[2.918635,39.150263],[2.918628,39.150269],[2.918545,39.150339],[2.918522,39.150355],[2.918504,39.150366],[2.918481,39.150377],[2.918322,39.150452],[2.918292,39.150469],[2.918283,39.150476],[2.918243,39.150505],[2.918234,39.150509],[2.918202,39.150521],[2.918169,39.150531],[2.918132,39.150545],[2.918115,39.150554],[2.91809,39.150568],[2.918051,39.150593],[2.918019,39.150611],[2.917968,39.150638],[2.91794,39.15065],[2.91791,39.150666],[2.917898,39.150674],[2.917882,39.150688],[2.917872,39.150699],[2.917862,39.150713],[2.917857,39.150724],[2.917852,39.150741],[2.917847,39.150764],[2.917844,39.150795],[2.917836,39.150837],[2.917831,39.150852],[2.917809,39.150926],[2.917795,39.150978],[2.917786,39.151005],[2.91778,39.151015],[2.917765,39.151036],[2.91773,39.151089],[2.917724,39.151101],[2.917721,39.151112],[2.91772,39.151126],[2.917722,39.151141],[2.917726,39.151159],[2.917731,39.15117],[2.917742,39.1512],[2.917743,39.151207],[2.917746,39.151292],[2.91775,39.151317],[2.917761,39.151383],[2.917765,39.151391],[2.91779,39.15144],[2.917818,39.151499],[2.917829,39.151517],[2.917841,39.151533],[2.917855,39.151547],[2.917866,39.151555],[2.917878,39.151561],[2.917923,39.151588],[2.917965,39.151611],[2.917971,39.151612],[2.917978,39.151611],[2.917985,39.151608],[2.917994,39.151602],[2.917998,39.151597],[2.918002,39.151589],[2.918029,39.151537],[2.918037,39.151528],[2.918053,39.151511],[2.91807,39.151497],[2.918087,39.151485],[2.9181,39.151479],[2.918117,39.151473],[2.918146,39.151464],[2.918214,39.151446],[2.918243,39.151441],[2.91826,39.151439],[2.91828,39.15144],[2.918296,39.151442],[2.918297,39.151444],[2.918297,39.151448],[2.918295,39.151455],[2.918292,39.151459],[2.918284,39.151463],[2.918266,39.151478],[2.918261,39.151485],[2.918253,39.151499],[2.918247,39.151515],[2.91824,39.151542],[2.918237,39.151561],[2.918238,39.151575],[2.918241,39.151588],[2.918247,39.151605],[2.918257,39.15164],[2.918258,39.151652],[2.918257,39.151665],[2.918253,39.151678],[2.918247,39.151689],[2.918222,39.151736],[2.918211,39.151761],[2.918207,39.151775],[2.918205,39.15179],[2.918206,39.151805],[2.918204,39.151823],[2.918201,39.151828],[2.918195,39.151834],[2.918187,39.151839],[2.918182,39.151839],[2.918175,39.151838],[2.918113,39.151833],[2.918107,39.151834],[2.918098,39.151838],[2.918092,39.151843],[2.918085,39.151851],[2.91808,39.151861],[2.918075,39.151874],[2.918073,39.151886],[2.918069,39.151898],[2.918064,39.151904],[2.918057,39.15191],[2.918049,39.151914],[2.918036,39.151917],[2.918014,39.151922],[2.917997,39.151928],[2.917984,39.151934],[2.91797,39.151943],[2.917949,39.15196],[2.917895,39.152005],[2.917881,39.152019],[2.917834,39.152066],[2.917825,39.152071],[2.917806,39.152081],[2.917791,39.152086],[2.917775,39.15209],[2.917758,39.152092],[2.917685,39.152102],[2.917667,39.152107],[2.917632,39.152117],[2.917603,39.152128],[2.917579,39.152139],[2.917462,39.15219],[2.917433,39.152201],[2.917414,39.152205],[2.917404,39.152206],[2.917335,39.152213],[2.917321,39.152216],[2.91731,39.15222],[2.917299,39.152227],[2.917245,39.152256],[2.917196,39.152285],[2.917167,39.152304],[2.917154,39.152315],[2.917102,39.152357],[2.917091,39.152362],[2.917066,39.152378],[2.917051,39.15239],[2.917037,39.152405],[2.916992,39.152453],[2.916989,39.15246],[2.916986,39.15247],[2.916985,39.152481],[2.916987,39.152492],[2.916991,39.152504],[2.916998,39.152514],[2.917006,39.152523],[2.917016,39.152531],[2.917029,39.152538],[2.917049,39.152548],[2.917075,39.152558],[2.917095,39.152563],[2.91712,39.152568],[2.917136,39.152569],[2.917168,39.15257],[2.917357,39.152572],[2.917608,39.152573],[2.917642,39.152571],[2.917709,39.15257],[2.9178,39.152569],[2.917888,39.152568],[2.917899,39.152565],[2.91792,39.152559],[2.917936,39.152553],[2.917959,39.152541],[2.91799,39.152528],[2.918026,39.152511],[2.918045,39.1525],[2.918059,39.152489],[2.918118,39.152447],[2.918136,39.152431],[2.918142,39.152423],[2.918148,39.152412],[2.91815,39.152403],[2.91815,39.152393],[2.918147,39.15238],[2.918144,39.152352],[2.918145,39.152344],[2.91815,39.152334],[2.918156,39.152323],[2.918168,39.15231],[2.918201,39.152268],[2.918206,39.152258],[2.918215,39.152233],[2.918217,39.152221],[2.918217,39.152209],[2.918217,39.152193],[2.918219,39.152156],[2.918222,39.152147],[2.91823,39.152129],[2.918239,39.152114],[2.918245,39.152108],[2.918253,39.152103],[2.918265,39.152099],[2.918301,39.152082],[2.918303,39.152079],[2.918306,39.152071],[2.918307,39.15206],[2.918314,39.151981],[2.918318,39.151957],[2.918321,39.151951],[2.918326,39.151939],[2.918328,39.15193],[2.918327,39.151919],[2.918322,39.151865],[2.918319,39.151858],[2.918305,39.151824],[2.918304,39.151814],[2.918302,39.151787],[2.918304,39.151778],[2.918309,39.15177],[2.918314,39.151764],[2.918325,39.151759],[2.918331,39.151759],[2.918342,39.15176],[2.918351,39.151763],[2.918361,39.151768],[2.918371,39.151776],[2.918377,39.151783],[2.918384,39.151794],[2.918397,39.151818],[2.918403,39.151835],[2.918411,39.151864],[2.918417,39.151894],[2.918425,39.151926],[2.918441,39.151974],[2.918445,39.15198],[2.918486,39.152041],[2.918502,39.15206],[2.918508,39.152064],[2.918523,39.152071],[2.918548,39.152081],[2.918575,39.152089],[2.918609,39.152102],[2.918616,39.152106],[2.918626,39.152116],[2.91864,39.152132],[2.918667,39.15216],[2.918739,39.152237],[2.91875,39.152252],[2.918759,39.152268],[2.918764,39.152281],[2.918764,39.152289],[2.918761,39.152295],[2.918757,39.152299],[2.918749,39.152303],[2.918715,39.152325],[2.918713,39.15233],[2.918706,39.152344],[2.918704,39.152355],[2.918703,39.152367],[2.918705,39.152375],[2.918709,39.152382],[2.918715,39.152387],[2.91872,39.152389],[2.918729,39.152389],[2.918741,39.152389],[2.918779,39.152385],[2.918804,39.15238],[2.918834,39.152373],[2.918865,39.152363],[2.918895,39.152356],[2.918904,39.152356],[2.918912,39.152358],[2.918924,39.152362],[2.918959,39.152373],[2.918976,39.152377],[2.919024,39.152384],[2.919065,39.152389],[2.919082,39.152393],[2.919092,39.152397],[2.919118,39.152406],[2.919127,39.152407],[2.919139,39.152407],[2.919148,39.152405],[2.919154,39.152401],[2.919158,39.152396],[2.919162,39.152389],[2.919166,39.152376],[2.91918,39.152334],[2.919186,39.152322],[2.919195,39.152311],[2.919203,39.152304],[2.919215,39.152297],[2.91923,39.15229],[2.919252,39.152277],[2.919254,39.152274],[2.919256,39.152266],[2.919263,39.152241],[2.919267,39.152235],[2.919292,39.152206],[2.919301,39.152198],[2.919314,39.152191],[2.919336,39.152179],[2.919358,39.15217],[2.919378,39.152164],[2.919401,39.152159],[2.919423,39.152156],[2.919544,39.152138],[2.919551,39.152135],[2.919561,39.152129],[2.91957,39.152121],[2.919577,39.152112],[2.919583,39.1521],[2.919585,39.15209],[2.919585,39.152081],[2.919583,39.152071],[2.919578,39.152041],[2.91958,39.152037],[2.919586,39.152032],[2.919591,39.152029],[2.919598,39.152028],[2.919607,39.152029],[2.919613,39.152031],[2.91962,39.152036],[2.919628,39.152043],[2.919641,39.152058],[2.919657,39.152074],[2.919675,39.152088],[2.919688,39.152097],[2.919696,39.152099],[2.919711,39.152102],[2.919731,39.152103],[2.919745,39.152102],[2.919767,39.152099],[2.919805,39.152093],[2.919835,39.152085],[2.919848,39.15208],[2.919869,39.15207],[2.919903,39.152051],[2.919927,39.152036],[2.919943,39.152024],[2.919958,39.152009],[2.919972,39.151992],[2.91999,39.151974],[2.919999,39.151968],[2.920013,39.151962],[2.92008,39.151928],[2.92009,39.151921],[2.920107,39.151907],[2.920164,39.15186],[2.920183,39.151847],[2.920235,39.151814],[2.920286,39.15178],[2.920297,39.15177],[2.920313,39.151753],[2.920353,39.151713],[2.92037,39.151699],[2.920403,39.151669],[2.920422,39.151649],[2.920487,39.151579],[2.920499,39.151563],[2.920544,39.151498],[2.920568,39.15146],[2.920571,39.151451],[2.920571,39.151441],[2.920576,39.15141],[2.920579,39.15141],[2.920585,39.151411],[2.920592,39.151414],[2.920601,39.15142],[2.92061,39.151424],[2.920617,39.151425],[2.92063,39.151425],[2.920649,39.151422],[2.920676,39.151417],[2.920698,39.15141],[2.920712,39.151405],[2.920721,39.151399],[2.920724,39.151395],[2.920724,39.15139],[2.920722,39.151384],[2.920716,39.151376],[2.920708,39.151368],[2.920699,39.151354],[2.9207,39.151352],[2.920705,39.151346],[2.920714,39.15134],[2.920724,39.151335],[2.920733,39.151333],[2.920743,39.151333],[2.920751,39.151335],[2.920759,39.151339],[2.920771,39.151347],[2.9208,39.151364],[2.920825,39.151376],[2.920838,39.15138],[2.920852,39.151382],[2.920863,39.151382],[2.920874,39.151381],[2.920882,39.151377],[2.920893,39.151371],[2.920956,39.151331],[2.920972,39.151318],[2.921007,39.151293],[2.92104,39.151273],[2.921054,39.151267],[2.921105,39.151246],[2.921117,39.151243],[2.921128,39.151243],[2.921144,39.151244],[2.921163,39.151247],[2.921169,39.15125],[2.921171,39.151253],[2.921172,39.151258],[2.92117,39.151264],[2.921166,39.151271],[2.921158,39.15128],[2.921145,39.151291],[2.921121,39.151315],[2.921108,39.15133],[2.921097,39.151347],[2.921093,39.151357],[2.92109,39.151371],[2.921091,39.15138],[2.921094,39.151392],[2.921099,39.151404],[2.921106,39.151414],[2.921117,39.151434],[2.921116,39.151437],[2.921111,39.151442],[2.921102,39.151448],[2.92108,39.151466],[2.921077,39.151472],[2.921075,39.15148],[2.921075,39.151487],[2.921073,39.151502],[2.92107,39.151507],[2.921062,39.151527],[2.921061,39.151533],[2.921059,39.151557],[2.921055,39.151563],[2.921048,39.151573],[2.921039,39.151581],[2.921027,39.151588],[2.92099,39.151614],[2.920988,39.151618],[2.920987,39.151628],[2.920987,39.151642],[2.920985,39.151677],[2.920984,39.151721],[2.920986,39.151744],[2.920985,39.151757],[2.920982,39.151761],[2.920965,39.151785],[2.920941,39.151822],[2.92094,39.151827],[2.920942,39.151838],[2.920945,39.151847],[2.920949,39.151851],[2.920955,39.151854],[2.920978,39.151867],[2.920983,39.151872],[2.920989,39.151882],[2.920992,39.151891],[2.920995,39.151906],[2.921015,39.152004],[2.921025,39.152043],[2.921032,39.152062],[2.92104,39.152074],[2.921056,39.152096],[2.921067,39.152109],[2.9211,39.152148],[2.921102,39.152154],[2.921104,39.152164],[2.921103,39.152178],[2.921106,39.152189],[2.92111,39.152197],[2.921119,39.152211],[2.921127,39.152226],[2.921128,39.152233],[2.921126,39.152241],[2.921123,39.152249],[2.921116,39.152258],[2.921103,39.152271],[2.921075,39.152303],[2.921073,39.152308],[2.921073,39.152318],[2.921075,39.152331],[2.92108,39.152348],[2.921088,39.15237],[2.921098,39.152387],[2.921107,39.152409],[2.921107,39.152415],[2.921104,39.152456],[2.921102,39.15246],[2.921094,39.152469],[2.921082,39.152478],[2.921066,39.152489],[2.921049,39.152498],[2.921013,39.152519],[2.921005,39.152526],[2.920964,39.152565],[2.920963,39.152569],[2.920964,39.152577],[2.920969,39.152589],[2.920974,39.15261],[2.920984,39.152644],[2.92099,39.152656],[2.920996,39.152673],[2.921002,39.152696],[2.921013,39.152745],[2.921013,39.152757],[2.921011,39.152768],[2.921006,39.152778],[2.920996,39.152793],[2.920981,39.152822],[2.920981,39.152826],[2.920985,39.152837],[2.920991,39.15285],[2.920999,39.15287],[2.920999,39.152878],[2.920997,39.152894],[2.920993,39.152961],[2.920995,39.152968],[2.921002,39.152984],[2.921017,39.153021],[2.921018,39.15303],[2.921017,39.153046],[2.921019,39.153078],[2.921021,39.153085],[2.921027,39.153095],[2.921034,39.153102],[2.921039,39.153104],[2.921046,39.153105],[2.921057,39.153104],[2.921074,39.153101],[2.921103,39.153094],[2.921164,39.153078],[2.921186,39.15307],[2.921249,39.153045],[2.921286,39.153033],[2.921287,39.153035],[2.921287,39.153039],[2.921285,39.153049],[2.921281,39.153061],[2.921274,39.153073],[2.92126,39.153092],[2.921232,39.153136],[2.921231,39.153141],[2.921233,39.153149],[2.921237,39.153156],[2.921243,39.153162],[2.921251,39.153167],[2.921261,39.153171],[2.92127,39.153173],[2.921282,39.153173],[2.921293,39.153176],[2.9213,39.153179],[2.92131,39.153186],[2.921318,39.153194],[2.92132,39.1532],[2.92132,39.153205],[2.921317,39.153212],[2.921311,39.153221],[2.921301,39.153232],[2.921278,39.153254],[2.921265,39.153263],[2.921251,39.15327],[2.921232,39.153278],[2.921196,39.153291],[2.921151,39.153305],[2.921135,39.153308],[2.921113,39.15331],[2.921092,39.15331],[2.92108,39.153309],[2.921071,39.153306],[2.921063,39.153301],[2.921057,39.153295],[2.921052,39.153287],[2.921048,39.153276],[2.921045,39.153261],[2.921042,39.153239],[2.921037,39.153213],[2.921034,39.153209],[2.921028,39.153204],[2.921018,39.1532],[2.920997,39.153192],[2.920981,39.153188],[2.920965,39.153183],[2.920959,39.153178],[2.920935,39.153163],[2.92093,39.153163],[2.920918,39.153164],[2.920907,39.153167],[2.920885,39.153174],[2.920854,39.153187],[2.920828,39.153195],[2.920819,39.153196],[2.920772,39.153202],[2.92076,39.153206],[2.920747,39.153212],[2.920735,39.153219],[2.920727,39.153227],[2.920717,39.153239],[2.920694,39.153263],[2.920687,39.153268],[2.920675,39.153273],[2.920656,39.153282],[2.920633,39.153297],[2.920593,39.153319],[2.920569,39.15333],[2.920446,39.153389],[2.920411,39.153408],[2.920364,39.153435],[2.920347,39.153448],[2.920289,39.153487],[2.92027,39.153498],[2.92023,39.153522],[2.920194,39.153546],[2.920105,39.153607],[2.920096,39.153616],[2.920058,39.153656],[2.920051,39.153666],[2.920035,39.153687],[2.920022,39.1537],[2.920009,39.153709],[2.919998,39.153716],[2.919992,39.153717],[2.919984,39.153716],[2.919978,39.153714],[2.919963,39.15371],[2.919961,39.153712],[2.919952,39.15372],[2.919942,39.153733],[2.919937,39.153743],[2.919921,39.153769],[2.919914,39.153776],[2.919904,39.153783],[2.919896,39.153786],[2.919885,39.153788],[2.919873,39.153789],[2.919848,39.153792],[2.91984,39.153795],[2.919824,39.153802],[2.919779,39.153826],[2.919749,39.153844],[2.919737,39.153853],[2.919685,39.153896],[2.919666,39.153915],[2.919653,39.153931],[2.919644,39.153945],[2.919633,39.153966],[2.919628,39.15398],[2.919624,39.153999],[2.919625,39.154008],[2.919628,39.154016],[2.919632,39.154019],[2.919636,39.15402],[2.919643,39.154019],[2.919658,39.154015],[2.91972,39.153997],[2.919739,39.15399],[2.91981,39.153964],[2.919931,39.153919],[2.919975,39.1539],[2.920023,39.153878],[2.920079,39.15385],[2.920091,39.153841],[2.920123,39.153821],[2.920142,39.153812],[2.920166,39.153798],[2.920177,39.153789],[2.920231,39.153749],[2.920234,39.153748],[2.920237,39.15375],[2.92024,39.153754],[2.920246,39.153767],[2.920261,39.153793],[2.920265,39.153794],[2.920272,39.153795],[2.920284,39.153793],[2.920298,39.15379],[2.92031,39.153785],[2.920329,39.153776],[2.920359,39.153763],[2.920372,39.153759],[2.920403,39.153753],[2.920416,39.153752],[2.920423,39.153754],[2.920431,39.153758],[2.920438,39.153763],[2.920443,39.153771],[2.920447,39.153779],[2.920449,39.153788],[2.920448,39.153799],[2.920445,39.153814],[2.92044,39.153827],[2.920435,39.153835],[2.920424,39.153847],[2.920413,39.153856],[2.920402,39.153862],[2.92039,39.153866],[2.920376,39.15387],[2.920356,39.153872],[2.920276,39.153884],[2.920247,39.153891],[2.920234,39.153895],[2.920221,39.153902],[2.920214,39.153908],[2.92021,39.153914],[2.920205,39.153926],[2.920203,39.153938],[2.920203,39.153949],[2.9202,39.153973],[2.920197,39.153979],[2.92019,39.153988],[2.920182,39.153995],[2.920172,39.154],[2.920159,39.154005],[2.920132,39.154016],[2.920094,39.154037],[2.920083,39.154044],[2.920078,39.15405],[2.920076,39.154055],[2.920077,39.154061],[2.92008,39.154068],[2.920088,39.154078],[2.920101,39.154092],[2.920125,39.154121],[2.920127,39.154128],[2.920129,39.15414],[2.920128,39.154155],[2.92013,39.154179],[2.920131,39.154214],[2.920128,39.154217],[2.920124,39.154219],[2.920117,39.154221],[2.920107,39.15422],[2.920091,39.154218],[2.920057,39.154215],[2.920034,39.154215],[2.919976,39.154217],[2.919956,39.15422],[2.919945,39.154223],[2.919938,39.154227],[2.919931,39.154233],[2.919883,39.154279],[2.91988,39.154284],[2.919869,39.154304],[2.919866,39.154306],[2.919859,39.154306],[2.919852,39.154305],[2.919837,39.1543],[2.919791,39.154288],[2.919782,39.154287],[2.919762,39.154288],[2.919724,39.154291],[2.919701,39.154295],[2.919682,39.1543],[2.919667,39.154307],[2.91965,39.154315],[2.919617,39.154335],[2.919571,39.154365],[2.919563,39.154373],[2.919554,39.154384],[2.919548,39.154395],[2.919542,39.15441],[2.919536,39.154433],[2.919535,39.154447],[2.919537,39.154454],[2.919541,39.154459],[2.919548,39.154466],[2.919564,39.154478],[2.919572,39.154481],[2.919595,39.154489],[2.919649,39.154509],[2.919666,39.154517],[2.919681,39.154527],[2.919686,39.154532],[2.919688,39.154538],[2.919688,39.154545],[2.919687,39.154562],[2.91968,39.154599],[2.919676,39.154608],[2.919655,39.154651],[2.91963,39.154696],[2.919624,39.154702],[2.919612,39.154711],[2.919602,39.154716],[2.919587,39.154721],[2.919521,39.154746],[2.919508,39.154753],[2.919478,39.154772],[2.919439,39.154798],[2.919411,39.154819],[2.919404,39.154827],[2.919394,39.154841],[2.91939,39.15485],[2.919384,39.154871],[2.919377,39.154887],[2.919372,39.154893],[2.919363,39.1549],[2.919349,39.154908],[2.919332,39.154916],[2.919189,39.154981],[2.919175,39.154985],[2.919159,39.154987],[2.919148,39.154987],[2.919137,39.154986],[2.919127,39.154982],[2.919117,39.154977],[2.919052,39.154943],[2.919044,39.154941],[2.919026,39.154938],[2.919009,39.154937],[2.918976,39.154938],[2.918896,39.154941],[2.918888,39.154943],[2.918836,39.154956],[2.918828,39.154956],[2.918779,39.154959],[2.918776,39.154961],[2.918771,39.154967],[2.91877,39.154971],[2.918768,39.154975],[2.918766,39.154984],[2.918767,39.154994],[2.91877,39.155008],[2.918777,39.155025],[2.918787,39.155047],[2.918808,39.155084],[2.918818,39.155096],[2.918826,39.155104],[2.918839,39.155118],[2.918846,39.155128],[2.918854,39.155146],[2.918872,39.155177],[2.918934,39.155281],[2.918944,39.155293],[2.918962,39.15532],[2.918982,39.155344],[2.918997,39.155359],[2.919007,39.155371],[2.919028,39.155401],[2.919031,39.155409],[2.91903,39.155416],[2.919027,39.155426],[2.919022,39.155435],[2.919017,39.155449],[2.91901,39.155461],[2.919006,39.155463],[2.918993,39.155466],[2.91894,39.155484],[2.918937,39.155482],[2.918932,39.15548],[2.918903,39.155485],[2.91888,39.1555],[2.918887,39.155529],[2.918892,39.155541],[2.918875,39.155589],[2.918873,39.155605],[2.918873,39.155621],[2.918874,39.155742],[2.918873,39.155821],[2.918871,39.155832],[2.918863,39.155859],[2.918855,39.155874],[2.918849,39.155882],[2.918842,39.155888],[2.918828,39.155896],[2.91879,39.15592],[2.918782,39.155928],[2.918771,39.155941],[2.918758,39.15596],[2.918743,39.155987],[2.918739,39.155999],[2.918738,39.156012],[2.918738,39.156028],[2.91874,39.156052],[2.918746,39.156086],[2.918755,39.156121],[2.91876,39.156133],[2.91877,39.156149],[2.918804,39.156201],[2.91881,39.156205],[2.918827,39.156217],[2.91885,39.156229],[2.918868,39.15624],[2.91887,39.156254],[2.918872,39.156267],[2.918875,39.15629],[2.918879,39.156306],[2.918888,39.156347],[2.9189,39.156379],[2.918917,39.156428],[2.918925,39.156461],[2.918941,39.156531],[2.918945,39.156567],[2.918954,39.156605],[2.918959,39.156654],[2.918961,39.156665],[2.918963,39.156672],[2.91896,39.156672],[2.918946,39.156673],[2.918929,39.156676],[2.91891,39.156681],[2.918874,39.15669],[2.918863,39.15669],[2.918846,39.156688],[2.918813,39.156683],[2.918789,39.156678],[2.91877,39.156672],[2.918762,39.156668],[2.918745,39.156656],[2.918731,39.156643],[2.918723,39.156633],[2.918673,39.156576],[2.918669,39.156575],[2.91866,39.156574],[2.918653,39.156575],[2.918644,39.156578],[2.918635,39.156584],[2.918625,39.156592],[2.918593,39.156618],[2.918588,39.156619],[2.918576,39.15662],[2.918561,39.156619],[2.918544,39.156617],[2.918504,39.156612],[2.918498,39.156614],[2.918487,39.156618],[2.918477,39.156624],[2.918468,39.156632],[2.91846,39.156642],[2.918455,39.156652],[2.91845,39.156665],[2.918448,39.156679],[2.918447,39.156699],[2.918447,39.156745],[2.91845,39.156843],[2.918453,39.15686],[2.918458,39.156907],[2.918457,39.156916],[2.918453,39.156929],[2.918444,39.156945],[2.918429,39.156966],[2.918399,39.157006],[2.918389,39.157015],[2.918378,39.157023],[2.91836,39.157032],[2.91824,39.157097],[2.918231,39.157104],[2.918203,39.157128],[2.918187,39.15714],[2.918173,39.157148],[2.918158,39.157153],[2.918142,39.157158],[2.918116,39.157162],[2.918061,39.157171],[2.918,39.157181],[2.917988,39.157185],[2.917968,39.157195],[2.917947,39.157206],[2.917858,39.157257],[2.917842,39.157269],[2.917823,39.157285],[2.917809,39.157299],[2.917794,39.157318],[2.917764,39.15736],[2.917707,39.157434],[2.917693,39.15745],[2.917659,39.157489],[2.917638,39.157516],[2.917602,39.15756],[2.917593,39.157567],[2.917571,39.157583],[2.917538,39.157609],[2.917472,39.157658],[2.917428,39.157694],[2.917409,39.157711],[2.91731,39.157803],[2.917295,39.157813],[2.917271,39.157833],[2.917259,39.157846],[2.91723,39.157881],[2.917214,39.157896],[2.917195,39.157912],[2.91717,39.157929],[2.917109,39.15797],[2.917081,39.157987],[2.917063,39.157994],[2.917045,39.158],[2.916908,39.158047],[2.916891,39.158054],[2.916871,39.158066],[2.916842,39.158079],[2.91683,39.158083],[2.91681,39.158087],[2.916779,39.158095],[2.91677,39.158099],[2.91676,39.158106],[2.916752,39.158115],[2.916745,39.158125],[2.91674,39.158137],[2.916737,39.15815],[2.916736,39.158164],[2.916737,39.15818],[2.91674,39.158202],[2.916744,39.158233],[2.916744,39.158261],[2.916742,39.15827],[2.916738,39.158275],[2.916726,39.158286],[2.916681,39.158322],[2.916664,39.158335],[2.916623,39.158364],[2.916621,39.158368],[2.916618,39.158379],[2.916617,39.158391],[2.916618,39.158412],[2.916623,39.158461],[2.916627,39.15848],[2.916632,39.158491],[2.91666,39.158552],[2.916673,39.158574],[2.916704,39.158624],[2.916727,39.158655],[2.916738,39.158666],[2.916754,39.158681],[2.916782,39.158702],[2.916855,39.15876],[2.916874,39.158778],[2.91691,39.158815],[2.916941,39.158843],[2.916955,39.158853],[2.916977,39.158872],[2.917001,39.158895],[2.917053,39.158941],[2.917106,39.158991],[2.917112,39.159],[2.917163,39.159068],[2.917177,39.159083],[2.917219,39.159131],[2.917226,39.159142],[2.917233,39.159158],[2.917236,39.159171],[2.917236,39.159181],[2.917234,39.159192],[2.917228,39.159208],[2.917216,39.159235],[2.917206,39.15925],[2.917198,39.15926],[2.917184,39.159272],[2.917166,39.159285],[2.917148,39.159296],[2.917122,39.159309],[2.917061,39.159342],[2.91705,39.159349],[2.917027,39.159369],[2.916872,39.159504],[2.916869,39.15951],[2.916866,39.159521],[2.916866,39.159529],[2.916868,39.159542],[2.916873,39.159559],[2.91688,39.159589],[2.916879,39.159594],[2.916874,39.159606],[2.916866,39.159619],[2.916855,39.159632],[2.916839,39.159647],[2.916823,39.15966],[2.91681,39.159668],[2.916791,39.15968],[2.916774,39.159691],[2.916773,39.159694],[2.916773,39.159702],[2.916775,39.159711],[2.916782,39.159726],[2.916791,39.159741],[2.916798,39.159748],[2.916808,39.159756],[2.91682,39.159762],[2.916839,39.159769],[2.916868,39.159778],[2.916885,39.159781],[2.916901,39.159782],[2.916922,39.159782],[2.916948,39.15978],[2.916978,39.159775],[2.917022,39.15977],[2.917049,39.159769],[2.917115,39.159764],[2.917225,39.159759],[2.917239,39.15976],[2.917269,39.159764],[2.917291,39.15977],[2.917321,39.159779],[2.917334,39.159785],[2.917345,39.159792],[2.917358,39.159802],[2.917367,39.159813],[2.917372,39.159822],[2.917374,39.159829],[2.917372,39.159836],[2.917369,39.159841],[2.917363,39.159846],[2.917354,39.159851],[2.917337,39.159858],[2.917301,39.159874],[2.917284,39.159883],[2.917262,39.159898],[2.917253,39.159907],[2.917246,39.159917],[2.917242,39.159925],[2.917241,39.159935],[2.917242,39.159947],[2.917245,39.159959],[2.917252,39.159974],[2.91726,39.159988],[2.917276,39.160009],[2.917306,39.160053],[2.917333,39.160098],[2.917334,39.160104],[2.917332,39.160116],[2.917328,39.160129],[2.917322,39.160141],[2.917314,39.160152],[2.917303,39.160163],[2.91729,39.160173],[2.917274,39.160183],[2.917252,39.160194],[2.917224,39.160205],[2.917197,39.160214],[2.917164,39.160227],[2.917129,39.160243],[2.917101,39.160253],[2.917088,39.160256],[2.91706,39.16026],[2.917037,39.160262],[2.917014,39.160261],[2.916959,39.160262],[2.916942,39.160265],[2.916926,39.160269],[2.91691,39.160275],[2.916893,39.160284],[2.916879,39.160293],[2.916871,39.160301],[2.916864,39.160311],[2.916858,39.160321],[2.916857,39.160329],[2.916858,39.160342],[2.916861,39.160347],[2.916866,39.160351],[2.916876,39.160357],[2.916893,39.160365],[2.916973,39.160402],[2.916978,39.160407],[2.916986,39.160417],[2.916999,39.160435],[2.917015,39.160464],[2.917017,39.160472],[2.917017,39.160484],[2.917015,39.160496],[2.917009,39.160517],[2.917,39.160543],[2.916991,39.160561],[2.916978,39.16058],[2.916915,39.160683],[2.916914,39.160689],[2.916913,39.160703],[2.916915,39.160716],[2.916921,39.160741],[2.91693,39.160788],[2.916931,39.160806],[2.916932,39.160888],[2.91693,39.160909],[2.916925,39.160938],[2.91692,39.160977],[2.916919,39.161005],[2.916916,39.161026],[2.916909,39.161055],[2.916899,39.161092],[2.916889,39.161115],[2.916882,39.161127],[2.916864,39.161161],[2.916863,39.161167],[2.916864,39.161181],[2.916867,39.161197],[2.916874,39.161217],[2.916883,39.161238],[2.916891,39.16125],[2.916905,39.161267],[2.916922,39.161285],[2.916951,39.161318],[2.916957,39.161328],[2.91697,39.161353],[2.916971,39.16136],[2.916971,39.161383],[2.916974,39.1614],[2.916979,39.161415],[2.916992,39.161449],[2.916998,39.161472],[2.916998,39.161481],[2.917,39.161496],[2.917004,39.161505],[2.917014,39.161523],[2.917033,39.161553],[2.917049,39.161574],[2.917063,39.161589],[2.917076,39.161599],[2.917112,39.161631],[2.917123,39.161638],[2.917137,39.161644],[2.91715,39.161648],[2.917159,39.161648],[2.917172,39.161647],[2.91719,39.161644],[2.917214,39.161637],[2.917237,39.161629],[2.917255,39.161621],[2.917271,39.161611],[2.917286,39.161599],[2.917303,39.161584],[2.917319,39.161566],[2.917343,39.161537],[2.917399,39.161465],[2.917506,39.161331],[2.917519,39.161318],[2.917573,39.161268],[2.917655,39.161187],[2.917661,39.161179],[2.917711,39.161117],[2.917742,39.161069],[2.917751,39.161053],[2.917764,39.161026],[2.917805,39.160944],[2.917813,39.160934],[2.91783,39.160917],[2.917845,39.160903],[2.917874,39.160881],[2.917996,39.16079],[2.918005,39.160785],[2.918019,39.160781],[2.918038,39.160777],[2.918065,39.160773],[2.9181,39.16077],[2.918142,39.160768],[2.918211,39.160763],[2.918223,39.160761],[2.918246,39.160754],[2.918266,39.160745],[2.918315,39.160723],[2.91834,39.160709],[2.918365,39.160694],[2.918401,39.160668],[2.918441,39.160638],[2.918458,39.160622],[2.918476,39.160603],[2.918516,39.160559],[2.918533,39.160535],[2.918548,39.160511],[2.918559,39.160491],[2.918566,39.160472],[2.918575,39.160441],[2.918591,39.16038],[2.918616,39.16029],[2.918622,39.160275],[2.918641,39.160238],[2.91865,39.160226],[2.918661,39.160214],[2.918676,39.160202],[2.918702,39.160183],[2.918733,39.160158],[2.918785,39.160118],[2.918802,39.160108],[2.91882,39.160099],[2.918832,39.160096],[2.91885,39.160092],[2.918869,39.16009],[2.9189,39.16009],[2.918992,39.160089],[2.91905,39.160086],[2.919075,39.160083],[2.919118,39.160077],[2.919148,39.16007],[2.919174,39.160062],[2.919214,39.160048],[2.919305,39.160018],[2.919322,39.160015],[2.919382,39.160001],[2.919395,39.159995],[2.919433,39.159979],[2.919502,39.159946],[2.919523,39.159934],[2.919573,39.159903],[2.919587,39.159892],[2.919611,39.15987],[2.919625,39.159855],[2.919636,39.159839],[2.919663,39.159797],[2.91968,39.159767],[2.919724,39.159682],[2.919725,39.159682],[2.919738,39.159651],[2.919755,39.159608],[2.919772,39.159559],[2.91978,39.159527],[2.919788,39.159485],[2.919813,39.159377],[2.919823,39.159341],[2.919829,39.159313],[2.919831,39.15929],[2.919837,39.159253],[2.919842,39.159242],[2.919875,39.159162],[2.91988,39.159156],[2.919891,39.159148],[2.919902,39.159143],[2.919916,39.159138],[2.919932,39.159135],[2.919954,39.159132],[2.919982,39.15913],[2.920069,39.159124],[2.920174,39.1591],[2.920233,39.159088],[2.920245,39.159087],[2.92027,39.159088],[2.920336,39.159091],[2.92038,39.159095],[2.920513,39.159109],[2.920544,39.159115],[2.920563,39.15912],[2.92064,39.159138],[2.920658,39.15914],[2.920758,39.159152],[2.920774,39.159152],[2.920827,39.15915],[2.920854,39.159147],[2.920876,39.159143],[2.920895,39.159137],[2.920907,39.159132],[2.920918,39.159125],[2.920926,39.159117],[2.920934,39.159106],[2.920943,39.15909],[2.920967,39.159054],[2.920978,39.159043],[2.920994,39.15903],[2.921008,39.159021],[2.921027,39.159012],[2.92105,39.159003],[2.921081,39.158993],[2.921143,39.158975],[2.921198,39.158957],[2.921273,39.158934],[2.921299,39.158928],[2.921427,39.158897],[2.921454,39.158889],[2.921494,39.158878],[2.921511,39.158876],[2.92154,39.15887],[2.921574,39.158861],[2.921641,39.158842],[2.921652,39.158836],[2.921669,39.158826],[2.921681,39.158816],[2.921697,39.1588],[2.92173,39.15877],[2.921749,39.158756],[2.921792,39.158726],[2.921808,39.158718],[2.921838,39.158704],[2.921874,39.158686],[2.922035,39.1586],[2.922048,39.158591],[2.922066,39.158575],[2.922079,39.158561],[2.922095,39.158541],[2.922105,39.158526],[2.922107,39.158517],[2.922107,39.15851],[2.922105,39.158502],[2.922099,39.158492],[2.92209,39.158481],[2.922076,39.158468],[2.922054,39.158449],[2.922007,39.158407],[2.922004,39.158401],[2.922002,39.158394],[2.922003,39.158384],[2.922006,39.158372],[2.922008,39.158367],[2.92201,39.158364],[2.922019,39.158354],[2.922033,39.158339],[2.922055,39.15832],[2.922104,39.15828],[2.922149,39.158246],[2.92218,39.15822],[2.922199,39.158201],[2.922249,39.158149],[2.922268,39.158125],[2.922293,39.158092],[2.922308,39.158068],[2.92232,39.158043],[2.922331,39.158018],[2.922388,39.157875],[2.92239,39.157863],[2.922399,39.157834],[2.92241,39.157804],[2.922421,39.157781],[2.922433,39.157749],[2.922439,39.157728],[2.922451,39.157694],[2.92246,39.157675],[2.922475,39.157649],[2.922484,39.157638],[2.922496,39.157627],[2.922508,39.157618],[2.922519,39.157613],[2.92253,39.15761],[2.922544,39.157608],[2.922591,39.157604],[2.922626,39.157603],[2.922649,39.157601],[2.922664,39.157597],[2.922676,39.157592],[2.922689,39.157585],[2.922703,39.157575],[2.922718,39.157562],[2.922728,39.15755],[2.922733,39.15754],[2.922736,39.15753],[2.922737,39.157518],[2.922735,39.157499],[2.92273,39.157457],[2.922726,39.157445],[2.922719,39.157432],[2.922705,39.1574],[2.922704,39.157394],[2.922706,39.15737],[2.922709,39.157358],[2.922714,39.157347],[2.92272,39.157338],[2.92273,39.157329],[2.922769,39.15729],[2.922811,39.15725],[2.922828,39.157238],[2.922875,39.157204],[2.922922,39.157173],[2.922972,39.157142],[2.923341,39.156912],[2.923352,39.156903],[2.923416,39.156852],[2.923479,39.156804],[2.923565,39.156736],[2.923573,39.156727],[2.923583,39.156712],[2.923592,39.156695],[2.923605,39.156665],[2.923613,39.156641],[2.923615,39.156626],[2.923616,39.156607],[2.92362,39.156559],[2.923625,39.156531],[2.923636,39.15648],[2.92364,39.15647],[2.923651,39.156455],[2.923663,39.156439],[2.923678,39.156424],[2.923696,39.15641],[2.923729,39.156386],[2.923772,39.156357],[2.923822,39.15632],[2.923847,39.156299],[2.923864,39.156281],[2.923877,39.156264],[2.923897,39.156234],[2.923933,39.156178],[2.923942,39.15616],[2.92399,39.156056],[2.923995,39.156039],[2.924001,39.156013],[2.924003,39.155992],[2.924003,39.155971],[2.924,39.155942],[2.923994,39.155898],[2.923987,39.155868],[2.923979,39.155843],[2.923964,39.155804],[2.92395,39.155762],[2.923947,39.155746],[2.923943,39.155705],[2.923937,39.155634],[2.923936,39.155586],[2.92393,39.155443],[2.92393,39.155388],[2.923932,39.155362],[2.923937,39.155329],[2.923941,39.15529],[2.923941,39.155272],[2.923938,39.155243],[2.923932,39.155215],[2.923922,39.155151],[2.92392,39.155123],[2.923914,39.155024],[2.923915,39.154994],[2.923919,39.15495],[2.92392,39.154902],[2.923919,39.154857],[2.923919,39.154702],[2.923916,39.154572],[2.923913,39.154553],[2.923906,39.154489],[2.923906,39.154463],[2.923903,39.154398],[2.9239,39.15438],[2.923891,39.154346],[2.923875,39.154273],[2.92387,39.154237],[2.923852,39.154133],[2.923832,39.154001],[2.923834,39.153994],[2.923839,39.153972],[2.923858,39.153915],[2.923871,39.153879],[2.923898,39.153818],[2.923939,39.153727],[2.923951,39.153707],[2.923962,39.153689],[2.923976,39.153669],[2.923986,39.153656],[2.924007,39.153629],[2.924018,39.153611],[2.92403,39.153586],[2.924057,39.153537],[2.924072,39.153513],[2.924126,39.153427],[2.924134,39.15341],[2.924156,39.153368],[2.924185,39.153318],[2.924204,39.153288],[2.924273,39.15318],[2.924292,39.153146],[2.924301,39.153124],[2.924311,39.153096],[2.924339,39.153008],[2.924345,39.152983],[2.924347,39.152963],[2.924346,39.152945],[2.924343,39.152919],[2.924333,39.152852],[2.924327,39.152834],[2.924316,39.152805],[2.924301,39.152759],[2.9243,39.152749],[2.924297,39.152655],[2.924299,39.152636],[2.924304,39.152606],[2.924324,39.152511],[2.924329,39.152497],[2.924342,39.152469],[2.924352,39.152454],[2.924375,39.152412],[2.924376,39.152405],[2.924377,39.152391],[2.924375,39.152378],[2.92437,39.15236],[2.924364,39.152347],[2.924356,39.152335],[2.924344,39.152321],[2.924327,39.152305],[2.92431,39.152292],[2.924291,39.15228],[2.924263,39.152265],[2.924225,39.152247],[2.924169,39.152222],[2.924097,39.152188],[2.924088,39.152181],[2.924075,39.152169],[2.924055,39.152147],[2.924026,39.152113],[2.924013,39.152095],[2.924009,39.152085],[2.924007,39.152073],[2.924007,39.152059],[2.92401,39.152044],[2.924015,39.152029],[2.924021,39.152018],[2.924029,39.152008],[2.924039,39.151999],[2.924055,39.151989],[2.924076,39.151977],[2.924132,39.151942],[2.924137,39.151937],[2.924142,39.151928],[2.924144,39.151921],[2.924143,39.151913],[2.92414,39.151905],[2.924134,39.151894],[2.924124,39.151884],[2.924112,39.151873],[2.9241,39.151865],[2.924089,39.151861],[2.924077,39.151858],[2.924063,39.151857],[2.924029,39.151852],[2.924023,39.151849],[2.924016,39.151844],[2.924012,39.151838],[2.924009,39.15183],[2.924006,39.151815],[2.923999,39.151794],[2.923994,39.151785],[2.923986,39.151776],[2.92397,39.15176],[2.923955,39.151749],[2.923938,39.151738],[2.923886,39.151704],[2.923878,39.151696],[2.923863,39.151679],[2.923852,39.151662],[2.923848,39.151653],[2.923844,39.151636],[2.923842,39.151619],[2.923841,39.151583],[2.923839,39.15148],[2.923836,39.151436],[2.923832,39.151426],[2.923826,39.151415],[2.923818,39.151404],[2.9238,39.151385],[2.923775,39.151354],[2.923764,39.151338],[2.923741,39.151298],[2.923733,39.151279],[2.923719,39.151245],[2.923716,39.151229],[2.923716,39.151219],[2.923719,39.151208],[2.923721,39.151204],[2.923724,39.151198],[2.923731,39.151187],[2.923742,39.151177],[2.923757,39.151165],[2.923779,39.151149],[2.923811,39.15113],[2.923974,39.151031],[2.924001,39.151017],[2.924035,39.151002],[2.924142,39.150952],[2.924202,39.150926],[2.924215,39.150922],[2.924216,39.150922],[2.924244,39.150916],[2.924283,39.15091],[2.924333,39.150904],[2.924426,39.150891],[2.924448,39.150886],[2.924606,39.150853],[2.92462,39.150852],[2.924655,39.150851],[2.92468,39.150852],[2.924713,39.150856],[2.92474,39.150861],[2.92476,39.150867],[2.924782,39.150875],[2.924823,39.150888],[2.924832,39.150888],[2.924851,39.150888],[2.924866,39.150885],[2.924881,39.150881],[2.924893,39.150876],[2.924902,39.15087],[2.924907,39.150864],[2.924912,39.150855],[2.92492,39.150844],[2.924928,39.150838],[2.924937,39.150834],[2.924948,39.150831],[2.924961,39.15083],[2.924981,39.15083],[2.924999,39.150832],[2.925037,39.150834],[2.925048,39.150833],[2.925076,39.150828],[2.925109,39.15082],[2.925157,39.150807],[2.925254,39.150779],[2.925263,39.150774],[2.925271,39.150767],[2.925277,39.15076],[2.925282,39.15075],[2.925288,39.150733],[2.925297,39.150715],[2.925306,39.150703],[2.925313,39.150696],[2.925322,39.150691],[2.925334,39.150686],[2.925345,39.150684],[2.925361,39.150683],[2.925393,39.150679],[2.925399,39.150676],[2.925409,39.15067],[2.925418,39.150661],[2.925425,39.150651],[2.925432,39.150638],[2.925437,39.150625],[2.925438,39.150613],[2.925438,39.150599],[2.925434,39.150576],[2.925425,39.150534],[2.925418,39.150511],[2.925389,39.150426],[2.925371,39.150382],[2.925357,39.150351],[2.925354,39.150347],[2.925333,39.150295],[2.925327,39.150276],[2.92532,39.150245],[2.925319,39.15023],[2.925321,39.150212],[2.925324,39.150196],[2.92533,39.150182],[2.925341,39.150147],[2.925363,39.150089],[2.925374,39.15007],[2.925409,39.150012],[2.925455,39.149939],[2.925472,39.149917],[2.925485,39.149903],[2.925502,39.149888],[2.925516,39.149879],[2.925525,39.149875],[2.925547,39.149869],[2.925559,39.149863],[2.925566,39.149857],[2.925573,39.149849],[2.925578,39.14984],[2.925581,39.149828],[2.925582,39.149815],[2.925582,39.149793],[2.925584,39.149741],[2.925587,39.149727],[2.925607,39.149622],[2.925607,39.14961],[2.925609,39.14952],[2.925611,39.149511],[2.925622,39.149469],[2.925621,39.149457],[2.925616,39.149436],[2.925604,39.149376],[2.925606,39.149373],[2.92561,39.14937],[2.925616,39.149369],[2.925626,39.149368],[2.925644,39.149369],[2.925678,39.149369],[2.925686,39.149368],[2.925722,39.149358],[2.925759,39.149346],[2.925774,39.149339],[2.925794,39.149328],[2.925818,39.149312],[2.925827,39.149303],[2.92583,39.149298],[2.925831,39.149291],[2.92583,39.149283],[2.925825,39.149272],[2.925818,39.149261],[2.925808,39.14925],[2.925792,39.149236],[2.92576,39.149203],[2.925759,39.1492],[2.92576,39.149191],[2.925763,39.149185],[2.925769,39.149178],[2.925777,39.149172],[2.925785,39.149168],[2.925797,39.149165],[2.92581,39.149164],[2.925834,39.149163],[2.925935,39.149162],[2.925938,39.149162],[2.925996,39.149159],[2.926031,39.149155],[2.926059,39.14915],[2.926085,39.149143],[2.926115,39.149134],[2.926135,39.149126],[2.926157,39.149115],[2.926197,39.149092],[2.926228,39.149072],[2.926292,39.149029],[2.926302,39.14902],[2.926315,39.149005],[2.92633,39.148985],[2.92635,39.148954],[2.926357,39.148938],[2.926366,39.148913],[2.926377,39.148878],[2.926385,39.148842],[2.926393,39.148796],[2.926396,39.148767],[2.926396,39.148737],[2.926399,39.148685],[2.926403,39.148672],[2.92641,39.148652],[2.926421,39.148629],[2.926443,39.148588],[2.926457,39.148567],[2.926469,39.148552],[2.9265,39.148512],[2.926512,39.148493],[2.92652,39.148475],[2.926541,39.148437],[2.926548,39.148429],[2.926567,39.148411],[2.926591,39.148386],[2.9266,39.148373],[2.926612,39.148351],[2.926626,39.148322],[2.92665,39.148276],[2.926659,39.148264],[2.926676,39.148246],[2.926699,39.148223],[2.926757,39.148164],[2.926769,39.148149],[2.926782,39.148129],[2.926788,39.148115],[2.926791,39.148101],[2.926793,39.148086],[2.926801,39.148019],[2.926805,39.148011],[2.926816,39.147991],[2.926825,39.14797],[2.92683,39.147954],[2.926834,39.14793],[2.926842,39.147903],[2.926844,39.147885],[2.926843,39.147875],[2.926839,39.147858],[2.926821,39.147789],[2.92681,39.147758],[2.926802,39.147728],[2.926802,39.14772],[2.926806,39.147703],[2.926811,39.147667],[2.92681,39.147653],[2.926806,39.147596],[2.926802,39.147576],[2.926797,39.147559],[2.926788,39.14754],[2.926772,39.147501],[2.926771,39.147492],[2.926771,39.147471],[2.926769,39.147398],[2.926766,39.147379],[2.92676,39.147354],[2.926748,39.147319],[2.926702,39.147182],[2.926693,39.147163],[2.92664,39.147055],[2.926593,39.146964],[2.926572,39.146929],[2.926547,39.146891],[2.926505,39.146832],[2.926486,39.146808],[2.926467,39.146789],[2.926437,39.14676],[2.926389,39.146713],[2.926298,39.146639],[2.926236,39.146594],[2.926208,39.146569],[2.926081,39.146456],[2.926027,39.146405],[2.926008,39.146385],[2.92599,39.146362],[2.925963,39.146323],[2.92596,39.146315],[2.925958,39.146303],[2.925959,39.146291],[2.925962,39.146274],[2.925968,39.146252],[2.925974,39.146242],[2.925982,39.14623],[2.925995,39.146217],[2.926005,39.146209],[2.926022,39.146199],[2.926033,39.146195],[2.926044,39.146193],[2.926055,39.146193],[2.926065,39.146194],[2.926075,39.146198],[2.926094,39.146207],[2.926106,39.146214],[2.926137,39.146233],[2.926175,39.146253],[2.926191,39.146258],[2.926213,39.146265],[2.926244,39.146271],[2.926322,39.146286],[2.926357,39.146291],[2.926516,39.146311],[2.92656,39.146315],[2.926601,39.146317],[2.926688,39.146319],[2.926946,39.146322],[2.927017,39.146321],[2.927101,39.146318],[2.927136,39.146314],[2.927168,39.146309],[2.927194,39.146303],[2.927313,39.146273],[2.927359,39.146259],[2.927394,39.146247],[2.92744,39.146228],[2.927499,39.146207],[2.927516,39.146202],[2.927545,39.146197],[2.927591,39.146191],[2.927624,39.146189],[2.927642,39.146189],[2.927659,39.146192],[2.927671,39.146196],[2.927683,39.146201],[2.927702,39.146212],[2.927762,39.146245],[2.927801,39.146264],[2.927862,39.146291],[2.927886,39.1463],[2.927948,39.146324],[2.928029,39.146353],[2.928051,39.146359],[2.928128,39.146382],[2.928136,39.146386],[2.928154,39.146399],[2.928177,39.146417],[2.928207,39.146443],[2.928276,39.146501],[2.9283,39.146519],[2.928355,39.146566],[2.928402,39.146591],[2.928412,39.146596],[2.928457,39.146614],[2.928492,39.146627],[2.928533,39.146639],[2.928764,39.146707],[2.928822,39.146723],[2.928859,39.14673],[2.928936,39.146745],[2.928973,39.146749],[2.929009,39.146752],[2.929058,39.146753],[2.929176,39.146759],[2.929191,39.146761],[2.929247,39.146773],[2.929315,39.146785],[2.929333,39.146787],[2.929362,39.146787],[2.92942,39.146786],[2.929463,39.146783],[2.929491,39.146779],[2.929514,39.146774],[2.929536,39.146767],[2.929567,39.146755],[2.929733,39.146689],[2.929752,39.14668],[2.929784,39.146662],[2.929808,39.146645],[2.929965,39.146542],[2.930016,39.146504],[2.930035,39.146489],[2.930115,39.146421],[2.930231,39.146306],[2.930259,39.146241],[2.930276,39.146206],[2.930304,39.146131],[2.930313,39.146107],[2.930314,39.146104],[2.930321,39.146082],[2.930323,39.146069],[2.930327,39.146027],[2.930338,39.145941],[2.930342,39.145925],[2.930362,39.145834],[2.93037,39.145799],[2.930372,39.145785],[2.930373,39.145737],[2.930372,39.145717],[2.930369,39.145698],[2.930364,39.145672],[2.930358,39.145655],[2.930351,39.145639],[2.930321,39.145569],[2.930316,39.145552],[2.930308,39.14553],[2.930302,39.145522],[2.930294,39.145513],[2.930284,39.145504],[2.930264,39.145484],[2.930251,39.145469],[2.930227,39.145443],[2.930195,39.14541],[2.930162,39.14538],[2.930108,39.145332],[2.930082,39.145311],[2.930064,39.145295],[2.930037,39.145272],[2.930025,39.145264],[2.929993,39.14524],[2.929964,39.145217],[2.929948,39.145202],[2.929928,39.145181],[2.92988,39.145128],[2.929873,39.145117],[2.929861,39.145097],[2.929826,39.145042],[2.92982,39.145037],[2.929796,39.145017],[2.929782,39.145008],[2.929753,39.144989],[2.929727,39.144972],[2.929709,39.144957],[2.929695,39.144943],[2.929688,39.144934],[2.92968,39.144922],[2.929674,39.144907],[2.929665,39.144882],[2.929663,39.14487],[2.929663,39.14486],[2.929665,39.144843],[2.929671,39.14481],[2.929676,39.144795],[2.929683,39.144777],[2.929693,39.144759],[2.929704,39.144741],[2.929746,39.144679],[2.929759,39.144663],[2.929796,39.144615],[2.929805,39.144601],[2.929811,39.144588],[2.929817,39.144569],[2.929821,39.144553],[2.929846,39.144438],[2.929854,39.144389],[2.929861,39.144339],[2.929868,39.144304],[2.929878,39.144239],[2.929892,39.144172],[2.929897,39.144156],[2.92991,39.144124],[2.929918,39.144108],[2.929945,39.144054],[2.929953,39.144034],[2.930037,39.143819],[2.930037,39.143812],[2.930035,39.143796],[2.930032,39.143786],[2.930025,39.143771],[2.930015,39.143754],[2.929989,39.143706],[2.929989,39.143706],[2.929984,39.143694],[2.929978,39.143673],[2.929974,39.143652],[2.929972,39.143632],[2.929972,39.143612],[2.929974,39.143595],[2.929977,39.143582],[2.929984,39.143567],[2.929994,39.14355],[2.930003,39.143538],[2.930017,39.143521],[2.930032,39.143508],[2.930067,39.143479],[2.930089,39.143462],[2.930121,39.14344],[2.930192,39.143393],[2.930219,39.143377],[2.930283,39.143342],[2.930306,39.143331],[2.93034,39.143317],[2.930376,39.143303],[2.930404,39.143294],[2.930497,39.143266],[2.930523,39.14326],[2.930583,39.143247],[2.930645,39.143235],[2.930669,39.143232],[2.930687,39.143232],[2.930699,39.143232],[2.930712,39.143232],[2.930731,39.143234],[2.930745,39.143236],[2.930764,39.143242],[2.930793,39.143251],[2.93083,39.143261],[2.930899,39.143281],[2.930918,39.143288],[2.930954,39.1433],[2.931039,39.14333],[2.931195,39.143384],[2.931206,39.143386],[2.93124,39.143391],[2.931272,39.143395],[2.931304,39.143397],[2.931315,39.143396],[2.93133,39.143393],[2.931345,39.143388],[2.931356,39.143383],[2.931386,39.143372],[2.931392,39.143372],[2.931401,39.143372],[2.931407,39.143374],[2.931415,39.143379],[2.931423,39.143386],[2.931449,39.143407],[2.931457,39.143411],[2.931472,39.143416],[2.931481,39.143418],[2.931491,39.143417],[2.931498,39.143415],[2.931507,39.14341],[2.931513,39.143406],[2.931522,39.143397],[2.931548,39.143372],[2.931554,39.143368],[2.931571,39.14336],[2.931584,39.143356],[2.931596,39.143354],[2.931606,39.143355],[2.931616,39.143357],[2.931631,39.143362],[2.931695,39.143373],[2.931717,39.143378],[2.931724,39.143382],[2.931727,39.143385],[2.931729,39.143391],[2.93173,39.143399],[2.931731,39.143414],[2.931735,39.143474],[2.931737,39.143491],[2.931744,39.143519],[2.931753,39.143548],[2.931756,39.143564],[2.931755,39.143572],[2.931752,39.143586],[2.931743,39.143617],[2.931737,39.143642],[2.931737,39.143653],[2.931738,39.143665],[2.931741,39.143682],[2.931748,39.143721],[2.931753,39.143737],[2.931756,39.143741],[2.931766,39.14376],[2.931767,39.143765],[2.931768,39.143781],[2.931771,39.1438],[2.931776,39.143819],[2.931793,39.143892],[2.931793,39.143902],[2.931798,39.143969],[2.931804,39.144012],[2.931806,39.144019],[2.931817,39.14404],[2.931835,39.144073],[2.931878,39.144146],[2.931887,39.144157],[2.931903,39.144175],[2.932005,39.144286],[2.932023,39.144304],[2.93207,39.144347],[2.932122,39.144392],[2.932133,39.144399],[2.932149,39.144408],[2.932165,39.144414],[2.932185,39.144421],[2.932218,39.144435],[2.932222,39.144439],[2.932236,39.144453],[2.932263,39.144479],[2.932273,39.144485],[2.932283,39.144489],[2.932291,39.144491],[2.9323,39.144491],[2.932309,39.144489],[2.932319,39.144486],[2.932324,39.144482],[2.932328,39.144478],[2.932329,39.144472],[2.932329,39.144467],[2.932327,39.14446],[2.932322,39.144452],[2.932314,39.144443],[2.93229,39.144419],[2.932275,39.144401],[2.932273,39.144396],[2.932272,39.14439],[2.932273,39.144384],[2.932276,39.144379],[2.932281,39.144374],[2.932288,39.14437],[2.932297,39.144366],[2.932308,39.144364],[2.932321,39.144363],[2.932336,39.144363],[2.932357,39.144365],[2.932401,39.144371],[2.932413,39.144374],[2.932437,39.144382],[2.93249,39.1444],[2.932506,39.144408],[2.932524,39.144418],[2.932541,39.144429],[2.932548,39.144435],[2.93256,39.144448],[2.932567,39.144459],[2.932573,39.144472],[2.932578,39.144483],[2.932579,39.144493],[2.932578,39.144504],[2.932579,39.14452],[2.932582,39.144526],[2.932587,39.144534],[2.932595,39.144541],[2.932603,39.144546],[2.932614,39.144552],[2.932627,39.144555],[2.932645,39.144559],[2.932676,39.144565],[2.932802,39.144585],[2.93282,39.144587],[2.932862,39.144589],[2.932913,39.144593],[2.932988,39.144594],[2.93301,39.144594],[2.93312,39.144593],[2.933144,39.144594],[2.933159,39.144596],[2.933222,39.144604],[2.933244,39.144606],[2.933275,39.144606],[2.933397,39.144606],[2.933458,39.144605],[2.933499,39.144603],[2.933534,39.144599],[2.933594,39.144592],[2.93374,39.144576],[2.933819,39.144566],[2.933835,39.144563],[2.933859,39.144556],[2.933879,39.144549],[2.933914,39.144535],[2.933951,39.144521],[2.933965,39.144518],[2.933987,39.144515],[2.934002,39.144514],[2.934024,39.144515],[2.934071,39.144514],[2.934092,39.144513],[2.934123,39.144509],[2.934155,39.144504],[2.934197,39.144495],[2.934212,39.144491],[2.934232,39.144487],[2.934236,39.144488],[2.934249,39.144492],[2.934267,39.144495],[2.934275,39.144495],[2.934293,39.144494],[2.93432,39.14449],[2.93437,39.144485],[2.934376,39.144486],[2.934396,39.144492],[2.934428,39.144499],[2.934445,39.144502],[2.934467,39.144503],[2.934513,39.144505],[2.934548,39.144508],[2.93459,39.14451],[2.934599,39.144509],[2.934623,39.144504],[2.934671,39.144495],[2.93476,39.144478],[2.934773,39.144477],[2.9348,39.144477],[2.934846,39.144478],[2.934861,39.14448],[2.934877,39.144483],[2.934886,39.144487],[2.934893,39.144492],[2.934896,39.144497],[2.934902,39.144507],[2.934912,39.144522],[2.934916,39.144524],[2.934925,39.144525],[2.934932,39.144525],[2.934944,39.144523],[2.934996,39.144515],[2.935014,39.144513],[2.93504,39.144513],[2.935067,39.144514],[2.935093,39.144516],[2.935151,39.14452],[2.935167,39.14452],[2.935202,39.144517],[2.935241,39.144513],[2.935291,39.144506],[2.935317,39.144501],[2.935332,39.144497],[2.935349,39.14449],[2.935378,39.144476],[2.935398,39.144465],[2.935412,39.144456],[2.935444,39.144433],[2.935465,39.144419],[2.935477,39.144413],[2.935508,39.1444],[2.935531,39.144393],[2.935549,39.144388],[2.935588,39.14438],[2.935623,39.144371],[2.935636,39.144366],[2.935658,39.144355],[2.935669,39.144348],[2.935679,39.14434],[2.935688,39.14433],[2.935696,39.144319],[2.93571,39.144301],[2.935769,39.144233],[2.935776,39.144228],[2.935788,39.144222],[2.935798,39.144219],[2.935811,39.144216],[2.935846,39.144208],[2.935853,39.144205],[2.93587,39.144196],[2.935877,39.14419],[2.935888,39.144183],[2.935896,39.144181],[2.935902,39.144181],[2.935905,39.144183],[2.935906,39.144185],[2.935906,39.144189],[2.935903,39.144195],[2.935896,39.144203],[2.935882,39.144225],[2.935882,39.144228],[2.935884,39.144232],[2.935887,39.144234],[2.93589,39.144235],[2.935895,39.144235],[2.935903,39.144232],[2.935912,39.144227],[2.935922,39.14422],[2.935944,39.144205],[2.935959,39.144198],[2.935977,39.144191],[2.936002,39.144182],[2.936012,39.144181],[2.936027,39.14418],[2.936057,39.144178],[2.936064,39.144175],[2.936073,39.144171],[2.936087,39.144163],[2.936105,39.14415],[2.936118,39.144139],[2.93613,39.144127],[2.936149,39.14411],[2.936157,39.144105],[2.936174,39.144096],[2.936186,39.144092],[2.936204,39.144087],[2.936225,39.144083],[2.936244,39.144078],[2.936259,39.144072],[2.936291,39.144058],[2.936313,39.144047],[2.936351,39.144027],[2.93636,39.14402],[2.936422,39.143976],[2.936429,39.143972],[2.936444,39.143967],[2.936469,39.143961],[2.936491,39.143956],[2.936507,39.143954],[2.936539,39.143953],[2.936559,39.143953],[2.936581,39.143955],[2.936597,39.143958],[2.936601,39.143959],[2.936612,39.143962],[2.936624,39.143968],[2.936655,39.143983],[2.936674,39.143994],[2.936721,39.144023],[2.936738,39.144036],[2.936768,39.144056],[2.936789,39.144072],[2.936844,39.144116],[2.936866,39.144135],[2.937005,39.144257],[2.93707,39.144312],[2.937097,39.144337],[2.937161,39.144398],[2.937219,39.144456],[2.937229,39.144468],[2.937273,39.144525],[2.937286,39.144546],[2.937298,39.144566],[2.937309,39.14459],[2.937325,39.144628],[2.937329,39.144643],[2.937334,39.144665],[2.937333,39.144676],[2.937331,39.144688],[2.937327,39.144698],[2.93732,39.144711],[2.937311,39.144723],[2.937307,39.144727],[2.937301,39.144734],[2.937256,39.144785],[2.937251,39.144793],[2.937223,39.144844],[2.93722,39.144853],[2.937218,39.144868],[2.937218,39.144877],[2.93722,39.144893],[2.937225,39.144908],[2.937237,39.144959],[2.937238,39.14497],[2.937238,39.144998],[2.937235,39.145043],[2.937233,39.145054],[2.937228,39.145067],[2.937222,39.145077],[2.93721,39.145095],[2.937183,39.14513],[2.937166,39.145151],[2.937155,39.145161],[2.937141,39.145171],[2.937132,39.145176],[2.937121,39.14518],[2.93709,39.145189],[2.936898,39.145195],[2.936904,39.145275],[2.937034,39.145274],[2.937054,39.145288],[2.937055,39.145289],[2.937067,39.145306],[2.93709,39.145335],[2.937112,39.145365],[2.937117,39.145375],[2.937122,39.145388],[2.937132,39.145424],[2.937151,39.145481],[2.937168,39.145527],[2.937174,39.145551],[2.937181,39.145581],[2.937185,39.145606],[2.937189,39.145647],[2.937194,39.145723],[2.937196,39.145798],[2.937195,39.145825],[2.937195,39.145833],[2.937193,39.145851],[2.937188,39.145884],[2.937184,39.145921],[2.93718,39.14594],[2.937171,39.14597],[2.937154,39.146024],[2.937149,39.146035],[2.937143,39.146045],[2.93714,39.146049],[2.937135,39.146054],[2.937127,39.146058],[2.937117,39.146062],[2.937104,39.146065],[2.937065,39.146075],[2.937055,39.14608],[2.93703,39.146093],[2.936975,39.146119],[2.936939,39.146139],[2.936931,39.146145],[2.936876,39.146185],[2.936867,39.14619],[2.936851,39.146197],[2.936843,39.146199],[2.936832,39.1462],[2.936821,39.146199],[2.936807,39.146197],[2.936792,39.146193],[2.936766,39.146188],[2.936753,39.146187],[2.936742,39.146187],[2.936726,39.146189],[2.936703,39.146194],[2.936688,39.146198],[2.936609,39.146216],[2.936603,39.146218],[2.936475,39.146262],[2.936444,39.146271],[2.936404,39.146285],[2.936379,39.146295],[2.936358,39.146306],[2.936247,39.146365],[2.936236,39.146373],[2.936229,39.146381],[2.936224,39.14639],[2.936222,39.146399],[2.936221,39.14641],[2.936223,39.146424],[2.93623,39.146499],[2.936229,39.146507],[2.936223,39.146519],[2.936215,39.146532],[2.936201,39.146549],[2.936196,39.146553],[2.936189,39.146554],[2.93618,39.146555],[2.936148,39.146557],[2.936145,39.146559],[2.936136,39.146569],[2.936086,39.146615],[2.936079,39.146618],[2.936066,39.146622],[2.936054,39.146624],[2.936041,39.146624],[2.936034,39.146622],[2.936028,39.146618],[2.936022,39.146613],[2.936018,39.146606],[2.936015,39.146595],[2.935999,39.146547],[2.935993,39.146537],[2.935985,39.146528],[2.935978,39.146524],[2.935972,39.146523],[2.935966,39.146524],[2.93596,39.146527],[2.935953,39.146532],[2.935942,39.146543],[2.935928,39.14656],[2.935903,39.146594],[2.93587,39.146635],[2.935852,39.14666],[2.935845,39.146674],[2.935842,39.146685],[2.935841,39.146696],[2.935843,39.146708],[2.935848,39.146723],[2.935854,39.146736],[2.935861,39.146745],[2.93587,39.146752],[2.935876,39.146755],[2.935884,39.146756],[2.935901,39.146757],[2.935916,39.14676],[2.935924,39.146763],[2.935933,39.146768],[2.93594,39.146776],[2.935947,39.146785],[2.93595,39.146794],[2.935952,39.146803],[2.93595,39.146815],[2.935947,39.146826],[2.93594,39.146839],[2.935931,39.146851],[2.935896,39.146902],[2.935891,39.146913],[2.935849,39.147016],[2.935832,39.147048],[2.935828,39.147053],[2.935812,39.147071],[2.935805,39.147081],[2.935802,39.147091],[2.935802,39.1471],[2.935803,39.147115],[2.935803,39.14714],[2.935801,39.147151],[2.935794,39.147169],[2.935788,39.147179],[2.935778,39.147192],[2.93575,39.147223],[2.935734,39.147238],[2.935722,39.147246],[2.935707,39.147254],[2.935692,39.14726],[2.935677,39.147263],[2.935658,39.147265],[2.935634,39.147266],[2.935618,39.147265],[2.935598,39.147261],[2.93558,39.147256],[2.935561,39.147249],[2.935536,39.147242],[2.935527,39.147242],[2.935514,39.147243],[2.935501,39.147246],[2.935491,39.14725],[2.935484,39.147255],[2.935477,39.147263],[2.935471,39.147272],[2.935464,39.147289],[2.93546,39.147303],[2.935459,39.147314],[2.935461,39.147323],[2.935465,39.147332],[2.93549,39.14738],[2.935494,39.147381],[2.935502,39.147383],[2.935511,39.147382],[2.935545,39.147381],[2.935553,39.147383],[2.935563,39.147387],[2.935568,39.147392],[2.935572,39.147397],[2.935574,39.147405],[2.935575,39.147419],[2.935579,39.147445],[2.935583,39.147452],[2.93559,39.14746],[2.935603,39.147471],[2.935613,39.147483],[2.935618,39.147492],[2.935622,39.147502],[2.935622,39.147514],[2.935621,39.147529],[2.935617,39.14755],[2.935605,39.147598],[2.935598,39.147619],[2.935591,39.147631],[2.93558,39.147645],[2.935565,39.147662],[2.935555,39.147676],[2.935556,39.147679],[2.935559,39.147685],[2.935565,39.14769],[2.935573,39.147694],[2.935592,39.147703],[2.935602,39.147709],[2.935608,39.147715],[2.935611,39.147723],[2.935614,39.147733],[2.935615,39.14775],[2.935619,39.147813],[2.935617,39.147823],[2.935613,39.14783],[2.935607,39.147835],[2.935591,39.147855],[2.935589,39.14786],[2.935587,39.147873],[2.935588,39.147888],[2.935591,39.147904],[2.935596,39.147914],[2.935603,39.147924],[2.935608,39.147935],[2.93561,39.147945],[2.935614,39.147952],[2.93562,39.147956],[2.935629,39.147961],[2.935649,39.147969],[2.935666,39.147979],[2.935674,39.147985],[2.935687,39.147999],[2.935703,39.148019],[2.935713,39.148035],[2.935739,39.148072],[2.935746,39.148078],[2.935768,39.148095],[2.935778,39.148099],[2.93582,39.148121],[2.935823,39.148125],[2.935831,39.148137],[2.935836,39.148151],[2.93584,39.14817],[2.935841,39.148183],[2.93584,39.148203],[2.935842,39.148214],[2.935845,39.148222],[2.935852,39.14823],[2.935862,39.148239],[2.935877,39.148249],[2.935907,39.148268],[2.935932,39.148281],[2.935955,39.148291],[2.936015,39.148315],[2.936046,39.148325],[2.93614,39.148358],[2.936151,39.148364],[2.936201,39.148388],[2.936216,39.148394],[2.936288,39.148417],[2.936334,39.148434],[2.936364,39.148446],[2.936382,39.148456],[2.936397,39.148462],[2.936404,39.148463],[2.936415,39.148462],[2.936449,39.148461],[2.936457,39.148463],[2.936469,39.148467],[2.936479,39.148473],[2.936488,39.148481],[2.936495,39.148489],[2.936499,39.148498],[2.936503,39.148512],[2.936505,39.14853],[2.936506,39.148554],[2.936506,39.148597],[2.936503,39.148611],[2.936496,39.148633],[2.936489,39.148648],[2.936481,39.148661],[2.93647,39.148673],[2.936453,39.148689],[2.936437,39.148701],[2.936422,39.14871],[2.936408,39.148716],[2.936395,39.148719],[2.936379,39.148721],[2.936357,39.148722],[2.936307,39.148726],[2.936301,39.148728],[2.93628,39.148735],[2.936273,39.148735],[2.936258,39.148734],[2.936234,39.14873],[2.936202,39.148726],[2.936191,39.148727],[2.936159,39.148731],[2.936116,39.148738],[2.936105,39.148742],[2.936091,39.148749],[2.936065,39.14876],[2.936046,39.148764],[2.936027,39.14877],[2.936018,39.148775],[2.93601,39.148782],[2.936006,39.148788],[2.936005,39.148795],[2.936,39.148804],[2.935994,39.14881],[2.935982,39.14882],[2.935969,39.148827],[2.935959,39.148831],[2.935949,39.148832],[2.935921,39.148834],[2.935892,39.148838],[2.935882,39.148841],[2.935871,39.148847],[2.93586,39.148855],[2.935839,39.148872],[2.935811,39.148892],[2.935794,39.148902],[2.93572,39.148947],[2.935706,39.148959],[2.935683,39.148979],[2.935655,39.149002],[2.935638,39.149012],[2.935583,39.14905],[2.935568,39.149062],[2.935525,39.149097],[2.935505,39.149115],[2.935493,39.149129],[2.935485,39.149142],[2.935479,39.149155],[2.935474,39.149172],[2.935466,39.149193],[2.93546,39.149201],[2.93543,39.149246],[2.93543,39.149251],[2.935431,39.149263],[2.935434,39.149274],[2.935444,39.1493],[2.935453,39.149317],[2.935461,39.149336],[2.93547,39.149365],[2.935469,39.14937],[2.935465,39.149375],[2.93546,39.14938],[2.935449,39.149387],[2.935442,39.149393],[2.935441,39.149397],[2.93544,39.149404],[2.935442,39.149427],[2.935447,39.149451],[2.935451,39.149459],[2.935458,39.149466],[2.935466,39.149472],[2.935499,39.149499],[2.935501,39.149503],[2.935503,39.149511],[2.935501,39.149517],[2.935498,39.149524],[2.93549,39.149533],[2.935475,39.149547],[2.935458,39.149567],[2.935452,39.149576],[2.935428,39.149612],[2.935422,39.149615],[2.935414,39.149618],[2.935404,39.149619],[2.935373,39.149625],[2.935371,39.149628],[2.935368,39.149634],[2.935366,39.149643],[2.935366,39.149657],[2.935363,39.149678],[2.935359,39.149685],[2.935352,39.149697],[2.935339,39.149711],[2.935313,39.149745],[2.935298,39.149767],[2.935288,39.149786],[2.935283,39.149801],[2.935283,39.149809],[2.935285,39.149818],[2.935289,39.149825],[2.935294,39.14983],[2.935304,39.149836],[2.935332,39.149856],[2.935335,39.14986],[2.935335,39.149864],[2.935332,39.149866],[2.935325,39.149868],[2.935316,39.14987],[2.935301,39.14987],[2.935198,39.149875],[2.935185,39.149878],[2.935156,39.149885],[2.935145,39.14989],[2.935135,39.149897],[2.935127,39.149904],[2.935112,39.149915],[2.935106,39.149917],[2.935064,39.149934],[2.935055,39.14994],[2.93502,39.149965],[2.935011,39.149974],[2.935004,39.149984],[2.934997,39.149996],[2.934991,39.150014],[2.934988,39.150031],[2.934983,39.150042],[2.934979,39.150045],[2.934971,39.150049],[2.934961,39.150052],[2.934941,39.150055],[2.93491,39.150058],[2.934842,39.150063],[2.934778,39.15007],[2.934764,39.150073],[2.934726,39.150084],[2.934715,39.150089],[2.934708,39.150095],[2.934701,39.150102],[2.934695,39.150113],[2.934677,39.150139],[2.934672,39.150141],[2.934628,39.15017],[2.934621,39.150177],[2.93461,39.15019],[2.934603,39.150203],[2.934592,39.150217],[2.934583,39.150225],[2.934578,39.150233],[2.934577,39.150238],[2.934578,39.150245],[2.934582,39.150255],[2.934604,39.150311],[2.934606,39.150321],[2.934605,39.150335],[2.934602,39.150345],[2.934597,39.150354],[2.93459,39.150361],[2.934579,39.15037],[2.934561,39.150382],[2.934549,39.150387],[2.93454,39.150389],[2.934522,39.150391],[2.934488,39.150392],[2.934432,39.150397],[2.934325,39.150407],[2.934317,39.15041],[2.934308,39.150415],[2.934303,39.150419],[2.934299,39.150427],[2.934296,39.150437],[2.934296,39.150447],[2.934298,39.150458],[2.934302,39.150468],[2.934305,39.150482],[2.934304,39.150485],[2.934295,39.150493],[2.934287,39.150497],[2.934244,39.150523],[2.934239,39.150528],[2.934236,39.150534],[2.934237,39.150538],[2.93424,39.150542],[2.934247,39.150547],[2.934254,39.150549],[2.93426,39.150549],[2.934272,39.15055],[2.934275,39.150553],[2.934277,39.150558],[2.934277,39.150565],[2.934275,39.150574],[2.934271,39.15058],[2.934265,39.150584],[2.934256,39.150589],[2.934243,39.150593],[2.934222,39.150602],[2.934218,39.150606],[2.934212,39.150615],[2.934201,39.150635],[2.934197,39.150646],[2.934196,39.150657],[2.934197,39.150672],[2.934197,39.150701],[2.934195,39.150705],[2.934185,39.150731],[2.934185,39.150737],[2.934188,39.150748],[2.934193,39.150758],[2.934202,39.15077],[2.934215,39.150783],[2.934229,39.150795],[2.934273,39.150835],[2.934276,39.150841],[2.934281,39.150854],[2.934283,39.150865],[2.934282,39.150878],[2.934279,39.150888],[2.934274,39.150895],[2.934265,39.150905],[2.934249,39.15092],[2.934212,39.150951],[2.934188,39.150967],[2.934159,39.150985],[2.93411,39.151018],[2.934096,39.15103],[2.934068,39.151056],[2.934055,39.151071],[2.934041,39.151089],[2.934036,39.151098],[2.933995,39.151102],[2.933993,39.15114],[2.933733,39.151145],[2.93373,39.1511],[2.933447,39.151113],[2.933429,39.151103],[2.933399,39.151085],[2.933381,39.15107],[2.933371,39.151055],[2.933368,39.151043],[2.933342,39.150484],[2.933173,39.15049],[2.933201,39.150941],[2.933166,39.150968],[2.933139,39.150974],[2.933098,39.150975],[2.933037,39.150976],[2.933027,39.15098],[2.932999,39.150991],[2.932979,39.151002],[2.932948,39.150993],[2.932872,39.150972],[2.932805,39.150967],[2.932784,39.150967],[2.932751,39.150969],[2.93273,39.150973],[2.932689,39.150981],[2.932626,39.150996],[2.932605,39.151002],[2.93259,39.151009],[2.932578,39.151017],[2.932568,39.151026],[2.932558,39.151038],[2.932512,39.151088],[2.932503,39.151095],[2.932486,39.151105],[2.932464,39.151116],[2.932443,39.151124],[2.932418,39.151132],[2.932376,39.151142],[2.932336,39.151151],[2.9323,39.151156],[2.932258,39.15116],[2.932224,39.151162],[2.932184,39.151163],[2.932141,39.151161],[2.932064,39.151156],[2.932049,39.151154],[2.932033,39.151149],[2.93202,39.151143],[2.932013,39.151137],[2.932007,39.151131],[2.932,39.151118],[2.931974,39.151078],[2.931961,39.151063],[2.931958,39.151062],[2.931952,39.151063],[2.931918,39.151066],[2.931914,39.151065],[2.931909,39.15106],[2.931905,39.151055],[2.931903,39.151046],[2.931901,39.151031],[2.931896,39.151001],[2.931892,39.150993],[2.931885,39.150985],[2.931876,39.150977],[2.931854,39.150962],[2.931846,39.150958],[2.931839,39.150958],[2.931832,39.150959],[2.931825,39.150962],[2.931816,39.150969],[2.931787,39.150987],[2.931779,39.150989],[2.931766,39.150991],[2.931754,39.150991],[2.931738,39.15099],[2.931724,39.150986],[2.931709,39.15098],[2.931665,39.150966],[2.931655,39.150965],[2.931638,39.150964],[2.931624,39.150966],[2.931616,39.150968],[2.931612,39.150972],[2.931608,39.150978],[2.931605,39.150986],[2.931601,39.151008],[2.931593,39.151038],[2.931588,39.151049],[2.931579,39.151062],[2.931571,39.15107],[2.931562,39.151076],[2.93155,39.151081],[2.931525,39.151094],[2.931519,39.1511],[2.93147,39.151142],[2.931463,39.151144],[2.931446,39.151149],[2.931424,39.151154],[2.931396,39.151157],[2.931334,39.151167],[2.931324,39.15117],[2.931301,39.15118],[2.931267,39.151197],[2.931194,39.15123],[2.931183,39.151233],[2.931139,39.151241],[2.9311,39.151247],[2.931061,39.151251],[2.931042,39.151252],[2.931022,39.15125],[2.931007,39.151247],[2.930967,39.15124],[2.93096,39.15124],[2.930946,39.151244],[2.930933,39.151248],[2.930915,39.151258],[2.930886,39.15127],[2.930872,39.151274],[2.930857,39.151276],[2.930844,39.151276],[2.930826,39.151274],[2.930798,39.151269],[2.930774,39.151266],[2.930762,39.151267],[2.930748,39.15127],[2.930731,39.151275],[2.930711,39.151283],[2.930684,39.151296],[2.930616,39.151328],[2.9306,39.151333],[2.930574,39.151339],[2.930546,39.151344],[2.930508,39.151348],[2.93048,39.15135],[2.930456,39.151349],[2.93044,39.151347],[2.930429,39.151343],[2.930416,39.151337],[2.930403,39.151328],[2.930384,39.151313],[2.930373,39.151302],[2.930363,39.151288],[2.93034,39.151261],[2.930332,39.151256],[2.930322,39.151252],[2.930311,39.151249],[2.930298,39.151248],[2.930283,39.151248],[2.930271,39.151251],[2.930259,39.151255],[2.930244,39.151262],[2.930222,39.151271],[2.930213,39.151272],[2.9302,39.151273],[2.930186,39.151271],[2.930165,39.151267],[2.930149,39.151265],[2.930143,39.151267],[2.930137,39.15127],[2.930132,39.151275],[2.930128,39.151282],[2.930126,39.151291],[2.930117,39.151318],[2.930113,39.15132],[2.930104,39.151324],[2.930093,39.151326],[2.93008,39.151326],[2.930048,39.151325],[2.930023,39.151326],[2.930001,39.151328],[2.92998,39.151333],[2.929953,39.15134],[2.929929,39.151349],[2.929868,39.151373],[2.929856,39.15138],[2.929833,39.151394],[2.929825,39.151402],[2.929816,39.151413],[2.929813,39.151421],[2.929799,39.151449],[2.929794,39.151453],[2.929777,39.151465],[2.929752,39.15148],[2.929723,39.151501],[2.929706,39.151515],[2.929698,39.151525],[2.929695,39.151532],[2.929694,39.15154],[2.929695,39.151553],[2.929701,39.151598],[2.929705,39.151616],[2.929712,39.151632],[2.929718,39.151642],[2.92973,39.151655],[2.929749,39.151675],[2.929816,39.151739],[2.929828,39.151747],[2.929858,39.151766],[2.929889,39.151788],[2.929893,39.151793],[2.929899,39.151805],[2.929907,39.151824],[2.929923,39.151859],[2.929939,39.151887],[2.929948,39.151898],[2.929965,39.151916],[2.930046,39.151995],[2.930111,39.152057],[2.930124,39.152066],[2.930148,39.152081],[2.930155,39.152083],[2.930163,39.152084],[2.930173,39.152082],[2.930181,39.152079],[2.930185,39.152076],[2.930186,39.152072],[2.930185,39.152066],[2.930181,39.152061],[2.930173,39.152053],[2.930167,39.152045],[2.930168,39.152042],[2.930171,39.152038],[2.930178,39.152034],[2.930187,39.152031],[2.9302,39.152029],[2.930228,39.152026],[2.930256,39.152024],[2.930283,39.152025],[2.930303,39.152028],[2.930316,39.152031],[2.930331,39.152037],[2.930345,39.152045],[2.930365,39.152058],[2.930394,39.15208],[2.930408,39.152093],[2.930417,39.152105],[2.930428,39.152122],[2.930443,39.152141],[2.930467,39.152168],[2.930496,39.152196],[2.930502,39.152198],[2.930514,39.152201],[2.930529,39.152203],[2.930549,39.152203],[2.930574,39.152201],[2.930594,39.152202],[2.9306,39.152204],[2.930605,39.152208],[2.930608,39.152214],[2.930608,39.15222],[2.930607,39.15223],[2.930604,39.152239],[2.930598,39.152249],[2.930589,39.15226],[2.930578,39.152269],[2.930567,39.152275],[2.930543,39.152292],[2.930541,39.152296],[2.930541,39.152302],[2.930543,39.152308],[2.930548,39.152315],[2.930557,39.152322],[2.930567,39.15233],[2.930583,39.152338],[2.930603,39.152345],[2.930619,39.152349],[2.930629,39.152349],[2.93064,39.152348],[2.930654,39.152344],[2.930678,39.152336],[2.930698,39.152331],[2.930718,39.152328],[2.930751,39.152325],[2.930764,39.152325],[2.930772,39.152328],[2.93078,39.152332],[2.930787,39.152338],[2.930793,39.152346],[2.930798,39.152356],[2.930833,39.152419],[2.930852,39.15246],[2.930869,39.1525],[2.930877,39.152525],[2.930881,39.152547],[2.930889,39.152599],[2.930892,39.152633],[2.930904,39.152744],[2.930909,39.152812],[2.930908,39.152826],[2.930902,39.152854],[2.930895,39.152881],[2.930889,39.15291],[2.930888,39.152928],[2.930881,39.152984],[2.930878,39.15299],[2.93087,39.152999],[2.930861,39.153006],[2.930849,39.153014],[2.930823,39.153027],[2.930809,39.153036],[2.930802,39.153043],[2.930797,39.153051],[2.930794,39.15306],[2.930779,39.153103],[2.930774,39.153108],[2.930766,39.153114],[2.930751,39.153123],[2.930737,39.153134],[2.93073,39.153141],[2.930727,39.153149],[2.930725,39.153159],[2.930724,39.153174],[2.93072,39.153221],[2.930717,39.153229],[2.930708,39.153244],[2.9307,39.153255],[2.930689,39.153265],[2.930676,39.153275],[2.930659,39.153284],[2.930622,39.153306],[2.930618,39.153311],[2.930611,39.153322],[2.930607,39.153332],[2.930583,39.153391],[2.930579,39.153394],[2.930555,39.153416],[2.930553,39.153421],[2.93055,39.153433],[2.930544,39.153465],[2.930537,39.153494],[2.930534,39.153495],[2.930526,39.153498],[2.930516,39.153499],[2.9305,39.153499],[2.930481,39.153501],[2.930478,39.153503],[2.930477,39.153506],[2.930478,39.153513],[2.930481,39.153523],[2.930484,39.153539],[2.930482,39.153543],[2.930475,39.153549],[2.930467,39.153554],[2.930439,39.153574],[2.930435,39.153579],[2.930429,39.15359],[2.930422,39.153607],[2.930401,39.153659],[2.930394,39.153669],[2.930372,39.153698],[2.930361,39.153709],[2.930355,39.153712],[2.930345,39.153715],[2.930332,39.153717],[2.930313,39.153717],[2.930259,39.153721],[2.930254,39.153723],[2.930241,39.153731],[2.930228,39.153741],[2.930218,39.153752],[2.930195,39.153773],[2.930192,39.153773],[2.930189,39.15377],[2.930187,39.153767],[2.930186,39.153761],[2.930187,39.153747],[2.930186,39.153734],[2.930183,39.153728],[2.930179,39.153727],[2.930173,39.153727],[2.930166,39.15373],[2.930157,39.153735],[2.930148,39.153743],[2.930142,39.153752],[2.930136,39.153763],[2.930132,39.153776],[2.930131,39.153789],[2.930124,39.153821],[2.930121,39.153827],[2.930111,39.153838],[2.930095,39.153853],[2.930091,39.153856],[2.929989,39.15393],[2.929948,39.153945],[2.929919,39.153954],[2.929915,39.153953],[2.929909,39.153949],[2.929902,39.153942],[2.929888,39.153932],[2.929882,39.15393],[2.929872,39.15393],[2.929864,39.153931],[2.929855,39.153934],[2.929846,39.153939],[2.929819,39.153952],[2.929811,39.153953],[2.929806,39.153953],[2.929801,39.15395],[2.929789,39.153941],[2.929778,39.153935],[2.929768,39.153932],[2.929759,39.153932],[2.92975,39.153933],[2.92974,39.153936],[2.929732,39.153941],[2.929725,39.153947],[2.929718,39.153957],[2.929703,39.153973],[2.929693,39.153987],[2.929691,39.153994],[2.929689,39.15401],[2.929691,39.154016],[2.929696,39.154021],[2.92971,39.154043],[2.929714,39.154054],[2.929714,39.154061],[2.929712,39.154066],[2.929708,39.154069],[2.9297,39.154073],[2.929687,39.154078],[2.929664,39.154088],[2.929659,39.154092],[2.929647,39.154104],[2.929612,39.154145],[2.929605,39.154156],[2.929581,39.154189],[2.929577,39.154192],[2.929565,39.154196],[2.929546,39.154201],[2.92952,39.154207],[2.929505,39.154208],[2.929488,39.154207],[2.92945,39.154208],[2.929437,39.15421],[2.929388,39.154215],[2.929375,39.154215],[2.929288,39.15421],[2.929282,39.154208],[2.929269,39.154201],[2.929258,39.154192],[2.929244,39.154179],[2.9292,39.154143],[2.929197,39.154143],[2.92919,39.154145],[2.929182,39.154149],[2.929149,39.154164],[2.929144,39.154164],[2.929133,39.154163],[2.929125,39.15416],[2.929116,39.154154],[2.929095,39.154144],[2.929088,39.154143],[2.929076,39.154143],[2.929062,39.154145],[2.929038,39.154149],[2.929016,39.154156],[2.928948,39.154173],[2.92893,39.154176],[2.9289,39.154179],[2.928876,39.154179],[2.928845,39.154178],[2.928817,39.154175],[2.928794,39.15417],[2.928764,39.154163],[2.928722,39.154154],[2.928707,39.154153],[2.928681,39.154153],[2.928644,39.154154],[2.928629,39.154157],[2.92862,39.15416],[2.928608,39.154167],[2.928571,39.154184],[2.928568,39.154184],[2.928565,39.154181],[2.928562,39.154176],[2.928559,39.154166],[2.928553,39.154155],[2.92855,39.154154],[2.928544,39.154155],[2.928538,39.154158],[2.92853,39.154164],[2.928506,39.154178],[2.9285,39.15418],[2.928485,39.154181],[2.928462,39.15418],[2.928432,39.154178],[2.928422,39.154175],[2.928411,39.15417],[2.9284,39.154163],[2.92838,39.154148],[2.928366,39.154139],[2.928355,39.154135],[2.928343,39.154133],[2.928329,39.154132],[2.928311,39.154133],[2.92829,39.154135],[2.928269,39.15414],[2.928252,39.154146],[2.928237,39.154153],[2.928218,39.154164],[2.928183,39.154187],[2.928181,39.154191],[2.928179,39.154198],[2.928179,39.154206],[2.928181,39.154223],[2.928192,39.154272],[2.928195,39.154279],[2.928204,39.154289],[2.928217,39.154301],[2.928229,39.154309],[2.928238,39.154312],[2.92827,39.154328],[2.928278,39.154333],[2.928313,39.154362],[2.928381,39.15442],[2.928386,39.154427],[2.928412,39.154469],[2.928457,39.154539],[2.928465,39.154548],[2.928483,39.154563],[2.928497,39.154571],[2.928516,39.154581],[2.928575,39.154614],[2.928583,39.154621],[2.92861,39.15464],[2.92863,39.154652],[2.92866,39.154669],[2.928679,39.154676],[2.928699,39.154682],[2.928739,39.154696],[2.928757,39.154704],[2.928805,39.154729],[2.928871,39.154783],[2.928992,39.154843],[2.929013,39.154858],[2.929071,39.154901],[2.929098,39.154919],[2.929148,39.154955],[2.92916,39.154966],[2.929235,39.155033],[2.929281,39.155068],[2.929331,39.155097],[2.929344,39.155103],[2.929394,39.155124],[2.929455,39.155153],[2.929489,39.155172],[2.929575,39.155216],[2.929599,39.155226],[2.929714,39.155274],[2.929729,39.155277],[2.929755,39.155282],[2.929857,39.155299],[2.929889,39.155307],[2.929903,39.155312],[2.929934,39.155326],[2.929991,39.155348],[2.930156,39.155416],[2.930183,39.155429],[2.930222,39.155446],[2.930262,39.155461],[2.930384,39.155563],[2.930392,39.155573],[2.930426,39.155609],[2.93046,39.155641],[2.930518,39.155699],[2.930556,39.155741],[2.930566,39.155755],[2.930587,39.155788],[2.930609,39.155819],[2.930665,39.155902],[2.930732,39.156006],[2.93075,39.156036],[2.930803,39.156134],[2.930821,39.156173],[2.930856,39.156242],[2.930881,39.156285],[2.930935,39.156376],[2.930948,39.156394],[2.930973,39.156422],[2.931011,39.156465],[2.931046,39.1565],[2.931054,39.156505],[2.931077,39.156517],[2.931084,39.156518],[2.931093,39.156518],[2.931108,39.156517],[2.93113,39.156512],[2.93115,39.156506],[2.931169,39.156498],[2.931241,39.15647],[2.931264,39.156463],[2.931322,39.156448],[2.931361,39.156435],[2.931368,39.156431],[2.931377,39.156423],[2.931382,39.156415],[2.931387,39.156405],[2.931392,39.156389],[2.931399,39.156356],[2.931417,39.156286],[2.931426,39.156262],[2.93145,39.156202],[2.931458,39.156189],[2.931473,39.156168],[2.931488,39.15615],[2.931507,39.156132],[2.931534,39.156109],[2.931574,39.156077],[2.931601,39.156058],[2.931633,39.156038],[2.931678,39.156013],[2.931697,39.156004],[2.931717,39.155997],[2.931755,39.155986],[2.931778,39.155982],[2.9318,39.155979],[2.931821,39.155978],[2.931856,39.155979],[2.931896,39.155978],[2.93194,39.155979],[2.931946,39.155981],[2.931952,39.155986],[2.931957,39.155991],[2.93196,39.155998],[2.931962,39.15601],[2.931969,39.156029],[2.931973,39.156034],[2.931979,39.156037],[2.931987,39.156039],[2.931998,39.156041],[2.932019,39.156041],[2.932054,39.156039],[2.932107,39.156036],[2.932118,39.156033],[2.932127,39.156028],[2.932138,39.156021],[2.93216,39.156003],[2.932176,39.155993],[2.932184,39.155991],[2.932194,39.15599],[2.932206,39.155991],[2.932224,39.155994],[2.932248,39.155999],[2.932267,39.156006],[2.932334,39.156027],[2.932345,39.156028],[2.932365,39.156029],[2.932383,39.156028],[2.932398,39.156025],[2.93241,39.15602],[2.932422,39.156014],[2.932435,39.156005],[2.932446,39.155994],[2.932451,39.155987],[2.932455,39.155977],[2.932457,39.155966],[2.932463,39.155939],[2.932467,39.155933],[2.932474,39.155927],[2.932487,39.15592],[2.932499,39.155909],[2.932507,39.1559],[2.932511,39.155892],[2.932511,39.155887],[2.932508,39.155883],[2.932502,39.155877],[2.932491,39.155869],[2.932476,39.155855],[2.932477,39.155853],[2.932482,39.155849],[2.932492,39.155845],[2.932512,39.155837],[2.932528,39.155833],[2.932631,39.155806],[2.93264,39.155801],[2.932721,39.155764],[2.932764,39.155743],[2.93277,39.155738],[2.932796,39.155712],[2.932827,39.155683],[2.932878,39.155634],[2.932894,39.155616],[2.932939,39.155567],[2.932948,39.155561],[2.932986,39.155531],[2.933022,39.155505],[2.933028,39.155504],[2.933043,39.155502],[2.933088,39.155494],[2.933096,39.15549],[2.933108,39.155482],[2.933119,39.155473],[2.933129,39.155461],[2.933136,39.155451],[2.933142,39.155436],[2.933171,39.155372],[2.933181,39.155356],[2.933199,39.155331],[2.93322,39.155305],[2.933242,39.155283],[2.933268,39.155258],[2.933271,39.155258],[2.933281,39.155259],[2.933291,39.155263],[2.933299,39.155268],[2.933305,39.155274],[2.933309,39.155281],[2.933311,39.155289],[2.93331,39.155299],[2.933308,39.155327],[2.933302,39.155362],[2.9333,39.155392],[2.9333,39.155412],[2.933303,39.155426],[2.933308,39.155439],[2.933316,39.155453],[2.933329,39.155469],[2.93335,39.155495],[2.933372,39.155525],[2.933376,39.155533],[2.933391,39.155576],[2.9334,39.155612],[2.933412,39.155664],[2.933423,39.155699],[2.933429,39.15571],[2.93344,39.155737],[2.93344,39.155743],[2.933441,39.155775],[2.933444,39.155788],[2.933449,39.155823],[2.933448,39.15583],[2.933445,39.155857],[2.933447,39.155862],[2.933452,39.15587],[2.933458,39.155873],[2.933465,39.155876],[2.933472,39.155881],[2.933473,39.155883],[2.933471,39.155891],[2.933467,39.155905],[2.933462,39.155928],[2.933464,39.155932],[2.933469,39.155938],[2.933474,39.155942],[2.933482,39.155944],[2.933495,39.155946],[2.933537,39.155954],[2.933549,39.155958],[2.933564,39.155966],[2.933577,39.155974],[2.933592,39.155986],[2.933609,39.156004],[2.933617,39.156014],[2.933623,39.156027],[2.933641,39.156059],[2.933646,39.156063],[2.933659,39.156071],[2.933672,39.156076],[2.933686,39.15608],[2.933711,39.156085],[2.933737,39.156093],[2.933753,39.156099],[2.933767,39.156107],[2.933781,39.156117],[2.933788,39.156125],[2.933791,39.156131],[2.933793,39.156139],[2.933792,39.156151],[2.933789,39.156172],[2.933784,39.156195],[2.933777,39.156213],[2.933766,39.15625],[2.933765,39.156261],[2.933766,39.156277],[2.933769,39.156286],[2.933774,39.156296],[2.933783,39.156308],[2.933792,39.156315],[2.933803,39.156321],[2.933815,39.156326],[2.93385,39.156339],[2.933889,39.15635],[2.933923,39.156359],[2.933964,39.156366],[2.933981,39.156368],[2.934008,39.156368],[2.934036,39.156367],[2.934057,39.156364],[2.934127,39.156355],[2.934148,39.156355],[2.934172,39.156356],[2.934184,39.156358],[2.934201,39.156364],[2.934226,39.156374],[2.934269,39.15639],[2.934278,39.156391],[2.934308,39.156392],[2.934369,39.156398],[2.934378,39.1564],[2.934401,39.156409],[2.934502,39.156451],[2.934533,39.156466],[2.934578,39.15649],[2.934592,39.1565],[2.934602,39.156509],[2.934616,39.156525],[2.934633,39.156548],[2.934644,39.156566],[2.93468,39.156632],[2.93468,39.156637],[2.934678,39.156646],[2.934674,39.156652],[2.934667,39.156659],[2.934655,39.156668],[2.934631,39.156683],[2.934575,39.15672],[2.934558,39.156733],[2.934491,39.156785],[2.934473,39.156796],[2.934411,39.156837],[2.934405,39.156844],[2.9344,39.156852],[2.934398,39.156861],[2.934395,39.15688],[2.934394,39.156899],[2.934396,39.156911],[2.934401,39.156931],[2.934407,39.156943],[2.934414,39.156951],[2.934424,39.15696],[2.934452,39.156983],[2.934466,39.156991],[2.934602,39.157076],[2.934674,39.157118],[2.934691,39.157126],[2.934746,39.157149],[2.934819,39.157181],[2.93484,39.157193],[2.934874,39.157209],[2.934891,39.157215],[2.934937,39.157229],[2.934969,39.157237],[2.935025,39.157249],[2.935048,39.157252],[2.935089,39.157256],[2.935146,39.157262],[2.9352,39.157266],[2.93521,39.157265],[2.935242,39.15726],[2.935261,39.157255],[2.935292,39.157245],[2.935417,39.157205],[2.935467,39.157191],[2.935536,39.15717],[2.93559,39.157152],[2.93562,39.15714],[2.935649,39.157125],[2.935734,39.157083],[2.935756,39.157069],[2.935775,39.157055],[2.935796,39.157037],[2.935822,39.157011],[2.935833,39.156998],[2.935858,39.156964],[2.935869,39.156952],[2.935879,39.156945],[2.93589,39.15694],[2.935902,39.156936],[2.93592,39.156933],[2.935947,39.156929],[2.935964,39.156929],[2.935995,39.156925],[2.936051,39.156899],[2.936057,39.156894],[2.93607,39.156882],[2.936078,39.156872],[2.936093,39.156851],[2.936104,39.156829],[2.936109,39.156816],[2.936113,39.156798],[2.936131,39.156724],[2.936135,39.15672],[2.936147,39.156708],[2.936169,39.15669],[2.936297,39.156584],[2.936313,39.156568],[2.93645,39.156429],[2.936497,39.156379],[2.936506,39.156366],[2.936515,39.156348],[2.936555,39.15628],[2.936564,39.156269],[2.93659,39.156241],[2.936616,39.156215],[2.936654,39.156182],[2.936661,39.156178],[2.936681,39.15617],[2.936706,39.156162],[2.936756,39.156149],[2.936901,39.156107],[2.936922,39.156099],[2.936948,39.156087],[2.936977,39.156071],[2.937008,39.156052],[2.937036,39.156033],[2.937135,39.155961],[2.937151,39.155948],[2.937215,39.155894],[2.937226,39.155887],[2.937252,39.155874],[2.937271,39.155867],[2.937314,39.155853],[2.937347,39.155844],[2.937365,39.155841],[2.937398,39.155838],[2.9375,39.155828],[2.937539,39.155825],[2.93757,39.155824],[2.93775,39.155816],[2.937769,39.155813],[2.937791,39.155808],[2.937804,39.155803],[2.937818,39.155796],[2.93783,39.155787],[2.937844,39.155775],[2.937857,39.15576],[2.937866,39.155747],[2.937873,39.155733],[2.937876,39.15572],[2.937878,39.155707],[2.937877,39.155693],[2.937874,39.15568],[2.937868,39.155666],[2.937857,39.155648],[2.937847,39.155634],[2.937834,39.15562],[2.93782,39.155609],[2.937799,39.155595],[2.937743,39.155559],[2.937699,39.155534],[2.937666,39.155517],[2.937605,39.155484],[2.937573,39.155464],[2.937537,39.155444],[2.9375,39.155423],[2.937476,39.155408],[2.937461,39.155397],[2.93745,39.155387],[2.937438,39.155372],[2.937432,39.155362],[2.93743,39.155353],[2.93743,39.155343],[2.937433,39.15533],[2.93744,39.155308],[2.937447,39.155291],[2.937456,39.155277],[2.937466,39.155265],[2.937484,39.155248],[2.9375,39.155234],[2.937509,39.155225],[2.937544,39.155198],[2.937599,39.155158],[2.93761,39.155152],[2.937638,39.155141],[2.937804,39.15507],[2.937929,39.155019],[2.937948,39.155013],[2.937966,39.15501],[2.937984,39.155009],[2.938016,39.155008],[2.938085,39.155009],[2.938173,39.155009],[2.938201,39.155007],[2.938275,39.154999],[2.938294,39.154995],[2.938328,39.154987],[2.938395,39.154968],[2.93842,39.154959],[2.938433,39.154952],[2.938441,39.154946],[2.938447,39.154938],[2.938454,39.154926],[2.938467,39.154907],[2.938473,39.154903],[2.93848,39.1549],[2.938491,39.154898],[2.938538,39.154888],[2.938546,39.154884],[2.938561,39.154875],[2.938572,39.154866],[2.938576,39.15486],[2.938578,39.154853],[2.938578,39.154846],[2.938579,39.154825],[2.938582,39.154821],[2.93859,39.154815],[2.9386,39.154809],[2.938612,39.154805],[2.938624,39.154803],[2.938642,39.154802],[2.9387,39.154796],[2.938713,39.154793],[2.938738,39.154785],[2.938754,39.154777],[2.938767,39.154769],[2.938784,39.154757],[2.938861,39.154697],[2.938873,39.154684],[2.938918,39.154643],[2.938938,39.154627],[2.939014,39.154571],[2.939037,39.154557],[2.939058,39.154542],[2.939067,39.154533],[2.939078,39.154519],[2.939092,39.154496],[2.939132,39.154439],[2.939154,39.154412],[2.939202,39.154348],[2.939217,39.154324],[2.939247,39.15428],[2.939316,39.154184],[2.939393,39.154073],[2.939406,39.154051],[2.939419,39.154022],[2.939451,39.153951],[2.939466,39.15391],[2.939475,39.15388],[2.939481,39.153852],[2.93949,39.153795],[2.939495,39.153752],[2.939498,39.153705],[2.939503,39.153663],[2.939507,39.153651],[2.939522,39.153611],[2.939525,39.153597],[2.939524,39.153586],[2.939526,39.153575],[2.93953,39.153567],[2.939539,39.153555],[2.939554,39.15353],[2.939554,39.153526],[2.939551,39.153511],[2.939547,39.153474],[2.939549,39.153468],[2.939555,39.153457],[2.939562,39.153447],[2.939574,39.153436],[2.939591,39.153422],[2.939628,39.153389],[2.939638,39.153377],[2.939646,39.153365],[2.939649,39.153356],[2.93965,39.153345],[2.939655,39.153318],[2.939658,39.153315],[2.939675,39.153301],[2.939684,39.153292],[2.939688,39.153284],[2.939693,39.153271],[2.939708,39.153234],[2.939716,39.153208],[2.939715,39.153203],[2.939711,39.153194],[2.939705,39.153184],[2.93969,39.153157],[2.939691,39.153153],[2.939694,39.153146],[2.939698,39.153141],[2.939706,39.153136],[2.939714,39.153133],[2.939743,39.153121],[2.939745,39.153118],[2.939748,39.153111],[2.939749,39.153104],[2.939747,39.153092],[2.939747,39.15307],[2.939749,39.153054],[2.939754,39.153038],[2.939761,39.153023],[2.939766,39.153016],[2.939774,39.15301],[2.939784,39.153006],[2.939798,39.153001],[2.939835,39.152987],[2.939841,39.152982],[2.939849,39.152974],[2.939852,39.152967],[2.939857,39.152954],[2.939864,39.15294],[2.939904,39.152863],[2.939908,39.152859],[2.939917,39.152855],[2.939926,39.152852],[2.939963,39.152839],[2.939966,39.152836],[2.93997,39.15283],[2.939971,39.152823],[2.939976,39.152801],[2.939981,39.1528],[2.939991,39.152798],[2.940012,39.152798],[2.940037,39.152796],[2.940046,39.152793],[2.940057,39.152788],[2.940073,39.152778],[2.940095,39.152762],[2.940099,39.152757],[2.940101,39.15275],[2.940101,39.152743],[2.940098,39.152737],[2.940093,39.152732],[2.940077,39.152712],[2.940077,39.152709],[2.940081,39.152704],[2.940087,39.152699],[2.940097,39.152694],[2.940123,39.152682],[2.940159,39.152668],[2.940177,39.152658],[2.940202,39.152648],[2.940206,39.152648],[2.940265,39.152653],[2.940271,39.152651],[2.940291,39.152645],[2.940303,39.152639],[2.940313,39.152632],[2.940347,39.152611],[2.94036,39.152605],[2.940374,39.152601],[2.94039,39.152598],[2.940408,39.152597],[2.940435,39.152597],[2.94045,39.152595],[2.94046,39.152592],[2.940476,39.152585],[2.940597,39.152537],[2.940627,39.152522],[2.940641,39.152514],[2.940651,39.152505],[2.940675,39.152486],[2.940683,39.152483],[2.940703,39.152477],[2.940719,39.152474],[2.940739,39.152472],[2.940779,39.152467],[2.940787,39.152464],[2.940799,39.152457],[2.940817,39.152445],[2.940864,39.152415],[2.940882,39.152406],[2.940924,39.152383],[2.940937,39.152373],[2.94099,39.152338],[2.941002,39.152332],[2.941017,39.152327],[2.941051,39.152313],[2.941059,39.152308],[2.941084,39.152289],[2.941089,39.152282],[2.941104,39.152267],[2.941113,39.152261],[2.941138,39.152246],[2.941275,39.152163],[2.941299,39.152146],[2.941357,39.152102],[2.941406,39.152063],[2.941416,39.152052],[2.941435,39.152029],[2.941465,39.151996],[2.941476,39.151986],[2.94149,39.151978],[2.941502,39.151973],[2.941517,39.151968],[2.941558,39.151954],[2.941569,39.151948],[2.941615,39.151925],[2.94163,39.151916],[2.941632,39.151912],[2.941632,39.151908],[2.941629,39.151904],[2.941623,39.1519],[2.941612,39.15189],[2.941612,39.151887],[2.941614,39.151883],[2.94162,39.151878],[2.94163,39.151873],[2.941647,39.151866],[2.941664,39.151861],[2.941675,39.15186],[2.941692,39.151861],[2.941718,39.15186],[2.941747,39.151857],[2.941754,39.151855],[2.941756,39.151852],[2.941757,39.151848],[2.941754,39.151843],[2.941749,39.151838],[2.941734,39.151825],[2.941723,39.151813],[2.941721,39.151806],[2.941722,39.151803],[2.941726,39.151798],[2.941733,39.151795],[2.941741,39.151792],[2.941751,39.151791],[2.941765,39.151792],[2.941847,39.151793],[2.941878,39.151792],[2.941942,39.151787],[2.941946,39.151785],[2.941951,39.15178],[2.941953,39.151775],[2.941953,39.151767],[2.941951,39.15176],[2.941947,39.151754],[2.941939,39.151748],[2.941933,39.15174],[2.941932,39.151736],[2.941933,39.15173],[2.941937,39.151722],[2.941945,39.151713],[2.941958,39.151692],[2.941958,39.151689],[2.941954,39.151668],[2.941956,39.151665],[2.941961,39.151661],[2.941969,39.151658],[2.94198,39.151656],[2.941999,39.151654],[2.94204,39.151649],[2.942049,39.151646],[2.942061,39.15164],[2.942068,39.151635],[2.942073,39.151628],[2.942075,39.15162],[2.942087,39.151589],[2.942091,39.151585],[2.9421,39.151579],[2.942114,39.151572],[2.942128,39.151563],[2.942134,39.151557],[2.942141,39.151546],[2.942148,39.15153],[2.94215,39.151519],[2.94215,39.151509],[2.942148,39.151498],[2.942146,39.151476],[2.942148,39.151472],[2.942153,39.151468],[2.942162,39.151462],[2.942175,39.151452],[2.942179,39.151447],[2.942181,39.151439],[2.942181,39.15143],[2.942179,39.151421],[2.942175,39.151414],[2.942169,39.151407],[2.942148,39.151384],[2.942148,39.15138],[2.942149,39.15137],[2.942152,39.151361],[2.942159,39.151349],[2.942165,39.151332],[2.942165,39.151328],[2.942161,39.151321],[2.942155,39.151314],[2.942141,39.1513],[2.942124,39.151287],[2.942097,39.151269],[2.942071,39.151254],[2.942049,39.151244],[2.942022,39.151229],[2.941988,39.151212],[2.941973,39.151207],[2.94192,39.151192],[2.94188,39.151177],[2.941808,39.15115],[2.941749,39.151126],[2.941726,39.151115],[2.941707,39.151103],[2.941688,39.151089],[2.941667,39.151071],[2.941648,39.151051],[2.941633,39.151033],[2.941622,39.151017],[2.94161,39.150993],[2.941601,39.150971],[2.941566,39.150892],[2.941559,39.150882],[2.941501,39.150798],[2.941488,39.150774],[2.941462,39.150733],[2.941446,39.150712],[2.94141,39.15066],[2.941387,39.150632],[2.941382,39.150629],[2.941369,39.150625],[2.941358,39.150623],[2.941347,39.150623],[2.941331,39.150624],[2.941319,39.150624],[2.941314,39.150622],[2.941309,39.150618],[2.941306,39.150613],[2.941305,39.150606],[2.941306,39.150596],[2.94131,39.150583],[2.941315,39.150572],[2.941322,39.150562],[2.941369,39.150503],[2.941376,39.150499],[2.941397,39.15049],[2.941418,39.15048],[2.941427,39.150473],[2.941437,39.150462],[2.941444,39.150451],[2.941481,39.150402],[2.941487,39.150398],[2.941499,39.150392],[2.941515,39.150387],[2.941535,39.150378],[2.941544,39.150372],[2.941566,39.150359],[2.941575,39.150356],[2.94159,39.150354],[2.941605,39.150353],[2.941622,39.150354],[2.941639,39.150356],[2.941668,39.150359],[2.941672,39.150358],[2.94168,39.150353],[2.941686,39.150347],[2.941699,39.150332],[2.941714,39.150316],[2.941724,39.150309],[2.941737,39.150304],[2.941751,39.150299],[2.941852,39.150269],[2.941864,39.150267],[2.941964,39.150251],[2.941972,39.150248],[2.941991,39.150239],[2.942005,39.15023],[2.942017,39.15022],[2.942026,39.15021],[2.942032,39.150198],[2.942038,39.150185],[2.94204,39.150172],[2.94204,39.15016],[2.942038,39.150144],[2.942033,39.150124],[2.942025,39.150104],[2.942016,39.150088],[2.941991,39.150046],[2.941951,39.149984],[2.941935,39.149964],[2.941913,39.149938],[2.941891,39.149917],[2.941838,39.149867],[2.941794,39.14983],[2.941768,39.14981],[2.941736,39.149789],[2.941699,39.149766],[2.941678,39.149756],[2.941639,39.149739],[2.94161,39.149724],[2.941565,39.149698],[2.941563,39.149695],[2.941564,39.149691],[2.941567,39.149687],[2.941573,39.149683],[2.941581,39.14968],[2.941595,39.149676],[2.941676,39.149655],[2.941702,39.149646],[2.941783,39.149617],[2.94181,39.149605],[2.94184,39.14959],[2.941891,39.149561],[2.941912,39.149547],[2.941932,39.149532],[2.941945,39.149519],[2.941961,39.149501],[2.941973,39.149483],[2.941992,39.14945],[2.941998,39.149436],[2.942001,39.149422],[2.942001,39.149409],[2.941999,39.149396],[2.941997,39.149363],[2.941999,39.149353],[2.942006,39.149297],[2.942006,39.149278],[2.942004,39.149236],[2.942001,39.149213],[2.941997,39.149202],[2.941991,39.149192],[2.941982,39.149183],[2.941966,39.149168],[2.941952,39.149158],[2.94194,39.149152],[2.941901,39.149134],[2.941896,39.149134],[2.941874,39.149135],[2.941858,39.149133],[2.94185,39.149131],[2.941842,39.149127],[2.941834,39.14912],[2.941826,39.14911],[2.941791,39.149066],[2.941793,39.149064],[2.941796,39.149063],[2.941803,39.149062],[2.941826,39.149063],[2.941865,39.149063],[2.941881,39.149061],[2.941888,39.149059],[2.941894,39.149055],[2.94191,39.149045],[2.941916,39.149044],[2.941936,39.149042],[2.941945,39.14904],[2.94195,39.149036],[2.941952,39.149032],[2.941953,39.149025],[2.941953,39.149013],[2.941954,39.148992],[2.941957,39.148978],[2.941967,39.148944],[2.941973,39.148932],[2.941982,39.14891],[2.941984,39.148898],[2.941996,39.148821],[2.941995,39.148813],[2.941991,39.148802],[2.941984,39.148792],[2.941974,39.14878],[2.941958,39.148758],[2.941955,39.148749],[2.94194,39.148707],[2.941939,39.148697],[2.94194,39.148685],[2.941944,39.148671],[2.941948,39.148666],[2.941951,39.148665],[2.941955,39.148666],[2.941962,39.14867],[2.941969,39.148676],[2.941976,39.148685],[2.941993,39.148703],[2.941997,39.148704],[2.942008,39.148705],[2.942019,39.148703],[2.942027,39.1487],[2.942036,39.148695],[2.942043,39.148688],[2.94205,39.148678],[2.942059,39.148663],[2.942063,39.148652],[2.942065,39.14864],[2.942072,39.148606],[2.942074,39.148605],[2.942083,39.148603],[2.942099,39.148602],[2.942117,39.148599],[2.942124,39.148596],[2.942132,39.148591],[2.942138,39.148584],[2.942141,39.148577],[2.942142,39.148571],[2.942139,39.148564],[2.942135,39.148559],[2.94213,39.148556],[2.942123,39.148554],[2.942114,39.148554],[2.9421,39.148555],[2.942075,39.14856],[2.94206,39.148561],[2.942054,39.148559],[2.94205,39.148556],[2.942047,39.148552],[2.942047,39.148547],[2.94205,39.148543],[2.942054,39.148539],[2.942062,39.148536],[2.942076,39.148532],[2.942086,39.148528],[2.942088,39.148524],[2.942087,39.148521],[2.942083,39.148516],[2.942076,39.14851],[2.942063,39.148502],[2.942052,39.148497],[2.94204,39.148489],[2.942038,39.148486],[2.942037,39.148479],[2.942038,39.148467],[2.942038,39.148459],[2.942038,39.14844],[2.942035,39.148431],[2.942029,39.148414],[2.942024,39.148396],[2.942024,39.148386],[2.942026,39.148367],[2.942029,39.148363],[2.942034,39.14836],[2.94204,39.148359],[2.942051,39.148358],[2.942075,39.148354],[2.942082,39.148351],[2.942092,39.148345],[2.942106,39.148334],[2.942148,39.148303],[2.942169,39.14829],[2.94221,39.148268],[2.942218,39.148265],[2.942236,39.148263],[2.942255,39.148262],[2.942304,39.148261],[2.942355,39.148262],[2.942369,39.148265],[2.942402,39.148272],[2.942421,39.148278],[2.942438,39.148285],[2.942461,39.148297],[2.942482,39.148311],[2.942503,39.148326],[2.942504,39.148328],[2.942525,39.148346],[2.942556,39.148375],[2.94258,39.148401],[2.942616,39.148442],[2.942624,39.148455],[2.942629,39.148468],[2.94263,39.148476],[2.942628,39.148484],[2.942625,39.148492],[2.942622,39.148496],[2.942619,39.148499],[2.94261,39.148506],[2.942599,39.148512],[2.942569,39.148526],[2.942516,39.148553],[2.942513,39.148556],[2.94251,39.148563],[2.94251,39.148571],[2.942512,39.148579],[2.942517,39.14859],[2.942524,39.1486],[2.942535,39.148612],[2.942571,39.148654],[2.942578,39.148665],[2.942668,39.148806],[2.942682,39.148824],[2.94274,39.148894],[2.942759,39.148914],[2.942769,39.148926],[2.9428,39.148962],[2.942846,39.149],[2.942853,39.149003],[2.942936,39.149048],[2.94294,39.149053],[2.942943,39.149059],[2.942943,39.149064],[2.942941,39.149072],[2.942934,39.149086],[2.942931,39.149097],[2.942932,39.149102],[2.942935,39.149107],[2.942943,39.149113],[2.942955,39.14912],[2.94298,39.149133],[2.943002,39.149142],[2.943018,39.149147],[2.94304,39.149151],[2.943059,39.149156],[2.943067,39.149161],[2.943073,39.149166],[2.943076,39.149172],[2.943077,39.149178],[2.943075,39.149184],[2.94307,39.14919],[2.943063,39.149197],[2.94305,39.149205],[2.943023,39.14922],[2.942993,39.149239],[2.942987,39.149245],[2.942984,39.149252],[2.942982,39.14926],[2.942983,39.149267],[2.942987,39.149275],[2.942992,39.149282],[2.943,39.149287],[2.943011,39.149292],[2.943027,39.149297],[2.943048,39.149301],[2.943061,39.149301],[2.943114,39.149305],[2.94312,39.149307],[2.943129,39.149313],[2.943134,39.149319],[2.943138,39.149326],[2.94314,39.149334],[2.943139,39.149344],[2.943136,39.149356],[2.94313,39.149368],[2.943102,39.149431],[2.943099,39.149443],[2.943098,39.149458],[2.9431,39.149472],[2.943104,39.149489],[2.943115,39.149528],[2.94313,39.149566],[2.943144,39.149599],[2.943166,39.149642],[2.943173,39.14965],[2.943211,39.149693],[2.943235,39.149734],[2.943251,39.14974],[2.943261,39.149742],[2.943327,39.149756],[2.943382,39.149757],[2.943412,39.149756],[2.943486,39.149752],[2.943504,39.149749],[2.943527,39.149743],[2.943684,39.149707],[2.943699,39.149705],[2.94376,39.1497],[2.943796,39.149699],[2.943816,39.149701],[2.943847,39.149705],[2.943896,39.149709],[2.943928,39.14971],[2.943968,39.14971],[2.943985,39.149708],[2.944011,39.149703],[2.944029,39.149701],[2.944049,39.149701],[2.944069,39.149703],[2.944085,39.149707],[2.944129,39.149714],[2.944148,39.149716],[2.944169,39.149719],[2.94418,39.149723],[2.944213,39.149733],[2.944219,39.149733],[2.944235,39.14973],[2.94429,39.149724],[2.9443,39.149725],[2.944332,39.149729],[2.944373,39.149736],[2.944425,39.149747],[2.944511,39.149767],[2.944529,39.149773],[2.944563,39.149786],[2.944665,39.149825],[2.944685,39.14983],[2.94474,39.149848],[2.944764,39.149857],[2.944789,39.149869],[2.944809,39.149881],[2.944829,39.149895],[2.944846,39.14991],[2.9449,39.149958],[2.94493,39.149987],[2.944988,39.150042],[2.945004,39.150054],[2.945077,39.150107],[2.945085,39.15011],[2.9451,39.150114],[2.945114,39.150116],[2.945134,39.150117],[2.945171,39.150117],[2.945216,39.150115],[2.945229,39.150112],[2.945249,39.150106],[2.945299,39.150094],[2.945304,39.150095],[2.945313,39.150098],[2.945326,39.150106],[2.945466,39.150185],[2.945483,39.150192],[2.945517,39.150208],[2.945539,39.150221],[2.945554,39.150232],[2.945565,39.150243],[2.945609,39.150283],[2.945624,39.150294],[2.945644,39.150311],[2.945648,39.150316],[2.945651,39.150327],[2.945653,39.15034],[2.945661,39.150372],[2.945665,39.15038],[2.945693,39.150425],[2.945701,39.150434],[2.945713,39.150444],[2.945729,39.150454],[2.945747,39.150463],[2.945788,39.150482],[2.945793,39.150482],[2.94581,39.150481],[2.945837,39.150478],[2.945857,39.150473],[2.945871,39.150468],[2.945942,39.15044],[2.945948,39.150436],[2.945961,39.150424],[2.94597,39.150412],[2.945978,39.150399],[2.945998,39.15037],[2.946006,39.150364],[2.946016,39.150357],[2.946025,39.150354],[2.946028,39.150355],[2.94603,39.150357],[2.946032,39.150363],[2.946034,39.150376],[2.946043,39.15042],[2.946047,39.150432],[2.946054,39.150443],[2.946059,39.150447],[2.946065,39.150448],[2.946074,39.150449],[2.946088,39.150448],[2.946118,39.150445],[2.946159,39.150439],[2.946173,39.150435],[2.946198,39.150429],[2.946205,39.15043],[2.946217,39.150433],[2.946238,39.15044],[2.94626,39.150446],[2.946274,39.150447],[2.946289,39.150447],[2.946307,39.150445],[2.946346,39.150443],[2.946352,39.150444],[2.946365,39.150449],[2.946375,39.150455],[2.946386,39.150464],[2.946414,39.150483],[2.946427,39.150489],[2.946445,39.150496],[2.946458,39.150498],[2.946471,39.150499],[2.946492,39.150498],[2.946506,39.1505],[2.946516,39.150503],[2.946587,39.150522],[2.946598,39.150523],[2.946616,39.150523],[2.946634,39.150521],[2.946666,39.150516],[2.946694,39.150509],[2.946718,39.150502],[2.94674,39.150493],[2.94677,39.150479],[2.946799,39.150463],[2.946809,39.150455],[2.946817,39.150446],[2.946824,39.150436],[2.946831,39.150421],[2.946839,39.150398],[2.946849,39.150363],[2.946855,39.150333],[2.946858,39.150302],[2.946859,39.150274],[2.946857,39.150262],[2.946853,39.150249],[2.946849,39.15023],[2.94685,39.150225],[2.946855,39.150218],[2.946864,39.150209],[2.946877,39.15019],[2.946879,39.150184],[2.946879,39.150175],[2.946877,39.150125],[2.946874,39.150085],[2.946873,39.150055],[2.946875,39.15004],[2.946881,39.150017],[2.94689,39.149987],[2.9469,39.149966],[2.946923,39.149918],[2.946931,39.149896],[2.946935,39.149879],[2.946945,39.149824],[2.946947,39.1498],[2.946946,39.149782],[2.946943,39.149764],[2.946935,39.149733],[2.94692,39.149686],[2.946899,39.149625],[2.946894,39.149603],[2.946895,39.149597],[2.946899,39.149585],[2.946905,39.149574],[2.946914,39.149563],[2.946919,39.149561],[2.946926,39.149559],[2.946935,39.149559],[2.946947,39.149561],[2.946955,39.149565],[2.946961,39.149569],[2.946968,39.149576],[2.947013,39.149625],[2.947027,39.149637],[2.947068,39.149669],[2.947088,39.149682],[2.947107,39.149692],[2.947128,39.149701],[2.94719,39.149725],[2.947216,39.149733],[2.947232,39.149736],[2.947264,39.149739],[2.947295,39.149745],[2.947308,39.149749],[2.947322,39.149756],[2.947329,39.149761],[2.947335,39.149769],[2.94734,39.149779],[2.947343,39.149788],[2.947354,39.149823],[2.947358,39.149828],[2.947371,39.149841],[2.947382,39.149849],[2.947397,39.149858],[2.947449,39.149889],[2.947453,39.149894],[2.947483,39.149931],[2.94749,39.149936],[2.947506,39.149944],[2.947521,39.14995],[2.947543,39.149956],[2.947578,39.149969],[2.947589,39.149975],[2.947635,39.149997],[2.947648,39.150002],[2.947665,39.150005],[2.947681,39.150007],[2.947698,39.150007],[2.947718,39.150004],[2.947738,39.15],[2.947753,39.149995],[2.947773,39.149987],[2.94779,39.149977],[2.947805,39.149967],[2.947813,39.149959],[2.947819,39.14995],[2.947822,39.14994],[2.947825,39.149927],[2.947825,39.149911],[2.947823,39.149883],[2.947819,39.149847],[2.947817,39.149817],[2.947819,39.149808],[2.947823,39.149802],[2.947828,39.149799],[2.947835,39.149795],[2.947874,39.149777],[2.947879,39.149773],[2.947889,39.14976],[2.947898,39.149746],[2.947902,39.149735],[2.947903,39.149724],[2.947903,39.149711],[2.9479,39.149701],[2.947895,39.149695],[2.947889,39.149689],[2.94788,39.149685],[2.947851,39.149667],[2.94785,39.149664],[2.947845,39.149648],[2.94784,39.149625],[2.947835,39.149609],[2.94783,39.149602],[2.947822,39.149594],[2.94779,39.149561],[2.947788,39.149555],[2.947783,39.149538],[2.947782,39.149525],[2.947783,39.14951],[2.947787,39.149484],[2.947793,39.149463],[2.947801,39.149443],[2.947811,39.149424],[2.947818,39.149417],[2.947825,39.149412],[2.947835,39.149408],[2.947849,39.149404],[2.947866,39.149402],[2.947878,39.149402],[2.947892,39.149404],[2.947906,39.149408],[2.947923,39.149415],[2.947983,39.149436],[2.948006,39.149442],[2.948028,39.149446],[2.948048,39.149448],[2.94807,39.149448],[2.948093,39.149446],[2.948151,39.149443],[2.948184,39.149443],[2.948207,39.149445],[2.948223,39.149448],[2.94825,39.149456],[2.948347,39.14948],[2.948363,39.149482],[2.948376,39.149482],[2.948394,39.149479],[2.948418,39.149475],[2.94846,39.149468],[2.948467,39.149469],[2.948483,39.149473],[2.948497,39.149478],[2.948537,39.149495],[2.948584,39.149512],[2.948617,39.149523],[2.948633,39.149526],[2.948699,39.149539],[2.948732,39.149544],[2.948742,39.149544],[2.948779,39.149544],[2.948798,39.149546],[2.948827,39.149547],[2.948862,39.149546],[2.948889,39.149544],[2.948911,39.14954],[2.948928,39.149535],[2.948941,39.14953],[2.948955,39.149521],[2.949006,39.149489],[2.94901,39.149484],[2.949018,39.14947],[2.949041,39.149437],[2.94909,39.149372],[2.949122,39.149325],[2.949146,39.149285],[2.949206,39.149183],[2.949212,39.149169],[2.949216,39.149153],[2.94922,39.149127],[2.949227,39.149069],[2.949233,39.149042],[2.949237,39.149032],[2.94926,39.148973],[2.949264,39.148956],[2.949281,39.148878],[2.949289,39.148831],[2.949294,39.148786],[2.949301,39.148751],[2.949308,39.148727],[2.949338,39.148629],[2.949352,39.148592],[2.94937,39.148549],[2.949377,39.148528],[2.949381,39.148504],[2.949385,39.148475],[2.949392,39.148395],[2.949397,39.148364],[2.949399,39.148346],[2.949402,39.148341],[2.949409,39.148335],[2.949415,39.148332],[2.949422,39.148331],[2.949432,39.148332],[2.949445,39.148335],[2.949497,39.148344],[2.949506,39.148344],[2.949554,39.148345],[2.949563,39.148347],[2.94957,39.148349],[2.949592,39.148356],[2.949611,39.148363],[2.949624,39.148371],[2.949631,39.148377],[2.949636,39.148385],[2.949641,39.148395],[2.949643,39.148404],[2.949644,39.148407],[2.949644,39.148418],[2.949642,39.148436],[2.949634,39.148483],[2.949608,39.14863],[2.949601,39.148656],[2.949593,39.148694],[2.949594,39.148705],[2.949596,39.14872],[2.949601,39.148734],[2.949612,39.148759],[2.949616,39.148773],[2.949616,39.148783],[2.949614,39.148799],[2.949613,39.148822],[2.949615,39.148832],[2.949621,39.148849],[2.949686,39.149044],[2.949686,39.149052],[2.949684,39.149082],[2.949684,39.149116],[2.949687,39.149233],[2.94969,39.149259],[2.949696,39.149338],[2.949699,39.149398],[2.949704,39.14944],[2.949707,39.14945],[2.949713,39.14946],[2.949722,39.149471],[2.949735,39.149482],[2.949752,39.149494],[2.949772,39.149506],[2.949793,39.149517],[2.949836,39.149536],[2.949899,39.149566],[2.949958,39.149596],[2.949984,39.149612],[2.949999,39.149623],[2.950012,39.149636],[2.95002,39.149646],[2.950042,39.149672],[2.950049,39.149678],[2.950064,39.149687],[2.950083,39.149696],[2.950103,39.149703],[2.950145,39.149715],[2.950172,39.149722],[2.950211,39.149729],[2.950251,39.149738],[2.950325,39.149756],[2.950346,39.149764],[2.950355,39.149769],[2.950362,39.149775],[2.950366,39.149781],[2.950366,39.149787],[2.950364,39.149792],[2.950359,39.149799],[2.95035,39.149807],[2.950318,39.14984],[2.950316,39.149845],[2.950314,39.149857],[2.950315,39.149867],[2.950318,39.149878],[2.950324,39.14989],[2.950336,39.149909],[2.950348,39.149933],[2.95035,39.149942],[2.950352,39.149958],[2.95035,39.14997],[2.950347,39.149982],[2.950341,39.149993],[2.950332,39.150005],[2.950318,39.15002],[2.950301,39.150042],[2.950299,39.150047],[2.950299,39.150054],[2.950303,39.150061],[2.950309,39.15007],[2.950317,39.150078],[2.950329,39.150087],[2.950348,39.150097],[2.950363,39.150103],[2.950388,39.150112],[2.950423,39.150125],[2.950427,39.150129],[2.95043,39.150134],[2.95043,39.15014],[2.950429,39.150151],[2.950428,39.150185],[2.95043,39.150195],[2.950436,39.150209],[2.950443,39.150221],[2.950453,39.150234],[2.950471,39.150252],[2.950495,39.15028],[2.950499,39.150288],[2.950509,39.150315],[2.950526,39.150362],[2.95054,39.150397],[2.95055,39.150416],[2.950577,39.150469],[2.950578,39.150476],[2.950577,39.150491],[2.950574,39.150506],[2.950565,39.150561],[2.950566,39.150569],[2.95057,39.150578],[2.950575,39.150583],[2.950582,39.150587],[2.950591,39.150589],[2.950601,39.150591],[2.950613,39.15059],[2.950687,39.150589],[2.950701,39.15059],[2.950722,39.150595],[2.950733,39.150599],[2.950742,39.150604],[2.950748,39.150611],[2.950755,39.150621],[2.950761,39.150633],[2.950765,39.150648],[2.950795,39.15074],[2.9508,39.150748],[2.950818,39.150772],[2.950852,39.150821],[2.950856,39.150832],[2.950874,39.15088],[2.950875,39.150889],[2.950874,39.150901],[2.950871,39.150913],[2.950863,39.150948],[2.950864,39.150952],[2.95087,39.150959],[2.950879,39.150967],[2.950892,39.150975],[2.950933,39.151005],[2.950938,39.151011],[2.950949,39.151029],[2.950983,39.151078],[2.951012,39.151116],[2.951026,39.15113],[2.951035,39.151142],[2.951035,39.151146],[2.951032,39.15115],[2.951027,39.151155],[2.951019,39.15116],[2.951013,39.151161],[2.951005,39.151161],[2.950994,39.151158],[2.950954,39.151151],[2.950943,39.151151],[2.950916,39.151153],[2.950899,39.151156],[2.950855,39.151166],[2.950848,39.151169],[2.950838,39.151176],[2.950834,39.151181],[2.950833,39.151186],[2.950835,39.151191],[2.950839,39.151195],[2.950846,39.151199],[2.950873,39.151217],[2.950876,39.151222],[2.950898,39.151249],[2.950902,39.15125],[2.950917,39.151254],[2.950939,39.151257],[2.951061,39.151277],[2.951067,39.15128],[2.951071,39.151284],[2.951073,39.151289],[2.951073,39.151295],[2.95107,39.1513],[2.951065,39.151305],[2.951058,39.151309],[2.951048,39.151311],[2.951032,39.151314],[2.951013,39.151318],[2.951013,39.15132],[2.951016,39.151325],[2.951021,39.151329],[2.951029,39.151333],[2.951042,39.151336],[2.951062,39.15134],[2.951087,39.151343],[2.951115,39.151344],[2.951229,39.15135],[2.951241,39.151353],[2.951283,39.151363],[2.951318,39.151371],[2.951459,39.151401],[2.951464,39.151404],[2.951474,39.151412],[2.95148,39.15142],[2.9515,39.151442],[2.951507,39.151446],[2.951519,39.151451],[2.951532,39.151455],[2.951549,39.151457],[2.951569,39.151458],[2.951644,39.151464],[2.951654,39.151466],[2.951672,39.151473],[2.951682,39.151479],[2.951688,39.151484],[2.95169,39.15149],[2.95169,39.151495],[2.951687,39.151502],[2.951682,39.15151],[2.951672,39.151519],[2.951659,39.151529],[2.951657,39.15153],[2.951649,39.151534],[2.951638,39.151537],[2.951594,39.151552],[2.951588,39.151557],[2.951574,39.151564],[2.951567,39.151565],[2.951561,39.151564],[2.951554,39.151561],[2.951546,39.151556],[2.951525,39.151544],[2.951519,39.151543],[2.951506,39.151542],[2.95149,39.151543],[2.951462,39.151547],[2.951439,39.151548],[2.951427,39.151547],[2.951409,39.151543],[2.951367,39.151536],[2.951351,39.151535],[2.951299,39.151534],[2.951259,39.151536],[2.951246,39.151538],[2.951232,39.151542],[2.951194,39.151552],[2.951185,39.151552],[2.951167,39.15155],[2.95115,39.151547],[2.951123,39.151539],[2.951014,39.151512],[2.951003,39.151511],[2.950982,39.151511],[2.95094,39.151512],[2.950918,39.151515],[2.950911,39.151518],[2.950905,39.151523],[2.950897,39.151531],[2.950885,39.151548],[2.950878,39.151561],[2.95087,39.151582],[2.950862,39.151593],[2.950856,39.151599],[2.95084,39.151611],[2.95082,39.151623],[2.950813,39.151626],[2.950798,39.151629],[2.950717,39.151646],[2.950705,39.15165],[2.950673,39.151664],[2.950647,39.151674],[2.950633,39.151677],[2.950612,39.151679],[2.95058,39.151681],[2.95053,39.151687],[2.950519,39.15169],[2.950493,39.151698],[2.950472,39.151708],[2.950457,39.151717],[2.950409,39.151742],[2.950398,39.151746],[2.950369,39.151753],[2.950345,39.151758],[2.950296,39.151768],[2.950285,39.151772],[2.95027,39.15178],[2.950253,39.151792],[2.950247,39.151798],[2.950244,39.151805],[2.950243,39.151813],[2.950243,39.151827],[2.950241,39.151854],[2.950238,39.15187],[2.950232,39.151886],[2.950223,39.151904],[2.950206,39.151943],[2.950206,39.151949],[2.950208,39.15196],[2.950213,39.151972],[2.950218,39.151979],[2.950225,39.151985],[2.950236,39.151991],[2.950267,39.152009],[2.95027,39.152014],[2.950274,39.152022],[2.950274,39.152028],[2.950272,39.152036],[2.950267,39.152043],[2.950261,39.152049],[2.950253,39.152053],[2.950242,39.152057],[2.950229,39.152059],[2.950214,39.152061],[2.950209,39.152061],[2.95019,39.152061],[2.950143,39.15206],[2.950097,39.15206],[2.950063,39.15206],[2.950029,39.152062],[2.949958,39.152068],[2.949952,39.15207],[2.949931,39.152081],[2.949915,39.152092],[2.949873,39.152121],[2.949865,39.152129],[2.949854,39.152144],[2.949838,39.15216],[2.949832,39.152164],[2.949824,39.152166],[2.949815,39.152166],[2.949786,39.15217],[2.949783,39.152172],[2.949776,39.152179],[2.949771,39.152188],[2.949725,39.152261],[2.949721,39.152262],[2.949714,39.152263],[2.949703,39.152263],[2.949683,39.15226],[2.949661,39.15226],[2.949652,39.152261],[2.949639,39.152265],[2.949589,39.152279],[2.949574,39.152281],[2.949548,39.152283],[2.94954,39.152282],[2.949534,39.152279],[2.949517,39.152273],[2.949512,39.152273],[2.949503,39.152276],[2.949492,39.152281],[2.94944,39.152308],[2.949432,39.152315],[2.949426,39.152322],[2.949395,39.152356],[2.949378,39.152378],[2.949365,39.152391],[2.949357,39.152396],[2.949346,39.1524],[2.949332,39.152404],[2.949287,39.152414],[2.949261,39.152421],[2.949212,39.152437],[2.949199,39.152443],[2.949187,39.152451],[2.949176,39.152461],[2.949144,39.152487],[2.949137,39.15249],[2.949112,39.152498],[2.949082,39.15251],[2.949072,39.152517],[2.949052,39.152532],[2.94903,39.15255],[2.949001,39.152577],[2.94897,39.152603],[2.948938,39.152628],[2.948923,39.152637],[2.948827,39.152696],[2.948823,39.152701],[2.948802,39.152729],[2.948801,39.152734],[2.948802,39.152741],[2.948806,39.152749],[2.948812,39.152756],[2.948819,39.152761],[2.948829,39.152767],[2.948843,39.152772],[2.948862,39.152776],[2.948888,39.152785],[2.948897,39.15279],[2.948916,39.152802],[2.948947,39.15282],[2.948957,39.152823],[2.948994,39.152839],[2.949001,39.152844],[2.94901,39.152852],[2.949017,39.152862],[2.949024,39.152875],[2.94903,39.152892],[2.949039,39.152924],[2.949045,39.152935],[2.949048,39.152936],[2.949055,39.152937],[2.949071,39.152937],[2.949083,39.152935],[2.949124,39.15293],[2.949136,39.15293],[2.949147,39.152932],[2.949154,39.152935],[2.94916,39.15294],[2.949168,39.152949],[2.94917,39.152955],[2.94917,39.15296],[2.949167,39.152964],[2.949162,39.152966],[2.949154,39.152968],[2.94914,39.152969],[2.949111,39.152973],[2.949107,39.152975],[2.949102,39.152981],[2.949082,39.152997],[2.949076,39.153],[2.94906,39.15301],[2.949053,39.153016],[2.949043,39.153029],[2.949006,39.153077],[2.949005,39.153082],[2.949005,39.153101],[2.949007,39.153105],[2.949013,39.153109],[2.949021,39.153119],[2.949021,39.153123],[2.949017,39.15313],[2.949008,39.153143],[2.948999,39.15316],[2.948991,39.15318],[2.948975,39.15321],[2.948963,39.153238],[2.948961,39.153249],[2.948962,39.153258],[2.948965,39.153272],[2.948966,39.153288],[2.948965,39.1533],[2.94896,39.153321],[2.948955,39.153329],[2.948949,39.153336],[2.948943,39.15334],[2.948934,39.153343],[2.948911,39.153352],[2.948903,39.153357],[2.948895,39.153365],[2.948886,39.153376],[2.948877,39.153391],[2.948835,39.153466],[2.948832,39.153475],[2.948832,39.153484],[2.948834,39.153494],[2.948839,39.153505],[2.948845,39.153514],[2.948856,39.153524],[2.948881,39.153554],[2.948884,39.153561],[2.948887,39.153573],[2.948888,39.153585],[2.948886,39.1536],[2.948882,39.153612],[2.948876,39.153622],[2.948868,39.153644],[2.948867,39.15365],[2.948869,39.153663],[2.948874,39.153677],[2.948882,39.153694],[2.94889,39.153705],[2.948897,39.153711],[2.94891,39.153719],[2.948923,39.15373],[2.948927,39.153736],[2.948936,39.153753],[2.948947,39.15377],[2.948958,39.153783],[2.948983,39.153809],[2.948993,39.153821],[2.948998,39.153831],[2.949009,39.153859],[2.949015,39.153883],[2.949017,39.1539],[2.94902,39.153934],[2.949019,39.153964],[2.949016,39.15398],[2.949014,39.15401],[2.949016,39.154012],[2.949021,39.154015],[2.949026,39.154015],[2.949035,39.154015],[2.949047,39.154016],[2.94905,39.154018],[2.949054,39.154023],[2.949058,39.154032],[2.949067,39.15406],[2.949073,39.154084],[2.949072,39.154092],[2.949068,39.154108],[2.949063,39.154119],[2.949056,39.154128],[2.949044,39.154141],[2.949029,39.15416],[2.949028,39.154166],[2.949027,39.154176],[2.949025,39.154203],[2.949021,39.154215],[2.949013,39.154232],[2.949004,39.154247],[2.948998,39.154253],[2.948991,39.154257],[2.948984,39.154258],[2.948971,39.154259],[2.948964,39.154261],[2.948961,39.154264],[2.94896,39.154268],[2.948961,39.154274],[2.948965,39.154279],[2.948971,39.154284],[2.948982,39.154291],[2.94901,39.154309],[2.949053,39.154336],[2.949064,39.15434],[2.949077,39.154348],[2.949084,39.154354],[2.949087,39.154359],[2.949089,39.154367],[2.949088,39.154371],[2.949083,39.154377],[2.949068,39.154402],[2.949067,39.154407],[2.949068,39.154418],[2.949071,39.154424],[2.949076,39.154429],[2.949082,39.154432],[2.949096,39.154438],[2.949113,39.154446],[2.949121,39.154453],[2.949133,39.154464],[2.949151,39.154479],[2.94918,39.154505],[2.949184,39.154512],[2.949192,39.154531],[2.949216,39.154575],[2.949221,39.154579],[2.949229,39.154584],[2.949236,39.154585],[2.949244,39.154584],[2.94926,39.154582],[2.949276,39.154577],[2.949286,39.154572],[2.949295,39.154565],[2.949302,39.154557],[2.949307,39.154549],[2.949311,39.154536],[2.949313,39.154521],[2.949324,39.154475],[2.94933,39.15446],[2.949338,39.154445],[2.949362,39.154396],[2.949365,39.154386],[2.949377,39.154347],[2.949389,39.154301],[2.949406,39.154222],[2.949407,39.154209],[2.949411,39.154163],[2.949416,39.154133],[2.94942,39.154121],[2.949425,39.154113],[2.94943,39.15411],[2.949437,39.154107],[2.94945,39.154106],[2.949463,39.154105],[2.949475,39.154107],[2.949488,39.154111],[2.949502,39.154117],[2.949514,39.154125],[2.949522,39.154131],[2.949528,39.15414],[2.949533,39.154151],[2.949535,39.154161],[2.949546,39.154201],[2.949551,39.15421],[2.94956,39.154222],[2.949591,39.154257],[2.949617,39.154284],[2.949633,39.154304],[2.949634,39.154308],[2.949633,39.154321],[2.949631,39.154331],[2.949625,39.154361],[2.949625,39.15437],[2.949624,39.154383],[2.94962,39.154391],[2.949611,39.154406],[2.949601,39.154419],[2.949591,39.154428],[2.949566,39.154452],[2.949565,39.154457],[2.949564,39.154465],[2.949567,39.154472],[2.949572,39.154478],[2.949578,39.154483],[2.949587,39.154487],[2.949598,39.15449],[2.949613,39.154492],[2.949629,39.154492],[2.949656,39.15449],[2.949664,39.154488],[2.949669,39.154485],[2.949675,39.154479],[2.949693,39.154462],[2.949702,39.154456],[2.949714,39.15445],[2.949729,39.154446],[2.949742,39.154444],[2.94976,39.154443],[2.949774,39.154445],[2.949796,39.154448],[2.949809,39.154449],[2.949823,39.154447],[2.949874,39.154443],[2.949894,39.154444],[2.949908,39.154446],[2.949915,39.154449],[2.94995,39.154461],[2.94996,39.154462],[2.949991,39.154465],[2.950011,39.154465],[2.950056,39.154466],[2.950059,39.154468],[2.950067,39.154476],[2.950074,39.154486],[2.95009,39.154503],[2.950096,39.154506],[2.950112,39.154512],[2.950128,39.154517],[2.950155,39.154526],[2.950156,39.154528],[2.950157,39.154533],[2.950155,39.154538],[2.950148,39.154548],[2.950143,39.15456],[2.950142,39.154568],[2.950143,39.154587],[2.950145,39.1546],[2.950151,39.154615],[2.950158,39.154627],[2.950163,39.154631],[2.95017,39.154634],[2.950179,39.154635],[2.95019,39.154635],[2.950205,39.154634],[2.950226,39.154633],[2.950236,39.154635],[2.950252,39.154639],[2.950318,39.154658],[2.95032,39.154661],[2.950328,39.154671],[2.95033,39.154678],[2.950331,39.154691],[2.950335,39.154704],[2.950341,39.154717],[2.95035,39.154729],[2.950358,39.154737],[2.950371,39.154747],[2.950406,39.154775],[2.950425,39.154788],[2.950436,39.154793],[2.950471,39.154807],[2.950515,39.154826],[2.950521,39.154831],[2.950534,39.154844],[2.950567,39.154874],[2.950576,39.154879],[2.950624,39.154903],[2.950648,39.154917],[2.950654,39.154923],[2.950658,39.154929],[2.950659,39.154931],[2.950659,39.154933],[2.950659,39.154935],[2.950657,39.154944],[2.95065,39.154958],[2.950627,39.155016],[2.950624,39.155028],[2.950624,39.155043],[2.950625,39.155085],[2.950623,39.155103],[2.950623,39.155128],[2.950625,39.155137],[2.95063,39.155146],[2.950641,39.155161],[2.950651,39.155172],[2.950659,39.155177],[2.950666,39.155184],[2.950668,39.155189],[2.950668,39.155199],[2.950667,39.155212],[2.950665,39.155247],[2.950667,39.155254],[2.950673,39.155266],[2.950679,39.155272],[2.950687,39.155278],[2.950706,39.155289],[2.950729,39.1553],[2.950756,39.15531],[2.950772,39.155315],[2.950796,39.155319],[2.950813,39.155321],[2.950825,39.15532],[2.950834,39.155317],[2.95086,39.155311],[2.950874,39.15531],[2.950893,39.15531],[2.950908,39.155313],[2.950923,39.155316],[2.950955,39.155327],[2.950976,39.155336],[2.950981,39.15534],[2.950985,39.155346],[2.950985,39.155351],[2.950983,39.155354],[2.950979,39.155356],[2.950971,39.155358],[2.950919,39.15537],[2.95091,39.155374],[2.950886,39.155386],[2.95087,39.155396],[2.95086,39.155406],[2.95079,39.155465],[2.950754,39.155493],[2.950717,39.155524],[2.950713,39.15553],[2.950701,39.155545],[2.950684,39.155562],[2.950655,39.155595],[2.950617,39.155642],[2.950615,39.155647],[2.950615,39.155656],[2.950617,39.155667],[2.950623,39.155682],[2.950628,39.15569],[2.950636,39.155698],[2.950652,39.155709],[2.950661,39.155714],[2.950672,39.155717],[2.950694,39.155722],[2.950708,39.155727],[2.95071,39.155729],[2.950711,39.155734],[2.950709,39.155744],[2.950709,39.155766],[2.950711,39.155769],[2.950718,39.155774],[2.950728,39.155779],[2.950791,39.155808],[2.950814,39.155816],[2.950845,39.155825],[2.950873,39.155836],[2.950889,39.155844],[2.95099,39.155896],[2.951008,39.155908],[2.951043,39.155933],[2.951047,39.155938],[2.951053,39.155949],[2.951068,39.155974],[2.951075,39.155981],[2.951089,39.155992],[2.951101,39.155999],[2.951123,39.156009],[2.951168,39.156027],[2.951183,39.156031],[2.95125,39.156051],[2.951263,39.156053],[2.951273,39.156053],[2.951313,39.156053],[2.951325,39.156055],[2.951347,39.15606],[2.951419,39.156075],[2.951429,39.156075],[2.951467,39.156074],[2.951546,39.156073],[2.951554,39.156075],[2.951555,39.156077],[2.951556,39.156084],[2.951545,39.156106],[2.951534,39.156133],[2.951522,39.156165],[2.951505,39.156207],[2.951495,39.156234],[2.951487,39.156247],[2.951474,39.156273],[2.951447,39.156322],[2.951439,39.156332],[2.951421,39.156351],[2.951397,39.156373],[2.951384,39.156382],[2.951347,39.156404],[2.951286,39.156408],[2.951241,39.156416],[2.951232,39.156417],[2.951197,39.156421],[2.951172,39.156422],[2.95115,39.15642],[2.951107,39.156416],[2.951068,39.156414],[2.951023,39.15641],[2.950995,39.156405],[2.950943,39.156395],[2.950884,39.156385],[2.950849,39.156382],[2.950765,39.156371],[2.950747,39.156367],[2.950722,39.156359],[2.950703,39.156351],[2.950687,39.156343],[2.950673,39.156333],[2.950661,39.156322],[2.950643,39.156303],[2.950625,39.15628],[2.950619,39.156269],[2.950612,39.156262],[2.950606,39.156259],[2.950598,39.156257],[2.950589,39.156256],[2.950579,39.156258],[2.950569,39.156261],[2.950558,39.156267],[2.950539,39.15628],[2.950482,39.156314],[2.950472,39.156318],[2.950453,39.156323],[2.950437,39.156325],[2.950414,39.156326],[2.950353,39.156331],[2.950342,39.156334],[2.950323,39.156341],[2.950314,39.156347],[2.950303,39.156355],[2.950295,39.156365],[2.950291,39.156373],[2.950289,39.156381],[2.950289,39.156392],[2.950292,39.156404],[2.950295,39.156425],[2.950292,39.156427],[2.950284,39.156431],[2.950272,39.156435],[2.95026,39.156436],[2.950247,39.156436],[2.95023,39.156434],[2.950174,39.156429],[2.950163,39.156429],[2.950137,39.156433],[2.950116,39.156439],[2.950086,39.156444],[2.950072,39.156445],[2.950052,39.156444],[2.950032,39.156441],[2.950014,39.156437],[2.949969,39.156428],[2.949962,39.156428],[2.94991,39.156431],[2.949903,39.156429],[2.949891,39.156425],[2.949878,39.156418],[2.949846,39.156398],[2.949832,39.156387],[2.949776,39.156341],[2.94975,39.156323],[2.949737,39.156316],[2.949726,39.156313],[2.949715,39.156312],[2.949701,39.156312],[2.949682,39.156314],[2.949663,39.156318],[2.949649,39.156323],[2.949633,39.156331],[2.949616,39.156341],[2.949605,39.15635],[2.949568,39.156378],[2.94956,39.156381],[2.949515,39.156401],[2.949509,39.156406],[2.949494,39.15642],[2.949462,39.156448],[2.949452,39.156454],[2.94943,39.156465],[2.949411,39.156472],[2.949371,39.156485],[2.94936,39.156486],[2.949343,39.156487],[2.949325,39.156486],[2.949303,39.156482],[2.949286,39.156477],[2.949272,39.156473],[2.949257,39.156468],[2.949112,39.156421],[2.949083,39.15641],[2.949079,39.156406],[2.949076,39.156401],[2.949076,39.156395],[2.949079,39.15639],[2.949084,39.156385],[2.949092,39.15638],[2.949113,39.156363],[2.949114,39.15636],[2.949112,39.156357],[2.949108,39.156355],[2.9491,39.156353],[2.949032,39.156337],[2.94902,39.156332],[2.948998,39.156326],[2.94899,39.156325],[2.948969,39.156325],[2.948946,39.156328],[2.948909,39.156329],[2.948894,39.156328],[2.948871,39.156325],[2.948782,39.156312],[2.948769,39.156313],[2.948729,39.156315],[2.948706,39.156318],[2.948684,39.156323],[2.948644,39.15633],[2.948608,39.156339],[2.948607,39.156341],[2.948607,39.156345],[2.948609,39.15635],[2.948614,39.156356],[2.948623,39.156363],[2.948637,39.15637],[2.948652,39.156377],[2.948672,39.156383],[2.948719,39.156395],[2.948761,39.156404],[2.948789,39.156412],[2.948835,39.156427],[2.948839,39.15643],[2.948843,39.156436],[2.948845,39.156442],[2.948844,39.156449],[2.948841,39.156455],[2.948836,39.15646],[2.948828,39.156464],[2.948806,39.156475],[2.94879,39.156481],[2.948762,39.156492],[2.948758,39.156496],[2.948754,39.156502],[2.948754,39.156508],[2.948755,39.156515],[2.948759,39.156522],[2.948767,39.156529],[2.948779,39.156538],[2.948788,39.156547],[2.948791,39.156552],[2.948791,39.156559],[2.948794,39.15657],[2.948797,39.156573],[2.948804,39.156577],[2.948814,39.15658],[2.948825,39.156585],[2.948827,39.156588],[2.948827,39.156593],[2.948824,39.156598],[2.948819,39.156604],[2.948811,39.15661],[2.948798,39.156617],[2.948757,39.156641],[2.948753,39.156645],[2.948746,39.156658],[2.948733,39.156676],[2.948727,39.156681],[2.948718,39.156685],[2.948707,39.156688],[2.948688,39.156692],[2.948647,39.156701],[2.948635,39.156705],[2.948622,39.156713],[2.948613,39.15672],[2.948605,39.156729],[2.948594,39.156745],[2.948576,39.156767],[2.948564,39.156778],[2.94854,39.156798],[2.948524,39.156808],[2.948492,39.156826],[2.948476,39.156833],[2.948463,39.156837],[2.948423,39.15685],[2.948417,39.156854],[2.948406,39.156863],[2.94838,39.156882],[2.94837,39.156886],[2.948332,39.156906],[2.948318,39.156915],[2.948293,39.156929],[2.948281,39.156933],[2.948267,39.156936],[2.948253,39.156937],[2.948238,39.156937],[2.948225,39.156934],[2.948212,39.15693],[2.948199,39.156923],[2.948183,39.156913],[2.948151,39.15689],[2.948131,39.156873],[2.948095,39.156846],[2.948085,39.156841],[2.948067,39.156834],[2.94805,39.15683],[2.948031,39.156827],[2.948017,39.156827],[2.94799,39.156828],[2.947958,39.156831],[2.947933,39.156835],[2.947918,39.15684],[2.947905,39.156846],[2.947888,39.156856],[2.947869,39.156869],[2.947866,39.156874],[2.947864,39.15688],[2.947853,39.156922],[2.947848,39.156928],[2.947839,39.156939],[2.947829,39.156946],[2.947819,39.156951],[2.947794,39.156966],[2.947792,39.156969],[2.94779,39.156979],[2.94779,39.156988],[2.947793,39.156999],[2.947797,39.157025],[2.947797,39.157039],[2.947799,39.157081],[2.947802,39.157095],[2.94781,39.157123],[2.947816,39.157134],[2.947825,39.157145],[2.947834,39.157153],[2.94789,39.157202],[2.947895,39.157204],[2.947921,39.15721],[2.947965,39.157222],[2.947974,39.157226],[2.947984,39.157233],[2.94799,39.15724],[2.947994,39.157247],[2.948004,39.157263],[2.948009,39.157265],[2.948018,39.157268],[2.948027,39.157269],[2.948049,39.157269],[2.948066,39.157271],[2.948072,39.157273],[2.948076,39.157277],[2.948078,39.157282],[2.948078,39.15729],[2.948077,39.157303],[2.948075,39.157334],[2.948077,39.157347],[2.948081,39.157363],[2.948088,39.15738],[2.948093,39.157385],[2.948108,39.157398],[2.948112,39.157399],[2.948119,39.157399],[2.948161,39.1574],[2.948164,39.157402],[2.948188,39.157413],[2.948193,39.157412],[2.948203,39.15741],[2.948211,39.157405],[2.948233,39.157396],[2.948237,39.157397],[2.948248,39.1574],[2.948258,39.157404],[2.948272,39.157412],[2.948301,39.157431],[2.94832,39.157441],[2.948326,39.157442],[2.948364,39.157451],[2.948368,39.157454],[2.948377,39.157463],[2.948379,39.157468],[2.948379,39.157474],[2.948377,39.157488],[2.948373,39.157497],[2.948366,39.157507],[2.948358,39.157514],[2.948351,39.157519],[2.948342,39.157521],[2.948326,39.157524],[2.948302,39.157529],[2.948289,39.157535],[2.948279,39.15754],[2.948273,39.157547],[2.948268,39.157554],[2.948266,39.157563],[2.948265,39.157574],[2.94826,39.157598],[2.948258,39.157616],[2.948259,39.157624],[2.948266,39.157646],[2.94827,39.157649],[2.948275,39.157651],[2.948282,39.157652],[2.948292,39.157652],[2.94831,39.157649],[2.94833,39.157643],[2.948385,39.157631],[2.948417,39.157626],[2.94845,39.157622],[2.948457,39.157624],[2.948461,39.157626],[2.948463,39.15763],[2.948464,39.157636],[2.948464,39.157652],[2.948466,39.157666],[2.948469,39.157675],[2.948474,39.15768],[2.948481,39.157685],[2.948488,39.157687],[2.948494,39.157687],[2.948508,39.157684],[2.948522,39.15768],[2.948545,39.157676],[2.948548,39.157677],[2.948556,39.157681],[2.948561,39.157685],[2.948564,39.157692],[2.948566,39.157703],[2.948568,39.157718],[2.948574,39.157761],[2.948577,39.157767],[2.948588,39.157783],[2.948596,39.157789],[2.948602,39.157792],[2.948613,39.157795],[2.948645,39.157801],[2.94876,39.157821],[2.948817,39.157829],[2.948846,39.157835],[2.94888,39.157844],[2.948929,39.157859],[2.948952,39.157868],[2.949007,39.157891],[2.949021,39.157899],[2.949037,39.15791],[2.949047,39.15792],[2.949057,39.157932],[2.949068,39.15795],[2.94908,39.157965],[2.949085,39.157967],[2.949096,39.15797],[2.949166,39.157993],[2.949177,39.157998],[2.949182,39.158003],[2.949184,39.158008],[2.949186,39.158015],[2.949185,39.158029],[2.949182,39.158056],[2.949176,39.158083],[2.949168,39.158112],[2.949163,39.158118],[2.949156,39.158124],[2.949148,39.158128],[2.949132,39.158134],[2.94911,39.15814],[2.949094,39.158143],[2.949081,39.158143],[2.949061,39.158142],[2.949034,39.158141],[2.94903,39.158143],[2.94902,39.15815],[2.949011,39.158159],[2.948998,39.158175],[2.948984,39.158196],[2.948976,39.158211],[2.948971,39.158226],[2.948971,39.158233],[2.948974,39.15824],[2.948978,39.158246],[2.948985,39.158251],[2.949002,39.158262],[2.949026,39.158279],[2.949029,39.158283],[2.94903,39.15829],[2.94903,39.158305],[2.949033,39.158324],[2.949037,39.158331],[2.949043,39.158348],[2.949042,39.158352],[2.949037,39.158361],[2.949027,39.158376],[2.949014,39.158392],[2.948989,39.158424],[2.948976,39.158445],[2.948955,39.158481],[2.948952,39.158491],[2.948952,39.158501],[2.948953,39.158512],[2.948957,39.158552],[2.948956,39.158561],[2.94895,39.158582],[2.948946,39.158604],[2.948947,39.158614],[2.94895,39.15863],[2.948956,39.158647],[2.948969,39.158678],[2.948975,39.158686],[2.948983,39.158693],[2.948992,39.158697],[2.949003,39.158701],[2.949019,39.158704],[2.949031,39.158709],[2.949034,39.158712],[2.949035,39.158716],[2.949034,39.158722],[2.949029,39.158729],[2.949022,39.158746],[2.949023,39.15875],[2.949027,39.158759],[2.949034,39.158769],[2.949049,39.158795],[2.949049,39.1588],[2.949052,39.158813],[2.949055,39.158818],[2.949064,39.158827],[2.949073,39.158839],[2.949074,39.158845],[2.949072,39.158851],[2.949069,39.158857],[2.949062,39.158864],[2.949047,39.158882],[2.949047,39.158886],[2.949049,39.158894],[2.949053,39.158922],[2.949051,39.158927],[2.949047,39.158933],[2.94904,39.15894],[2.949025,39.15895],[2.949011,39.158957],[2.948995,39.158963],[2.948864,39.15901],[2.948816,39.159028],[2.948793,39.159038],[2.948679,39.159092],[2.948669,39.159098],[2.948628,39.159128],[2.948623,39.159135],[2.948617,39.159146],[2.948609,39.159166],[2.948608,39.159175],[2.948608,39.159189],[2.948611,39.159203],[2.948616,39.159214],[2.948626,39.159233],[2.948634,39.159242],[2.948654,39.159269],[2.948659,39.15928],[2.948662,39.159292],[2.948671,39.159317],[2.948675,39.15932],[2.948689,39.15933],[2.948709,39.159347],[2.948712,39.159354],[2.948714,39.159363],[2.948713,39.159375],[2.94871,39.159405],[2.948705,39.159421],[2.948702,39.159425],[2.948694,39.159431],[2.948683,39.159436],[2.948669,39.159441],[2.948656,39.159443],[2.948638,39.159444],[2.948625,39.159443],[2.948615,39.159441],[2.948603,39.159436],[2.948594,39.15943],[2.948585,39.159421],[2.948576,39.159411],[2.948567,39.159396],[2.948559,39.159377],[2.948537,39.159337],[2.948528,39.159323],[2.948521,39.159317],[2.948512,39.159313],[2.948504,39.15931],[2.948494,39.15931],[2.948477,39.159311],[2.948463,39.15931],[2.94846,39.159308],[2.948455,39.159303],[2.94845,39.159294],[2.948445,39.159282],[2.948443,39.159269],[2.948443,39.159257],[2.948446,39.159243],[2.948453,39.159198],[2.948451,39.159195],[2.948446,39.15919],[2.948439,39.159187],[2.948431,39.159186],[2.948422,39.159186],[2.94841,39.159188],[2.948397,39.159192],[2.948386,39.159198],[2.94837,39.159208],[2.948352,39.159222],[2.948333,39.15924],[2.948287,39.159285],[2.948272,39.159302],[2.948266,39.159313],[2.948262,39.159325],[2.948259,39.159338],[2.948259,39.159355],[2.948261,39.159376],[2.948264,39.159387],[2.94827,39.159397],[2.948277,39.159404],[2.948286,39.159411],[2.948297,39.159417],[2.948306,39.159419],[2.948317,39.15942],[2.948339,39.159421],[2.948358,39.159419],[2.948394,39.159418],[2.948399,39.15942],[2.948406,39.159424],[2.948408,39.159428],[2.948408,39.159432],[2.948405,39.159437],[2.948399,39.159443],[2.948389,39.159449],[2.948362,39.15947],[2.948361,39.159474],[2.948362,39.15948],[2.948365,39.159487],[2.948372,39.159498],[2.948386,39.159514],[2.948407,39.159537],[2.948428,39.159556],[2.948457,39.159585],[2.948456,39.159587],[2.948451,39.159592],[2.948445,39.159595],[2.948436,39.159598],[2.948408,39.159608],[2.948405,39.159611],[2.948402,39.159617],[2.948402,39.159623],[2.948404,39.159629],[2.948409,39.159635],[2.948418,39.159643],[2.94844,39.159665],[2.948441,39.159668],[2.948448,39.159689],[2.948452,39.159693],[2.948459,39.159698],[2.94846,39.159698],[2.948481,39.159716],[2.948483,39.15972],[2.948497,39.159747],[2.948503,39.159756],[2.948517,39.159769],[2.94853,39.159779],[2.948568,39.159811],[2.948571,39.159816],[2.948573,39.159825],[2.948574,39.159837],[2.948572,39.159852],[2.948566,39.159913],[2.948566,39.159936],[2.948564,39.159981],[2.948561,39.159993],[2.948546,39.160046],[2.948542,39.160051],[2.948531,39.160063],[2.948524,39.160068],[2.948523,39.160069],[2.948522,39.160069],[2.948516,39.160071],[2.94851,39.160071],[2.948506,39.160068],[2.948502,39.160064],[2.948499,39.160058],[2.948497,39.160049],[2.94849,39.160028],[2.948487,39.160026],[2.94848,39.160023],[2.948472,39.160022],[2.94846,39.160023],[2.94845,39.160025],[2.94844,39.160029],[2.948427,39.160037],[2.948402,39.160054],[2.948386,39.160062],[2.94838,39.160063],[2.948369,39.160063],[2.948356,39.160061],[2.948338,39.160056],[2.948321,39.16005],[2.948309,39.160043],[2.948276,39.160027],[2.94827,39.160026],[2.948256,39.160027],[2.948243,39.16003],[2.948228,39.160035],[2.948206,39.160044],[2.948187,39.16005],[2.948177,39.160051],[2.948155,39.160052],[2.948109,39.160055],[2.948094,39.160058],[2.94807,39.16006],[2.948064,39.160059],[2.948057,39.160055],[2.948053,39.160051],[2.948049,39.160045],[2.948047,39.160036],[2.948041,39.160022],[2.948037,39.160018],[2.948031,39.160014],[2.948025,39.160013],[2.948016,39.160014],[2.948009,39.160016],[2.948003,39.16002],[2.947998,39.160026],[2.947992,39.160035],[2.947987,39.160049],[2.947979,39.160064],[2.947976,39.160065],[2.947967,39.160066],[2.947955,39.160066],[2.947934,39.160063],[2.947797,39.160045],[2.947776,39.160041],[2.947711,39.160025],[2.947649,39.160007],[2.947627,39.159999],[2.9476,39.159991],[2.947586,39.159989],[2.947566,39.159988],[2.947535,39.159989],[2.947514,39.159991],[2.947317,39.160009],[2.947297,39.160009],[2.94721,39.160007],[2.947182,39.160005],[2.94714,39.160003],[2.947125,39.160004],[2.947105,39.160008],[2.94709,39.160012],[2.947077,39.160018],[2.947067,39.160025],[2.947062,39.160031],[2.947059,39.160037],[2.947058,39.160045],[2.947059,39.160056],[2.947063,39.160067],[2.947069,39.160075],[2.947076,39.160082],[2.947087,39.16009],[2.947105,39.160105],[2.947106,39.160108],[2.947104,39.160113],[2.9471,39.160122],[2.94709,39.160134],[2.947081,39.16015],[2.947076,39.160163],[2.947071,39.160169],[2.947064,39.160175],[2.947053,39.160181],[2.946995,39.160214],[2.946943,39.160241],[2.946937,39.160242],[2.946823,39.160265],[2.946816,39.160269],[2.946792,39.160281],[2.946773,39.160294],[2.946754,39.160309],[2.946741,39.160321],[2.946727,39.160338],[2.946714,39.16035],[2.946707,39.160354],[2.946697,39.160357],[2.946684,39.160359],[2.946666,39.16036],[2.946589,39.160364],[2.946584,39.160366],[2.946577,39.160371],[2.946572,39.160377],[2.946551,39.160402],[2.946544,39.160406],[2.946514,39.160427],[2.946512,39.160431],[2.946511,39.160438],[2.946512,39.160446],[2.946515,39.160454],[2.94652,39.16046],[2.946528,39.160466],[2.946539,39.160471],[2.94656,39.16048],[2.946577,39.160484],[2.946603,39.160493],[2.946608,39.160497],[2.946611,39.160502],[2.946612,39.160508],[2.94661,39.160515],[2.946606,39.160524],[2.946599,39.160533],[2.94659,39.160541],[2.94658,39.160548],[2.946573,39.16055],[2.946528,39.160561],[2.946458,39.160577],[2.946447,39.160578],[2.946266,39.160589],[2.946223,39.160589],[2.946129,39.160593],[2.9461,39.160596],[2.945989,39.160612],[2.945963,39.160617],[2.945944,39.160622],[2.945917,39.160631],[2.945894,39.16064],[2.945882,39.160648],[2.945867,39.160658],[2.94586,39.160666],[2.945857,39.160672],[2.945857,39.160679],[2.945859,39.160686],[2.945864,39.160694],[2.945871,39.160703],[2.945881,39.16071],[2.945893,39.160717],[2.945905,39.160722],[2.945918,39.160725],[2.945937,39.160727],[2.945988,39.160735],[2.945991,39.160738],[2.945993,39.160743],[2.945995,39.160751],[2.946009,39.160806],[2.946014,39.160816],[2.946025,39.160833],[2.946032,39.16084],[2.946042,39.160846],[2.946059,39.160855],[2.946089,39.160868],[2.946109,39.160875],[2.946125,39.160878],[2.946156,39.160882],[2.946207,39.160888],[2.946227,39.160888],[2.946256,39.160887],[2.946292,39.160884],[2.946331,39.160882],[2.94639,39.160881],[2.946435,39.160882],[2.946449,39.160884],[2.94646,39.160887],[2.946471,39.160893],[2.946493,39.160903],[2.9465,39.160903],[2.946511,39.160907],[2.946513,39.160909],[2.946516,39.160917],[2.946555,39.161027],[2.946564,39.161062],[2.946565,39.161074],[2.946568,39.16111],[2.946566,39.161129],[2.946562,39.161159],[2.946561,39.161186],[2.946562,39.161208],[2.946565,39.161231],[2.94657,39.161247],[2.946579,39.161268],[2.946592,39.161305],[2.946591,39.161311],[2.946588,39.161318],[2.946583,39.161324],[2.94657,39.161335],[2.946555,39.161346],[2.946529,39.161367],[2.946526,39.161372],[2.946519,39.161388],[2.946515,39.161401],[2.946508,39.161421],[2.946504,39.161424],[2.946492,39.161433],[2.946475,39.161443],[2.946466,39.161445],[2.946455,39.161446],[2.946445,39.161449],[2.94638,39.16147],[2.946352,39.161481],[2.946347,39.161486],[2.946339,39.161494],[2.946319,39.161512],[2.946312,39.161516],[2.946292,39.161524],[2.946283,39.16153],[2.946281,39.161535],[2.94628,39.16154],[2.946282,39.161546],[2.946287,39.161553],[2.946297,39.161565],[2.946306,39.161572],[2.946317,39.161578],[2.946347,39.161591],[2.946382,39.161605],[2.946542,39.161665],[2.946562,39.161671],[2.946652,39.161694],[2.946682,39.1617],[2.946734,39.161711],[2.946765,39.161717],[2.946876,39.161737],[2.946928,39.161748],[2.946955,39.161756],[2.947012,39.161771],[2.947037,39.161776],[2.947084,39.161786],[2.947125,39.161797],[2.947151,39.161806],[2.947181,39.161818],[2.947239,39.161839],[2.947256,39.161843],[2.947395,39.161879],[2.947408,39.161884],[2.947434,39.161896],[2.947443,39.161902],[2.947453,39.161912],[2.947459,39.16192],[2.947408,39.161975],[2.947405,39.161988],[2.947407,39.161992],[2.947414,39.162002],[2.947419,39.162013],[2.947421,39.162021],[2.94742,39.162029],[2.947416,39.162035],[2.947411,39.162041],[2.947397,39.162052],[2.947382,39.162061],[2.947368,39.162068],[2.947344,39.162077],[2.947331,39.162083],[2.947326,39.162089],[2.947314,39.162103],[2.947308,39.162114],[2.947307,39.162119],[2.94731,39.162126],[2.947314,39.162132],[2.947324,39.162142],[2.94733,39.162151],[2.947331,39.162156],[2.94733,39.162163],[2.947325,39.162174],[2.947318,39.162185],[2.947311,39.162192],[2.9473,39.162199],[2.947292,39.162201],[2.947281,39.162202],[2.947267,39.162202],[2.947251,39.1622],[2.947232,39.162196],[2.947206,39.162187],[2.947157,39.16217],[2.947139,39.162162],[2.94706,39.162127],[2.94705,39.162125],[2.947031,39.162123],[2.947013,39.162123],[2.946975,39.162124],[2.946939,39.162127],[2.946924,39.16213],[2.946908,39.162136],[2.946876,39.162148],[2.946855,39.162158],[2.946828,39.162174],[2.946801,39.162192],[2.946784,39.162205],[2.946775,39.162215],[2.946767,39.162228],[2.94676,39.162242],[2.946751,39.162267],[2.946747,39.162283],[2.946746,39.162297],[2.946748,39.162312],[2.946752,39.162331],[2.946759,39.162351],[2.946768,39.162369],[2.946783,39.162395],[2.946798,39.162416],[2.946813,39.162433],[2.946824,39.162442],[2.946839,39.162452],[2.946865,39.162467],[2.94689,39.162479],[2.946944,39.162502],[2.947015,39.162536],[2.947029,39.162545],[2.947047,39.162558],[2.94707,39.162578],[2.947109,39.162609],[2.947126,39.162619],[2.947155,39.162635],[2.947204,39.16266],[2.947235,39.162674],[2.947272,39.162692],[2.947282,39.162699],[2.94729,39.162707],[2.947295,39.162715],[2.947297,39.162724],[2.947297,39.162732],[2.947294,39.162745],[2.94728,39.162801],[2.947275,39.162811],[2.947262,39.162842],[2.947261,39.162848],[2.947263,39.162859],[2.947268,39.162876],[2.947268,39.162885],[2.947266,39.16289],[2.947261,39.162895],[2.947254,39.162899],[2.947242,39.162904],[2.947226,39.162908],[2.947181,39.162923],[2.947176,39.162927],[2.947169,39.162934],[2.947161,39.162946],[2.947137,39.162979],[2.947131,39.162991],[2.947131,39.162996],[2.947133,39.163007],[2.947138,39.163018],[2.947144,39.163026],[2.947152,39.163034],[2.947169,39.163052],[2.947172,39.16306],[2.947174,39.163068],[2.947173,39.163077],[2.947169,39.163088],[2.947159,39.163115],[2.947149,39.163134],[2.947139,39.163146],[2.947131,39.163155],[2.947111,39.16317],[2.94703,39.163231],[2.946999,39.163257],[2.946989,39.163268],[2.946953,39.163305],[2.946942,39.163314],[2.946917,39.163329],[2.946827,39.163383],[2.946818,39.163387],[2.946748,39.163412],[2.946738,39.163418],[2.946708,39.163438],[2.94667,39.16346],[2.946623,39.163486],[2.946607,39.163492],[2.946591,39.163497],[2.946569,39.163501],[2.946518,39.163512],[2.946505,39.163516],[2.946503,39.163517],[2.946489,39.163524],[2.946479,39.163531],[2.946472,39.163538],[2.946469,39.163545],[2.946468,39.163551],[2.94647,39.16356],[2.946475,39.163574],[2.946481,39.163584],[2.946529,39.163638],[2.946551,39.163662],[2.946564,39.163673],[2.946611,39.163715],[2.946731,39.163821],[2.946743,39.163828],[2.946837,39.163886],[2.946926,39.163943],[2.947008,39.163993],[2.947117,39.164062],[2.947161,39.164093],[2.947189,39.164115],[2.947236,39.164148],[2.947366,39.164239],[2.947386,39.16425],[2.947413,39.164264],[2.94743,39.16427],[2.947567,39.164318],[2.94761,39.164331],[2.947643,39.164343],[2.947724,39.164371],[2.947752,39.164378],[2.947858,39.164408],[2.947886,39.164418],[2.948037,39.16447],[2.948184,39.164522],[2.948199,39.164529],[2.948222,39.164542],[2.948258,39.16456],[2.948269,39.164564],[2.948287,39.164567],[2.948308,39.164569],[2.948336,39.16457],[2.948357,39.164569],[2.948415,39.164568],[2.948459,39.164569],[2.948531,39.164572],[2.948553,39.164575],[2.948588,39.164581],[2.948707,39.1646],[2.948729,39.164602],[2.948758,39.164602],[2.948839,39.164606],[2.948849,39.164608],[2.948919,39.164622],[2.948931,39.164622],[2.948952,39.164621],[2.949028,39.164619],[2.949041,39.16462],[2.949094,39.164625],[2.949133,39.164626],[2.949162,39.164625],[2.949397,39.164618],[2.949514,39.164616],[2.949543,39.164617],[2.94968,39.164625],[2.949707,39.164629],[2.949806,39.164639],[2.949854,39.164643],[2.949903,39.164644],[2.949986,39.164649],[2.950021,39.164652],[2.950165,39.164666],[2.950176,39.164665],[2.950202,39.164661],[2.950222,39.16466],[2.950233,39.164662],[2.95027,39.164668]],[[2.95892,39.164766],[2.958911,39.16477],[2.958889,39.164782],[2.958874,39.164793],[2.958868,39.164801],[2.958864,39.164809],[2.958863,39.16482],[2.958866,39.164823],[2.958878,39.164835],[2.958888,39.164841],[2.958892,39.16484],[2.958922,39.164835],[2.958958,39.164826],[2.958966,39.164822],[2.95898,39.164812],[2.958987,39.164803],[2.958986,39.1648],[2.958983,39.164794],[2.958974,39.164786],[2.958954,39.16477],[2.958951,39.164768],[2.95894,39.164765],[2.95893,39.164764],[2.95892,39.164766]],[[2.97035,39.16],[2.97034,39.160003],[2.970334,39.160008],[2.970329,39.160015],[2.970331,39.160041],[2.970333,39.160043],[2.970346,39.160053],[2.970355,39.160058],[2.970364,39.160059],[2.970375,39.160059],[2.970385,39.160056],[2.970395,39.160051],[2.970403,39.160044],[2.970409,39.160035],[2.97041,39.160028],[2.970409,39.160021],[2.970404,39.160014],[2.970396,39.160008],[2.970383,39.160001],[2.970372,39.159998],[2.970361,39.159998],[2.97035,39.16]],[[2.966537,39.147773],[2.966542,39.14777],[2.966554,39.147759],[2.966555,39.147756],[2.966563,39.147731],[2.966563,39.14772],[2.96656,39.147719],[2.966553,39.147718],[2.966539,39.14772],[2.966527,39.147724],[2.966524,39.147727],[2.966522,39.147734],[2.966521,39.147744],[2.966523,39.147765],[2.966527,39.147771],[2.966532,39.147773],[2.966537,39.147773]],[[2.963644,39.148697],[2.963885,39.148506],[2.963927,39.148464],[2.963969,39.148401],[2.964067,39.148326],[2.964087,39.1483],[2.964095,39.148268],[2.964087,39.148238],[2.964068,39.148208],[2.96395,39.148077],[2.96392,39.148034],[2.963925,39.148015],[2.96393,39.147996],[2.963904,39.147947],[2.963784,39.14784],[2.963754,39.147844],[2.963712,39.147871],[2.963661,39.14791],[2.963631,39.147934],[2.963625,39.147959],[2.963624,39.147983],[2.963595,39.148001],[2.96356,39.14803],[2.963555,39.148049],[2.963563,39.148074],[2.963576,39.148097],[2.963573,39.148124],[2.963546,39.148151],[2.963517,39.148176],[2.96347,39.148247],[2.963462,39.148279],[2.963473,39.148298],[2.963493,39.148316],[2.963498,39.148333],[2.963462,39.14837],[2.963442,39.148394],[2.963428,39.148417],[2.963434,39.148435],[2.963465,39.148452],[2.963491,39.148466],[2.963508,39.148479],[2.963505,39.148493],[2.963496,39.148501],[2.963476,39.148504],[2.963451,39.148508],[2.96344,39.148517],[2.963444,39.148549],[2.963453,39.148629],[2.963457,39.148652],[2.963475,39.148678],[2.963541,39.148702],[2.963584,39.148712],[2.96361,39.148714],[2.963644,39.148697]],[[2.964179,39.149238],[2.964174,39.149231],[2.964168,39.149219],[2.964158,39.149197],[2.964151,39.149185],[2.964144,39.149179],[2.964137,39.149175],[2.964128,39.149172],[2.964116,39.149171],[2.964099,39.149171],[2.964077,39.149173],[2.964068,39.149176],[2.964063,39.14918],[2.964056,39.149187],[2.964046,39.149195],[2.96404,39.149196],[2.964032,39.149197],[2.964016,39.149196],[2.963993,39.149192],[2.963967,39.14919],[2.963956,39.149191],[2.963949,39.149194],[2.963945,39.149197],[2.963943,39.149202],[2.963943,39.149209],[2.963946,39.14922],[2.963952,39.149235],[2.963965,39.149259],[2.963979,39.149292],[2.963979,39.149297],[2.963975,39.149304],[2.96397,39.149309],[2.963963,39.149314],[2.963955,39.149317],[2.963942,39.149319],[2.963925,39.14932],[2.963914,39.149319],[2.963907,39.149316],[2.9639,39.149312],[2.96389,39.149303],[2.963878,39.14929],[2.963822,39.149229],[2.963813,39.149223],[2.963798,39.149215],[2.963787,39.149211],[2.963779,39.149211],[2.96377,39.149212],[2.963761,39.149215],[2.963748,39.149222],[2.963731,39.149233],[2.963716,39.149246],[2.963708,39.149254],[2.963702,39.149265],[2.963699,39.149275],[2.963699,39.149284],[2.963701,39.149295],[2.963705,39.149306],[2.96371,39.149313],[2.963722,39.149324],[2.963738,39.149344],[2.963741,39.14935],[2.963755,39.149379],[2.963761,39.149389],[2.963776,39.149399],[2.963818,39.149411],[2.963849,39.149416],[2.963853,39.149417],[2.963891,39.149423],[2.963896,39.149426],[2.963903,39.149432],[2.963908,39.14944],[2.963913,39.149451],[2.963919,39.149472],[2.963939,39.149524],[2.963947,39.149539],[2.963961,39.149563],[2.963971,39.149574],[2.963981,39.149582],[2.963995,39.149591],[2.964003,39.149593],[2.964014,39.149594],[2.964028,39.149594],[2.96406,39.149591],[2.964093,39.149586],[2.964097,39.149583],[2.964099,39.149579],[2.9641,39.149573],[2.9641,39.14956],[2.9641,39.14947],[2.964103,39.149469],[2.964112,39.149466],[2.964127,39.149464],[2.964174,39.149456],[2.964182,39.149453],[2.964193,39.149446],[2.964207,39.149434],[2.964218,39.149422],[2.964226,39.14941],[2.964241,39.149382],[2.964266,39.149334],[2.96427,39.149322],[2.964274,39.1493],[2.964275,39.149284],[2.964274,39.14926],[2.964271,39.149249],[2.964266,39.149241],[2.964262,39.149239],[2.964257,39.149239],[2.964246,39.14924],[2.964189,39.149244],[2.964185,39.149242],[2.964179,39.149238]],[[2.964174,39.150209],[2.964181,39.150204],[2.964187,39.150197],[2.964187,39.150193],[2.964184,39.150187],[2.964175,39.150177],[2.964167,39.150162],[2.964139,39.150162],[2.964136,39.150163],[2.964111,39.150177],[2.964105,39.150183],[2.964105,39.150187],[2.964108,39.150193],[2.964114,39.150197],[2.964123,39.150201],[2.964144,39.150206],[2.964169,39.150211],[2.964174,39.150209]],[[2.962555,39.149364],[2.962569,39.14936],[2.962575,39.149356],[2.962583,39.149348],[2.96259,39.149339],[2.962591,39.149331],[2.96259,39.149323],[2.962586,39.149318],[2.96258,39.149315],[2.962571,39.149314],[2.962557,39.149314],[2.962534,39.149316],[2.962521,39.14932],[2.962513,39.149325],[2.962509,39.149331],[2.962508,39.149336],[2.96251,39.149344],[2.962551,39.149364],[2.962555,39.149364]],[[2.962612,39.149456],[2.962619,39.149453],[2.962628,39.149445],[2.962664,39.149409],[2.96267,39.1494],[2.962672,39.149391],[2.96267,39.149386],[2.962667,39.149384],[2.96266,39.149383],[2.962646,39.149384],[2.962594,39.149391],[2.962588,39.149394],[2.962585,39.149398],[2.962586,39.149402],[2.962586,39.149447],[2.962588,39.149449],[2.962599,39.149456],[2.962606,39.149458],[2.962612,39.149456]],[[2.957142,39.146211],[2.957139,39.146212],[2.95711,39.146224],[2.957085,39.146238],[2.957077,39.146245],[2.957074,39.146251],[2.957074,39.146256],[2.957078,39.146261],[2.957085,39.146265],[2.957101,39.146272],[2.957161,39.146296],[2.957216,39.146319],[2.957242,39.146328],[2.957247,39.146327],[2.957257,39.146323],[2.95727,39.146315],[2.957284,39.146303],[2.957292,39.146293],[2.9573,39.146279],[2.957307,39.146262],[2.957311,39.146241],[2.95731,39.146231],[2.957307,39.14622],[2.957299,39.146208],[2.957286,39.146193],[2.957277,39.146187],[2.95727,39.146185],[2.957258,39.146184],[2.957142,39.146211]],[[2.95675,39.145368],[2.956731,39.145371],[2.956715,39.145377],[2.956701,39.145383],[2.956692,39.145391],[2.956684,39.145401],[2.956659,39.145428],[2.956652,39.145431],[2.956635,39.145437],[2.956614,39.145441],[2.956554,39.145455],[2.956547,39.145459],[2.956534,39.14547],[2.956525,39.145482],[2.956525,39.145486],[2.9565,39.145547],[2.956497,39.145548],[2.956453,39.145574],[2.956444,39.145582],[2.95644,39.145589],[2.956438,39.145599],[2.956439,39.145608],[2.956443,39.145616],[2.95645,39.145622],[2.956474,39.145642],[2.956514,39.145671],[2.956522,39.145673],[2.956531,39.145674],[2.956539,39.145672],[2.95655,39.145667],[2.956578,39.145651],[2.956648,39.145614],[2.956708,39.145584],[2.956736,39.145573],[2.956851,39.145526],[2.956856,39.145521],[2.956863,39.145511],[2.956866,39.145503],[2.956865,39.145494],[2.956861,39.145485],[2.956853,39.145473],[2.956829,39.145431],[2.956827,39.145423],[2.956818,39.145391],[2.956813,39.145384],[2.956804,39.145377],[2.956793,39.145372],[2.95678,39.145368],[2.956766,39.145367],[2.95675,39.145368]],[[2.956409,39.143832],[2.956383,39.143843],[2.956376,39.143848],[2.956372,39.143854],[2.956373,39.143858],[2.956378,39.143863],[2.956385,39.143867],[2.956395,39.14387],[2.956409,39.143871],[2.956424,39.143871],[2.956453,39.143866],[2.956462,39.143863],[2.956465,39.143859],[2.956466,39.143854],[2.956463,39.143847],[2.956457,39.143839],[2.95645,39.143834],[2.956439,39.143829],[2.956409,39.143832]],[[2.961593,39.138697],[2.961606,39.138699],[2.961617,39.138699],[2.961637,39.138698],[2.961655,39.138696],[2.96167,39.138692],[2.961692,39.138686],[2.961795,39.138657],[2.961804,39.138656],[2.961824,39.138656],[2.961847,39.138656],[2.96187,39.138658],[2.961951,39.138664],[2.961955,39.138663],[2.961963,39.13866],[2.961972,39.138654],[2.962014,39.13863],[2.962019,39.138629],[2.962035,39.138626],[2.962055,39.138624],[2.962094,39.13862],[2.962106,39.138617],[2.962166,39.138601],[2.96218,39.138596],[2.962198,39.138588],[2.962232,39.138571],[2.96224,39.138565],[2.962262,39.138548],[2.96231,39.138511],[2.962319,39.138507],[2.962338,39.138498],[2.962369,39.138487],[2.962381,39.138484],[2.962418,39.138476],[2.962431,39.138474],[2.962478,39.138462],[2.96249,39.138458],[2.962516,39.138447],[2.962527,39.138441],[2.962543,39.13843],[2.962574,39.138408],[2.962647,39.138354],[2.962658,39.138344],[2.962674,39.138326],[2.962681,39.138316],[2.962685,39.138308],[2.962687,39.138297],[2.962688,39.138286],[2.962687,39.138276],[2.962684,39.138258],[2.962679,39.138243],[2.962674,39.138231],[2.962669,39.138225],[2.962661,39.138217],[2.962653,39.138211],[2.962644,39.138207],[2.962635,39.138204],[2.962627,39.138203],[2.962621,39.138204],[2.962609,39.138206],[2.962585,39.138213],[2.962562,39.138218],[2.962551,39.138219],[2.962536,39.138218],[2.962514,39.138217],[2.962495,39.138214],[2.962476,39.13821],[2.96246,39.138205],[2.962445,39.138198],[2.962421,39.13819],[2.96241,39.138187],[2.962399,39.138187],[2.962392,39.138188],[2.962381,39.13819],[2.962353,39.138199],[2.962336,39.138202],[2.962334,39.138201],[2.962331,39.138201],[2.962305,39.138201],[2.962295,39.1382],[2.962278,39.138196],[2.962269,39.138192],[2.96226,39.138188],[2.962244,39.138177],[2.962242,39.138173],[2.962205,39.138156],[2.962177,39.138153],[2.962169,39.138153],[2.962152,39.138153],[2.962132,39.138157],[2.962113,39.138164],[2.962093,39.138174],[2.962073,39.138185],[2.962039,39.138215],[2.96202,39.138229],[2.961999,39.13824],[2.961986,39.138247],[2.961953,39.138258],[2.961936,39.138261],[2.96192,39.138265],[2.961911,39.138267],[2.9619,39.138269],[2.961896,39.138269],[2.961873,39.138266],[2.961836,39.138257],[2.961831,39.138258],[2.961819,39.138259],[2.961808,39.138262],[2.961797,39.138267],[2.961771,39.138277],[2.961761,39.138279],[2.961748,39.13828],[2.961734,39.13828],[2.961689,39.138282],[2.961683,39.138283],[2.961671,39.138288],[2.961659,39.138294],[2.961646,39.138303],[2.96163,39.138316],[2.961609,39.13833],[2.961599,39.138335],[2.961586,39.13834],[2.961572,39.138343],[2.961558,39.138345],[2.961541,39.138346],[2.961522,39.138349],[2.961507,39.138353],[2.96148,39.138361],[2.96146,39.138368],[2.961401,39.138388],[2.961386,39.138392],[2.961376,39.138393],[2.961366,39.138392],[2.961356,39.13839],[2.961345,39.138386],[2.961329,39.138379],[2.961301,39.138368],[2.961291,39.138366],[2.961281,39.138365],[2.961275,39.138366],[2.961268,39.138368],[2.961258,39.138373],[2.961214,39.138394],[2.96121,39.138394],[2.961202,39.138393],[2.961191,39.13839],[2.96117,39.138386],[2.961162,39.138386],[2.961153,39.138388],[2.961144,39.13839],[2.961135,39.138395],[2.961121,39.138403],[2.961101,39.138416],[2.961085,39.138429],[2.961068,39.13844],[2.96105,39.138451],[2.961029,39.13846],[2.96101,39.138468],[2.960986,39.138475],[2.960964,39.138481],[2.960931,39.138488],[2.960885,39.138499],[2.960846,39.13851],[2.960814,39.13852],[2.960799,39.138527],[2.960788,39.138533],[2.960781,39.138539],[2.960776,39.138545],[2.960772,39.138553],[2.96077,39.13856],[2.96077,39.138567],[2.960771,39.138574],[2.960774,39.13858],[2.96078,39.138586],[2.960787,39.138592],[2.960797,39.138598],[2.960807,39.138602],[2.960819,39.138605],[2.960834,39.138608],[2.960867,39.138612],[2.960897,39.138615],[2.960935,39.13862],[2.960949,39.138623],[2.960969,39.138629],[2.960982,39.138634],[2.961008,39.138647],[2.96103,39.138656],[2.961051,39.138663],[2.961139,39.138691],[2.961152,39.138693],[2.961172,39.138696],[2.961185,39.138696],[2.961207,39.138695],[2.961233,39.138692],[2.961247,39.138689],[2.961285,39.13868],[2.961321,39.13867],[2.961348,39.138664],[2.961358,39.138663],[2.96137,39.138663],[2.961383,39.138665],[2.961396,39.138668],[2.961406,39.138672],[2.961432,39.138684],[2.961449,39.13869],[2.961458,39.138691],[2.961468,39.138692],[2.96148,39.138691],[2.961495,39.138688],[2.961538,39.138683],[2.961543,39.138684],[2.961559,39.138688],[2.961593,39.138697]],[[2.958064,39.125623],[2.95805,39.125645],[2.958021,39.125688],[2.958005,39.125708],[2.957986,39.125728],[2.957946,39.125776],[2.957942,39.125782],[2.95794,39.125791],[2.957938,39.125801],[2.957938,39.125816],[2.95794,39.125831],[2.957945,39.125862],[2.957952,39.125894],[2.957964,39.125942],[2.957989,39.126031],[2.957994,39.126044],[2.958005,39.126075],[2.958016,39.1261],[2.958027,39.126121],[2.958033,39.126128],[2.958039,39.126133],[2.958048,39.126138],[2.958058,39.126142],[2.958071,39.126145],[2.958084,39.12615],[2.958089,39.126153],[2.958094,39.126159],[2.958098,39.126165],[2.958118,39.126194],[2.958127,39.126204],[2.958136,39.126211],[2.958146,39.126218],[2.958157,39.126223],[2.958169,39.126227],[2.958182,39.12623],[2.958199,39.126232],[2.958257,39.126241],[2.958271,39.126245],[2.958289,39.126252],[2.958304,39.126259],[2.95836,39.126284],[2.958374,39.126289],[2.958425,39.126304],[2.958439,39.126306],[2.958487,39.126313],[2.958513,39.126316],[2.958544,39.126317],[2.958561,39.126317],[2.958584,39.126315],[2.958608,39.126311],[2.958645,39.126304],[2.958668,39.126298],[2.958724,39.126286],[2.958733,39.126285],[2.958752,39.126285],[2.958789,39.126288],[2.958851,39.12629],[2.958865,39.126289],[2.958883,39.126286],[2.958906,39.126281],[2.958971,39.126269],[2.958982,39.126268],[2.95902,39.126268],[2.959052,39.126265],[2.95908,39.126262],[2.959112,39.126257],[2.959204,39.126244],[2.959213,39.126242],[2.959241,39.126236],[2.959352,39.126211],[2.959401,39.126201],[2.959527,39.126172],[2.959566,39.126162],[2.959601,39.126151],[2.959622,39.126143],[2.959639,39.126135],[2.959658,39.126124],[2.959685,39.126107],[2.959796,39.126036],[2.95981,39.126025],[2.959821,39.126015],[2.959836,39.125999],[2.959845,39.125987],[2.959907,39.125898],[2.95991,39.12589],[2.959922,39.125867],[2.959931,39.125854],[2.959949,39.12583],[2.95996,39.125819],[2.959997,39.125783],[2.960008,39.125774],[2.960032,39.125758],[2.960058,39.125741],[2.960085,39.125723],[2.960099,39.125711],[2.960114,39.125697],[2.960155,39.125656],[2.960216,39.125584],[2.960231,39.125566],[2.960233,39.125564],[2.960251,39.125539],[2.960334,39.125422],[2.960349,39.125398],[2.960357,39.125382],[2.960368,39.125357],[2.960371,39.125345],[2.960373,39.125331],[2.960372,39.125321],[2.960369,39.125307],[2.960365,39.125295],[2.960359,39.125283],[2.96035,39.125269],[2.960336,39.125249],[2.960326,39.125239],[2.960325,39.125239],[2.960312,39.125227],[2.960289,39.125209],[2.960279,39.125203],[2.960266,39.125198],[2.960253,39.125193],[2.960239,39.125191],[2.960223,39.125189],[2.960196,39.125188],[2.960126,39.125182],[2.960109,39.12518],[2.960098,39.125176],[2.96009,39.125172],[2.960078,39.125165],[2.960071,39.125159],[2.960066,39.125153],[2.960063,39.125146],[2.960062,39.125139],[2.960063,39.12513],[2.960065,39.125119],[2.96007,39.125108],[2.960087,39.125071],[2.960099,39.125039],[2.9601,39.125032],[2.9601,39.125019],[2.960098,39.125002],[2.960098,39.125001],[2.960089,39.124938],[2.960086,39.124934],[2.960082,39.12493],[2.960079,39.124928],[2.960072,39.124923],[2.960064,39.124919],[2.960057,39.124917],[2.960048,39.124917],[2.960037,39.124918],[2.960021,39.12492],[2.96,39.124925],[2.959973,39.124933],[2.959955,39.12494],[2.95993,39.124951],[2.959846,39.124986],[2.959822,39.124995],[2.959798,39.125002],[2.959792,39.125004],[2.95977,39.125009],[2.959756,39.125011],[2.959737,39.125012],[2.959706,39.125012],[2.959691,39.125011],[2.959671,39.125008],[2.959653,39.125004],[2.959644,39.125002],[2.959587,39.124988],[2.959533,39.124976],[2.959517,39.124974],[2.959422,39.12496],[2.959384,39.124956],[2.95934,39.12495],[2.959309,39.124944],[2.959251,39.124932],[2.959188,39.124917],[2.959173,39.124913],[2.959144,39.124904],[2.959052,39.124877],[2.959031,39.12487],[2.959012,39.124861],[2.958882,39.124805],[2.958772,39.124755],[2.958756,39.124747],[2.958708,39.124722],[2.958682,39.124707],[2.95867,39.124698],[2.958636,39.124672],[2.958626,39.124663],[2.958608,39.124647],[2.958593,39.124636],[2.958577,39.124626],[2.958568,39.124623],[2.958554,39.124619],[2.958529,39.124614],[2.958511,39.124611],[2.958493,39.124607],[2.958485,39.124604],[2.958476,39.124599],[2.958471,39.124594],[2.958465,39.124587],[2.958462,39.124581],[2.958459,39.124571],[2.958453,39.124542],[2.958436,39.124472],[2.958432,39.124463],[2.958427,39.124455],[2.95842,39.124449],[2.958411,39.124441],[2.958403,39.124438],[2.958396,39.124436],[2.958387,39.124435],[2.958379,39.124436],[2.958368,39.124438],[2.958359,39.124442],[2.958346,39.124448],[2.958327,39.124459],[2.958313,39.12447],[2.958302,39.124479],[2.958257,39.124522],[2.958247,39.124534],[2.958208,39.124582],[2.958201,39.124593],[2.958185,39.124622],[2.958179,39.124635],[2.958171,39.12466],[2.95817,39.124669],[2.958169,39.124691],[2.958169,39.12471],[2.958173,39.124751],[2.958177,39.12479],[2.958179,39.124819],[2.958184,39.12486],[2.958187,39.124871],[2.958191,39.124881],[2.958201,39.1249],[2.958208,39.124909],[2.958219,39.124919],[2.958236,39.12494],[2.958237,39.124943],[2.958237,39.124951],[2.958235,39.124961],[2.958227,39.125002],[2.958223,39.125022],[2.958208,39.125107],[2.958209,39.125114],[2.958221,39.125295],[2.95822,39.125306],[2.958216,39.125325],[2.958211,39.125343],[2.9582,39.125375],[2.958194,39.125388],[2.958172,39.125429],[2.958127,39.125512],[2.958064,39.125623]],[[2.940064,39.125032],[2.940051,39.125021],[2.940028,39.125005],[2.940021,39.125],[2.940008,39.124993],[2.939992,39.124984],[2.939975,39.124977],[2.939958,39.124971],[2.939944,39.124969],[2.939926,39.124966],[2.939899,39.124964],[2.939872,39.124963],[2.939729,39.124958],[2.939717,39.124956],[2.939583,39.124934],[2.939569,39.12493],[2.939502,39.124911],[2.939486,39.124905],[2.939463,39.124894],[2.93945,39.124886],[2.939405,39.124863],[2.939391,39.124857],[2.939373,39.124851],[2.93935,39.124846],[2.939307,39.124833],[2.939278,39.124824],[2.93927,39.124819],[2.93926,39.124812],[2.93925,39.124803],[2.939231,39.124784],[2.939184,39.124739],[2.939175,39.124733],[2.939157,39.124723],[2.939135,39.124711],[2.939118,39.124705],[2.939104,39.1247],[2.939089,39.124698],[2.93907,39.124695],[2.939027,39.124692],[2.938956,39.124687],[2.938876,39.124681],[2.93887,39.124679],[2.938856,39.124674],[2.938846,39.124668],[2.938839,39.124662],[2.938833,39.124655],[2.938824,39.124643],[2.938812,39.124627],[2.938804,39.12462],[2.938795,39.124615],[2.938787,39.124611],[2.93878,39.12461],[2.938773,39.12461],[2.938766,39.124611],[2.938758,39.124615],[2.938749,39.12462],[2.93874,39.124627],[2.938736,39.124633],[2.93873,39.124642],[2.938719,39.124666],[2.938664,39.124784],[2.938663,39.124792],[2.938661,39.124809],[2.938649,39.124891],[2.938646,39.124905],[2.938634,39.124954],[2.938635,39.12496],[2.938639,39.124976],[2.938642,39.125],[2.938643,39.125005],[2.938643,39.125014],[2.93864,39.125031],[2.938639,39.125054],[2.93864,39.125066],[2.938643,39.125086],[2.938646,39.125093],[2.938652,39.125102],[2.93866,39.125111],[2.938671,39.125121],[2.938685,39.125131],[2.938697,39.125138],[2.938714,39.125147],[2.938734,39.125155],[2.938748,39.12516],[2.938784,39.125169],[2.938817,39.125176],[2.93885,39.125182],[2.938907,39.125193],[2.938922,39.125197],[2.938977,39.125216],[2.939055,39.12524],[2.939064,39.125242],[2.939074,39.125247],[2.939079,39.125249],[2.939091,39.125254],[2.939105,39.125263],[2.939119,39.125271],[2.939131,39.12528],[2.939142,39.125293],[2.93916,39.125312],[2.939179,39.125333],[2.939195,39.125353],[2.939219,39.125387],[2.939235,39.125413],[2.939251,39.125465],[2.939283,39.125523],[2.939303,39.125545],[2.939327,39.125566],[2.939343,39.125581],[2.939361,39.125594],[2.939378,39.125607],[2.939393,39.12562],[2.939422,39.125638],[2.939449,39.12565],[2.93947,39.125658],[2.939503,39.125673],[2.939511,39.125677],[2.939543,39.125754],[2.939544,39.125762],[2.939544,39.125772],[2.939546,39.125796],[2.939548,39.125803],[2.93956,39.125832],[2.939567,39.125855],[2.939568,39.125863],[2.939569,39.125886],[2.939567,39.125921],[2.939568,39.125946],[2.939568,39.125964],[2.93957,39.125977],[2.939574,39.125993],[2.939582,39.126014],[2.939586,39.12602],[2.939591,39.126024],[2.939595,39.126027],[2.939601,39.126027],[2.939608,39.126027],[2.939616,39.126025],[2.939628,39.126021],[2.939641,39.126014],[2.939668,39.126003],[2.939717,39.125967],[2.93975,39.125946],[2.939755,39.125944],[2.939792,39.125921],[2.939835,39.125894],[2.939852,39.125881],[2.939895,39.125851],[2.939929,39.125829],[2.940067,39.125738],[2.94008,39.125728],[2.940175,39.125653],[2.940192,39.125642],[2.940249,39.125602],[2.940265,39.125589],[2.940286,39.125569],[2.94035,39.125509],[2.940358,39.125499],[2.940364,39.12549],[2.940369,39.125477],[2.940372,39.125466],[2.940376,39.125444],[2.940376,39.125437],[2.940373,39.125426],[2.940369,39.125415],[2.940364,39.125406],[2.940355,39.125395],[2.940347,39.125387],[2.940334,39.125376],[2.940322,39.12537],[2.940301,39.125359],[2.940273,39.125343],[2.940257,39.125332],[2.940241,39.12532],[2.940234,39.125313],[2.940231,39.125307],[2.94023,39.125301],[2.94023,39.125294],[2.940233,39.125286],[2.940238,39.125275],[2.94025,39.125248],[2.940252,39.125237],[2.940254,39.125228],[2.940254,39.125222],[2.940253,39.125215],[2.940252,39.125211],[2.940251,39.125207],[2.940246,39.125201],[2.940238,39.125192],[2.940225,39.12518],[2.940173,39.125136],[2.940125,39.125093],[2.94011,39.125078],[2.940064,39.125032]],[[2.93847,39.125902],[2.938394,39.125874],[2.93838,39.12587],[2.938252,39.125838],[2.938167,39.125816],[2.938154,39.125811],[2.938129,39.125803],[2.938117,39.125801],[2.938104,39.1258],[2.938091,39.125801],[2.938072,39.125803],[2.938058,39.125807],[2.93804,39.125812],[2.938006,39.125824],[2.937983,39.125834],[2.937924,39.125861],[2.937893,39.125878],[2.937862,39.125895],[2.937811,39.125925],[2.937803,39.125932],[2.937792,39.125943],[2.937784,39.125953],[2.93778,39.125961],[2.937778,39.125968],[2.937779,39.125974],[2.937781,39.125981],[2.937785,39.125987],[2.937792,39.125994],[2.9378,39.126001],[2.937812,39.126008],[2.937831,39.126018],[2.937894,39.126054],[2.937904,39.126061],[2.937918,39.126073],[2.93796,39.126125],[2.937983,39.126144],[2.938002,39.126153],[2.938024,39.126166],[2.938045,39.126176],[2.938061,39.126181],[2.938076,39.126192],[2.938094,39.126203],[2.938108,39.126209],[2.938116,39.126211],[2.938125,39.126212],[2.93814,39.126216],[2.938188,39.12622],[2.938236,39.126219],[2.938288,39.126217],[2.938381,39.126205],[2.938411,39.126205],[2.938413,39.126205],[2.938457,39.126207],[2.938507,39.126208],[2.938539,39.126218],[2.938588,39.126214],[2.938632,39.126219],[2.938657,39.126226],[2.938699,39.126247],[2.938737,39.126268],[2.938759,39.12626],[2.938784,39.126256],[2.938793,39.126262],[2.938797,39.126266],[2.938798,39.12627],[2.938798,39.126275],[2.938796,39.12628],[2.93879,39.1263],[2.938791,39.126303],[2.938795,39.126308],[2.938796,39.12631],[2.938804,39.126317],[2.938811,39.126322],[2.938822,39.126328],[2.938843,39.12634],[2.938847,39.126344],[2.93885,39.126349],[2.93885,39.126353],[2.938848,39.126359],[2.938839,39.126382],[2.938829,39.126411],[2.938828,39.126419],[2.938829,39.126429],[2.938832,39.126436],[2.938836,39.126444],[2.938841,39.126449],[2.938848,39.126454],[2.938857,39.126458],[2.938865,39.126459],[2.938871,39.12646],[2.93888,39.126458],[2.938886,39.126456],[2.938893,39.126452],[2.938898,39.126446],[2.938904,39.126439],[2.938912,39.126425],[2.938925,39.126405],[2.938936,39.126393],[2.938948,39.126381],[2.938971,39.126361],[2.938998,39.126339],[2.939021,39.126323],[2.939042,39.12631],[2.939056,39.126303],[2.939075,39.126295],[2.939107,39.126284],[2.939141,39.12627],[2.93926,39.12622],[2.939274,39.126213],[2.939296,39.126199],[2.939326,39.126179],[2.939363,39.126157],[2.939426,39.126116],[2.939428,39.126112],[2.939433,39.126104],[2.939434,39.126097],[2.939435,39.126086],[2.939433,39.126069],[2.939428,39.126025],[2.939424,39.126006],[2.939417,39.125981],[2.93941,39.125962],[2.939398,39.125936],[2.939391,39.125926],[2.939382,39.125915],[2.939376,39.12591],[2.939369,39.125907],[2.939363,39.125906],[2.939357,39.125907],[2.939349,39.125908],[2.939343,39.125911],[2.939335,39.125917],[2.939328,39.125924],[2.939318,39.125936],[2.939279,39.12598],[2.939269,39.125989],[2.939221,39.12603],[2.939201,39.126045],[2.939188,39.126053],[2.939177,39.126058],[2.939164,39.126062],[2.939154,39.126064],[2.939141,39.126064],[2.939123,39.126064],[2.939114,39.126064],[2.939097,39.126062],[2.939076,39.12606],[2.938969,39.126046],[2.938863,39.126031],[2.938839,39.126026],[2.938748,39.126007],[2.938733,39.126002],[2.938655,39.125977],[2.938634,39.125969],[2.938592,39.12595],[2.938519,39.12592],[2.938499,39.125913],[2.93847,39.125902]],[[2.942464,39.126036],[2.94248,39.12606],[2.942484,39.126067],[2.942486,39.126077],[2.942487,39.126088],[2.942495,39.126188],[2.942497,39.126195],[2.942512,39.126233],[2.942518,39.126244],[2.942519,39.126247],[2.942532,39.126266],[2.942536,39.12627],[2.942542,39.126273],[2.942546,39.126273],[2.942552,39.126273],[2.942561,39.12627],[2.942571,39.126266],[2.942587,39.126258],[2.942599,39.126252],[2.942622,39.126238],[2.942633,39.12623],[2.942657,39.12621],[2.942679,39.12619],[2.94274,39.126137],[2.942749,39.126131],[2.942802,39.1261],[2.94281,39.126097],[2.942821,39.126092],[2.942828,39.126087],[2.94287,39.12606],[2.94289,39.126048],[2.942916,39.126035],[2.94292,39.126035],[2.94305,39.125985],[2.94307,39.125974],[2.943073,39.125972],[2.943088,39.125967],[2.943104,39.125963],[2.943121,39.125961],[2.943192,39.125948],[2.943198,39.125946],[2.94321,39.125939],[2.943216,39.125935],[2.943219,39.12593],[2.943221,39.125924],[2.943234,39.125891],[2.943237,39.125888],[2.943244,39.125883],[2.943252,39.12588],[2.94326,39.125879],[2.943269,39.125878],[2.943283,39.125879],[2.943307,39.125882],[2.943347,39.125885],[2.943361,39.125885],[2.94337,39.125883],[2.943377,39.12588],[2.943383,39.125876],[2.943388,39.125871],[2.943391,39.125866],[2.943403,39.125846],[2.943408,39.125841],[2.943419,39.125829],[2.943423,39.125823],[2.943425,39.125814],[2.943425,39.125807],[2.943423,39.1258],[2.94342,39.125794],[2.943415,39.125788],[2.943409,39.125784],[2.9434,39.12578],[2.943391,39.125777],[2.943381,39.125775],[2.94337,39.125775],[2.943356,39.125776],[2.943322,39.125781],[2.943304,39.125784],[2.943287,39.125786],[2.943279,39.125786],[2.943272,39.125784],[2.943268,39.125781],[2.943266,39.125778],[2.943265,39.125774],[2.943266,39.125767],[2.943268,39.125758],[2.943274,39.125745],[2.943288,39.125718],[2.943295,39.125708],[2.943304,39.125699],[2.943313,39.125692],[2.943335,39.125676],[2.943342,39.125674],[2.943348,39.125673],[2.943353,39.125673],[2.94336,39.125676],[2.943368,39.12568],[2.943387,39.125691],[2.943389,39.125692],[2.943403,39.125698],[2.943418,39.125704],[2.943436,39.125709],[2.943453,39.125712],[2.943469,39.125713],[2.943482,39.125713],[2.943495,39.125712],[2.943517,39.125707],[2.943545,39.125701],[2.94358,39.125691],[2.943614,39.12568],[2.943674,39.125662],[2.943733,39.125646],[2.943741,39.125646],[2.943751,39.125647],[2.94376,39.125649],[2.943803,39.125657],[2.943808,39.125656],[2.943817,39.125654],[2.943823,39.125651],[2.943831,39.125646],[2.943865,39.125624],[2.943872,39.125621],[2.943934,39.125595],[2.943951,39.125586],[2.944002,39.125558],[2.944054,39.125528],[2.944065,39.125519],[2.944082,39.125505],[2.944092,39.125494],[2.944096,39.125487],[2.944099,39.12548],[2.9441,39.125471],[2.9441,39.12546],[2.944098,39.125447],[2.944094,39.12543],[2.94409,39.125422],[2.944085,39.125415],[2.944079,39.12541],[2.944072,39.125407],[2.944063,39.125404],[2.944049,39.125401],[2.943939,39.125381],[2.943926,39.12538],[2.943892,39.125376],[2.943858,39.12537],[2.943827,39.125364],[2.943803,39.125357],[2.943698,39.12533],[2.943653,39.12532],[2.943632,39.125314],[2.943606,39.125305],[2.943588,39.1253],[2.943553,39.125292],[2.943491,39.125279],[2.943483,39.125279],[2.943463,39.125279],[2.943457,39.125281],[2.943452,39.125283],[2.943448,39.125288],[2.943445,39.125293],[2.943444,39.125298],[2.943445,39.125306],[2.943446,39.125341],[2.943444,39.125349],[2.943434,39.125392],[2.943431,39.125404],[2.943428,39.125408],[2.943422,39.125416],[2.943406,39.125437],[2.9434,39.125447],[2.943375,39.125489],[2.94337,39.125494],[2.943357,39.125505],[2.943347,39.125511],[2.943339,39.125514],[2.943329,39.125517],[2.943318,39.125518],[2.943303,39.125518],[2.943285,39.125517],[2.943262,39.125515],[2.943251,39.125512],[2.943243,39.125509],[2.943237,39.125504],[2.943231,39.125498],[2.943207,39.125477],[2.943202,39.125475],[2.94319,39.12547],[2.943177,39.125468],[2.943169,39.125467],[2.943161,39.125468],[2.943151,39.125471],[2.943142,39.125474],[2.943127,39.125482],[2.943119,39.125485],[2.943091,39.125495],[2.943085,39.125499],[2.943075,39.125506],[2.94306,39.12552],[2.943026,39.12555],[2.942979,39.125593],[2.94297,39.125603],[2.942947,39.125628],[2.942925,39.125647],[2.942914,39.125656],[2.942902,39.125664],[2.942845,39.125699],[2.94284,39.125704],[2.94283,39.125716],[2.942802,39.125746],[2.942796,39.12575],[2.942785,39.125755],[2.942778,39.125758],[2.94277,39.125758],[2.94276,39.125758],[2.94275,39.125756],[2.942738,39.125752],[2.942723,39.125746],[2.942701,39.125736],[2.942653,39.125712],[2.942641,39.125703],[2.942613,39.125688],[2.942596,39.12568],[2.942534,39.125652],[2.942517,39.125646],[2.942476,39.125634],[2.942439,39.125624],[2.942434,39.125624],[2.942425,39.125625],[2.942416,39.125628],[2.942408,39.125632],[2.942406,39.125634],[2.9424,39.125638],[2.942385,39.12565],[2.94235,39.125681],[2.942343,39.125689],[2.942337,39.125697],[2.942334,39.125702],[2.942332,39.125708],[2.942329,39.125715],[2.942327,39.125724],[2.942326,39.125734],[2.942331,39.125744],[2.942338,39.125762],[2.942359,39.125778],[2.942387,39.125798],[2.942412,39.125809],[2.942425,39.125819],[2.942433,39.125827],[2.942439,39.125836],[2.942441,39.125842],[2.942443,39.12585],[2.942444,39.125859],[2.942444,39.125867],[2.942442,39.125876],[2.942441,39.125887],[2.942442,39.125917],[2.942442,39.125922],[2.942445,39.125933],[2.942451,39.125947],[2.942455,39.12596],[2.942454,39.125965],[2.942452,39.125974],[2.942448,39.125995],[2.942448,39.126],[2.942454,39.12602],[2.942458,39.126027],[2.942464,39.126036]],[[2.941284,39.126755],[2.941273,39.126753],[2.941257,39.126754],[2.941247,39.126757],[2.941236,39.126763],[2.941226,39.126771],[2.941216,39.126782],[2.941212,39.126791],[2.94121,39.126803],[2.94121,39.126819],[2.941213,39.126844],[2.941217,39.126858],[2.941223,39.126865],[2.941231,39.12687],[2.941241,39.126874],[2.941254,39.126876],[2.941274,39.126877],[2.941417,39.126903],[2.941422,39.126905],[2.941452,39.126916],[2.941462,39.126918],[2.941473,39.126917],[2.941479,39.126914],[2.941481,39.12691],[2.94148,39.126906],[2.941475,39.126898],[2.941465,39.126888],[2.941415,39.126834],[2.941369,39.126788],[2.941361,39.126784],[2.941316,39.126765],[2.941284,39.126755]],[[2.944008,39.126762],[2.943999,39.126768],[2.943961,39.126804],[2.94396,39.126806],[2.943957,39.126822],[2.943959,39.126826],[2.943963,39.126827],[2.943974,39.126828],[2.944015,39.12683],[2.944019,39.126828],[2.944024,39.126822],[2.944028,39.126812],[2.944032,39.126798],[2.944033,39.126783],[2.94403,39.126771],[2.944026,39.126765],[2.944019,39.12676],[2.944014,39.12676],[2.944008,39.126762]],[[2.937629,39.128488],[2.937639,39.128471],[2.93765,39.12846],[2.937697,39.128403],[2.937697,39.128398],[2.937694,39.128388],[2.937689,39.12838],[2.937682,39.128374],[2.937672,39.128369],[2.937661,39.128367],[2.93759,39.128362],[2.937577,39.128364],[2.937549,39.128371],[2.937502,39.128386],[2.9375,39.128387],[2.937479,39.128396],[2.937473,39.128401],[2.937469,39.128408],[2.937469,39.128415],[2.937471,39.128422],[2.937477,39.128433],[2.937489,39.128446],[2.9375,39.128459],[2.937563,39.12853],[2.937571,39.128535],[2.937583,39.128539],[2.937592,39.12854],[2.937598,39.128538],[2.937603,39.128534],[2.937611,39.128525],[2.937621,39.128508],[2.937629,39.128488]],[[2.929631,39.129785],[2.929638,39.129782],[2.929654,39.129773],[2.929731,39.129731],[2.929752,39.129718],[2.929781,39.129698],[2.929789,39.12969],[2.929794,39.129682],[2.929798,39.129674],[2.9298,39.129666],[2.929801,39.129657],[2.929799,39.129648],[2.929795,39.129636],[2.92979,39.129626],[2.929785,39.129619],[2.929777,39.129613],[2.929751,39.129588],[2.92975,39.129584],[2.929751,39.129579],[2.929753,39.129575],[2.929758,39.129571],[2.929767,39.129564],[2.929807,39.129532],[2.929818,39.129522],[2.929823,39.129514],[2.929825,39.129508],[2.929825,39.129501],[2.929824,39.129493],[2.929821,39.129485],[2.929817,39.129477],[2.92981,39.12947],[2.9298,39.129461],[2.929778,39.129445],[2.929765,39.129437],[2.929744,39.129426],[2.929726,39.129419],[2.929702,39.12941],[2.92967,39.1294],[2.929662,39.1294],[2.929654,39.1294],[2.929646,39.129402],[2.92964,39.129406],[2.929634,39.129411],[2.929629,39.129417],[2.929625,39.129426],[2.92961,39.129449],[2.929606,39.129453],[2.929599,39.129457],[2.929582,39.129463],[2.929571,39.12947],[2.929565,39.129475],[2.929559,39.129483],[2.929554,39.129493],[2.929549,39.129505],[2.929542,39.129526],[2.929526,39.129565],[2.929521,39.129574],[2.929516,39.129585],[2.929515,39.129591],[2.929515,39.129599],[2.929517,39.129607],[2.929522,39.129616],[2.929532,39.12963],[2.929542,39.129642],[2.929584,39.129677],[2.929587,39.129697],[2.929588,39.1297],[2.929592,39.129734],[2.929599,39.129767],[2.929602,39.129775],[2.929607,39.129782],[2.929612,39.129785],[2.929617,39.129786],[2.929623,39.129787],[2.929631,39.129785]],[[2.931434,39.131168],[2.931445,39.131165],[2.931456,39.131161],[2.931463,39.131157],[2.93147,39.131152],[2.931486,39.131137],[2.931515,39.131112],[2.931522,39.131104],[2.931539,39.131082],[2.931541,39.131076],[2.931542,39.13107],[2.93154,39.131064],[2.931537,39.131055],[2.931531,39.131048],[2.931523,39.131039],[2.931515,39.131033],[2.931506,39.131028],[2.931489,39.131021],[2.931476,39.131016],[2.931466,39.131015],[2.93145,39.131014],[2.931438,39.131014],[2.931421,39.131016],[2.931414,39.131019],[2.931408,39.131022],[2.931402,39.131027],[2.931397,39.131034],[2.931395,39.13104],[2.931394,39.13104],[2.931388,39.13106],[2.931387,39.131062],[2.931376,39.131108],[2.931374,39.131121],[2.931375,39.131133],[2.931377,39.13114],[2.931379,39.131148],[2.931385,39.131156],[2.931391,39.131161],[2.931399,39.131167],[2.931409,39.131169],[2.931422,39.131169],[2.931434,39.131168]],[[2.923229,39.132454],[2.92321,39.132451],[2.923149,39.132441],[2.923124,39.132436],[2.923049,39.132421],[2.923042,39.132421],[2.923029,39.132424],[2.923019,39.132427],[2.923001,39.132435],[2.922987,39.132439],[2.922972,39.132442],[2.922876,39.132462],[2.922858,39.132467],[2.922822,39.132477],[2.922802,39.13248],[2.92278,39.132485],[2.922767,39.13249],[2.922764,39.132493],[2.922762,39.132497],[2.922761,39.132503],[2.922761,39.132512],[2.922764,39.132525],[2.922766,39.132543],[2.922764,39.132549],[2.92276,39.132552],[2.922747,39.132554],[2.922735,39.132554],[2.922721,39.132553],[2.922709,39.132552],[2.922704,39.132551],[2.922692,39.13255],[2.922671,39.132547],[2.922659,39.132545],[2.922653,39.132547],[2.922644,39.132552],[2.922634,39.132562],[2.922625,39.132568],[2.922617,39.132575],[2.922612,39.132582],[2.922611,39.132587],[2.922612,39.132591],[2.922615,39.132597],[2.922618,39.132601],[2.922626,39.132605],[2.922635,39.132609],[2.922658,39.132616],[2.922683,39.132622],[2.922756,39.132643],[2.922769,39.132648],[2.922784,39.132656],[2.922794,39.132663],[2.9228,39.13267],[2.922804,39.132676],[2.922809,39.132686],[2.922813,39.1327],[2.922826,39.132751],[2.922828,39.132765],[2.922828,39.132777],[2.922825,39.132797],[2.92282,39.132821],[2.922816,39.132834],[2.922809,39.132861],[2.922804,39.132885],[2.922805,39.13289],[2.922809,39.1329],[2.922815,39.132908],[2.922822,39.132915],[2.922831,39.132921],[2.922852,39.132934],[2.922864,39.13294],[2.922877,39.132944],[2.922911,39.132957],[2.922934,39.132964],[2.922945,39.132966],[2.922975,39.13297],[2.922985,39.13297],[2.923007,39.132968],[2.923036,39.132964],[2.923145,39.13295],[2.923169,39.132949],[2.923203,39.132948],[2.923385,39.132938],[2.923422,39.132942],[2.92344,39.132943],[2.923455,39.132943],[2.92347,39.132941],[2.923488,39.132936],[2.923502,39.132932],[2.923512,39.132927],[2.923526,39.132918],[2.92354,39.132908],[2.923549,39.132899],[2.923558,39.132887],[2.923567,39.132874],[2.923574,39.132859],[2.92359,39.132819],[2.923592,39.13281],[2.923592,39.132797],[2.92359,39.132784],[2.923587,39.13277],[2.923579,39.13275],[2.923564,39.132703],[2.923563,39.132693],[2.923563,39.132678],[2.923562,39.132628],[2.92356,39.132624],[2.923554,39.132613],[2.92354,39.132592],[2.923527,39.132578],[2.923482,39.132528],[2.92347,39.132517],[2.923432,39.132485],[2.923424,39.132481],[2.923405,39.132474],[2.923382,39.132466],[2.923367,39.132462],[2.92335,39.13246],[2.923328,39.132458],[2.92327,39.132455],[2.923248,39.132455],[2.923229,39.132454]],[[2.918519,39.147975],[2.918525,39.147971],[2.91853,39.147965],[2.918532,39.147958],[2.918532,39.147949],[2.918529,39.14794],[2.918525,39.147939],[2.918515,39.147937],[2.918476,39.147935],[2.918473,39.147937],[2.918471,39.147941],[2.918472,39.147947],[2.918495,39.147975],[2.918503,39.147978],[2.918511,39.147978],[2.918519,39.147975]],[[2.948289,39.159928],[2.94828,39.159936],[2.948269,39.159948],[2.948264,39.159958],[2.948262,39.159968],[2.948264,39.15997],[2.948272,39.159975],[2.948305,39.159991],[2.94831,39.159991],[2.948317,39.159988],[2.94833,39.15998],[2.948345,39.159968],[2.948332,39.159935],[2.948329,39.159934],[2.948292,39.159926],[2.948289,39.159928]],[[2.93541,39.147371],[2.935402,39.147376],[2.935388,39.147385],[2.935382,39.147392],[2.935384,39.147394],[2.93539,39.147409],[2.935391,39.147419],[2.93539,39.147449],[2.935387,39.147458],[2.935385,39.147473],[2.935388,39.14748],[2.935393,39.147487],[2.935401,39.147493],[2.935423,39.147514],[2.935431,39.147525],[2.935447,39.147542],[2.935456,39.147547],[2.935465,39.14755],[2.935469,39.147549],[2.935471,39.147545],[2.935474,39.147534],[2.935486,39.147519],[2.935488,39.147515],[2.935502,39.147483],[2.935509,39.147459],[2.935511,39.147446],[2.935511,39.147409],[2.935508,39.147403],[2.9355,39.147393],[2.935488,39.147382],[2.935481,39.147379],[2.935477,39.14738],[2.935472,39.147383],[2.93546,39.147388],[2.935455,39.147388],[2.935426,39.147384],[2.935426,39.147382],[2.935421,39.14737],[2.935418,39.14737],[2.93541,39.147371]],[[2.949944,39.15628],[2.949936,39.156289],[2.94996,39.156296],[2.949967,39.156295],[2.949972,39.156292],[2.949974,39.156289],[2.949972,39.156285],[2.949967,39.156281],[2.949958,39.156278],[2.949951,39.156278],[2.949944,39.15628]],[[2.949783,39.156241],[2.949772,39.156245],[2.949752,39.156255],[2.949754,39.156257],[2.94976,39.15626],[2.949771,39.156262],[2.94978,39.156261],[2.949799,39.156258],[2.94981,39.156253],[2.949816,39.156248],[2.949817,39.156243],[2.949814,39.156241],[2.949788,39.15624],[2.949783,39.156241]],[[2.949657,39.156189],[2.949654,39.156192],[2.949625,39.156218],[2.949627,39.15622],[2.949636,39.156222],[2.949646,39.156223],[2.949658,39.156221],[2.949686,39.156214],[2.949694,39.15621],[2.949706,39.156194],[2.949703,39.156193],[2.949666,39.156188],[2.949657,39.156189]],[[2.942466,39.148385],[2.94245,39.148389],[2.942443,39.148393],[2.942438,39.148398],[2.942434,39.148407],[2.942431,39.148419],[2.942432,39.148429],[2.942455,39.148451],[2.94246,39.148449],[2.94247,39.148442],[2.942479,39.148434],[2.942509,39.1484],[2.942509,39.148396],[2.942506,39.148391],[2.942501,39.148388],[2.942491,39.148385],[2.94248,39.148384],[2.942466,39.148385]],[[2.935791,39.121846],[2.935764,39.121849],[2.935727,39.121853],[2.9357,39.121855],[2.935675,39.121855],[2.935604,39.121858],[2.935591,39.12186],[2.935574,39.121863],[2.935558,39.121868],[2.935538,39.121876],[2.935527,39.121882],[2.935517,39.121889],[2.935507,39.121898],[2.9355,39.121906],[2.935494,39.121916],[2.935488,39.121928],[2.935484,39.121941],[2.935482,39.121954],[2.935479,39.121984],[2.935474,39.122008],[2.935471,39.122016],[2.935465,39.122025],[2.935456,39.122037],[2.935426,39.122079],[2.935422,39.122087],[2.935417,39.122103],[2.935414,39.122117],[2.935411,39.122137],[2.935411,39.122155],[2.935415,39.122175],[2.935412,39.122177],[2.935431,39.122192],[2.935468,39.122208],[2.935488,39.122212],[2.935516,39.122212],[2.935553,39.122197],[2.935611,39.122162],[2.935651,39.122142],[2.935676,39.122153],[2.935697,39.122162],[2.935716,39.122164],[2.935737,39.122169],[2.935747,39.12217],[2.935755,39.122171],[2.935764,39.122172],[2.935777,39.122172],[2.935799,39.122171],[2.935819,39.12217],[2.935837,39.122176],[2.935849,39.122178],[2.93587,39.12218],[2.935885,39.122181],[2.935908,39.12218],[2.935928,39.122177],[2.935974,39.122171],[2.935994,39.122166],[2.936114,39.122147],[2.936154,39.122156],[2.936188,39.122172],[2.93621,39.122188],[2.936237,39.122203],[2.936271,39.122207],[2.936296,39.122206],[2.93633,39.122203],[2.936357,39.122195],[2.936383,39.122187],[2.936404,39.12218],[2.936413,39.122178],[2.936426,39.122173],[2.93644,39.122169],[2.936455,39.122163],[2.936462,39.122161],[2.936471,39.122159],[2.936479,39.122155],[2.936486,39.122153],[2.936495,39.122149],[2.936506,39.122144],[2.936522,39.122136],[2.936534,39.12213],[2.936551,39.122118],[2.936561,39.122113],[2.936592,39.122094],[2.936607,39.122085],[2.936629,39.122074],[2.936652,39.122063],[2.936679,39.122053],[2.936695,39.122048],[2.936716,39.122043],[2.936743,39.122038],[2.936803,39.122026],[2.936813,39.122023],[2.936826,39.122017],[2.936836,39.12201],[2.936859,39.121994],[2.93688,39.121979],[2.936894,39.121965],[2.936923,39.121936],[2.936936,39.121922],[2.936948,39.121905],[2.936961,39.121885],[2.936971,39.121865],[2.936979,39.121844],[2.936986,39.121824],[2.936988,39.121812],[2.936988,39.121802],[2.936986,39.121795],[2.936983,39.121789],[2.936978,39.121784],[2.936971,39.121779],[2.936964,39.121775],[2.936955,39.121772],[2.93694,39.12177],[2.936926,39.121768],[2.936912,39.121768],[2.936898,39.12177],[2.936887,39.121772],[2.936876,39.121776],[2.936864,39.121782],[2.936799,39.121815],[2.93678,39.121826],[2.936763,39.121838],[2.936748,39.121851],[2.936739,39.121861],[2.936726,39.121877],[2.93671,39.121893],[2.936702,39.121899],[2.936691,39.121907],[2.93668,39.121911],[2.936649,39.121923],[2.936632,39.121928],[2.936571,39.121944],[2.936545,39.12195],[2.936544,39.12195],[2.936501,39.121958],[2.936499,39.121958],[2.936481,39.12196],[2.936455,39.121962],[2.936442,39.121962],[2.936428,39.12196],[2.936399,39.121956],[2.936384,39.121952],[2.936377,39.121949],[2.936369,39.121943],[2.936358,39.121934],[2.936341,39.121918],[2.936325,39.121906],[2.936318,39.121902],[2.936302,39.121895],[2.93629,39.121892],[2.93625,39.121882],[2.936236,39.12188],[2.936196,39.121875],[2.936177,39.121874],[2.936043,39.121871],[2.936025,39.121869],[2.936023,39.121869],[2.93595,39.121862],[2.935871,39.121852],[2.935802,39.121846],[2.935791,39.121846]],[[2.94032,39.120759],[2.940253,39.120772],[2.94024,39.120775],[2.94019,39.120792],[2.940147,39.120808],[2.940065,39.120839],[2.939983,39.120869],[2.939969,39.120872],[2.939935,39.120879],[2.939876,39.120893],[2.939859,39.120898],[2.939833,39.120908],[2.93981,39.120918],[2.93979,39.120929],[2.93978,39.120936],[2.939768,39.120947],[2.939762,39.120954],[2.939757,39.120964],[2.939754,39.120971],[2.939754,39.120979],[2.939755,39.120987],[2.939758,39.120997],[2.939765,39.12101],[2.939771,39.121019],[2.939781,39.121031],[2.939795,39.121045],[2.939808,39.121056],[2.939833,39.121077],[2.939843,39.121084],[2.939858,39.121092],[2.939872,39.121096],[2.939885,39.121096],[2.939898,39.121096],[2.939912,39.121095],[2.939927,39.121094],[2.93995,39.12109],[2.939984,39.121083],[2.940028,39.121075],[2.94006,39.121063],[2.940079,39.121058],[2.940108,39.121048],[2.940142,39.121035],[2.940161,39.121026],[2.940268,39.120975],[2.940292,39.120962],[2.940318,39.12095],[2.940374,39.120934],[2.940408,39.120931],[2.940457,39.120906],[2.940489,39.12088],[2.940502,39.120871],[2.940509,39.120865],[2.940517,39.120855],[2.940522,39.120847],[2.940525,39.120838],[2.940527,39.120828],[2.940526,39.120819],[2.940524,39.120807],[2.94052,39.120797],[2.940516,39.12079],[2.940509,39.120783],[2.9405,39.120776],[2.940487,39.120768],[2.940478,39.120763],[2.940464,39.120759],[2.940451,39.120757],[2.940442,39.120756],[2.940433,39.120757],[2.940421,39.12076],[2.940395,39.120764],[2.94039,39.120763],[2.940326,39.120758],[2.94032,39.120759]]]},"properties":{"featureId":"enp-es530002-parc-nacional-maritimoterrestre-de-l-arxipelag-de-cabrera--parc-nacional--mari--01","zoneId":"enp-es530002-parc-nacional-maritimoterrestre-de-l-arxipelag-de-cabrera--parc-nacional--mari","fuente":"espacios-naturales","fuenteTitulo":"Espacios naturales protegidos (ámbito marino)","nombre":"Parc Nacional Maritimoterrestre de l'Arxipèlag de Cabrera","proteccion":"Parc nacional","competencia":null,"isla":"cabrera","areaKm2":895.5377,"normas":[{"titulo":"Resolución de 7 de febrero de 2019, del OAPN, publica Acuerdo del Consejo de Ministros de 1 de febrero de 2019, amplían límites PNMTA de Cabrera","fecha":"2019-02-07","url":"https://www.boe.es/diario_boe/txt.php?id=BOE-A-2019-2215","tipo":"creacion","origen":"ideib"}],"objectIdOrigen":1,"ambito":"Marí","codigo":"ES530002"}}]}