{"type":"FeatureCollection","features":[{"type":"Feature","geometry":{"type":"MultiPolygon","coordinates":[[[[1.396736,38.726741],[1.397562,38.727938],[1.396885,38.728534],[1.396205,38.72847],[1.395179,38.726529],[1.395292,38.726445],[1.396112,38.725696],[1.396191,38.725686],[1.396275,38.725803],[1.396366,38.725901],[1.39642,38.725979],[1.396518,38.726245],[1.396619,38.726416],[1.396711,38.72647],[1.396864,38.72655],[1.398677,38.727999],[1.398713,38.727986],[1.398722,38.727994],[1.398755,38.727982],[1.398767,38.727978],[1.398833,38.727975],[1.398833,38.727971],[1.398878,38.72797],[1.398878,38.727967],[1.398895,38.72802],[1.398723,38.728041],[1.398718,38.728037],[1.398712,38.728042],[1.398678,38.728046],[1.398673,38.728042],[1.398656,38.728057],[1.396956,38.726651],[1.396924,38.726667],[1.396911,38.726656],[1.396736,38.726741]]],[[[1.458512,38.891396],[1.441701,38.891173],[1.405101,38.872916],[1.405196,38.873001],[1.405222,38.873029],[1.405232,38.87306],[1.405217,38.873096],[1.405164,38.873111],[1.405148,38.873112],[1.405108,38.873114],[1.404932,38.873189],[1.404923,38.873196],[1.404877,38.873232],[1.404863,38.87324],[1.404747,38.873306],[1.404669,38.873362],[1.404586,38.873434],[1.404521,38.873503],[1.404458,38.873549],[1.404291,38.873685],[1.404281,38.873694],[1.404217,38.873758],[1.40419,38.873785],[1.404166,38.873816],[1.404138,38.873855],[1.404037,38.873923],[1.404027,38.87393],[1.403992,38.873954],[1.403966,38.873967],[1.403889,38.874008],[1.403844,38.874031],[1.403821,38.874043],[1.403637,38.874176],[1.403523,38.874232],[1.403487,38.874264],[1.403435,38.874327],[1.403398,38.874373],[1.403393,38.874372],[1.403389,38.874375],[1.403268,38.874458],[1.403041,38.87474],[1.402904,38.875056],[1.402738,38.875288],[1.402485,38.875594],[1.402444,38.875618],[1.401655,38.875725],[1.401281,38.875735],[1.400675,38.875676],[1.400441,38.875628],[1.400087,38.875405],[1.400035,38.875455],[1.397859,38.878023],[1.397148,38.878973],[1.397054,38.879093],[1.396817,38.879339],[1.396425,38.87984],[1.396377,38.879893],[1.396174,38.880004],[1.396039,38.880041],[1.395981,38.880123],[1.395865,38.880384],[1.395809,38.880513],[1.395597,38.880793],[1.395375,38.8811],[1.394615,38.882018],[1.394549,38.881985],[1.393481,38.881556],[1.393138,38.880595],[1.392521,38.878855],[1.392351,38.87905],[1.39201,38.879432],[1.390914,38.878933],[1.38952,38.878309],[1.388512,38.877858],[1.387674,38.877473],[1.383862,38.875852],[1.380245,38.874343],[1.376407,38.872769],[1.373031,38.871368],[1.369906,38.87006],[1.368748,38.869581],[1.366189,38.868515],[1.364111,38.867655],[1.362448,38.866971],[1.360215,38.866048],[1.358655,38.865403],[1.356778,38.864636],[1.355737,38.865345],[1.355091,38.865752],[1.354327,38.866264],[1.352984,38.867051],[1.356508,38.868633],[1.356695,38.868689],[1.357308,38.868953],[1.356939,38.869213],[1.356716,38.869514],[1.356578,38.869554],[1.356356,38.869581],[1.356297,38.869613],[1.356245,38.869644],[1.356153,38.869686],[1.356037,38.869753],[1.355943,38.869804],[1.355856,38.869841],[1.355812,38.869868],[1.355727,38.869927],[1.355634,38.869994],[1.355624,38.870013],[1.355624,38.870067],[1.355626,38.870149],[1.355637,38.870236],[1.355637,38.870289],[1.355636,38.870347],[1.355627,38.870379],[1.355609,38.870407],[1.35554,38.87047],[1.355462,38.870521],[1.355436,38.870539],[1.355397,38.870551],[1.35524,38.870584],[1.355151,38.870592],[1.355062,38.870614],[1.355028,38.870632],[1.355027,38.870632],[1.354938,38.870672],[1.354876,38.87072],[1.354727,38.870843],[1.354653,38.870937],[1.354614,38.870975],[1.354546,38.871023],[1.35446,38.871088],[1.354426,38.871115],[1.35436,38.871169],[1.354302,38.871217],[1.354254,38.871243],[1.35418,38.871255],[1.354083,38.87126],[1.353985,38.87126],[1.353922,38.871259],[1.353875,38.871255],[1.353783,38.871247],[1.353715,38.871235],[1.353691,38.871232],[1.353424,38.871218],[1.352385,38.872496],[1.35233,38.872442],[1.351989,38.871879],[1.351876,38.871742],[1.351771,38.87163],[1.351699,38.871816],[1.351692,38.871835],[1.351554,38.872142],[1.351509,38.872226],[1.351468,38.872222],[1.351363,38.872162],[1.351097,38.872115],[1.350873,38.872083],[1.350724,38.872029],[1.348909,38.871641],[1.348098,38.87151],[1.347861,38.871556],[1.347753,38.871571],[1.347491,38.871596],[1.347277,38.871602],[1.347123,38.8716],[1.346965,38.871777],[1.346663,38.872161],[1.346581,38.872161],[1.346268,38.872167],[1.345967,38.872182],[1.345793,38.872188],[1.345562,38.872192],[1.345313,38.872161],[1.344994,38.872075],[1.344607,38.871964],[1.344375,38.871902],[1.344086,38.871815],[1.343867,38.87177],[1.343649,38.87172],[1.343443,38.871703],[1.343292,38.8717],[1.343314,38.871656],[1.343408,38.871387],[1.343451,38.87131],[1.343062,38.871282],[1.342991,38.871264],[1.342752,38.871151],[1.342604,38.871021],[1.342415,38.870796],[1.341887,38.870426],[1.341263,38.870318],[1.340643,38.870944],[1.34059,38.870955],[1.340441,38.870752],[1.340248,38.870509],[1.340077,38.870362],[1.339785,38.870109],[1.339488,38.869873],[1.339352,38.869758],[1.339192,38.86961],[1.339036,38.869504],[1.338833,38.869421],[1.338615,38.869344],[1.338372,38.869294],[1.338103,38.869279],[1.337867,38.869286],[1.33775,38.869298],[1.337588,38.869311],[1.337324,38.869235],[1.337155,38.869128],[1.336975,38.869026],[1.336768,38.868992],[1.336445,38.868999],[1.336067,38.869054],[1.335748,38.869155],[1.335568,38.869237],[1.335243,38.869348],[1.334882,38.869473],[1.33448,38.869598],[1.334146,38.869684],[1.333877,38.869767],[1.333738,38.869809],[1.33334,38.869929],[1.333123,38.870019],[1.33301,38.870063],[1.332678,38.870203],[1.332263,38.870387],[1.332044,38.8705],[1.331949,38.870549],[1.331803,38.870671],[1.331533,38.870856],[1.328711,38.870799],[1.328175,38.8708],[1.327989,38.870802],[1.327791,38.870804],[1.327441,38.870808],[1.327101,38.870812],[1.326806,38.870813],[1.326599,38.870815],[1.326234,38.870801],[1.32612,38.870792],[1.326053,38.870792],[1.325111,38.870804],[1.325109,38.870659],[1.325085,38.87034],[1.325049,38.870163],[1.324993,38.869902],[1.32499,38.869727],[1.324982,38.869699],[1.324978,38.869679],[1.324938,38.869526],[1.324693,38.869514],[1.324343,38.86952],[1.324074,38.869506],[1.323751,38.869505],[1.323609,38.869505],[1.323197,38.869517],[1.322836,38.869517],[1.322499,38.869533],[1.322304,38.86953],[1.32221,38.86967],[1.322117,38.869801],[1.321958,38.86992],[1.321737,38.869978],[1.321557,38.869894],[1.321469,38.869792],[1.321589,38.869621],[1.321761,38.869492],[1.321738,38.86937],[1.321673,38.869379],[1.321596,38.869347],[1.321494,38.869275],[1.321401,38.869365],[1.321191,38.869453],[1.320932,38.869449],[1.320805,38.869356],[1.320742,38.869274],[1.320719,38.869142],[1.320592,38.869049],[1.320371,38.869066],[1.320187,38.869144],[1.320018,38.869172],[1.319537,38.869226],[1.319446,38.869231],[1.3193,38.868854],[1.318949,38.868342],[1.318324,38.867907],[1.317292,38.86723],[1.31727,38.867216],[1.317388,38.867161],[1.317772,38.866984],[1.318042,38.86685],[1.318088,38.866827],[1.318477,38.866607],[1.31861,38.866525],[1.318676,38.866483],[1.318821,38.866378],[1.319063,38.866252],[1.319379,38.866057],[1.319566,38.865924],[1.319632,38.865869],[1.319763,38.865778],[1.319884,38.865678],[1.32,38.865599],[1.320098,38.865556],[1.320258,38.86545],[1.320543,38.865211],[1.320721,38.865015],[1.320909,38.864786],[1.321032,38.864632],[1.321067,38.864576],[1.321112,38.864481],[1.321092,38.864445],[1.321073,38.864412],[1.321078,38.864398],[1.321093,38.864359],[1.321192,38.864288],[1.321171,38.86396],[1.321117,38.863809],[1.321146,38.863777],[1.321189,38.863784],[1.321214,38.863788],[1.321292,38.863787],[1.3213,38.863787],[1.321304,38.863788],[1.321347,38.863806],[1.321355,38.863795],[1.321443,38.86369],[1.321493,38.863404],[1.321528,38.863283],[1.321556,38.863033],[1.321514,38.862932],[1.321525,38.862888],[1.321544,38.862853],[1.321566,38.862811],[1.321577,38.862714],[1.321569,38.8627],[1.321483,38.862562],[1.321433,38.862508],[1.321436,38.862497],[1.321448,38.862451],[1.321493,38.862368],[1.321486,38.862351],[1.321467,38.862299],[1.321447,38.862254],[1.321436,38.862199],[1.321444,38.862143],[1.32151,38.862096],[1.321516,38.862036],[1.321512,38.861977],[1.321513,38.861906],[1.321535,38.861862],[1.321576,38.861872],[1.321647,38.861889],[1.321649,38.861886],[1.321673,38.861864],[1.321698,38.861846],[1.321697,38.861819],[1.321575,38.861646],[1.321321,38.86139],[1.321171,38.861219],[1.321084,38.861153],[1.321076,38.861114],[1.321084,38.861109],[1.3211,38.861111],[1.32118,38.861121],[1.321236,38.861144],[1.321254,38.861152],[1.321325,38.861162],[1.321406,38.861204],[1.321441,38.861222],[1.321443,38.861216],[1.321505,38.860968],[1.321478,38.860933],[1.321455,38.860903],[1.321447,38.860896],[1.321392,38.860852],[1.321353,38.860789],[1.32138,38.860723],[1.321409,38.860685],[1.321384,38.860615],[1.321378,38.860544],[1.321379,38.860486],[1.321378,38.86046],[1.321373,38.860362],[1.321371,38.860313],[1.321365,38.860232],[1.321365,38.860222],[1.321313,38.860094],[1.32132,38.860055],[1.321413,38.859925],[1.321426,38.859907],[1.321415,38.859842],[1.321389,38.85983],[1.321375,38.859824],[1.321317,38.8598],[1.321328,38.859789],[1.321342,38.859776],[1.321342,38.859775],[1.321327,38.859711],[1.321295,38.859683],[1.321303,38.859616],[1.321287,38.859575],[1.321281,38.859503],[1.321276,38.859459],[1.321306,38.85935],[1.321231,38.859315],[1.321144,38.859247],[1.321137,38.859183],[1.321161,38.859101],[1.321162,38.8591],[1.321199,38.859022],[1.3213,38.858989],[1.321304,38.858988],[1.321364,38.858961],[1.321378,38.858955],[1.321451,38.858894],[1.321459,38.858852],[1.321449,38.85883],[1.321442,38.858814],[1.321364,38.858681],[1.321342,38.858641],[1.32126,38.858556],[1.321095,38.858587],[1.321084,38.858592],[1.321049,38.858607],[1.321043,38.858609],[1.320977,38.858612],[1.320946,38.858598],[1.320916,38.858585],[1.320897,38.858576],[1.32084,38.858541],[1.32078,38.858493],[1.32075,38.858446],[1.320726,38.858392],[1.32071,38.858317],[1.320579,38.858203],[1.320568,38.858216],[1.320554,38.858231],[1.320545,38.858238],[1.320466,38.858263],[1.320422,38.858278],[1.32037,38.858264],[1.320326,38.858225],[1.320231,38.858124],[1.32022,38.858043],[1.320208,38.857991],[1.320179,38.857871],[1.320183,38.857843],[1.320219,38.857817],[1.320228,38.857811],[1.320234,38.857807],[1.320238,38.857808],[1.320317,38.857826],[1.320336,38.85783],[1.320381,38.857897],[1.320419,38.857963],[1.320488,38.858012],[1.320572,38.858],[1.320603,38.857938],[1.320602,38.857821],[1.320586,38.857796],[1.320556,38.857783],[1.320484,38.857766],[1.320433,38.857737],[1.320433,38.857736],[1.320411,38.857685],[1.320406,38.857648],[1.320406,38.857628],[1.320406,38.857586],[1.320406,38.85758],[1.320404,38.85754],[1.320403,38.857532],[1.320394,38.857445],[1.320494,38.857368],[1.320445,38.85731],[1.320443,38.857309],[1.320435,38.857299],[1.320431,38.857252],[1.320426,38.857233],[1.320411,38.857175],[1.320414,38.85715],[1.320418,38.85714],[1.320435,38.8571],[1.320375,38.857008],[1.320348,38.856966],[1.320342,38.856957],[1.320298,38.856893],[1.320296,38.856818],[1.320291,38.856754],[1.320251,38.856739],[1.320211,38.856722],[1.320177,38.856718],[1.320126,38.856713],[1.320123,38.856666],[1.320136,38.856604],[1.320136,38.856603],[1.320108,38.856576],[1.320086,38.856504],[1.320097,38.85647],[1.320129,38.856461],[1.32013,38.85646],[1.320166,38.856465],[1.320189,38.856468],[1.320188,38.856439],[1.320187,38.856403],[1.320221,38.856401],[1.32023,38.85635],[1.320235,38.856309],[1.320242,38.856256],[1.320268,38.856205],[1.320297,38.856161],[1.320365,38.856134],[1.320389,38.856124],[1.320381,38.856084],[1.320374,38.856053],[1.320391,38.85604],[1.320384,38.856006],[1.320384,38.856006],[1.320396,38.855943],[1.320393,38.855916],[1.320375,38.855915],[1.320337,38.855913],[1.320258,38.855934],[1.320214,38.855928],[1.320212,38.855912],[1.320209,38.855878],[1.320215,38.855838],[1.32025,38.855811],[1.320257,38.855806],[1.320264,38.855805],[1.346371,38.845448],[1.402042,38.766278],[1.352343,38.718198],[1.38047,38.718592],[1.380483,38.718594],[1.380487,38.718615],[1.380485,38.71863],[1.380481,38.718657],[1.380479,38.71867],[1.38041,38.718726],[1.380431,38.718804],[1.380444,38.718822],[1.380493,38.718896],[1.38053,38.718911],[1.380567,38.718925],[1.380577,38.718931],[1.380606,38.71895],[1.380562,38.718995],[1.380512,38.719047],[1.380471,38.719096],[1.380432,38.719131],[1.380352,38.719173],[1.38032,38.719217],[1.380313,38.719282],[1.38035,38.719339],[1.380353,38.719343],[1.380382,38.719378],[1.380386,38.719383],[1.380462,38.719451],[1.380565,38.719531],[1.380641,38.719602],[1.380724,38.719674],[1.380725,38.719675],[1.380834,38.719777],[1.38095,38.719875],[1.38097,38.719889],[1.381019,38.719924],[1.381045,38.719942],[1.381096,38.719978],[1.381244,38.720018],[1.38127,38.720017],[1.381294,38.720016],[1.381324,38.720017],[1.381334,38.720017],[1.381431,38.720056],[1.381501,38.720084],[1.381559,38.720095],[1.381632,38.720108],[1.381781,38.720099],[1.38179,38.720099],[1.381799,38.720095],[1.381835,38.720093],[1.381918,38.720063],[1.381962,38.720037],[1.382012,38.720007],[1.382049,38.720007],[1.38215,38.72011],[1.382206,38.720207],[1.382273,38.72025],[1.382331,38.720288],[1.382332,38.720293],[1.382341,38.720369],[1.382378,38.720429],[1.382379,38.720431],[1.382529,38.720425],[1.382544,38.720425],[1.382581,38.720426],[1.382603,38.720427],[1.382667,38.720427],[1.382778,38.720448],[1.382861,38.720476],[1.382968,38.720519],[1.38317,38.720599],[1.383558,38.720755],[1.383593,38.720769],[1.383626,38.720773],[1.383662,38.720776],[1.383668,38.720778],[1.383732,38.720798],[1.383765,38.720809],[1.383836,38.720896],[1.383952,38.720959],[1.384082,38.720957],[1.384102,38.720956],[1.384135,38.720947],[1.384158,38.720941],[1.384213,38.720926],[1.384268,38.720911],[1.384388,38.720946],[1.384494,38.72095],[1.384614,38.720991],[1.38475,38.721085],[1.384807,38.72115],[1.384869,38.721258],[1.38502,38.721337],[1.385062,38.721334],[1.385141,38.721329],[1.385155,38.721344],[1.385224,38.721422],[1.385411,38.721427],[1.385529,38.721462],[1.385662,38.721529],[1.385795,38.721534],[1.385932,38.721592],[1.386126,38.721627],[1.38622,38.721621],[1.386418,38.721608],[1.386567,38.721656],[1.386781,38.721744],[1.386897,38.721802],[1.387021,38.721929],[1.387132,38.721982],[1.387377,38.721972],[1.387499,38.721992],[1.387569,38.72206],[1.387621,38.722202],[1.387628,38.722344],[1.387649,38.722446],[1.38764,38.722582],[1.387601,38.722712],[1.387546,38.722912],[1.387535,38.723001],[1.387546,38.723138],[1.387571,38.723217],[1.387604,38.723289],[1.387507,38.723315],[1.387349,38.723316],[1.387181,38.723315],[1.387078,38.723372],[1.386985,38.723486],[1.386857,38.723543],[1.386729,38.723619],[1.386582,38.723755],[1.386684,38.723839],[1.386826,38.723863],[1.386851,38.723863],[1.386935,38.723863],[1.38698,38.723863],[1.387038,38.723881],[1.387041,38.723882],[1.38708,38.723894],[1.387168,38.723966],[1.387197,38.723957],[1.387283,38.72393],[1.387437,38.723888],[1.387491,38.723868],[1.38755,38.723846],[1.387553,38.723846],[1.387553,38.723846],[1.387667,38.723836],[1.387682,38.723848],[1.387712,38.723873],[1.387712,38.723873],[1.387803,38.723905],[1.387803,38.723905],[1.387807,38.7239],[1.387854,38.723842],[1.387882,38.723839],[1.387887,38.723839],[1.387929,38.723836],[1.387946,38.723924],[1.388005,38.723972],[1.388139,38.723926],[1.3882,38.723966],[1.388239,38.724044],[1.388345,38.72417],[1.388382,38.724282],[1.388383,38.72431],[1.388373,38.724323],[1.388372,38.724385],[1.388377,38.724429],[1.388448,38.724439],[1.388573,38.724385],[1.388706,38.724386],[1.388761,38.72447],[1.38868,38.724558],[1.38874,38.72462],[1.388756,38.724637],[1.388766,38.72464],[1.388854,38.724667],[1.388881,38.724662],[1.388908,38.724657],[1.388985,38.724644],[1.389106,38.724668],[1.389193,38.724722],[1.389275,38.724818],[1.389329,38.724908],[1.389429,38.725001],[1.389431,38.725003],[1.389437,38.725002],[1.389566,38.724981],[1.389682,38.725067],[1.389809,38.725118],[1.389875,38.725148],[1.389973,38.725193],[1.390119,38.725234],[1.390139,38.72524],[1.390187,38.725256],[1.390307,38.725295],[1.390333,38.725298],[1.390451,38.725311],[1.390478,38.725315],[1.390614,38.7253],[1.390652,38.725296],[1.390687,38.725348],[1.390693,38.725538],[1.390738,38.72561],[1.390833,38.725694],[1.390892,38.725772],[1.390956,38.725838],[1.391073,38.725933],[1.391116,38.725951],[1.391249,38.725954],[1.391254,38.725953],[1.391339,38.725936],[1.391425,38.725946],[1.391448,38.725948],[1.39148,38.725963],[1.39151,38.725978],[1.391593,38.726044],[1.391688,38.72613],[1.391784,38.726153],[1.391836,38.726225],[1.391962,38.72636],[1.39198,38.726385],[1.392026,38.726449],[1.392084,38.726509],[1.392111,38.726566],[1.392128,38.726636],[1.392142,38.726692],[1.392141,38.7267],[1.392139,38.726761],[1.392131,38.726842],[1.392137,38.726848],[1.392193,38.726904],[1.392319,38.726892],[1.392326,38.726915],[1.392341,38.72696],[1.39233,38.726979],[1.392304,38.727021],[1.392302,38.727025],[1.392355,38.727076],[1.392362,38.727081],[1.392456,38.727146],[1.392572,38.727205],[1.392595,38.727273],[1.392574,38.727347],[1.392512,38.727407],[1.392388,38.727513],[1.392379,38.727582],[1.392454,38.72762],[1.392506,38.727689],[1.392546,38.727776],[1.39259,38.727826],[1.39268,38.727906],[1.39271,38.72794],[1.392666,38.727958],[1.392578,38.727919],[1.392532,38.727905],[1.392423,38.727871],[1.392223,38.72784],[1.392228,38.727849],[1.392267,38.727925],[1.39232,38.727966],[1.392319,38.72797],[1.392297,38.728029],[1.392192,38.728086],[1.392108,38.728122],[1.392104,38.728124],[1.39206,38.728201],[1.392141,38.728234],[1.392175,38.728262],[1.392238,38.728313],[1.392291,38.728352],[1.392346,38.728393],[1.392477,38.728407],[1.392522,38.728395],[1.392621,38.728369],[1.392653,38.728357],[1.392668,38.728352],[1.392761,38.728343],[1.392967,38.728403],[1.393153,38.728471],[1.393356,38.728541],[1.393565,38.728635],[1.393586,38.728645],[1.39362,38.728662],[1.3938,38.728755],[1.394001,38.728843],[1.394024,38.728852],[1.394106,38.728908],[1.394173,38.728953],[1.394216,38.729066],[1.394267,38.729249],[1.394254,38.729314],[1.394133,38.729361],[1.394063,38.729425],[1.394079,38.729528],[1.394209,38.729554],[1.394286,38.729635],[1.394288,38.729641],[1.394309,38.729707],[1.394325,38.729758],[1.394333,38.729794],[1.394345,38.729854],[1.3943,38.729951],[1.394301,38.729952],[1.394395,38.73],[1.394399,38.730003],[1.394448,38.730028],[1.394535,38.730089],[1.394573,38.730136],[1.394718,38.730196],[1.394806,38.730231],[1.394813,38.730234],[1.394881,38.730262],[1.394995,38.730318],[1.395022,38.730332],[1.395189,38.730412],[1.39531,38.730457],[1.395392,38.730484],[1.395499,38.73052],[1.395548,38.730602],[1.395551,38.730608],[1.395587,38.730619],[1.395688,38.73065],[1.39582,38.73067],[1.396006,38.730719],[1.396062,38.730756],[1.396133,38.730803],[1.396216,38.730804],[1.39628,38.730806],[1.396372,38.730859],[1.396395,38.730892],[1.396413,38.730917],[1.39642,38.730927],[1.396445,38.730984],[1.396452,38.731089],[1.396496,38.731223],[1.396438,38.73129],[1.39628,38.731372],[1.396154,38.731431],[1.395981,38.731496],[1.395868,38.731516],[1.395782,38.731532],[1.395623,38.731538],[1.395551,38.731516],[1.39554,38.731515],[1.395454,38.731508],[1.39541,38.731529],[1.395311,38.731576],[1.39516,38.731666],[1.395105,38.73183],[1.395072,38.731903],[1.395036,38.731992],[1.394959,38.732036],[1.394853,38.732134],[1.394932,38.732208],[1.394972,38.732289],[1.394984,38.732372],[1.394986,38.732497],[1.394995,38.732587],[1.394937,38.732679],[1.394867,38.732744],[1.394834,38.732831],[1.394828,38.732894],[1.394829,38.732949],[1.394815,38.73302],[1.39479,38.733075],[1.394777,38.733147],[1.394645,38.73321],[1.394584,38.733239],[1.394534,38.733332],[1.394603,38.733395],[1.394597,38.733403],[1.394559,38.73346],[1.394444,38.733534],[1.394429,38.733601],[1.394451,38.733678],[1.394462,38.733746],[1.394537,38.733767],[1.394652,38.7338],[1.394742,38.733816],[1.394983,38.733854],[1.394985,38.733854],[1.395085,38.733891],[1.395168,38.733876],[1.39528,38.733834],[1.395308,38.733836],[1.395381,38.733842],[1.395445,38.733853],[1.395505,38.733829],[1.395614,38.733864],[1.39573,38.733943],[1.39583,38.733998],[1.395916,38.734082],[1.396038,38.734191],[1.396102,38.73423],[1.396186,38.734313],[1.396215,38.734382],[1.396221,38.734448],[1.396198,38.734528],[1.396207,38.734574],[1.396222,38.734624],[1.396188,38.734689],[1.396208,38.734771],[1.396237,38.734816],[1.396281,38.734878],[1.396251,38.734913],[1.396219,38.7349],[1.396206,38.734895],[1.396164,38.734862],[1.396112,38.73488],[1.396009,38.734917],[1.396065,38.735007],[1.396202,38.735076],[1.396259,38.73509],[1.396296,38.735099],[1.396334,38.735104],[1.396439,38.73512],[1.396465,38.735179],[1.3965,38.735215],[1.39661,38.735212],[1.396677,38.735265],[1.396662,38.735311],[1.396569,38.735374],[1.396543,38.735463],[1.396594,38.73547],[1.396677,38.735481],[1.396794,38.735431],[1.396797,38.735431],[1.396856,38.735415],[1.396858,38.735415],[1.396911,38.735401],[1.397026,38.735327],[1.397117,38.735278],[1.397209,38.735222],[1.397239,38.735198],[1.397309,38.735175],[1.397382,38.735119],[1.397438,38.735061],[1.397464,38.735003],[1.397465,38.735001],[1.397463,38.734933],[1.397442,38.734873],[1.397423,38.734855],[1.397383,38.73483],[1.397375,38.734822],[1.397337,38.734786],[1.397319,38.734769],[1.3973,38.734751],[1.397299,38.734748],[1.39729,38.734652],[1.3973,38.734592],[1.397308,38.73456],[1.397311,38.734547],[1.397324,38.734493],[1.397336,38.734467],[1.397392,38.734409],[1.397379,38.734312],[1.397386,38.734272],[1.39739,38.734245],[1.397541,38.734242],[1.397593,38.734204],[1.397619,38.734186],[1.397671,38.734114],[1.397674,38.73411],[1.397756,38.734057],[1.39783,38.733986],[1.397841,38.733976],[1.397891,38.733906],[1.397892,38.73388],[1.397897,38.733799],[1.397898,38.733784],[1.39787,38.733715],[1.397756,38.733633],[1.397715,38.73359],[1.397656,38.733502],[1.397582,38.733407],[1.397546,38.733345],[1.397469,38.73316],[1.397422,38.733079],[1.397415,38.733067],[1.397347,38.732876],[1.397328,38.7327],[1.397328,38.732584],[1.397332,38.732454],[1.397344,38.732371],[1.397345,38.732318],[1.397393,38.732202],[1.397419,38.732088],[1.397421,38.732084],[1.397453,38.732018],[1.397496,38.731954],[1.397565,38.731907],[1.397649,38.731807],[1.397693,38.731693],[1.397712,38.731554],[1.397723,38.731459],[1.39774,38.7314],[1.397758,38.731352],[1.397815,38.731281],[1.397889,38.731181],[1.397944,38.731099],[1.397944,38.731035],[1.397932,38.730923],[1.397931,38.730863],[1.39794,38.73082],[1.397969,38.730777],[1.397989,38.730757],[1.398024,38.730713],[1.398082,38.73062],[1.398125,38.730542],[1.398169,38.730467],[1.39819,38.730412],[1.398276,38.730299],[1.398336,38.73025],[1.398437,38.730156],[1.39852,38.730047],[1.398551,38.730002],[1.398553,38.73],[1.398594,38.729942],[1.398636,38.729865],[1.398695,38.729781],[1.398739,38.729733],[1.398775,38.729695],[1.398825,38.729656],[1.398868,38.729622],[1.398916,38.729579],[1.399015,38.729494],[1.399156,38.729418],[1.39927,38.72935],[1.399428,38.729267],[1.399439,38.729262],[1.399485,38.72924],[1.399543,38.729213],[1.399557,38.729208],[1.399585,38.729197],[1.399639,38.729176],[1.399693,38.729156],[1.399859,38.729102],[1.399991,38.72906],[1.400073,38.729026],[1.400079,38.729019],[1.400142,38.728952],[1.400176,38.728914],[1.400276,38.728802],[1.400349,38.728729],[1.400423,38.728652],[1.400472,38.728619],[1.400478,38.728614],[1.400518,38.728586],[1.400615,38.728482],[1.400698,38.728427],[1.400705,38.728422],[1.400729,38.728403],[1.400754,38.728383],[1.400866,38.72831],[1.400967,38.728224],[1.401019,38.728198],[1.40107,38.728172],[1.401206,38.728091],[1.401305,38.728029],[1.401493,38.727909],[1.401627,38.727877],[1.40174,38.727845],[1.401832,38.727828],[1.401839,38.727827],[1.401848,38.727826],[1.40194,38.727813],[1.402003,38.727805],[1.402091,38.72779],[1.402135,38.727782],[1.40217,38.727766],[1.402277,38.727717],[1.402382,38.727702],[1.402431,38.727695],[1.402591,38.727708],[1.402739,38.727729],[1.40291,38.727726],[1.402914,38.727726],[1.40302,38.727711],[1.403074,38.72769],[1.403227,38.72768],[1.403397,38.727688],[1.403414,38.727688],[1.403497,38.727768],[1.403503,38.727774],[1.403512,38.727775],[1.403725,38.727781],[1.403912,38.727772],[1.403918,38.727772],[1.403972,38.727771],[1.404046,38.72777],[1.404257,38.727771],[1.404271,38.727771],[1.404399,38.727753],[1.404406,38.727754],[1.404518,38.727768],[1.404674,38.727763],[1.404758,38.727763],[1.404845,38.727776],[1.405072,38.727844],[1.405242,38.727888],[1.405382,38.727923],[1.405489,38.727961],[1.405707,38.72803],[1.405836,38.728071],[1.405935,38.728102],[1.405987,38.728117],[1.406093,38.728148],[1.406248,38.728181],[1.406481,38.728209],[1.406614,38.728287],[1.406642,38.728303],[1.406727,38.72835],[1.406729,38.728351],[1.406817,38.728392],[1.406863,38.72845],[1.406868,38.728515],[1.406931,38.728565],[1.406959,38.728567],[1.4071,38.728577],[1.407139,38.72858],[1.407143,38.72858],[1.407269,38.728625],[1.407303,38.728642],[1.407426,38.728702],[1.407505,38.728739],[1.407666,38.728791],[1.407802,38.728844],[1.40784,38.728859],[1.408011,38.728929],[1.408065,38.728952],[1.408179,38.729],[1.408266,38.72905],[1.408363,38.729107],[1.408385,38.72912],[1.408417,38.729141],[1.408442,38.729161],[1.40853,38.729233],[1.408556,38.729254],[1.408677,38.729333],[1.408683,38.729334],[1.408741,38.729345],[1.408793,38.729354],[1.408882,38.729336],[1.409043,38.729408],[1.409119,38.729504],[1.409124,38.729572],[1.409137,38.729617],[1.409268,38.729598],[1.40931,38.72964],[1.409325,38.729655],[1.409454,38.729699],[1.409486,38.72971],[1.409512,38.729713],[1.409557,38.729726],[1.4096,38.729738],[1.409709,38.729815],[1.409728,38.72985],[1.409732,38.729857],[1.409753,38.729889],[1.40978,38.729929],[1.409861,38.729989],[1.409875,38.73],[1.409879,38.730003],[1.409881,38.730004],[1.409921,38.730036],[1.409954,38.730062],[1.409964,38.730071],[1.41004,38.730131],[1.410097,38.730167],[1.410161,38.730208],[1.410186,38.730209],[1.410248,38.730212],[1.410299,38.730161],[1.410338,38.730147],[1.410425,38.730123],[1.410484,38.730121],[1.410504,38.730121],[1.41058,38.730167],[1.410619,38.730236],[1.410606,38.730248],[1.410547,38.730301],[1.41055,38.730357],[1.410595,38.73041],[1.410594,38.730468],[1.410534,38.730515],[1.410541,38.73054],[1.41055,38.730571],[1.410574,38.730588],[1.410622,38.730621],[1.41071,38.73061],[1.410844,38.730567],[1.410878,38.73054],[1.410976,38.730578],[1.41105,38.730649],[1.411129,38.730716],[1.411149,38.730793],[1.411248,38.730816],[1.411371,38.730781],[1.411473,38.7308],[1.411599,38.730845],[1.411673,38.730883],[1.411782,38.730923],[1.411893,38.730983],[1.411966,38.731033],[1.412061,38.731058],[1.412118,38.731042],[1.412126,38.730943],[1.41208,38.730889],[1.412044,38.730864],[1.411943,38.730783],[1.411856,38.730681],[1.411786,38.730562],[1.411779,38.73055],[1.411778,38.730543],[1.411765,38.730445],[1.411641,38.730338],[1.411523,38.730246],[1.411458,38.730201],[1.411361,38.730121],[1.411232,38.730019],[1.411218,38.730003],[1.411215,38.73],[1.411197,38.72998],[1.411086,38.729826],[1.410986,38.729742],[1.41091,38.729672],[1.410851,38.729613],[1.410795,38.729532],[1.410768,38.729436],[1.410752,38.729335],[1.410744,38.729297],[1.410698,38.729208],[1.410595,38.729089],[1.410484,38.729002],[1.410385,38.728943],[1.410357,38.728948],[1.410322,38.728955],[1.410261,38.728977],[1.410212,38.728994],[1.410035,38.728963],[1.409987,38.728955],[1.409867,38.72892],[1.409705,38.728882],[1.409575,38.728856],[1.40956,38.728853],[1.409421,38.728826],[1.409272,38.728797],[1.409192,38.728778],[1.409009,38.728718],[1.408897,38.728664],[1.408803,38.728622],[1.408775,38.728609],[1.408743,38.72859],[1.408678,38.72855],[1.408641,38.728515],[1.408535,38.728411],[1.408509,38.728393],[1.40844,38.728344],[1.408436,38.728342],[1.408288,38.728263],[1.408169,38.728218],[1.408139,38.728209],[1.408103,38.728198],[1.40808,38.72819],[1.408035,38.728179],[1.407829,38.728109],[1.407731,38.728061],[1.407609,38.727992],[1.407526,38.727953],[1.407481,38.727929],[1.407395,38.72787],[1.407292,38.72783],[1.407151,38.727803],[1.407088,38.727776],[1.40698,38.727706],[1.406941,38.727675],[1.406835,38.727598],[1.406754,38.727542],[1.406679,38.727472],[1.406537,38.727381],[1.406435,38.727325],[1.406299,38.727254],[1.406208,38.727207],[1.40599,38.72714],[1.405858,38.727093],[1.40571,38.727052],[1.405566,38.72702],[1.405517,38.727007],[1.405454,38.726988],[1.40533,38.726953],[1.405249,38.726931],[1.405213,38.726922],[1.405189,38.726922],[1.404785,38.72691],[1.403753,38.726928],[1.403566,38.726901],[1.403403,38.726864],[1.403269,38.726739],[1.403657,38.725503],[1.403637,38.725515],[1.40351,38.725586],[1.403326,38.725695],[1.403304,38.725703],[1.40328,38.725716],[1.403182,38.725747],[1.403058,38.725793],[1.402897,38.725837],[1.40264,38.725921],[1.402474,38.725988],[1.402198,38.72612],[1.401869,38.726296],[1.401799,38.726345],[1.401703,38.726375],[1.401637,38.726401],[1.401206,38.726538],[1.40097,38.72663],[1.400915,38.726653],[1.400707,38.726707],[1.400618,38.726731],[1.40058,38.72674],[1.400561,38.726745],[1.400286,38.726808],[1.400163,38.726856],[1.400023,38.726921],[1.399923,38.72703],[1.399828,38.727097],[1.399646,38.727217],[1.399567,38.727272],[1.399506,38.727309],[1.399431,38.727359],[1.399333,38.727414],[1.399191,38.7275],[1.399046,38.727576],[1.398885,38.727667],[1.398877,38.727671],[1.398839,38.727692],[1.39884,38.727672],[1.399386,38.727364],[1.399783,38.727102],[1.399902,38.72508],[1.402199,38.724044],[1.402332,38.724016],[1.402582,38.723917],[1.402678,38.723853],[1.402764,38.723783],[1.402988,38.723692],[1.403145,38.723622],[1.403264,38.723547],[1.403325,38.723472],[1.403476,38.723468],[1.403753,38.723427],[1.403931,38.72338],[1.404175,38.723282],[1.404303,38.723207],[1.404469,38.723119],[1.404601,38.723026],[1.404694,38.722951],[1.404969,38.722838],[1.405087,38.722744],[1.405146,38.722599],[1.40525,38.722366],[1.405344,38.722153],[1.405415,38.722019],[1.405471,38.721931],[1.405504,38.72189],[1.405559,38.721857],[1.405589,38.721791],[1.405567,38.721693],[1.405572,38.72168],[1.405607,38.721649],[1.405672,38.721556],[1.405761,38.721495],[1.405795,38.721464],[1.405829,38.721421],[1.405882,38.721363],[1.405898,38.721342],[1.405913,38.721327],[1.405942,38.721305],[1.405989,38.721261],[1.406252,38.721021],[1.406568,38.72088],[1.406715,38.720829],[1.406743,38.720819],[1.407059,38.72071],[1.407495,38.720585],[1.407727,38.7205],[1.407986,38.720387],[1.408322,38.720234],[1.40845,38.720177],[1.408529,38.720132],[1.408648,38.720063],[1.408793,38.719948],[1.409064,38.719735],[1.40933,38.719504],[1.409487,38.719363],[1.409517,38.719323],[1.409546,38.719278],[1.409677,38.719411],[1.409789,38.71952],[1.410194,38.71994],[1.410443,38.720196],[1.410666,38.720399],[1.410783,38.720525],[1.410877,38.720606],[1.410949,38.72068],[1.411045,38.720766],[1.411084,38.720799],[1.411137,38.720804],[1.411212,38.720766],[1.411278,38.720733],[1.411413,38.720654],[1.41149,38.720621],[1.411625,38.720561],[1.411658,38.720545],[1.411758,38.720527],[1.411812,38.720525],[1.412116,38.720495],[1.412359,38.720489],[1.412621,38.720456],[1.412719,38.720444],[1.412776,38.720443],[1.412845,38.72045],[1.412869,38.720465],[1.412882,38.720486],[1.412924,38.720623],[1.412919,38.720684],[1.413005,38.72106],[1.413044,38.721191],[1.413066,38.721258],[1.413202,38.721288],[1.413524,38.721297],[1.414099,38.721299],[1.4144,38.721297],[1.414473,38.721302],[1.41484,38.721396],[1.415344,38.721542],[1.415454,38.721577],[1.415585,38.7216],[1.415722,38.72165],[1.415891,38.721692],[1.416086,38.721699],[1.416327,38.721686],[1.416551,38.721676],[1.416765,38.721658],[1.416978,38.72164],[1.417076,38.721627],[1.417243,38.721596],[1.417352,38.721563],[1.417606,38.721472],[1.417796,38.721399],[1.417895,38.721402],[1.417986,38.72146],[1.418173,38.721638],[1.418336,38.721733],[1.418609,38.721895],[1.418682,38.721927],[1.418751,38.721918],[1.41914,38.721782],[1.419158,38.721808],[1.419502,38.722304],[1.419641,38.722508],[1.420091,38.723164],[1.420185,38.723344],[1.420325,38.723689],[1.420457,38.723964],[1.42082,38.72459],[1.424362,38.724574],[1.42613,38.724662],[1.426172,38.724627],[1.42626,38.724534],[1.426346,38.724419],[1.426378,38.724339],[1.426501,38.724015],[1.426674,38.72365],[1.426797,38.723518],[1.426991,38.723394],[1.427272,38.723184],[1.427476,38.723078],[1.427464,38.723042],[1.427594,38.722892],[1.427788,38.722686],[1.428211,38.722192],[1.428459,38.721967],[1.428903,38.721533],[1.429063,38.721405],[1.429554,38.721097],[1.429895,38.720774],[1.430238,38.720464],[1.430516,38.720289],[1.430786,38.720168],[1.431009,38.720094],[1.431165,38.720017],[1.431243,38.719936],[1.431351,38.719867],[1.431505,38.719719],[1.431615,38.719572],[1.431698,38.719522],[1.431787,38.719399],[1.431847,38.719363],[1.43198,38.719294],[1.432106,38.719179],[1.432115,38.719129],[1.432102,38.718903],[1.432103,38.718718],[1.432187,38.718508],[1.432379,38.718348],[1.432581,38.718121],[1.432812,38.717963],[1.432885,38.717895],[1.433157,38.717703],[1.433452,38.71744],[1.433631,38.717254],[1.43385,38.717026],[1.433942,38.716904],[1.434089,38.716716],[1.434202,38.716458],[1.434237,38.716322],[1.434291,38.716132],[1.434296,38.716042],[1.434323,38.715882],[1.434327,38.715758],[1.43432,38.715635],[1.434339,38.715569],[1.434354,38.715502],[1.434374,38.715373],[1.434437,38.715261],[1.434631,38.715013],[1.434733,38.710319],[1.445037,38.710456],[1.444991,38.710192],[1.445002,38.709866],[1.445068,38.709689],[1.445234,38.709506],[1.445397,38.709436],[1.44549,38.709449],[1.445541,38.709487],[1.445603,38.709512],[1.445835,38.709556],[1.445964,38.709594],[1.446111,38.709716],[1.446243,38.709885],[1.446366,38.710103],[1.446464,38.710327],[1.446492,38.710483],[1.446583,38.710628],[1.446223,38.710839],[1.446145,38.714415],[1.446288,38.714487],[1.446341,38.714426],[1.446379,38.714347],[1.446396,38.714302],[1.44641,38.714249],[1.446449,38.714191],[1.446492,38.714173],[1.446524,38.71415],[1.446546,38.714131],[1.446601,38.71412],[1.446641,38.714105],[1.446676,38.714083],[1.446782,38.714019],[1.446779,38.714016],[1.446833,38.713981],[1.446859,38.713927],[1.446839,38.713826],[1.446806,38.713828],[1.446764,38.713814],[1.446781,38.71377],[1.44685,38.713721],[1.447038,38.713688],[1.447446,38.713585],[1.447591,38.713549],[1.447647,38.713545],[1.447701,38.713552],[1.447744,38.713571],[1.447808,38.713605],[1.44784,38.713618],[1.448039,38.71368],[1.448198,38.713735],[1.448309,38.713754],[1.448426,38.71375],[1.448459,38.713743],[1.448762,38.713749],[1.448873,38.713778],[1.448946,38.713809],[1.449017,38.713864],[1.449206,38.714047],[1.449373,38.714188],[1.449424,38.714216],[1.449497,38.714232],[1.449566,38.71421],[1.449646,38.714151],[1.449661,38.714148],[1.449699,38.714155],[1.449861,38.714202],[1.449931,38.714228],[1.449999,38.714247],[1.450062,38.714255],[1.450114,38.714256],[1.450159,38.714227],[1.450176,38.714205],[1.450231,38.714178],[1.450352,38.714118],[1.450487,38.714114],[1.450834,38.714242],[1.451052,38.714268],[1.451381,38.714272],[1.451758,38.7143],[1.452065,38.714328],[1.452125,38.714333],[1.452224,38.714353],[1.452275,38.71438],[1.452356,38.714448],[1.452503,38.714443],[1.452629,38.714437],[1.452695,38.714425],[1.452783,38.714424],[1.452834,38.714436],[1.452873,38.714448],[1.453049,38.714463],[1.453523,38.715098],[1.453641,38.71526],[1.453771,38.71543],[1.45388,38.715582],[1.454018,38.715769],[1.454156,38.715967],[1.454199,38.716038],[1.454221,38.716087],[1.454238,38.716141],[1.454261,38.7162],[1.454368,38.716291],[1.454404,38.716361],[1.454422,38.716424],[1.454363,38.71648],[1.454303,38.716541],[1.45423,38.716615],[1.454188,38.71668],[1.454118,38.716806],[1.454046,38.716948],[1.45403,38.716996],[1.45403,38.717016],[1.454041,38.71704],[1.454062,38.717081],[1.454072,38.717143],[1.454072,38.717192],[1.454055,38.717261],[1.454021,38.717346],[1.453999,38.717391],[1.45398,38.717409],[1.453953,38.717435],[1.453939,38.717463],[1.453935,38.717487],[1.453936,38.717511],[1.453941,38.71753],[1.453927,38.717585],[1.453897,38.717658],[1.453865,38.717759],[1.453849,38.717808],[1.453836,38.717873],[1.45376,38.718086],[1.453726,38.718184],[1.453704,38.718241],[1.453691,38.71827],[1.45367,38.718295],[1.453649,38.718312],[1.453628,38.718321],[1.453612,38.718339],[1.453593,38.718391],[1.453594,38.718415],[1.453605,38.718436],[1.453611,38.718458],[1.453599,38.718511],[1.453589,38.718547],[1.453592,38.718567],[1.45364,38.718602],[1.453681,38.71864],[1.453704,38.718662],[1.453728,38.718683],[1.453743,38.718698],[1.453765,38.718721],[1.453785,38.71874],[1.453788,38.71876],[1.45379,38.718785],[1.453792,38.718826],[1.453788,38.718884],[1.453763,38.718939],[1.453739,38.719006],[1.45372,38.719068],[1.453693,38.71912],[1.453666,38.719181],[1.453663,38.719213],[1.453633,38.719265],[1.453615,38.719293],[1.453609,38.719322],[1.4536,38.719397],[1.453565,38.719455],[1.45354,38.719502],[1.453502,38.719558],[1.453458,38.719616],[1.45344,38.719662],[1.453426,38.719717],[1.453372,38.719783],[1.453336,38.719833],[1.45331,38.719879],[1.453278,38.719946],[1.453261,38.719986],[1.453255,38.720001],[1.453112,38.720213],[1.451939,38.721117],[1.450859,38.721946],[1.450833,38.722],[1.450494,38.722098],[1.450518,38.722014],[1.450384,38.721808],[1.450219,38.721551],[1.450206,38.721307],[1.450207,38.720906],[1.450243,38.720434],[1.450234,38.720218],[1.450173,38.719826],[1.450128,38.719654],[1.450117,38.719489],[1.450152,38.719271],[1.450145,38.718816],[1.45012,38.71867],[1.450089,38.718519],[1.450017,38.718334],[1.449961,38.718146],[1.449871,38.717898],[1.44977,38.71781],[1.449639,38.717663],[1.449312,38.717431],[1.449095,38.717286],[1.449005,38.71707],[1.44892,38.716924],[1.448822,38.716765],[1.448703,38.716516],[1.448645,38.716369],[1.448506,38.716132],[1.448404,38.716067],[1.448304,38.716025],[1.447968,38.715765],[1.447713,38.715561],[1.447489,38.715426],[1.447302,38.71535],[1.447126,38.71526],[1.447016,38.715181],[1.446843,38.71505],[1.446744,38.714903],[1.446629,38.714764],[1.44647,38.714618],[1.446326,38.714537],[1.445998,38.714382],[1.445754,38.714262],[1.445521,38.714159],[1.445315,38.714044],[1.44522,38.71401],[1.444941,38.714002],[1.444943,38.713917],[1.444863,38.71383],[1.444759,38.713763],[1.444625,38.713723],[1.444572,38.713722],[1.444448,38.713663],[1.44438,38.713602],[1.444238,38.713568],[1.444155,38.713516],[1.444119,38.713455],[1.444023,38.713291],[1.443901,38.713132],[1.443697,38.713001],[1.443666,38.712957],[1.443532,38.712889],[1.443401,38.712877],[1.442991,38.712831],[1.442771,38.712787],[1.442618,38.712741],[1.442476,38.712631],[1.442344,38.712516],[1.44221,38.712437],[1.441676,38.712258],[1.441471,38.71221],[1.441219,38.712282],[1.440753,38.712456],[1.44075,38.712457],[1.440657,38.712503],[1.440543,38.712499],[1.4405,38.712442],[1.440481,38.71226],[1.440464,38.711949],[1.440428,38.711858],[1.440306,38.711795],[1.440154,38.711766],[1.43991,38.711766],[1.439733,38.711812],[1.439474,38.711834],[1.439269,38.711917],[1.439039,38.71206],[1.438901,38.712142],[1.438657,38.712297],[1.438485,38.712404],[1.438352,38.712504],[1.438132,38.712633],[1.437616,38.713066],[1.43751,38.713111],[1.437281,38.713194],[1.436856,38.713323],[1.436657,38.713391],[1.436295,38.71351],[1.435884,38.71366],[1.435768,38.713726],[1.435692,38.713795],[1.435632,38.71388],[1.435541,38.714066],[1.435358,38.7145],[1.435191,38.714618],[1.434911,38.714822],[1.434713,38.714994],[1.434673,38.715027],[1.434717,38.715042],[1.434491,38.715317],[1.43439,38.715773],[1.434364,38.716184],[1.434282,38.716516],[1.434159,38.716788],[1.434517,38.716805],[1.434512,38.71683],[1.434674,38.717055],[1.434682,38.717142],[1.434609,38.717245],[1.434577,38.717316],[1.434496,38.717421],[1.434041,38.717634],[1.433742,38.717848],[1.433201,38.718108],[1.433089,38.718127],[1.432668,38.718431],[1.432389,38.718852],[1.432336,38.719079],[1.431828,38.719825],[1.431512,38.720042],[1.430593,38.720393],[1.430306,38.720566],[1.429843,38.721181],[1.429605,38.721397],[1.428886,38.721952],[1.428101,38.722592],[1.427006,38.723922],[1.426401,38.724678],[1.425213,38.726162],[1.424973,38.726469],[1.424809,38.726648],[1.424623,38.726788],[1.424357,38.726931],[1.423936,38.727162],[1.423197,38.727423],[1.423137,38.727462],[1.422771,38.727767],[1.422381,38.72809],[1.422122,38.728017],[1.417937,38.726689],[1.417927,38.726686],[1.417926,38.726686],[1.417627,38.726925],[1.417437,38.727076],[1.417272,38.727161],[1.417091,38.727249],[1.416967,38.727326],[1.41687,38.727403],[1.416812,38.727442],[1.416728,38.727498],[1.416699,38.727557],[1.416657,38.727642],[1.416627,38.727776],[1.416564,38.727875],[1.416477,38.727972],[1.416455,38.728065],[1.416462,38.728122],[1.41647,38.728205],[1.41648,38.728273],[1.416491,38.728351],[1.416498,38.728401],[1.416513,38.72846],[1.416524,38.728505],[1.41651,38.728636],[1.416418,38.728741],[1.416366,38.728791],[1.416343,38.728894],[1.416414,38.728922],[1.416533,38.72899],[1.416625,38.729039],[1.416745,38.729079],[1.416833,38.729124],[1.416951,38.729175],[1.417061,38.729284],[1.417069,38.729387],[1.417055,38.729525],[1.41704,38.7296],[1.417026,38.729668],[1.417032,38.729739],[1.417047,38.729769],[1.417086,38.729843],[1.4171,38.72987],[1.417105,38.729892],[1.417103,38.730005],[1.417102,38.730008],[1.417057,38.730126],[1.417024,38.730214],[1.416978,38.730352],[1.41696,38.730404],[1.416928,38.7305],[1.416899,38.730571],[1.416838,38.730744],[1.416712,38.730925],[1.416539,38.73111],[1.416469,38.731196],[1.41641,38.7313],[1.416306,38.731418],[1.416249,38.731456],[1.41614,38.731529],[1.416069,38.731588],[1.415938,38.731695],[1.415768,38.731794],[1.415763,38.731798],[1.415619,38.73191],[1.415608,38.731917],[1.415504,38.731977],[1.415458,38.731999],[1.415398,38.732028],[1.41532,38.732082],[1.415292,38.732101],[1.415181,38.732173],[1.415086,38.732214],[1.415004,38.732252],[1.414921,38.732288],[1.414829,38.732316],[1.414733,38.732332],[1.414687,38.73234],[1.414675,38.732342],[1.414574,38.732353],[1.414565,38.732353],[1.414504,38.732349],[1.414424,38.732329],[1.414332,38.732303],[1.414306,38.732295],[1.414217,38.732239],[1.414115,38.732171],[1.414049,38.732127],[1.413974,38.73208],[1.413896,38.732043],[1.413695,38.73198],[1.413553,38.731959],[1.413343,38.73192],[1.413279,38.731884],[1.413179,38.731843],[1.41311,38.731809],[1.413022,38.731783],[1.412898,38.73175],[1.412801,38.731709],[1.412675,38.731659],[1.412579,38.731586],[1.412449,38.731501],[1.412371,38.731483],[1.412302,38.73152],[1.412207,38.731559],[1.412175,38.731572],[1.412127,38.73162],[1.412092,38.731673],[1.412094,38.731694],[1.412095,38.731707],[1.412098,38.731745],[1.41212,38.731774],[1.412188,38.731794],[1.412221,38.731803],[1.412307,38.731832],[1.412353,38.731876],[1.41241,38.73191],[1.412414,38.731913],[1.412418,38.731913],[1.412504,38.731909],[1.412515,38.731911],[1.41256,38.731916],[1.412618,38.731956],[1.412718,38.73203],[1.412838,38.732101],[1.412897,38.732134],[1.412986,38.732205],[1.413015,38.732229],[1.413061,38.732311],[1.413063,38.732316],[1.413086,38.732397],[1.413087,38.732415],[1.413088,38.732451],[1.413115,38.732538],[1.413191,38.732616],[1.413275,38.732687],[1.413373,38.732807],[1.41345,38.732905],[1.413484,38.732962],[1.413497,38.73299],[1.413514,38.733023],[1.413514,38.733068],[1.413529,38.7331],[1.413636,38.733173],[1.413701,38.733183],[1.413776,38.733268],[1.413771,38.733346],[1.413769,38.733348],[1.413757,38.733429],[1.413756,38.733494],[1.413764,38.73354],[1.413805,38.73363],[1.413807,38.733634],[1.413813,38.733643],[1.414105,38.734078],[1.414291,38.734353],[1.414398,38.734513],[1.414471,38.734606],[1.41452,38.734667],[1.414675,38.734788],[1.414718,38.734821],[1.414753,38.734893],[1.414749,38.73493],[1.414748,38.734943],[1.414694,38.735034],[1.414636,38.735123],[1.414623,38.735144],[1.414613,38.735216],[1.414647,38.735271],[1.41466,38.735344],[1.414653,38.735451],[1.414628,38.735505],[1.414667,38.735554],[1.414721,38.735588],[1.414736,38.735597],[1.414738,38.735606],[1.414745,38.73566],[1.414722,38.735723],[1.414728,38.735766],[1.414821,38.735767],[1.414957,38.735744],[1.415036,38.735709],[1.415055,38.735697],[1.415207,38.735596],[1.415291,38.735573],[1.415403,38.735573],[1.415509,38.735577],[1.415571,38.735582],[1.415628,38.735605],[1.415719,38.735642],[1.415784,38.735667],[1.415787,38.735669],[1.415863,38.735641],[1.415901,38.735627],[1.415962,38.735548],[1.415977,38.735529],[1.415979,38.735425],[1.415988,38.735341],[1.415987,38.735331],[1.415979,38.735227],[1.415974,38.735166],[1.415986,38.735079],[1.415995,38.735023],[1.416023,38.734935],[1.416053,38.73487],[1.416098,38.734818],[1.416161,38.734773],[1.416206,38.734749],[1.416255,38.73473],[1.416797,38.734729],[1.417474,38.734728],[1.418976,38.734737],[1.419062,38.734738],[1.419067,38.734733],[1.420961,38.733046],[1.420995,38.733016],[1.421239,38.732798],[1.421245,38.732793],[1.421252,38.732792],[1.421378,38.732666],[1.421119,38.73256],[1.420576,38.732363],[1.42029,38.732292],[1.419882,38.732248],[1.419988,38.731693],[1.419068,38.731774],[1.418933,38.73175],[1.418949,38.731503],[1.418602,38.731568],[1.41783,38.73176],[1.417736,38.731285],[1.418119,38.731052],[1.418398,38.730863],[1.418445,38.730602],[1.419305,38.730304],[1.419713,38.730156],[1.419725,38.730153],[1.41978,38.730138],[1.420145,38.730005],[1.421008,38.729691],[1.421196,38.729645],[1.421257,38.729646],[1.421277,38.729806],[1.421318,38.730007],[1.421775,38.730013],[1.421912,38.730539],[1.422236,38.730702],[1.422573,38.730784],[1.422686,38.730794],[1.422842,38.730949],[1.423017,38.731525],[1.423182,38.731719],[1.423535,38.7319],[1.424702,38.731989],[1.425109,38.732054],[1.425274,38.732218],[1.425441,38.732892],[1.42552,38.733022],[1.425647,38.733305],[1.425898,38.733387],[1.426032,38.733532],[1.426091,38.733639],[1.426192,38.733703],[1.426262,38.73373],[1.426417,38.733798],[1.426565,38.733896],[1.426678,38.733958],[1.426873,38.734036],[1.426992,38.734048],[1.427183,38.734081],[1.427381,38.734136],[1.427493,38.73418],[1.427602,38.734283],[1.427642,38.734395],[1.42765,38.734677],[1.427728,38.734761],[1.427839,38.734958],[1.427991,38.73517],[1.428154,38.735344],[1.428346,38.735599],[1.428613,38.735837],[1.428764,38.735947],[1.428897,38.736022],[1.429061,38.736085],[1.429346,38.736178],[1.430269,38.736429],[1.430357,38.73646],[1.430495,38.736522],[1.430687,38.736661],[1.430767,38.73675],[1.430936,38.736966],[1.431432,38.73759],[1.432296,38.738632],[1.432443,38.738787],[1.432565,38.738882],[1.43269,38.738949],[1.432942,38.73899],[1.433079,38.738984],[1.43322,38.738957],[1.433566,38.738842],[1.434043,38.738661],[1.43413,38.738537],[1.434198,38.738435],[1.434258,38.738309],[1.434261,38.738226],[1.434186,38.737987],[1.43417,38.737932],[1.434146,38.73774],[1.434163,38.737555],[1.434215,38.737364],[1.434374,38.736975],[1.434421,38.736824],[1.434523,38.73654],[1.434537,38.736405],[1.43457,38.736249],[1.434614,38.736158],[1.434713,38.736058],[1.434987,38.735892],[1.435357,38.735523],[1.435524,38.735326],[1.435477,38.735316],[1.435628,38.735025],[1.435715,38.734958],[1.436121,38.734595],[1.436405,38.734446],[1.436605,38.734304],[1.436803,38.73413],[1.436872,38.733911],[1.436997,38.733633],[1.437208,38.73334],[1.437472,38.733116],[1.437614,38.733025],[1.437886,38.732918],[1.43808,38.732921],[1.438296,38.732924],[1.438522,38.732935],[1.438683,38.733005],[1.438844,38.733033],[1.439123,38.73307],[1.439307,38.733072],[1.439492,38.732982],[1.4397,38.732858],[1.439887,38.732666],[1.439977,38.732515],[1.440577,38.732245],[1.441173,38.732001],[1.441273,38.731978],[1.441431,38.731981],[1.441838,38.731995],[1.442331,38.731998],[1.442485,38.731953],[1.442521,38.731942],[1.442568,38.731914],[1.442796,38.731775],[1.443158,38.731482],[1.443739,38.730896],[1.443882,38.730758],[1.444067,38.730586],[1.444399,38.730304],[1.444714,38.730127],[1.444975,38.730003],[1.445304,38.729843],[1.445445,38.729745],[1.445593,38.729623],[1.445793,38.7294],[1.446007,38.729109],[1.446251,38.728761],[1.446163,38.728576],[1.44596,38.728387],[1.445854,38.728343],[1.445853,38.728343],[1.445712,38.728358],[1.445342,38.728539],[1.445003,38.72872],[1.444677,38.72886],[1.444568,38.728909],[1.444482,38.728908],[1.444407,38.728882],[1.444226,38.728752],[1.443805,38.728504],[1.443482,38.728325],[1.442622,38.728084],[1.442208,38.728001],[1.441871,38.727926],[1.441668,38.727847],[1.441509,38.72771],[1.441457,38.727625],[1.441525,38.727465],[1.44169,38.727324],[1.441998,38.727144],[1.442273,38.726989],[1.442554,38.726829],[1.442962,38.726654],[1.443331,38.726334],[1.443762,38.725959],[1.44465,38.725613],[1.445397,38.725505],[1.446012,38.725471],[1.446767,38.725481],[1.447273,38.72553],[1.448191,38.72569],[1.448455,38.725677],[1.448763,38.72561],[1.448937,38.725499],[1.449114,38.725306],[1.44928,38.725085],[1.449492,38.724901],[1.449661,38.7247],[1.449761,38.7245],[1.450697,38.724518],[1.45076,38.72454],[1.450831,38.724602],[1.451225,38.724922],[1.451434,38.725113],[1.451556,38.725003],[1.451719,38.72505],[1.451796,38.725066],[1.45199,38.725069],[1.452143,38.725045],[1.452335,38.724955],[1.452583,38.724863],[1.452834,38.725706],[1.45385,38.725498],[1.45422,38.72544],[1.454671,38.726014],[1.454954,38.725861],[1.455129,38.725773],[1.455208,38.725731],[1.455303,38.725685],[1.455411,38.725646],[1.455563,38.725617],[1.455604,38.725571],[1.45565,38.725443],[1.45571,38.725241],[1.455804,38.72501],[1.455854,38.724905],[1.455949,38.724754],[1.456127,38.724758],[1.45615,38.724758],[1.456159,38.724759],[1.456215,38.72476],[1.456234,38.724747],[1.456312,38.724672],[1.456499,38.724564],[1.456682,38.72448],[1.456884,38.72439],[1.457035,38.72429],[1.457222,38.724086],[1.457387,38.723884],[1.457565,38.723734],[1.457705,38.72364],[1.457769,38.723579],[1.457847,38.723679],[1.457902,38.723722],[1.457955,38.723735],[1.458088,38.723707],[1.458213,38.723698],[1.458304,38.723578],[1.45837,38.723455],[1.458343,38.723285],[1.45893,38.722916],[1.459358,38.723319],[1.459621,38.723562],[1.45978,38.723421],[1.459806,38.723391],[1.460141,38.723109],[1.460601,38.723188],[1.461287,38.723287],[1.461607,38.723272],[1.461892,38.723159],[1.462345,38.723001],[1.462311,38.722933],[1.462602,38.722554],[1.462948,38.722388],[1.463234,38.722308],[1.463511,38.722299],[1.464153,38.722383],[1.464733,38.722395],[1.464927,38.722386],[1.465079,38.722468],[1.465331,38.722531],[1.465245,38.722721],[1.465241,38.722731],[1.465236,38.722738],[1.465657,38.723079],[1.465822,38.723354],[1.46587,38.723435],[1.465924,38.723472],[1.466117,38.723601],[1.466184,38.723646],[1.466345,38.723731],[1.466596,38.723891],[1.466596,38.723891],[1.467396,38.7244],[1.468033,38.724805],[1.468419,38.72505],[1.468564,38.725119],[1.468675,38.725202],[1.468859,38.72534],[1.469141,38.725551],[1.469214,38.725606],[1.469218,38.725609],[1.469219,38.72561],[1.469262,38.725664],[1.469364,38.725729],[1.469463,38.725792],[1.469945,38.726097],[1.469966,38.726134],[1.469989,38.726174],[1.470062,38.726404],[1.470134,38.72647],[1.470349,38.726572],[1.470427,38.726588],[1.470455,38.726601],[1.470668,38.726701],[1.470738,38.726734],[1.470744,38.726754],[1.470756,38.726794],[1.470737,38.726891],[1.470736,38.726901],[1.470715,38.726902],[1.470652,38.726906],[1.470585,38.726923],[1.470522,38.72698],[1.470534,38.727044],[1.470558,38.727069],[1.470715,38.727234],[1.470739,38.727259],[1.470904,38.727348],[1.470927,38.727355],[1.471185,38.727431],[1.471307,38.727435],[1.471459,38.727488],[1.471515,38.727508],[1.471586,38.727537],[1.471648,38.727562],[1.471734,38.727613],[1.472137,38.727855],[1.472304,38.727955],[1.47237,38.728006],[1.47238,38.728014],[1.472458,38.728062],[1.472458,38.728062],[1.472634,38.728156],[1.472681,38.728154],[1.472708,38.72813],[1.472716,38.728123],[1.472716,38.728113],[1.472714,38.72809],[1.472712,38.72804],[1.472694,38.728021],[1.472628,38.72795],[1.472625,38.727945],[1.472505,38.727751],[1.472499,38.727674],[1.472199,38.727092],[1.472121,38.727026],[1.472067,38.726933],[1.472062,38.726925],[1.472101,38.726869],[1.472151,38.726713],[1.472166,38.726667],[1.472103,38.726537],[1.471986,38.72653],[1.47196,38.726517],[1.471824,38.726362],[1.471476,38.725907],[1.471518,38.725874],[1.471489,38.72579],[1.470995,38.725284],[1.470977,38.725175],[1.470822,38.724746],[1.47079,38.724687],[1.47077,38.724651],[1.47077,38.724647],[1.470742,38.724363],[1.47077,38.724262],[1.470961,38.723652],[1.470955,38.72351],[1.470925,38.723406],[1.470885,38.723268],[1.470918,38.723193],[1.470955,38.723147],[1.471126,38.723135],[1.471152,38.723134],[1.471211,38.723132],[1.471233,38.723131],[1.471239,38.723131],[1.471294,38.723089],[1.47128,38.722927],[1.471171,38.722811],[1.470771,38.722073],[1.470735,38.721934],[1.470732,38.721867],[1.470727,38.721771],[1.47072,38.721637],[1.470714,38.721521],[1.470755,38.72146],[1.470855,38.721472],[1.470925,38.721465],[1.470919,38.72139],[1.47083,38.7213],[1.470739,38.721199],[1.470752,38.72118],[1.470775,38.721145],[1.470775,38.721145],[1.470847,38.721087],[1.470867,38.721071],[1.470859,38.721052],[1.470844,38.721019],[1.470837,38.721005],[1.470731,38.720904],[1.470729,38.720864],[1.470908,38.720611],[1.470954,38.720569],[1.470945,38.720496],[1.470914,38.720394],[1.470909,38.720376],[1.470971,38.720318],[1.471019,38.720295],[1.471045,38.720283],[1.471079,38.720229],[1.471041,38.720095],[1.470977,38.720033],[1.470984,38.719892],[1.470999,38.719843],[1.471018,38.719784],[1.471204,38.719115],[1.471235,38.719084],[1.471267,38.719097],[1.471272,38.719102],[1.471399,38.719233],[1.471472,38.719242],[1.471474,38.719242],[1.472067,38.719223],[1.472088,38.719222],[1.472105,38.719198],[1.472126,38.719087],[1.472126,38.719086],[1.472152,38.719087],[1.50715,38.720278],[1.472211,38.753612],[1.491378,38.78028],[1.480542,38.780283],[1.480299,38.787972],[1.480294,38.788119],[1.480296,38.78812],[1.480305,38.788127],[1.480318,38.788135],[1.480305,38.788127],[1.480295,38.788121],[1.480168,38.788043],[1.480155,38.788035],[1.480109,38.78804],[1.480019,38.788074],[1.479835,38.788144],[1.47964,38.788243],[1.47952,38.788329],[1.479477,38.788375],[1.479464,38.788389],[1.479414,38.788442],[1.479374,38.788485],[1.479283,38.788582],[1.479242,38.788626],[1.47924,38.788628],[1.47922,38.78865],[1.479106,38.788778],[1.479096,38.788785],[1.478865,38.788961],[1.478738,38.789103],[1.478735,38.789106],[1.478683,38.789158],[1.478662,38.789178],[1.478559,38.789281],[1.478358,38.789385],[1.47817,38.789494],[1.478092,38.789539],[1.477934,38.789686],[1.477907,38.789711],[1.477852,38.789778],[1.47776,38.78989],[1.477694,38.79002],[1.477692,38.790024],[1.477479,38.79039],[1.477419,38.790477],[1.47737,38.790714],[1.477343,38.790816],[1.477278,38.791066],[1.477216,38.79139],[1.477196,38.791489],[1.477168,38.791619],[1.477134,38.791701],[1.477076,38.791812],[1.477038,38.791904],[1.47703,38.791925],[1.476847,38.792023],[1.476749,38.792116],[1.476504,38.792372],[1.476375,38.792503],[1.47637,38.792509],[1.476319,38.79256],[1.476309,38.792574],[1.476258,38.792648],[1.476255,38.792651],[1.476179,38.79276],[1.47599,38.79311],[1.475955,38.79319],[1.475911,38.79329],[1.47591,38.793292],[1.475894,38.79333],[1.475873,38.79338],[1.475871,38.793386],[1.475833,38.793488],[1.475811,38.79356],[1.475798,38.793604],[1.475743,38.793779],[1.475667,38.794012],[1.475584,38.794262],[1.475478,38.794478],[1.475452,38.794524],[1.4754,38.794616],[1.47537,38.794671],[1.475322,38.794778],[1.475179,38.795104],[1.475145,38.795151],[1.475061,38.795262],[1.475055,38.795271],[1.47504,38.79529],[1.475011,38.795361],[1.475,38.795388],[1.475019,38.795572],[1.475038,38.795761],[1.475033,38.795783],[1.474963,38.796064],[1.474827,38.796208],[1.474711,38.796289],[1.474483,38.796435],[1.474452,38.796483],[1.474392,38.796579],[1.474292,38.796762],[1.47426,38.796821],[1.47426,38.796828],[1.474249,38.796945],[1.474246,38.796977],[1.474232,38.797126],[1.474237,38.796997],[1.474234,38.796997],[1.463877,38.810117],[1.488661,38.810116],[1.488661,38.810116],[1.488665,38.810116],[1.488043,38.816948],[1.433379,38.872499],[1.441196,38.878378],[1.458512,38.891396]],[[1.451601,38.889804],[1.451338,38.889976],[1.451324,38.890342],[1.451397,38.890594],[1.451632,38.890811],[1.451925,38.890822],[1.4521,38.890764],[1.452407,38.890558],[1.45248,38.890328],[1.452392,38.890157],[1.452011,38.889768],[1.451601,38.889804]],[[1.437586,38.887407],[1.437763,38.887967],[1.437854,38.888009],[1.438012,38.888081],[1.43829,38.888314],[1.438407,38.888412],[1.438415,38.888415],[1.438744,38.888503],[1.438919,38.888274],[1.438758,38.887977],[1.438791,38.887777],[1.43883,38.887541],[1.438669,38.88737],[1.438405,38.88729],[1.437849,38.887223],[1.437586,38.887407]],[[1.434239,38.883853],[1.434137,38.884231],[1.434147,38.884303],[1.434196,38.884666],[1.434343,38.884906],[1.434709,38.884894],[1.434928,38.88479],[1.435191,38.884698],[1.435176,38.884343],[1.43497,38.883806],[1.434536,38.883707],[1.434473,38.883692],[1.434239,38.883853]],[[1.426015,38.873541],[1.426118,38.873873],[1.426601,38.873895],[1.427025,38.873962],[1.427215,38.873928],[1.427156,38.873745],[1.426907,38.873585],[1.426527,38.873517],[1.426351,38.873494],[1.426015,38.873541]],[[1.405649,38.871547],[1.405603,38.871563],[1.405611,38.871589],[1.405704,38.871653],[1.40578,38.871749],[1.405903,38.871824],[1.406024,38.871862],[1.406131,38.871921],[1.40617,38.871987],[1.406293,38.872093],[1.406382,38.872106],[1.40647,38.872075],[1.406518,38.871986],[1.406515,38.871973],[1.406598,38.871911],[1.406625,38.871873],[1.40663,38.871849],[1.406633,38.871727],[1.406606,38.871638],[1.406602,38.871623],[1.406574,38.871583],[1.406563,38.871566],[1.406526,38.871544],[1.406262,38.871507],[1.406212,38.871506],[1.406164,38.871496],[1.4059,38.871485],[1.405796,38.871504],[1.405785,38.871506],[1.405709,38.871549],[1.405699,38.871548],[1.405681,38.871547],[1.405656,38.871544],[1.405649,38.871547]],[[1.378062,38.854346],[1.378183,38.854374],[1.378853,38.854524],[1.379,38.854523],[1.381305,38.854393],[1.381446,38.854357],[1.382183,38.85407],[1.383037,38.85365],[1.383588,38.853291],[1.383043,38.852995],[1.383312,38.852708],[1.383482,38.852504],[1.384297,38.852955],[1.384363,38.852917],[1.384824,38.852127],[1.384914,38.851982],[1.385203,38.851712],[1.385339,38.851626],[1.385477,38.851545],[1.386092,38.851107],[1.38701,38.850481],[1.388101,38.849758],[1.388303,38.849897],[1.388313,38.84988],[1.388537,38.849683],[1.388576,38.849649],[1.388583,38.849586],[1.388555,38.849294],[1.388662,38.848035],[1.388693,38.847732],[1.38858,38.847111],[1.388515,38.846939],[1.38809,38.84583],[1.387707,38.844731],[1.387622,38.844656],[1.387376,38.844605],[1.387251,38.844511],[1.387135,38.844294],[1.387036,38.844242],[1.386793,38.844114],[1.386609,38.844134],[1.386501,38.844219],[1.385903,38.844773],[1.385619,38.845081],[1.385558,38.845168],[1.384706,38.846177],[1.384646,38.846283],[1.383906,38.84683],[1.383765,38.846957],[1.382976,38.847514],[1.382804,38.847627],[1.381306,38.848358],[1.381255,38.84838],[1.381289,38.848305],[1.381313,38.848216],[1.381683,38.84786],[1.381717,38.847652],[1.381715,38.847492],[1.38173,38.8474],[1.381848,38.847206],[1.382417,38.846898],[1.382613,38.846757],[1.382532,38.846752],[1.382485,38.846551],[1.382673,38.846307],[1.382942,38.846129],[1.383061,38.845988],[1.3831,38.845743],[1.383005,38.845534],[1.382909,38.84539],[1.382928,38.845261],[1.383117,38.844978],[1.383391,38.84458],[1.38368,38.844247],[1.383801,38.844028],[1.383756,38.84382],[1.383611,38.843637],[1.383382,38.843504],[1.383172,38.843255],[1.383097,38.842955],[1.383244,38.842309],[1.383331,38.842103],[1.383252,38.841933],[1.383123,38.841776],[1.382992,38.841722],[1.382825,38.841785],[1.382424,38.841935],[1.381955,38.842136],[1.381288,38.842321],[1.380689,38.842468],[1.380321,38.842606],[1.379822,38.842703],[1.379455,38.842788],[1.379256,38.842824],[1.37924,38.842785],[1.379441,38.842684],[1.379809,38.842521],[1.380233,38.842086],[1.380538,38.841805],[1.380675,38.841613],[1.38065,38.841249],[1.380569,38.841157],[1.380288,38.841127],[1.380091,38.84106],[1.38001,38.840981],[1.379951,38.840656],[1.379825,38.840382],[1.379532,38.840145],[1.379291,38.83983],[1.379128,38.839685],[1.378702,38.839485],[1.378524,38.839314],[1.378149,38.839011],[1.378144,38.838993],[1.378189,38.838985],[1.378514,38.838941],[1.378891,38.838918],[1.379474,38.839005],[1.379757,38.839054],[1.380067,38.839125],[1.380238,38.83917],[1.380384,38.839218],[1.380666,38.839237],[1.381037,38.839215],[1.381362,38.839174],[1.381376,38.839032],[1.381393,38.83894],[1.381522,38.838898],[1.381825,38.838892],[1.381831,38.838892],[1.381873,38.838848],[1.38189,38.83883],[1.38189,38.838829],[1.381933,38.838778],[1.381957,38.8387],[1.381952,38.838656],[1.381934,38.838552],[1.381934,38.838551],[1.381918,38.838478],[1.381915,38.838456],[1.381899,38.838355],[1.381871,38.838239],[1.381849,38.838172],[1.381832,38.838121],[1.381827,38.838079],[1.381825,38.83806],[1.38181,38.838029],[1.381766,38.837938],[1.381755,38.837863],[1.381738,38.83775],[1.381725,38.837721],[1.381711,38.837688],[1.381709,38.837685],[1.381657,38.837669],[1.3816,38.837653],[1.381559,38.837654],[1.38151,38.837636],[1.381507,38.837635],[1.381474,38.837556],[1.381477,38.837538],[1.381524,38.83753],[1.381547,38.837532],[1.381604,38.837536],[1.381645,38.837535],[1.381656,38.837534],[1.381669,38.837469],[1.381666,38.837453],[1.381664,38.837448],[1.381606,38.837296],[1.381594,38.837217],[1.381579,38.837176],[1.381524,38.837134],[1.381424,38.837047],[1.381365,38.836999],[1.381324,38.836978],[1.381249,38.836945],[1.381245,38.836942],[1.381216,38.836905],[1.38119,38.836872],[1.381196,38.836812],[1.381196,38.836696],[1.381206,38.836697],[1.381274,38.8367],[1.381289,38.8367],[1.381292,38.836682],[1.381277,38.836632],[1.381267,38.836621],[1.381242,38.836594],[1.381186,38.83653],[1.381131,38.836469],[1.38112,38.836453],[1.381119,38.836454],[1.381103,38.83641],[1.381079,38.836387],[1.38106,38.836368],[1.381018,38.836341],[1.380973,38.836312],[1.380956,38.836301],[1.380915,38.836271],[1.380898,38.836258],[1.380867,38.836234],[1.380848,38.836224],[1.380801,38.836198],[1.38076,38.836154],[1.380762,38.836127],[1.380764,38.836104],[1.380772,38.836026],[1.380779,38.835989],[1.380787,38.835938],[1.380805,38.835844],[1.380814,38.835667],[1.380832,38.835541],[1.380831,38.835418],[1.380854,38.835283],[1.380864,38.835246],[1.380877,38.835193],[1.380884,38.835159],[1.380896,38.835093],[1.380931,38.834997],[1.380925,38.834944],[1.380907,38.834889],[1.3809,38.834866],[1.380862,38.83481],[1.380795,38.83477],[1.380763,38.834749],[1.380684,38.834705],[1.380645,38.834664],[1.380638,38.834657],[1.380607,38.834571],[1.380589,38.834511],[1.380536,38.834463],[1.380488,38.834409],[1.380456,38.834378],[1.380439,38.834361],[1.380438,38.83436],[1.380372,38.834302],[1.380362,38.834292],[1.380298,38.834232],[1.380288,38.834228],[1.380232,38.834201],[1.380203,38.834184],[1.380196,38.83418],[1.380084,38.834113],[1.379965,38.834077],[1.379842,38.834025],[1.379834,38.834022],[1.379782,38.834014],[1.379543,38.833991],[1.379476,38.833992],[1.379455,38.833992],[1.379308,38.833993],[1.379217,38.833994],[1.379203,38.833994],[1.379179,38.833995],[1.379111,38.833997],[1.379013,38.834009],[1.379012,38.834009],[1.378776,38.83403],[1.378762,38.834037],[1.378592,38.834087],[1.3785,38.834129],[1.378477,38.834147],[1.378434,38.83418],[1.378429,38.834184],[1.378397,38.834209],[1.378359,38.834272],[1.378348,38.834303],[1.37835,38.834378],[1.378351,38.834403],[1.37836,38.834441],[1.378374,38.834494],[1.378416,38.834561],[1.378414,38.834577],[1.378414,38.834583],[1.378344,38.834603],[1.378304,38.83462],[1.378273,38.834651],[1.378242,38.834681],[1.378229,38.834711],[1.378157,38.834736],[1.378113,38.834752],[1.378037,38.834747],[1.378015,38.834709],[1.378022,38.834648],[1.378025,38.834617],[1.378042,38.834542],[1.378063,38.834502],[1.378063,38.834497],[1.378064,38.834465],[1.378048,38.83441],[1.37802,38.834412],[1.377929,38.834437],[1.377887,38.834462],[1.377806,38.834465],[1.377752,38.834461],[1.377704,38.834471],[1.377628,38.834484],[1.377565,38.834513],[1.37744,38.834569],[1.3774,38.8346],[1.37739,38.834621],[1.37739,38.834653],[1.377402,38.834684],[1.377416,38.834732],[1.377404,38.834849],[1.377383,38.834883],[1.3773,38.834984],[1.377248,38.835027],[1.377194,38.835063],[1.377156,38.835077],[1.377018,38.835079],[1.376953,38.835077],[1.376922,38.835075],[1.376882,38.835053],[1.376878,38.835049],[1.376857,38.835033],[1.37683,38.835012],[1.376821,38.83494],[1.376814,38.834906],[1.376813,38.834902],[1.376787,38.834816],[1.376768,38.834746],[1.376752,38.834718],[1.376746,38.834706],[1.376732,38.834681],[1.376676,38.834626],[1.376632,38.834535],[1.376616,38.834441],[1.376612,38.834431],[1.376554,38.834272],[1.376549,38.834213],[1.376536,38.834184],[1.376534,38.83418],[1.376499,38.834103],[1.376485,38.834082],[1.376436,38.834015],[1.376386,38.833945],[1.376376,38.833926],[1.376352,38.833868],[1.37635,38.833863],[1.376299,38.833787],[1.376246,38.833708],[1.37624,38.833697],[1.376233,38.833687],[1.376193,38.833707],[1.376148,38.833728],[1.376072,38.833761],[1.376013,38.833782],[1.37598,38.833744],[1.375961,38.833722],[1.375952,38.833642],[1.375948,38.833614],[1.375932,38.833541],[1.375922,38.833496],[1.375891,38.833351],[1.375886,38.833259],[1.375888,38.833212],[1.375891,38.833197],[1.375898,38.833161],[1.375933,38.833087],[1.375954,38.833058],[1.375939,38.833021],[1.375936,38.833017],[1.375922,38.832997],[1.375858,38.832902],[1.375818,38.832836],[1.375772,38.832788],[1.375718,38.83276],[1.375694,38.832751],[1.375581,38.832726],[1.375561,38.832725],[1.375429,38.83271],[1.375399,38.832671],[1.375383,38.83265],[1.375384,38.832602],[1.375387,38.832589],[1.375426,38.832586],[1.375429,38.832586],[1.375453,38.832583],[1.375494,38.832567],[1.375484,38.832522],[1.375461,38.832496],[1.375424,38.832452],[1.375421,38.832448],[1.375369,38.832374],[1.375283,38.832274],[1.375136,38.832158],[1.375053,38.832116],[1.374893,38.832035],[1.374829,38.831995],[1.374816,38.831988],[1.374694,38.83191],[1.374679,38.831901],[1.374618,38.83187],[1.374531,38.831844],[1.374458,38.831787],[1.374438,38.831759],[1.374412,38.831722],[1.3744,38.8317],[1.374385,38.831673],[1.374379,38.831668],[1.374337,38.831643],[1.374239,38.831659],[1.374154,38.831723],[1.374154,38.831723],[1.374139,38.831729],[1.374066,38.831695],[1.374064,38.831694],[1.374055,38.831696],[1.374024,38.831704],[1.374011,38.831707],[1.373983,38.831714],[1.373943,38.83173],[1.373903,38.831745],[1.373854,38.831764],[1.373839,38.831769],[1.373819,38.831776],[1.373762,38.83179],[1.373717,38.831783],[1.373743,38.831718],[1.373771,38.831636],[1.373798,38.831571],[1.373794,38.831524],[1.373785,38.831519],[1.373749,38.831501],[1.373735,38.831496],[1.373707,38.831487],[1.373593,38.831473],[1.373581,38.831474],[1.373532,38.831481],[1.373504,38.831488],[1.373452,38.831503],[1.373326,38.831511],[1.373231,38.831507],[1.373194,38.831462],[1.373186,38.831452],[1.373183,38.831444],[1.373175,38.831412],[1.373112,38.831415],[1.373044,38.831417],[1.373044,38.831417],[1.372894,38.831409],[1.372874,38.831398],[1.37279,38.831377],[1.372749,38.831367],[1.372673,38.831338],[1.37267,38.831336],[1.37257,38.831272],[1.372538,38.831244],[1.372487,38.831199],[1.372446,38.831152],[1.372391,38.831106],[1.372313,38.831091],[1.372236,38.831069],[1.372222,38.831064],[1.372186,38.831052],[1.372161,38.831052],[1.372115,38.831055],[1.372068,38.831058],[1.372008,38.831109],[1.371981,38.831153],[1.371935,38.831228],[1.371876,38.831274],[1.371856,38.831295],[1.371825,38.831328],[1.371825,38.83133],[1.37181,38.831362],[1.37182,38.831436],[1.371814,38.83153],[1.37178,38.831547],[1.37173,38.831573],[1.371659,38.831603],[1.371614,38.831612],[1.371549,38.831654],[1.37152,38.831691],[1.371512,38.831776],[1.371515,38.831804],[1.371544,38.831836],[1.371557,38.831857],[1.371561,38.831864],[1.371574,38.831887],[1.37158,38.831897],[1.371607,38.831927],[1.371635,38.831959],[1.371647,38.831974],[1.371681,38.832017],[1.371724,38.832054],[1.371734,38.832062],[1.371752,38.832075],[1.371831,38.832133],[1.371888,38.832193],[1.371935,38.832246],[1.371943,38.832257],[1.371979,38.832306],[1.372048,38.832313],[1.372164,38.832306],[1.372252,38.832297],[1.372257,38.832296],[1.372258,38.832297],[1.372301,38.832312],[1.372313,38.832413],[1.372328,38.832498],[1.372329,38.832592],[1.372305,38.832723],[1.372291,38.832819],[1.372291,38.832832],[1.372275,38.832944],[1.372221,38.833033],[1.372194,38.833073],[1.372117,38.833163],[1.372086,38.833227],[1.372003,38.833356],[1.371939,38.833426],[1.371863,38.833498],[1.371777,38.833566],[1.371706,38.833625],[1.371586,38.833716],[1.37151,38.833764],[1.371368,38.833832],[1.37129,38.833876],[1.371195,38.833919],[1.371065,38.833984],[1.370985,38.834013],[1.37088,38.834058],[1.370766,38.834101],[1.370704,38.834128],[1.370643,38.834143],[1.370525,38.834181],[1.370513,38.834185],[1.370486,38.834193],[1.370217,38.834316],[1.370101,38.834392],[1.369923,38.834504],[1.369745,38.834637],[1.369572,38.834769],[1.369505,38.834841],[1.369418,38.834954],[1.369396,38.834985],[1.369233,38.835161],[1.369046,38.83522],[1.368966,38.835223],[1.368955,38.835223],[1.368931,38.835222],[1.368876,38.835177],[1.368853,38.835115],[1.368849,38.835108],[1.368835,38.835084],[1.368802,38.83506],[1.368792,38.835052],[1.368771,38.835053],[1.36869,38.835062],[1.368636,38.835068],[1.368624,38.83511],[1.368634,38.835194],[1.368646,38.835248],[1.36869,38.835348],[1.368743,38.835412],[1.368842,38.835521],[1.368899,38.835592],[1.369052,38.835749],[1.369086,38.835819],[1.36913,38.835927],[1.36916,38.836003],[1.369184,38.836136],[1.369195,38.836179],[1.369289,38.836306],[1.369354,38.836394],[1.369431,38.836506],[1.369429,38.836587],[1.36944,38.836654],[1.369491,38.836807],[1.369533,38.836873],[1.369553,38.837011],[1.36956,38.837163],[1.369579,38.837261],[1.36961,38.837464],[1.369676,38.837563],[1.369766,38.837692],[1.369771,38.837806],[1.369767,38.837916],[1.369764,38.838033],[1.369763,38.838044],[1.369752,38.838182],[1.369756,38.838325],[1.369756,38.838325],[1.369758,38.838402],[1.369757,38.838406],[1.369736,38.838548],[1.3697,38.838616],[1.36971,38.83864],[1.369739,38.838635],[1.369752,38.838632],[1.369796,38.838631],[1.369845,38.838635],[1.369882,38.83865],[1.369891,38.838758],[1.369904,38.838869],[1.369916,38.839121],[1.369969,38.839255],[1.370007,38.83934],[1.370147,38.839612],[1.370192,38.839706],[1.370231,38.839788],[1.370322,38.839988],[1.370348,38.840059],[1.370365,38.8401],[1.370373,38.840117],[1.370373,38.84012],[1.370436,38.840406],[1.370477,38.840513],[1.370532,38.8407],[1.370613,38.840886],[1.370691,38.841037],[1.370768,38.841195],[1.370775,38.841264],[1.370834,38.841503],[1.370858,38.841693],[1.37086,38.841825],[1.370863,38.841974],[1.370866,38.842126],[1.370867,38.842198],[1.370869,38.842335],[1.37087,38.842377],[1.370871,38.842531],[1.370867,38.842607],[1.370866,38.842607],[1.370866,38.842607],[1.370794,38.842624],[1.370781,38.842632],[1.370764,38.842655],[1.37076,38.842681],[1.370779,38.842695],[1.370791,38.842705],[1.370825,38.842721],[1.370827,38.842729],[1.370843,38.842814],[1.370814,38.843027],[1.370804,38.843094],[1.370792,38.843123],[1.370764,38.843186],[1.370714,38.843265],[1.370713,38.843266],[1.370701,38.843279],[1.370691,38.843292],[1.370679,38.843306],[1.370681,38.843326],[1.370715,38.843341],[1.370722,38.843346],[1.370731,38.843481],[1.370719,38.843759],[1.370681,38.843867],[1.370619,38.84404],[1.370597,38.84408],[1.370577,38.844116],[1.370576,38.844116],[1.370567,38.844139],[1.37049,38.844319],[1.37046,38.844446],[1.370457,38.844523],[1.370458,38.84456],[1.370462,38.844647],[1.370455,38.84471],[1.370392,38.844843],[1.370355,38.844892],[1.370328,38.844927],[1.370252,38.845131],[1.370182,38.845248],[1.370091,38.845345],[1.370032,38.845411],[1.369862,38.845554],[1.369845,38.845561],[1.369793,38.845616],[1.369618,38.845864],[1.369532,38.845961],[1.36946,38.846039],[1.369291,38.846218],[1.369157,38.846423],[1.36909,38.846544],[1.369009,38.84664],[1.36892,38.846734],[1.3688,38.846845],[1.368775,38.846882],[1.368767,38.846892],[1.368609,38.847047],[1.368494,38.847195],[1.368346,38.847366],[1.368261,38.847508],[1.368205,38.847609],[1.36809,38.847837],[1.367991,38.847983],[1.367886,38.848167],[1.367838,38.848288],[1.367783,38.848403],[1.367734,38.848538],[1.367706,38.848617],[1.367701,38.848621],[1.367688,38.848638],[1.367603,38.848755],[1.367584,38.848848],[1.367566,38.848951],[1.367557,38.848996],[1.367548,38.849044],[1.36754,38.849083],[1.36751,38.849144],[1.367485,38.849193],[1.367466,38.849226],[1.367444,38.849265],[1.367437,38.849291],[1.367422,38.849341],[1.367418,38.849351],[1.367405,38.849389],[1.367388,38.849432],[1.367365,38.849494],[1.367353,38.849525],[1.367332,38.849581],[1.367331,38.849582],[1.367323,38.849642],[1.367322,38.849651],[1.36733,38.84971],[1.367352,38.849872],[1.367346,38.849979],[1.367327,38.850133],[1.367303,38.850275],[1.367285,38.850319],[1.367282,38.850325],[1.367251,38.850395],[1.367175,38.85054],[1.367135,38.850671],[1.367121,38.850797],[1.367101,38.850929],[1.367081,38.851068],[1.36707,38.851128],[1.36705,38.85124],[1.367037,38.851332],[1.367004,38.85143],[1.367297,38.851499],[1.367777,38.851624],[1.367921,38.851622],[1.367987,38.851719],[1.368468,38.851672],[1.368829,38.85165],[1.368925,38.851621],[1.368946,38.851652],[1.369008,38.851699],[1.369268,38.851872],[1.369335,38.851901],[1.369338,38.851947],[1.369388,38.851997],[1.369434,38.852006],[1.369482,38.852006],[1.369489,38.85212],[1.36946,38.852567],[1.369573,38.852593],[1.369786,38.852637],[1.371408,38.852952],[1.371591,38.852971],[1.372531,38.853177],[1.372625,38.853222],[1.372737,38.853259],[1.372846,38.853291],[1.373927,38.853502],[1.374175,38.853511],[1.374712,38.853658],[1.374928,38.853687],[1.375794,38.853894],[1.375925,38.853952],[1.376946,38.854125],[1.377652,38.854249],[1.378062,38.854346]],[[1.405391,38.830547],[1.405335,38.8306],[1.405323,38.830612],[1.405262,38.830625],[1.405198,38.830657],[1.405199,38.830676],[1.405201,38.830741],[1.405202,38.83078],[1.405209,38.83084],[1.40521,38.830842],[1.405252,38.830904],[1.405258,38.8309],[1.405304,38.830888],[1.405419,38.830858],[1.405493,38.830839],[1.405589,38.830744],[1.405985,38.830449],[1.405952,38.830419],[1.405889,38.830419],[1.405364,38.830344],[1.40536,38.830282],[1.4054,38.830264],[1.405424,38.830246],[1.405465,38.830216],[1.405465,38.830176],[1.405458,38.830173],[1.405395,38.830141],[1.405302,38.830155],[1.405301,38.830155],[1.405301,38.830155],[1.405259,38.830202],[1.405145,38.830352],[1.405144,38.830477],[1.405158,38.830556],[1.405323,38.830547],[1.405391,38.830547]],[[1.371647,38.831131],[1.371695,38.83112],[1.371826,38.831095],[1.371859,38.831089],[1.371875,38.83108],[1.371971,38.831028],[1.372002,38.831015],[1.372028,38.831007],[1.372066,38.830987],[1.372141,38.830949],[1.372144,38.830945],[1.372184,38.830887],[1.372175,38.830872],[1.372171,38.830867],[1.372153,38.830872],[1.372101,38.830885],[1.372048,38.830898],[1.372001,38.830914],[1.371934,38.830937],[1.371846,38.830968],[1.37183,38.830973],[1.371764,38.83101],[1.371716,38.830974],[1.371691,38.830941],[1.371684,38.830932],[1.371631,38.830784],[1.371607,38.830674],[1.371612,38.830562],[1.371635,38.830497],[1.37164,38.830454],[1.371649,38.830377],[1.371618,38.830377],[1.371558,38.830417],[1.371537,38.830441],[1.371492,38.830494],[1.371463,38.830514],[1.371424,38.830531],[1.371386,38.830547],[1.371335,38.830535],[1.371304,38.830496],[1.371259,38.830446],[1.371252,38.830438],[1.371239,38.830428],[1.371165,38.830419],[1.371149,38.830441],[1.371141,38.830452],[1.371131,38.830504],[1.371101,38.830532],[1.37106,38.83058],[1.371074,38.830617],[1.371169,38.830704],[1.371183,38.830713],[1.371194,38.83072],[1.371268,38.830777],[1.371358,38.830837],[1.371368,38.830844],[1.371464,38.830941],[1.371479,38.831019],[1.371485,38.831082],[1.371596,38.831124],[1.37164,38.831133],[1.371647,38.831131]],[[1.370693,38.829583],[1.370658,38.829646],[1.370635,38.829705],[1.37063,38.829741],[1.370653,38.829881],[1.370669,38.829871],[1.37067,38.82987],[1.370744,38.829793],[1.370801,38.829737],[1.370831,38.829699],[1.370858,38.829664],[1.370832,38.829615],[1.370743,38.829569],[1.370693,38.829583]],[[1.370891,38.828652],[1.370892,38.828669],[1.370957,38.828767],[1.370994,38.828828],[1.371038,38.828885],[1.371075,38.828928],[1.371103,38.828961],[1.371148,38.829016],[1.371153,38.829022],[1.371237,38.829086],[1.371263,38.829096],[1.371272,38.829099],[1.371279,38.829097],[1.371281,38.829096],[1.371282,38.829094],[1.371277,38.829045],[1.371215,38.828925],[1.371095,38.828791],[1.371073,38.828771],[1.371025,38.828725],[1.370951,38.82866],[1.370887,38.828619],[1.370891,38.828652]],[[1.407315,38.826582],[1.407301,38.826623],[1.407289,38.826654],[1.407281,38.826675],[1.407223,38.826726],[1.407222,38.826726],[1.40722,38.826727],[1.407189,38.826731],[1.407116,38.826743],[1.407064,38.826752],[1.407043,38.826822],[1.407139,38.826946],[1.407189,38.82703],[1.407299,38.827104],[1.407353,38.827154],[1.407369,38.827144],[1.407421,38.827131],[1.407538,38.827088],[1.407615,38.827045],[1.407688,38.827006],[1.407775,38.826934],[1.407771,38.826838],[1.407725,38.826765],[1.407671,38.826701],[1.407686,38.826661],[1.407798,38.826584],[1.407901,38.826517],[1.407992,38.826454],[1.408039,38.826428],[1.408158,38.826375],[1.408138,38.826296],[1.408013,38.826211],[1.407916,38.826171],[1.407833,38.826123],[1.407781,38.8261],[1.407724,38.826118],[1.407724,38.826158],[1.407724,38.826182],[1.407756,38.826208],[1.407817,38.826257],[1.407841,38.826307],[1.407832,38.82638],[1.407796,38.826441],[1.407784,38.826451],[1.407735,38.826494],[1.407713,38.826514],[1.407641,38.826544],[1.4075,38.826571],[1.407424,38.826569],[1.407315,38.826582]],[[1.40977,38.818563],[1.409774,38.818592],[1.409775,38.818603],[1.409803,38.818639],[1.40981,38.818644],[1.409832,38.81866],[1.409876,38.818663],[1.409928,38.818624],[1.40998,38.818567],[1.410017,38.818494],[1.410056,38.818461],[1.410101,38.818425],[1.410164,38.818383],[1.410204,38.818357],[1.410232,38.818362],[1.410269,38.818369],[1.410292,38.818373],[1.41033,38.818372],[1.41036,38.818353],[1.41036,38.818329],[1.410352,38.818322],[1.410336,38.818309],[1.410303,38.818293],[1.410294,38.818277],[1.410318,38.818252],[1.41035,38.818242],[1.410422,38.818231],[1.410487,38.818209],[1.410499,38.8182],[1.410546,38.818262],[1.410603,38.818261],[1.410721,38.818244],[1.410795,38.818226],[1.410846,38.818202],[1.410894,38.818151],[1.41089,38.818109],[1.410866,38.818082],[1.410804,38.818088],[1.410796,38.818088],[1.410817,38.818031],[1.410811,38.817985],[1.41081,38.817941],[1.41082,38.817871],[1.410805,38.81784],[1.410787,38.817812],[1.410798,38.817752],[1.410812,38.817711],[1.410852,38.817682],[1.41088,38.817683],[1.410916,38.8177],[1.41092,38.817746],[1.410921,38.817758],[1.410921,38.81779],[1.410931,38.817801],[1.410955,38.817802],[1.410974,38.817804],[1.410989,38.817774],[1.411013,38.817725],[1.411028,38.817711],[1.411043,38.817697],[1.411049,38.817689],[1.411032,38.817675],[1.41102,38.817666],[1.411014,38.817627],[1.411026,38.817589],[1.411047,38.817568],[1.411069,38.817541],[1.411068,38.81751],[1.411076,38.817486],[1.411076,38.817484],[1.411082,38.817453],[1.411071,38.817424],[1.411046,38.817403],[1.411044,38.8174],[1.411006,38.817368],[1.411005,38.817367],[1.411009,38.817342],[1.411034,38.81732],[1.411079,38.817317],[1.411169,38.817324],[1.41124,38.817337],[1.411286,38.817336],[1.411353,38.817318],[1.4114,38.817294],[1.411444,38.817245],[1.411454,38.81722],[1.411459,38.817196],[1.411461,38.817186],[1.411464,38.81717],[1.411457,38.817135],[1.411444,38.817095],[1.41144,38.817083],[1.411439,38.817081],[1.411438,38.817078],[1.411428,38.81703],[1.411417,38.817],[1.411447,38.816992],[1.411491,38.816984],[1.411542,38.816982],[1.411601,38.816978],[1.411632,38.816971],[1.411661,38.816943],[1.411664,38.816935],[1.411669,38.816918],[1.411672,38.816875],[1.411669,38.816851],[1.411641,38.816818],[1.411573,38.816775],[1.411542,38.816766],[1.411515,38.816757],[1.411497,38.816747],[1.411487,38.816742],[1.411469,38.816726],[1.411456,38.816714],[1.411444,38.816682],[1.411438,38.816649],[1.411435,38.816625],[1.411435,38.816616],[1.411435,38.816597],[1.411447,38.816573],[1.411458,38.816554],[1.411477,38.816525],[1.411494,38.816512],[1.411494,38.816511],[1.41152,38.816485],[1.411534,38.81646],[1.411535,38.816436],[1.411537,38.816403],[1.411537,38.81639],[1.411575,38.816301],[1.411597,38.81627],[1.411623,38.81624],[1.411643,38.816223],[1.41165,38.816218],[1.411675,38.816199],[1.41168,38.81617],[1.411676,38.816136],[1.411658,38.816109],[1.411657,38.816107],[1.411636,38.816096],[1.411605,38.816086],[1.411625,38.816051],[1.411663,38.816],[1.411675,38.81598],[1.411684,38.815967],[1.411694,38.815943],[1.411695,38.815912],[1.411695,38.815905],[1.411688,38.815878],[1.411671,38.815861],[1.411632,38.81585],[1.411603,38.815839],[1.411583,38.815824],[1.411584,38.815815],[1.411643,38.815799],[1.411657,38.815798],[1.411672,38.815796],[1.411701,38.815782],[1.411713,38.815744],[1.411706,38.815725],[1.411685,38.815715],[1.411675,38.815698],[1.411694,38.815672],[1.411696,38.815657],[1.411696,38.815654],[1.411695,38.815625],[1.411707,38.815625],[1.411755,38.815607],[1.411782,38.815581],[1.411837,38.815546],[1.41186,38.815529],[1.411863,38.815527],[1.411874,38.8155],[1.411878,38.815481],[1.411882,38.815456],[1.411877,38.815416],[1.411893,38.815396],[1.411894,38.815396],[1.411918,38.815377],[1.411934,38.815358],[1.411927,38.815339],[1.411912,38.815317],[1.411915,38.815302],[1.411918,38.815283],[1.411925,38.815264],[1.411937,38.815235],[1.411947,38.815212],[1.411959,38.815182],[1.411976,38.815155],[1.411997,38.815126],[1.412012,38.815104],[1.412013,38.815103],[1.412035,38.815057],[1.412036,38.815056],[1.412047,38.815017],[1.412049,38.814989],[1.412038,38.814952],[1.41202,38.814892],[1.412028,38.814825],[1.412033,38.8148],[1.412036,38.814783],[1.412024,38.81476],[1.41204,38.81474],[1.41209,38.81472],[1.412173,38.814689],[1.412221,38.814664],[1.412269,38.814619],[1.412292,38.814573],[1.4123,38.81455],[1.412301,38.814547],[1.41231,38.814494],[1.412288,38.814463],[1.412258,38.814412],[1.412233,38.814358],[1.412203,38.814294],[1.41219,38.814253],[1.412166,38.814202],[1.412133,38.814163],[1.412125,38.814157],[1.412095,38.814154],[1.412058,38.814155],[1.411999,38.814156],[1.41198,38.814156],[1.411979,38.814156],[1.411966,38.814148],[1.411938,38.814127],[1.411929,38.814125],[1.411886,38.814126],[1.411866,38.814096],[1.411807,38.814043],[1.411767,38.814054],[1.411694,38.814087],[1.411667,38.814101],[1.411624,38.814064],[1.411629,38.81403],[1.411613,38.813996],[1.41158,38.813975],[1.411553,38.813936],[1.411522,38.813881],[1.411493,38.813843],[1.411473,38.813805],[1.411459,38.813754],[1.411438,38.81372],[1.41142,38.813714],[1.411352,38.813736],[1.41132,38.813758],[1.411306,38.813788],[1.411304,38.813828],[1.411303,38.813853],[1.411271,38.813864],[1.411236,38.81388],[1.411227,38.813899],[1.411242,38.813933],[1.411183,38.813977],[1.411175,38.813972],[1.411142,38.813959],[1.411101,38.813973],[1.411054,38.813992],[1.411016,38.814019],[1.411013,38.814052],[1.411039,38.814073],[1.411025,38.814102],[1.41101,38.814127],[1.41098,38.814174],[1.410969,38.814203],[1.410992,38.814246],[1.410986,38.814286],[1.410969,38.814315],[1.410945,38.81436],[1.410907,38.814402],[1.410865,38.814433],[1.410835,38.814468],[1.410802,38.814517],[1.410765,38.814568],[1.410743,38.814604],[1.41072,38.814642],[1.410686,38.814694],[1.410649,38.814735],[1.410627,38.814756],[1.410586,38.814794],[1.410552,38.814829],[1.410542,38.814861],[1.41051,38.814892],[1.410492,38.8149],[1.410447,38.814912],[1.410387,38.814926],[1.410216,38.815136],[1.410073,38.81515],[1.409988,38.815198],[1.409946,38.815239],[1.409952,38.815289],[1.409945,38.815335],[1.409874,38.815372],[1.409835,38.815401],[1.409825,38.815446],[1.409825,38.815494],[1.409804,38.815524],[1.40976,38.81558],[1.409728,38.815621],[1.409702,38.815643],[1.409679,38.815681],[1.409688,38.815708],[1.409729,38.815713],[1.409741,38.815714],[1.409762,38.815715],[1.40976,38.815736],[1.409746,38.815756],[1.409743,38.815757],[1.409701,38.815782],[1.409682,38.815827],[1.409664,38.815879],[1.409629,38.815935],[1.4096,38.815975],[1.409569,38.816022],[1.409544,38.816068],[1.409527,38.816116],[1.409499,38.81617],[1.409471,38.816244],[1.409468,38.816279],[1.409476,38.816343],[1.409494,38.816372],[1.409509,38.816396],[1.40953,38.816427],[1.409562,38.81646],[1.40959,38.816475],[1.409582,38.816499],[1.40958,38.816507],[1.409556,38.816558],[1.409542,38.816622],[1.409509,38.816669],[1.409491,38.816704],[1.409474,38.816757],[1.409456,38.81681],[1.409453,38.816849],[1.409456,38.81688],[1.409462,38.816935],[1.409445,38.816949],[1.409382,38.816967],[1.409322,38.816997],[1.409271,38.817019],[1.409239,38.817034],[1.409209,38.817077],[1.409242,38.817114],[1.40925,38.817119],[1.409277,38.817141],[1.409294,38.817164],[1.409305,38.817198],[1.409301,38.817222],[1.409261,38.817232],[1.409241,38.817237],[1.409207,38.817247],[1.409173,38.817269],[1.409159,38.81731],[1.40915,38.817346],[1.409149,38.817376],[1.409165,38.817398],[1.409188,38.817406],[1.409191,38.817407],[1.409188,38.817411],[1.409166,38.817434],[1.409126,38.817456],[1.409088,38.81751],[1.409062,38.817555],[1.409057,38.817594],[1.409066,38.817633],[1.409089,38.817671],[1.4091,38.817677],[1.409114,38.817686],[1.409142,38.817691],[1.409159,38.817693],[1.409153,38.81772],[1.409167,38.817744],[1.409172,38.817753],[1.409191,38.817787],[1.409209,38.817803],[1.409215,38.817807],[1.409235,38.817821],[1.409268,38.81783],[1.409248,38.81785],[1.409236,38.817861],[1.409236,38.817905],[1.409235,38.817955],[1.409218,38.817992],[1.40921,38.818027],[1.409205,38.818081],[1.409233,38.818149],[1.409272,38.818197],[1.40929,38.818226],[1.409281,38.818255],[1.409276,38.818289],[1.4093,38.818351],[1.409316,38.818378],[1.409331,38.818405],[1.409362,38.818438],[1.409373,38.818449],[1.409421,38.818493],[1.409446,38.818516],[1.409489,38.81854],[1.409527,38.818557],[1.409578,38.81856],[1.409645,38.818555],[1.409677,38.818543],[1.409699,38.818525],[1.409708,38.818518],[1.409747,38.818524],[1.409774,38.818528],[1.40977,38.818563]],[[1.404365,38.814188],[1.404427,38.814175],[1.404505,38.814162],[1.404545,38.814155],[1.404556,38.814152],[1.404599,38.814141],[1.404603,38.814135],[1.404611,38.814123],[1.404696,38.814096],[1.404775,38.814064],[1.404824,38.814051],[1.404913,38.814047],[1.404966,38.814036],[1.405006,38.814014],[1.405053,38.813995],[1.405068,38.813986],[1.405075,38.813981],[1.405076,38.813978],[1.405088,38.813943],[1.405129,38.813916],[1.40518,38.813887],[1.405187,38.813882],[1.405218,38.813859],[1.405235,38.813834],[1.40511,38.813761],[1.405024,38.813702],[1.404921,38.81365],[1.404827,38.813672],[1.404755,38.813689],[1.404688,38.813708],[1.404645,38.813722],[1.404583,38.813746],[1.404563,38.81377],[1.404538,38.813786],[1.404515,38.81377],[1.404472,38.813746],[1.404405,38.81375],[1.404339,38.813765],[1.404258,38.813785],[1.404206,38.813807],[1.4042,38.813817],[1.404179,38.81385],[1.404138,38.813882],[1.404089,38.813898],[1.404051,38.813899],[1.404007,38.813874],[1.403973,38.813863],[1.403929,38.813864],[1.403902,38.81388],[1.403877,38.813917],[1.403847,38.813956],[1.403802,38.813983],[1.403695,38.814008],[1.403624,38.814022],[1.403576,38.814027],[1.403523,38.814019],[1.403497,38.814004],[1.403461,38.813971],[1.403413,38.813935],[1.403343,38.813941],[1.403245,38.813947],[1.403211,38.813962],[1.403178,38.813969],[1.403125,38.813966],[1.403061,38.813961],[1.402981,38.813962],[1.40289,38.813969],[1.402836,38.813981],[1.40277,38.81401],[1.40274,38.814032],[1.402724,38.814055],[1.402725,38.81409],[1.402738,38.81411],[1.402738,38.814111],[1.402775,38.814135],[1.402802,38.814153],[1.402825,38.814165],[1.402807,38.814197],[1.4028,38.814209],[1.402791,38.814234],[1.402819,38.814249],[1.402847,38.814279],[1.402899,38.814319],[1.402913,38.814288],[1.402914,38.814286],[1.402927,38.814241],[1.402937,38.814213],[1.402938,38.814209],[1.402945,38.814184],[1.402955,38.81417],[1.402967,38.814161],[1.403002,38.814152],[1.403035,38.814148],[1.403101,38.814143],[1.403172,38.814145],[1.403211,38.814152],[1.403222,38.814178],[1.403246,38.814205],[1.403255,38.814239],[1.403281,38.814247],[1.403302,38.814252],[1.40332,38.814262],[1.403355,38.814313],[1.403387,38.814339],[1.403422,38.814355],[1.403473,38.81438],[1.403534,38.814398],[1.40357,38.814403],[1.4036,38.814408],[1.403614,38.814431],[1.403621,38.814448],[1.403633,38.814475],[1.403668,38.814502],[1.403728,38.81455],[1.40376,38.814563],[1.403835,38.814532],[1.403891,38.814491],[1.403912,38.814477],[1.403916,38.814474],[1.404029,38.814472],[1.404071,38.814462],[1.404084,38.814435],[1.404065,38.814409],[1.404053,38.814377],[1.40406,38.814373],[1.404083,38.81436],[1.404122,38.814363],[1.404195,38.81435],[1.404205,38.814339],[1.404224,38.814318],[1.404266,38.814274],[1.404282,38.814256],[1.404301,38.814236],[1.404365,38.814188]],[[1.404145,38.815733],[1.404131,38.81571],[1.404096,38.81567],[1.404079,38.81563],[1.404049,38.815569],[1.404004,38.815558],[1.403927,38.815558],[1.403829,38.815548],[1.403753,38.815555],[1.403654,38.815581],[1.403606,38.8156],[1.403527,38.815605],[1.403434,38.815599],[1.403323,38.815595],[1.403187,38.815603],[1.403146,38.815609],[1.403073,38.815626],[1.403057,38.815651],[1.402971,38.815656],[1.402966,38.815686],[1.402899,38.815679],[1.402833,38.815687],[1.402749,38.815702],[1.402663,38.815704],[1.402611,38.815702],[1.402492,38.815697],[1.402461,38.815696],[1.402413,38.815704],[1.402396,38.815723],[1.402399,38.815746],[1.402403,38.815759],[1.402304,38.815757],[1.402308,38.815725],[1.402259,38.815685],[1.402218,38.815684],[1.402173,38.815708],[1.402128,38.815696],[1.402081,38.815661],[1.402041,38.81565],[1.401977,38.815655],[1.401921,38.815677],[1.401883,38.815703],[1.401842,38.815753],[1.401841,38.815783],[1.401854,38.815819],[1.401888,38.815872],[1.401897,38.815889],[1.401908,38.815909],[1.401937,38.815907],[1.401962,38.815898],[1.402028,38.815887],[1.40209,38.815891],[1.402135,38.81591],[1.402156,38.815917],[1.402199,38.815932],[1.402231,38.815932],[1.402308,38.815943],[1.402332,38.815934],[1.402363,38.815941],[1.402344,38.815979],[1.40233,38.816054],[1.402366,38.81608],[1.402375,38.816086],[1.402408,38.816092],[1.402449,38.816088],[1.402464,38.816087],[1.402501,38.816115],[1.402512,38.816123],[1.40254,38.816149],[1.402552,38.816163],[1.402601,38.816191],[1.402639,38.816196],[1.402606,38.816214],[1.402576,38.816238],[1.402566,38.816246],[1.402596,38.816283],[1.40265,38.816309],[1.402656,38.81631],[1.40273,38.816327],[1.402835,38.81634],[1.402965,38.81635],[1.403029,38.816349],[1.403042,38.816332],[1.403045,38.816313],[1.403103,38.816337],[1.403185,38.816369],[1.403243,38.81638],[1.403248,38.816381],[1.403304,38.816382],[1.403384,38.816368],[1.403395,38.816356],[1.403402,38.816349],[1.403393,38.816333],[1.403353,38.816304],[1.403333,38.816299],[1.403312,38.816294],[1.403335,38.816277],[1.403354,38.816277],[1.403395,38.816296],[1.403435,38.816315],[1.403466,38.816314],[1.403493,38.816291],[1.403501,38.816297],[1.403526,38.816331],[1.403573,38.816331],[1.403588,38.816326],[1.403595,38.816335],[1.40359,38.816355],[1.403599,38.81638],[1.403605,38.816397],[1.403612,38.816405],[1.403617,38.816411],[1.403643,38.816416],[1.403673,38.816412],[1.4037,38.816408],[1.403703,38.816404],[1.403716,38.816383],[1.403758,38.816373],[1.403791,38.816378],[1.403824,38.816398],[1.403841,38.816422],[1.403859,38.816448],[1.403861,38.81645],[1.403898,38.81647],[1.40393,38.816477],[1.403962,38.816438],[1.403982,38.816412],[1.403968,38.816452],[1.403955,38.81648],[1.403955,38.816498],[1.403954,38.816534],[1.403985,38.816541],[1.403993,38.816541],[1.40403,38.816542],[1.404042,38.816588],[1.404042,38.816607],[1.404043,38.816614],[1.404058,38.816664],[1.404079,38.816674],[1.404121,38.816693],[1.404149,38.816708],[1.404213,38.816735],[1.40429,38.816769],[1.404308,38.81679],[1.404321,38.816813],[1.404332,38.816834],[1.404356,38.816875],[1.404383,38.816895],[1.404396,38.816904],[1.40444,38.816907],[1.40449,38.816894],[1.404503,38.816881],[1.404538,38.816845],[1.404562,38.816795],[1.404574,38.816772],[1.404579,38.816763],[1.404594,38.816726],[1.40459,38.816703],[1.404554,38.816663],[1.404563,38.816635],[1.404551,38.816605],[1.404515,38.816562],[1.404503,38.816534],[1.404492,38.816494],[1.404488,38.816461],[1.404484,38.816435],[1.404484,38.81643],[1.404491,38.816364],[1.404501,38.816326],[1.404534,38.816244],[1.404536,38.816237],[1.404551,38.816175],[1.404558,38.816107],[1.404553,38.816078],[1.404527,38.816001],[1.404504,38.815959],[1.404463,38.8159],[1.404426,38.815851],[1.404368,38.815801],[1.404346,38.815791],[1.404316,38.815779],[1.404285,38.815765],[1.404256,38.815758],[1.404211,38.815759],[1.404176,38.815762],[1.404145,38.815733]],[[1.422378,38.799249],[1.422363,38.799265],[1.422225,38.799412],[1.422196,38.799552],[1.422221,38.799571],[1.422257,38.799598],[1.422307,38.799636],[1.422528,38.799552],[1.422586,38.799472],[1.422587,38.799472],[1.42297,38.799285],[1.423021,38.79926],[1.423211,38.798987],[1.423235,38.798847],[1.423368,38.798692],[1.423643,38.798525],[1.42377,38.798348],[1.423754,38.798282],[1.423747,38.798251],[1.423723,38.798244],[1.423697,38.798287],[1.423517,38.798398],[1.42348,38.7984],[1.423088,38.798422],[1.423029,38.798378],[1.423014,38.798374],[1.422933,38.798352],[1.422631,38.798486],[1.422517,38.798602],[1.422428,38.79864],[1.422359,38.79867],[1.422357,38.798671],[1.422175,38.798692],[1.422172,38.798692],[1.422065,38.798698],[1.42204,38.798699],[1.422023,38.798697],[1.421855,38.798677],[1.4218,38.79867],[1.421747,38.798663],[1.421543,38.798607],[1.42144,38.798595],[1.421413,38.79862],[1.421375,38.798653],[1.421337,38.798764],[1.421338,38.798775],[1.42134,38.798878],[1.421344,38.799016],[1.421464,38.799158],[1.421606,38.799221],[1.421793,38.799183],[1.421811,38.799173],[1.421979,38.799088],[1.421979,38.799088],[1.422067,38.799096],[1.422171,38.799158],[1.422378,38.799249]],[[1.41716,38.793726],[1.417106,38.793768],[1.417051,38.793811],[1.417042,38.793898],[1.416864,38.794672],[1.416927,38.794827],[1.417006,38.794897],[1.417031,38.794918],[1.41763,38.794867],[1.417722,38.794859],[1.418121,38.794597],[1.418342,38.794378],[1.418382,38.794273],[1.418396,38.794234],[1.418398,38.794228],[1.418414,38.794146],[1.41864,38.793893],[1.419055,38.793429],[1.419125,38.793388],[1.419744,38.792877],[1.419844,38.792794],[1.419857,38.792718],[1.419868,38.792654],[1.419874,38.792512],[1.419874,38.792508],[1.419879,38.792406],[1.419881,38.792372],[1.419886,38.79231],[1.419985,38.792262],[1.420005,38.792235],[1.419981,38.792101],[1.419954,38.791847],[1.419945,38.791765],[1.419739,38.791667],[1.41961,38.791629],[1.419365,38.791558],[1.419345,38.791552],[1.419202,38.791556],[1.419041,38.791609],[1.419026,38.791614],[1.41893,38.791682],[1.418703,38.791742],[1.41865,38.79175],[1.418416,38.791786],[1.418337,38.791873],[1.418227,38.791992],[1.418144,38.792043],[1.418038,38.792067],[1.417883,38.792134],[1.417766,38.792185],[1.417704,38.792276],[1.417695,38.792289],[1.41769,38.792297],[1.417674,38.792323],[1.417639,38.792381],[1.417423,38.792457],[1.417421,38.792468],[1.417412,38.792509],[1.417411,38.792512],[1.4174,38.792562],[1.417673,38.793267],[1.417622,38.793319],[1.417481,38.79357],[1.417486,38.793629],[1.417428,38.793776],[1.417414,38.793774],[1.417328,38.793761],[1.417233,38.793722],[1.41716,38.793726]],[[1.424527,38.794265],[1.424728,38.794189],[1.42475,38.79408],[1.424692,38.794016],[1.424558,38.793732],[1.424507,38.793355],[1.424596,38.792933],[1.424946,38.792436],[1.425151,38.792204],[1.425497,38.791911],[1.425864,38.791555],[1.426091,38.791213],[1.426381,38.790747],[1.42667,38.790312],[1.426598,38.789982],[1.426479,38.789917],[1.4263,38.789915],[1.42602,38.789942],[1.425761,38.789923],[1.425424,38.789778],[1.425108,38.789632],[1.424611,38.789547],[1.424389,38.789622],[1.424287,38.789747],[1.424162,38.78998],[1.424059,38.790135],[1.423937,38.790212],[1.423718,38.790194],[1.42356,38.790082],[1.423482,38.790002],[1.423425,38.789907],[1.423527,38.789783],[1.423729,38.789676],[1.423931,38.789585],[1.424093,38.789462],[1.424136,38.789321],[1.424079,38.789195],[1.423941,38.789115],[1.423781,38.789128],[1.423521,38.789172],[1.423379,38.789264],[1.423335,38.78942],[1.423252,38.789607],[1.423069,38.78973],[1.422829,38.789774],[1.422629,38.789756],[1.422368,38.789846],[1.422226,38.789923],[1.422183,38.790047],[1.422278,38.790284],[1.422295,38.790409],[1.422413,38.790489],[1.422572,38.790554],[1.422729,38.790666],[1.422843,38.79095],[1.422872,38.791405],[1.422863,38.791812],[1.422753,38.792297],[1.422462,38.792826],[1.422007,38.793541],[1.42186,38.793853],[1.421977,38.79398],[1.422489,38.794316],[1.422689,38.794303],[1.422972,38.794118],[1.423179,38.793823],[1.423301,38.793684],[1.423583,38.793594],[1.423945,38.793473],[1.4242,38.79368],[1.424237,38.793822],[1.424135,38.793899],[1.424073,38.793992],[1.42411,38.794134],[1.424527,38.794265]],[[1.427433,38.786348],[1.428278,38.786233],[1.428693,38.786112],[1.428823,38.78593],[1.428951,38.785805],[1.429078,38.785765],[1.42924,38.785725],[1.429385,38.78567],[1.429568,38.785462],[1.42986,38.785268],[1.430167,38.785146],[1.430366,38.785078],[1.430529,38.784996],[1.430641,38.784828],[1.430687,38.784336],[1.430718,38.783745],[1.430783,38.783225],[1.430986,38.783002],[1.431048,38.782595],[1.43107,38.782412],[1.430971,38.782045],[1.431032,38.781677],[1.431114,38.7812],[1.431217,38.780596],[1.431262,38.780202],[1.431252,38.779808],[1.431278,38.779442],[1.431326,38.778879],[1.431389,38.778472],[1.431446,38.778317],[1.43152,38.778204],[1.431959,38.777816],[1.432111,38.77741],[1.432131,38.777325],[1.432061,38.77724],[1.431955,38.777196],[1.431868,38.77704],[1.431943,38.776915],[1.432165,38.776608],[1.432089,38.775973],[1.432036,38.77593],[1.431801,38.77604],[1.431111,38.776411],[1.43055,38.776642],[1.430186,38.776905],[1.430093,38.777059],[1.43016,38.777257],[1.430254,38.777864],[1.430167,38.778552],[1.430047,38.779142],[1.429728,38.7798],[1.429449,38.780247],[1.428988,38.780804],[1.428438,38.78136],[1.427783,38.781801],[1.427112,38.782116],[1.426262,38.782429],[1.425666,38.782618],[1.425145,38.782681],[1.424662,38.782632],[1.42434,38.782586],[1.424157,38.782762],[1.424365,38.783089],[1.424464,38.783271],[1.42495,38.783568],[1.425186,38.784069],[1.425656,38.784283],[1.42565,38.784573],[1.425327,38.784845],[1.42534,38.785053],[1.425503,38.785318],[1.425898,38.785731],[1.426127,38.785955],[1.426259,38.786075],[1.426555,38.78619],[1.426756,38.786369],[1.426872,38.786362],[1.427433,38.786348]],[[1.425822,38.776968],[1.4263,38.776917],[1.426654,38.776823],[1.426888,38.77672],[1.42692,38.776707],[1.427067,38.776642],[1.427081,38.776636],[1.427212,38.776569],[1.427324,38.776427],[1.427337,38.776411],[1.427331,38.776373],[1.427331,38.776371],[1.427324,38.77632],[1.427201,38.776159],[1.427135,38.776073],[1.427061,38.776079],[1.427048,38.776081],[1.426952,38.776115],[1.426933,38.776121],[1.426928,38.77613],[1.426905,38.776171],[1.426803,38.776284],[1.426743,38.776349],[1.426687,38.776337],[1.426522,38.776314],[1.426502,38.776322],[1.4265,38.776402],[1.426499,38.776413],[1.426546,38.776456],[1.426578,38.776502],[1.426557,38.776515],[1.426535,38.776528],[1.426429,38.776537],[1.426414,38.776547],[1.426327,38.776598],[1.426311,38.776608],[1.42631,38.776608],[1.42629,38.776593],[1.426229,38.776557],[1.426129,38.77656],[1.426073,38.776561],[1.426069,38.776561],[1.42604,38.776574],[1.426022,38.776581],[1.425887,38.776639],[1.42584,38.776664],[1.425805,38.776683],[1.42579,38.776691],[1.425738,38.776729],[1.425719,38.776743],[1.425625,38.776812],[1.425554,38.776864],[1.425539,38.776875],[1.425528,38.776907],[1.425523,38.776923],[1.425523,38.776923],[1.425526,38.776928],[1.425531,38.776931],[1.425554,38.776944],[1.425599,38.776971],[1.42569,38.776973],[1.425758,38.776975],[1.425822,38.776968]],[[1.416012,38.773463],[1.416,38.773476],[1.41603,38.773604],[1.416106,38.773783],[1.416108,38.773787],[1.416154,38.773912],[1.416178,38.773968],[1.41621,38.774048],[1.41624,38.774126],[1.416251,38.774152],[1.416292,38.774244],[1.416319,38.77427],[1.416378,38.774327],[1.416382,38.774331],[1.416514,38.774344],[1.416526,38.77435],[1.416556,38.774366],[1.416628,38.774442],[1.416639,38.774452],[1.416703,38.77451],[1.416845,38.774621],[1.416945,38.774722],[1.417016,38.774795],[1.417096,38.774866],[1.417108,38.774877],[1.417183,38.77493],[1.417221,38.774937],[1.417229,38.774934],[1.417349,38.774877],[1.417446,38.774811],[1.417551,38.774662],[1.417577,38.774529],[1.417557,38.774409],[1.417405,38.774166],[1.41729,38.774016],[1.417158,38.773864],[1.416954,38.773724],[1.416809,38.773667],[1.416515,38.773572],[1.416466,38.773561],[1.416418,38.773552],[1.416342,38.773536],[1.416308,38.773527],[1.416281,38.773519],[1.416186,38.773508],[1.416155,38.773504],[1.416067,38.773479],[1.416016,38.773462],[1.416013,38.773462],[1.416012,38.773463]],[[1.430071,38.755427],[1.429913,38.755518],[1.430298,38.755695],[1.430326,38.755709],[1.430632,38.755603],[1.430644,38.75542],[1.430334,38.755274],[1.430071,38.755427]],[[1.430305,38.753495],[1.430252,38.753522],[1.430146,38.753587],[1.429964,38.753803],[1.429965,38.753838],[1.429963,38.753859],[1.429951,38.753979],[1.429948,38.754006],[1.429921,38.754033],[1.429883,38.75422],[1.429889,38.754254],[1.429995,38.754359],[1.430001,38.754386],[1.430002,38.754417],[1.430066,38.754494],[1.430081,38.754513],[1.430335,38.754659],[1.430376,38.754649],[1.430754,38.754561],[1.430767,38.754551],[1.430804,38.75452],[1.430807,38.754513],[1.430885,38.754338],[1.430897,38.754312],[1.430891,38.754256],[1.430891,38.754254],[1.430871,38.753947],[1.430907,38.753927],[1.430912,38.753925],[1.431203,38.753751],[1.431207,38.753733],[1.431228,38.753637],[1.431221,38.753628],[1.43092,38.753365],[1.430868,38.75336],[1.430305,38.753495]],[[1.431084,38.751459],[1.431388,38.751439],[1.431428,38.751437],[1.431478,38.751405],[1.431499,38.751358],[1.431566,38.751216],[1.431566,38.751162],[1.431476,38.750968],[1.431402,38.75094],[1.430883,38.750874],[1.430827,38.750892],[1.430589,38.751054],[1.430552,38.751079],[1.430558,38.7511],[1.430578,38.75119],[1.430605,38.751208],[1.430607,38.751209],[1.430607,38.751211],[1.430642,38.751298],[1.430672,38.751374],[1.430684,38.751404],[1.430766,38.751431],[1.430781,38.751433],[1.430871,38.751445],[1.430867,38.75144],[1.431084,38.751459]],[[1.400669,38.729102],[1.400566,38.729116],[1.400456,38.729136],[1.400344,38.729162],[1.40023,38.729194],[1.400124,38.72923],[1.40001,38.729274],[1.399902,38.729321],[1.399788,38.729376],[1.399682,38.729433],[1.399568,38.729499],[1.399456,38.729571],[1.399346,38.729647],[1.399243,38.729723],[1.399135,38.729809],[1.399036,38.729894],[1.398933,38.729988],[1.398838,38.73008],[1.39874,38.730182],[1.398645,38.730288],[1.398553,38.730396],[1.398471,38.730501],[1.398386,38.730616],[1.39831,38.730725],[1.398233,38.730844],[1.398165,38.730957],[1.398097,38.73108],[1.398033,38.731203],[1.397975,38.731328],[1.397924,38.731446],[1.397875,38.731571],[1.397834,38.731689],[1.397795,38.731815],[1.397764,38.731932],[1.397736,38.732056],[1.397714,38.732179],[1.397697,38.732301],[1.397686,38.732413],[1.397681,38.732531],[1.397681,38.732639],[1.397686,38.732752],[1.397696,38.732855],[1.397713,38.732962],[1.397735,38.733066],[1.397763,38.733166],[1.397794,38.733256],[1.397832,38.733348],[1.397873,38.73343],[1.397922,38.733513],[1.397972,38.733587],[1.398031,38.733661],[1.398094,38.733729],[1.398162,38.733792],[1.39823,38.733847],[1.398307,38.733899],[1.398383,38.733943],[1.398467,38.733983],[1.39855,38.734016],[1.398642,38.734045],[1.398737,38.734068],[1.398835,38.734085],[1.398929,38.734095],[1.399032,38.734099],[1.399131,38.734098],[1.399239,38.73409],[1.399341,38.734077],[1.399452,38.734057],[1.399564,38.734031],[1.399677,38.733999],[1.399784,38.733963],[1.399898,38.733919],[1.400005,38.733873],[1.400119,38.733818],[1.400226,38.733761],[1.400339,38.733695],[1.400451,38.733624],[1.400562,38.733548],[1.400665,38.733472],[1.400773,38.733386],[1.400872,38.733302],[1.400975,38.733207],[1.40107,38.733115],[1.401168,38.733014],[1.401263,38.732908],[1.401355,38.732799],[1.401438,38.732695],[1.401523,38.73258],[1.401599,38.732471],[1.401676,38.732352],[1.401744,38.732239],[1.401812,38.732116],[1.401876,38.731993],[1.401935,38.731868],[1.401986,38.731751],[1.402035,38.731625],[1.402076,38.731507],[1.402115,38.731382],[1.402146,38.731264],[1.402174,38.73114],[1.402197,38.731017],[1.402214,38.730896],[1.402225,38.730783],[1.40223,38.730665],[1.402231,38.730557],[1.402225,38.730444],[1.402215,38.73034],[1.402199,38.730233],[1.402177,38.73013],[1.402149,38.73003],[1.402118,38.729939],[1.40208,38.729847],[1.402039,38.729765],[1.401991,38.729681],[1.401941,38.729608],[1.401882,38.729534],[1.401819,38.729465],[1.401751,38.729402],[1.401683,38.729347],[1.401607,38.729295],[1.401531,38.729251],[1.401447,38.72921],[1.401358,38.729175],[1.401267,38.729146],[1.401172,38.729123],[1.401074,38.729107],[1.400979,38.729097],[1.400876,38.729093],[1.400777,38.729095],[1.400669,38.729102]],[[1.450612,38.730069],[1.450141,38.730164],[1.450185,38.730189],[1.452258,38.731352],[1.452294,38.73139],[1.452297,38.731391],[1.452441,38.731406],[1.452456,38.731392],[1.452486,38.731202],[1.452488,38.731189],[1.452454,38.731166],[1.452587,38.730938],[1.452606,38.730906],[1.452621,38.73091],[1.45263,38.730911],[1.452647,38.730915],[1.452707,38.730917],[1.452763,38.730906],[1.452889,38.730772],[1.452914,38.73072],[1.452992,38.730604],[1.453026,38.730594],[1.45305,38.73059],[1.453074,38.730586],[1.453086,38.730577],[1.453128,38.730543],[1.4533,38.730264],[1.453288,38.730226],[1.453251,38.730208],[1.453017,38.730129],[1.453002,38.730124],[1.452925,38.730098],[1.452422,38.729927],[1.452393,38.729917],[1.452322,38.730021],[1.452293,38.730102],[1.452257,38.730152],[1.452162,38.730289],[1.452133,38.730363],[1.452086,38.730397],[1.452035,38.730414],[1.451948,38.730376],[1.451938,38.730371],[1.451929,38.730336],[1.45188,38.730264],[1.451821,38.730239],[1.451777,38.730219],[1.451756,38.73021],[1.451684,38.730186],[1.451568,38.730141],[1.451476,38.730093],[1.451421,38.730063],[1.451207,38.730031],[1.451138,38.730008],[1.450612,38.730069]],[[1.455846,38.728815],[1.455876,38.728806],[1.456696,38.728565],[1.456718,38.728578],[1.45672,38.728578],[1.456905,38.728564],[1.456922,38.728542],[1.45692,38.728479],[1.456907,38.728459],[1.456898,38.728443],[1.456898,38.728442],[1.456896,38.728413],[1.456897,38.728389],[1.457012,38.728328],[1.457023,38.728306],[1.458602,38.726407],[1.458611,38.726407],[1.458671,38.726408],[1.458719,38.726408],[1.458757,38.726391],[1.458858,38.726344],[1.458869,38.726331],[1.458875,38.726311],[1.458857,38.726289],[1.458824,38.726275],[1.458809,38.726269],[1.458756,38.726272],[1.458639,38.726333],[1.458612,38.726328],[1.458518,38.726351],[1.457243,38.726255],[1.457213,38.726253],[1.457213,38.726208],[1.457192,38.726186],[1.457159,38.726167],[1.457153,38.726163],[1.457113,38.726164],[1.457102,38.726165],[1.457004,38.726165],[1.45699,38.726146],[1.456917,38.726114],[1.456648,38.726155],[1.456622,38.726166],[1.45636,38.726123],[1.456304,38.726099],[1.456133,38.726137],[1.45609,38.726152],[1.455953,38.726232],[1.455924,38.726249],[1.455926,38.72627],[1.456027,38.726414],[1.456033,38.726422],[1.456027,38.726414],[1.455919,38.726262],[1.454742,38.727425],[1.454735,38.727432],[1.454582,38.727411],[1.454544,38.72742],[1.454514,38.727442],[1.45451,38.727454],[1.454505,38.727476],[1.454524,38.727529],[1.454672,38.728854],[1.454672,38.728856],[1.454786,38.728854],[1.454867,38.728848],[1.455083,38.728812],[1.455345,38.728758],[1.455524,38.728735],[1.455639,38.728733],[1.455846,38.728815]],[[1.459584,38.725975],[1.459581,38.72598],[1.459587,38.725982],[1.459676,38.725927],[1.459679,38.725925],[1.459663,38.725908],[1.45956,38.725932],[1.45956,38.725947],[1.459568,38.725959],[1.459573,38.725964],[1.459584,38.725975]],[[1.459394,38.724646],[1.459457,38.72481],[1.459471,38.724848],[1.459482,38.724855],[1.459498,38.724861],[1.459504,38.724861],[1.459571,38.724863],[1.459571,38.724862],[1.459578,38.724849],[1.459601,38.724802],[1.459747,38.724537],[1.459784,38.724469],[1.459818,38.724467],[1.459863,38.724463],[1.459864,38.724463],[1.459884,38.724464],[1.460058,38.72447],[1.460063,38.724468],[1.460107,38.724452],[1.460115,38.724406],[1.460123,38.724365],[1.460125,38.724353],[1.460136,38.724328],[1.460149,38.724298],[1.460138,38.72427],[1.46009,38.724271],[1.460019,38.724304],[1.460015,38.724306],[1.459806,38.724405],[1.45977,38.724401],[1.459693,38.724407],[1.459659,38.724409],[1.459548,38.724418],[1.459523,38.724435],[1.459383,38.72461],[1.459394,38.724646]]]]},"properties":{"featureId":"enp-es530010-parc-natural-de-ses-salines-d-eivissa-i-formentera--parc-natural--mari--01","zoneId":"enp-es530010-parc-natural-de-ses-salines-d-eivissa-i-formentera--parc-natural--mari","fuente":"espacios-naturales","fuenteTitulo":"Espacios naturales protegidos (ámbito marino)","nombre":"Parc Natural de ses Salines d'Eivissa i Formentera","proteccion":"Parc natural","competencia":null,"isla":["eivissa","formentera"],"areaKm2":153.9038,"normas":[{"titulo":"Llei 17/2001 de 19 de desembre, de protecció ambiental de ses Salines d'Eivissa i Formentera","fecha":"2001-12-19","url":"https://boib.caib.es//pdf/2001156/mp21075.pdf","tipo":"creacion","origen":"ideib"}],"objectIdOrigen":25,"ambito":"Marí","codigo":"ES530010"}}]}