{"type":"FeatureCollection","features":[{"type":"Feature","geometry":{"type":"MultiPolygon","coordinates":[[[[4.209014,40.021251],[4.209026,40.021274],[4.209039,40.021294],[4.209047,40.021317],[4.209051,40.02134],[4.209048,40.021364],[4.209034,40.021383],[4.209014,40.0214],[4.209013,40.021401],[4.209003,40.02142],[4.209006,40.021436],[4.209008,40.021458],[4.208999,40.021472],[4.208984,40.021477],[4.208953,40.021478],[4.208924,40.021485],[4.208922,40.021486],[4.208918,40.021488],[4.208904,40.021497],[4.208903,40.02151],[4.208912,40.021522],[4.208732,40.021305],[4.208725,40.021301],[4.208689,40.021272],[4.208654,40.021242],[4.208621,40.021209],[4.208589,40.021173],[4.208559,40.021136],[4.20853,40.021098],[4.208501,40.021059],[4.208473,40.02102],[4.208445,40.020981],[4.208416,40.020942],[4.208388,40.020903],[4.208372,40.02088],[4.208284,40.020776],[4.208305,40.020793],[4.208315,40.020802],[4.208326,40.02081],[4.208347,40.020829],[4.208368,40.020835],[4.208371,40.020836],[4.2084,40.020842],[4.208427,40.020854],[4.20844,40.020868],[4.208458,40.020887],[4.208479,40.020902],[4.208506,40.020916],[4.20853,40.020929],[4.208554,40.020946],[4.208579,40.020963],[4.208602,40.020979],[4.208626,40.020994],[4.208653,40.021008],[4.208681,40.021019],[4.208709,40.021029],[4.208738,40.021038],[4.208765,40.021048],[4.208792,40.021061],[4.208814,40.021077],[4.208826,40.021096],[4.208832,40.021119],[4.208839,40.021142],[4.20884,40.021143],[4.208851,40.021163],[4.208858,40.021185],[4.208857,40.02121],[4.208867,40.021223],[4.208886,40.021231],[4.208903,40.021229],[4.208933,40.021232],[4.208963,40.021228],[4.208964,40.021219],[4.208957,40.021196],[4.208962,40.021175],[4.208974,40.021171],[4.208999,40.021169],[4.20902,40.021175],[4.209023,40.021184],[4.209018,40.021205],[4.209011,40.021228],[4.209014,40.021251]]],[[[4.284254,39.960746],[4.275901,40.002324],[4.275881,40.002328],[4.27586,40.002334],[4.275832,40.002341],[4.27553,40.002427],[4.275076,40.002559],[4.265994,40.005195],[4.26249,40.006212],[4.262436,40.006227],[4.260583,40.006765],[4.258331,40.007418],[4.257438,40.007677],[4.256469,40.007958],[4.256276,40.008014],[4.255721,40.008175],[4.23902,40.013019],[4.232628,40.014871],[4.232349,40.014952],[4.217317,40.019308],[4.216848,40.019443],[4.214518,40.020118],[4.214407,40.02015],[4.214248,40.020197],[4.213964,40.020279],[4.21393,40.020289],[4.212271,40.020769],[4.211266,40.02106],[4.210751,40.021209],[4.210724,40.021217],[4.210144,40.021385],[4.210125,40.021391],[4.210103,40.021397],[4.209997,40.021428],[4.209567,40.021552],[4.209101,40.021687],[4.209103,40.021679],[4.209097,40.021662],[4.209091,40.021638],[4.209098,40.021624],[4.209117,40.021604],[4.209121,40.021587],[4.209115,40.021564],[4.209116,40.021541],[4.209125,40.021519],[4.209135,40.021496],[4.209152,40.021482],[4.209176,40.021475],[4.209207,40.021471],[4.209236,40.021463],[4.209261,40.021449],[4.209289,40.021442],[4.209302,40.021446],[4.209317,40.021461],[4.20933,40.021482],[4.209345,40.021501],[4.209364,40.02151],[4.209378,40.021506],[4.209388,40.021495],[4.209398,40.021472],[4.20941,40.021449],[4.209426,40.021428],[4.20944,40.021408],[4.209449,40.021385],[4.209453,40.021361],[4.209462,40.021337],[4.209476,40.021324],[4.209504,40.021298],[4.209525,40.021274],[4.209534,40.021262],[4.209538,40.021258],[4.209543,40.021235],[4.209546,40.021212],[4.209542,40.021189],[4.20953,40.021174],[4.209528,40.02117],[4.209515,40.02115],[4.209503,40.021129],[4.209493,40.021106],[4.209498,40.02109],[4.209512,40.021084],[4.209542,40.021078],[4.209571,40.021072],[4.209585,40.02106],[4.209597,40.021039],[4.209599,40.021015],[4.209593,40.020991],[4.209585,40.020968],[4.209589,40.020945],[4.209604,40.020932],[4.209626,40.020925],[4.209654,40.020918],[4.209683,40.020908],[4.20971,40.020902],[4.209714,40.020902],[4.209741,40.020892],[4.209748,40.020879],[4.209748,40.020858],[4.209745,40.020847],[4.209742,40.020835],[4.209742,40.020835],[4.209741,40.020809],[4.209747,40.020786],[4.209755,40.020762],[4.209766,40.020738],[4.20978,40.020715],[4.209798,40.020696],[4.209822,40.020679],[4.209845,40.020665],[4.209874,40.020656],[4.209904,40.020655],[4.209937,40.020655],[4.20997,40.020654],[4.209998,40.020645],[4.210031,40.020642],[4.210062,40.020646],[4.210092,40.020653],[4.210112,40.020649],[4.210143,40.020646],[4.210169,40.02065],[4.210199,40.020651],[4.210207,40.020648],[4.210225,40.020643],[4.210238,40.02063],[4.210248,40.020608],[4.210244,40.020596],[4.210243,40.020593],[4.210232,40.020571],[4.210236,40.020555],[4.210249,40.020544],[4.210275,40.020531],[4.210304,40.020519],[4.210332,40.020506],[4.210354,40.020487],[4.210364,40.020467],[4.210368,40.020444],[4.210372,40.020419],[4.210386,40.020398],[4.210405,40.020387],[4.210433,40.020373],[4.210458,40.02036],[4.210482,40.020343],[4.210503,40.020325],[4.210522,40.020306],[4.210541,40.020286],[4.210557,40.020267],[4.21058,40.020249],[4.210599,40.020245],[4.210632,40.020241],[4.210657,40.020235],[4.210661,40.020234],[4.210691,40.020228],[4.210717,40.020216],[4.210729,40.0202],[4.210725,40.020186],[4.210708,40.020166],[4.210688,40.020148],[4.210667,40.020131],[4.210644,40.020117],[4.210616,40.020104],[4.210592,40.020091],[4.210564,40.020077],[4.210539,40.020064],[4.210513,40.020051],[4.210484,40.020038],[4.210457,40.020027],[4.210429,40.020016],[4.210405,40.020003],[4.210381,40.019988],[4.210367,40.019969],[4.210356,40.019947],[4.210343,40.019924],[4.210328,40.019903],[4.21031,40.019884],[4.210291,40.019866],[4.210269,40.019849],[4.210243,40.019835],[4.210217,40.019823],[4.210191,40.019809],[4.210166,40.019794],[4.210142,40.019776],[4.210121,40.019759],[4.210099,40.019743],[4.210073,40.019727],[4.210046,40.019712],[4.210021,40.019697],[4.209997,40.019682],[4.209987,40.019678],[4.20997,40.019668],[4.209946,40.019652],[4.209924,40.019634],[4.209909,40.019612],[4.209898,40.019588],[4.209899,40.019566],[4.20991,40.019543],[4.209913,40.019533],[4.209917,40.019521],[4.209926,40.019497],[4.209922,40.019478],[4.20991,40.019472],[4.209887,40.019459],[4.209883,40.019457],[4.209865,40.019439],[4.209855,40.019416],[4.209863,40.019407],[4.209873,40.019408],[4.209876,40.019409],[4.209902,40.01942],[4.209931,40.019427],[4.209943,40.019421],[4.209946,40.01941],[4.209943,40.019387],[4.209934,40.019363],[4.209917,40.019349],[4.209893,40.019333],[4.209871,40.019317],[4.20985,40.019302],[4.209849,40.019301],[4.209825,40.019287],[4.209811,40.019268],[4.209815,40.019257],[4.20983,40.019247],[4.209839,40.01925],[4.20984,40.019251],[4.209856,40.019265],[4.209872,40.019267],[4.209879,40.019261],[4.209886,40.019244],[4.209882,40.019223],[4.209876,40.0192],[4.209868,40.019177],[4.209861,40.019153],[4.209868,40.019135],[4.209884,40.019122],[4.209904,40.019103],[4.20991,40.019084],[4.209903,40.019072],[4.209888,40.019068],[4.209857,40.019063],[4.209829,40.019056],[4.209828,40.019055],[4.209817,40.019043],[4.209817,40.01903],[4.209826,40.019015],[4.209834,40.01901],[4.209845,40.019004],[4.209869,40.019001],[4.2099,40.018994],[4.209929,40.018986],[4.209961,40.018982],[4.209991,40.018974],[4.210007,40.018961],[4.210009,40.018948],[4.210004,40.018923],[4.210001,40.0189],[4.20999,40.018888],[4.209971,40.018882],[4.209939,40.018877],[4.209909,40.018872],[4.209882,40.018862],[4.209865,40.01885],[4.209859,40.018845],[4.209837,40.018827],[4.209834,40.018811],[4.209843,40.018799],[4.209865,40.018781],[4.209886,40.018763],[4.209893,40.018757],[4.209908,40.018744],[4.209926,40.018725],[4.209937,40.018702],[4.209934,40.018685],[4.209922,40.018662],[4.209914,40.018654],[4.209901,40.018642],[4.209878,40.018624],[4.209858,40.018605],[4.209833,40.018592],[4.209804,40.018584],[4.209776,40.018579],[4.209744,40.01857],[4.209717,40.01856],[4.20969,40.018544],[4.20967,40.018526],[4.20965,40.018508],[4.209628,40.01849],[4.209611,40.018472],[4.209607,40.018453],[4.209617,40.018447],[4.209632,40.018449],[4.209658,40.018459],[4.209698,40.018488],[4.209723,40.018501],[4.209734,40.018496],[4.209744,40.018483],[4.209743,40.018467],[4.209743,40.018443],[4.209754,40.018423],[4.209773,40.018404],[4.209786,40.018381],[4.209794,40.018357],[4.209797,40.018333],[4.209811,40.018319],[4.209825,40.018318],[4.209852,40.018325],[4.209879,40.018334],[4.209909,40.018338],[4.209938,40.018333],[4.209967,40.018336],[4.209993,40.018348],[4.209999,40.01835],[4.210022,40.018357],[4.210051,40.018358],[4.210082,40.018353],[4.210105,40.018341],[4.210123,40.018322],[4.210137,40.018302],[4.210133,40.018289],[4.210122,40.018266],[4.210111,40.018244],[4.210093,40.018229],[4.210067,40.018214],[4.210056,40.018196],[4.210047,40.018173],[4.210035,40.018151],[4.210022,40.01813],[4.210002,40.018112],[4.209976,40.018099],[4.209947,40.018087],[4.20992,40.018078],[4.209889,40.018075],[4.209858,40.018076],[4.209826,40.018077],[4.209796,40.018075],[4.209795,40.018075],[4.209763,40.018072],[4.209752,40.018062],[4.209754,40.018051],[4.209754,40.018051],[4.209765,40.01803],[4.209757,40.018022],[4.20973,40.018008],[4.209703,40.017998],[4.209677,40.017987],[4.20965,40.017976],[4.20962,40.01797],[4.209599,40.017958],[4.209607,40.017952],[4.209629,40.017945],[4.209653,40.017931],[4.209648,40.017924],[4.20963,40.017915],[4.2096,40.017908],[4.209572,40.017901],[4.209559,40.017889],[4.20956,40.017878],[4.209552,40.017855],[4.209536,40.017847],[4.20951,40.017833],[4.209502,40.017817],[4.209488,40.017796],[4.209467,40.017782],[4.20944,40.017771],[4.209411,40.017764],[4.209379,40.017761],[4.209349,40.017758],[4.209318,40.017761],[4.209299,40.01777],[4.209277,40.017786],[4.209259,40.017806],[4.209249,40.017827],[4.209246,40.01785],[4.20925,40.017875],[4.209251,40.017897],[4.209263,40.017918],[4.209267,40.017919],[4.209276,40.017921],[4.209302,40.017918],[4.20933,40.017912],[4.209346,40.017917],[4.209345,40.017925],[4.209332,40.01794],[4.20931,40.017956],[4.209287,40.01797],[4.209264,40.017973],[4.209245,40.017984],[4.20925,40.017992],[4.209256,40.018015],[4.209246,40.018022],[4.209218,40.018032],[4.209198,40.01803],[4.209178,40.018021],[4.209162,40.018013],[4.209154,40.018009],[4.209143,40.018013],[4.209145,40.018021],[4.209147,40.018027],[4.209155,40.018044],[4.209152,40.01806],[4.209141,40.018059],[4.20913,40.018049],[4.209128,40.018047],[4.209112,40.01803],[4.209087,40.018016],[4.209071,40.018017],[4.20906,40.018026],[4.209057,40.018039],[4.209066,40.018053],[4.209085,40.018072],[4.209092,40.018083],[4.2091,40.018094],[4.209108,40.018116],[4.209116,40.018138],[4.209132,40.018149],[4.209148,40.018149],[4.209179,40.018143],[4.209201,40.018148],[4.209209,40.018158],[4.209208,40.018172],[4.209196,40.018186],[4.209174,40.018205],[4.209154,40.018222],[4.209143,40.018243],[4.209137,40.018265],[4.209123,40.018273],[4.209096,40.018277],[4.209072,40.018272],[4.209044,40.018265],[4.209024,40.018269],[4.208996,40.018277],[4.208969,40.018277],[4.208962,40.018285],[4.208966,40.018294],[4.208985,40.018313],[4.209002,40.018317],[4.209023,40.01833],[4.209013,40.018335],[4.208994,40.018334],[4.208964,40.018334],[4.208938,40.018326],[4.208915,40.018312],[4.208913,40.018312],[4.208887,40.018303],[4.208859,40.018303],[4.208862,40.018312],[4.208878,40.018328],[4.208891,40.018344],[4.208895,40.018349],[4.208911,40.01837],[4.208911,40.018386],[4.208901,40.018391],[4.208886,40.018389],[4.208872,40.018378],[4.208869,40.018375],[4.208855,40.018358],[4.208839,40.018337],[4.208819,40.018318],[4.208797,40.018312],[4.208789,40.018319],[4.208788,40.01833],[4.208792,40.018354],[4.208797,40.018396],[4.208793,40.018419],[4.208783,40.018441],[4.208767,40.01846],[4.208754,40.018483],[4.208746,40.018506],[4.208741,40.01853],[4.208731,40.018552],[4.208721,40.018574],[4.208718,40.018593],[4.208718,40.018597],[4.208711,40.01862],[4.208699,40.018644],[4.208687,40.018666],[4.208675,40.018691],[4.208663,40.018714],[4.208652,40.018737],[4.208641,40.018761],[4.208631,40.018785],[4.208617,40.018805],[4.208604,40.018827],[4.208604,40.018827],[4.208604,40.018827],[4.208599,40.01885],[4.2086,40.018875],[4.208595,40.0189],[4.208582,40.018922],[4.208572,40.018935],[4.208566,40.018942],[4.208549,40.018961],[4.208534,40.018981],[4.208533,40.019002],[4.208536,40.019026],[4.208529,40.019042],[4.20851,40.019056],[4.20849,40.019074],[4.208477,40.019098],[4.208473,40.019123],[4.208477,40.019148],[4.208488,40.019171],[4.208499,40.019187],[4.208502,40.019191],[4.208514,40.019212],[4.208515,40.019235],[4.208505,40.019242],[4.208483,40.019248],[4.20848,40.019248],[4.208448,40.019254],[4.208421,40.019266],[4.208404,40.019283],[4.208393,40.019305],[4.208397,40.019319],[4.208412,40.019339],[4.208424,40.019361],[4.208426,40.019386],[4.208416,40.019407],[4.208397,40.019427],[4.208378,40.019445],[4.208354,40.019462],[4.208337,40.019482],[4.208337,40.019496],[4.208349,40.019507],[4.208364,40.019508],[4.208387,40.019501],[4.208415,40.01949],[4.208422,40.019489],[4.208446,40.019486],[4.208466,40.019492],[4.208487,40.019508],[4.208509,40.019523],[4.208524,40.019543],[4.208525,40.019561],[4.208514,40.019568],[4.208487,40.019574],[4.208458,40.019577],[4.20843,40.019586],[4.20842,40.019598],[4.208414,40.019605],[4.208404,40.019617],[4.208389,40.019617],[4.208372,40.019608],[4.208348,40.019592],[4.208327,40.019589],[4.208313,40.019595],[4.208311,40.019605],[4.208317,40.019625],[4.208311,40.019649],[4.208299,40.019658],[4.208286,40.019679],[4.208289,40.019694],[4.208304,40.019707],[4.208331,40.019716],[4.208359,40.019727],[4.208365,40.01974],[4.208358,40.019751],[4.20834,40.019769],[4.208329,40.019793],[4.208334,40.019808],[4.208348,40.019831],[4.208352,40.019854],[4.208346,40.019876],[4.208343,40.019899],[4.208351,40.019918],[4.208366,40.019924],[4.208397,40.019928],[4.208421,40.01994],[4.208439,40.019958],[4.208451,40.019981],[4.208459,40.020003],[4.208466,40.020011],[4.208476,40.020022],[4.208496,40.020029],[4.208525,40.020035],[4.208555,40.020035],[4.208586,40.020033],[4.208617,40.020034],[4.208645,40.020043],[4.208664,40.020058],[4.208682,40.020077],[4.208703,40.020085],[4.208726,40.020084],[4.208757,40.020079],[4.208771,40.020084],[4.208775,40.020094],[4.208769,40.020106],[4.20875,40.020125],[4.208723,40.020139],[4.208707,40.020139],[4.208684,40.02013],[4.208658,40.020118],[4.208642,40.020121],[4.208614,40.020128],[4.208592,40.020125],[4.208568,40.020113],[4.208539,40.020107],[4.208525,40.020113],[4.208513,40.020127],[4.208511,40.020144],[4.2085,40.020162],[4.208499,40.020163],[4.208487,40.020165],[4.208463,40.020159],[4.208431,40.020159],[4.2084,40.020163],[4.208388,40.020174],[4.208386,40.020189],[4.208394,40.020207],[4.208399,40.02023],[4.208412,40.02025],[4.208416,40.020273],[4.208405,40.02028],[4.208377,40.02029],[4.20835,40.0203],[4.208337,40.020313],[4.208338,40.020326],[4.20835,40.020337],[4.208369,40.02034],[4.208394,40.020335],[4.208425,40.020329],[4.208455,40.02033],[4.208484,40.020325],[4.208496,40.020314],[4.20851,40.020293],[4.208527,40.020274],[4.208537,40.020266],[4.208548,40.020257],[4.208576,40.020246],[4.208589,40.020249],[4.208606,40.020261],[4.208612,40.020276],[4.208604,40.020286],[4.208581,40.020304],[4.208561,40.020313],[4.208553,40.020316],[4.208527,40.020329],[4.208506,40.020348],[4.208488,40.020366],[4.208482,40.020385],[4.20849,40.020391],[4.208506,40.020393],[4.208526,40.020386],[4.208551,40.020372],[4.208574,40.020356],[4.208583,40.02035],[4.208596,40.020341],[4.208619,40.020326],[4.208646,40.020314],[4.208677,40.020308],[4.208708,40.020309],[4.208737,40.020314],[4.20874,40.020323],[4.208736,40.020344],[4.208725,40.020347],[4.208696,40.020346],[4.208669,40.020355],[4.208643,40.020368],[4.208618,40.02038],[4.208604,40.020386],[4.208591,40.020393],[4.208567,40.020409],[4.208567,40.020421],[4.208577,40.020429],[4.208603,40.020442],[4.20862,40.02046],[4.208628,40.020483],[4.208629,40.020508],[4.20864,40.020517],[4.208656,40.020518],[4.208682,40.020514],[4.208688,40.020513],[4.208717,40.02051],[4.208742,40.020515],[4.208757,40.020528],[4.208771,40.020549],[4.208779,40.020573],[4.208788,40.020597],[4.208799,40.020619],[4.208813,40.020639],[4.208836,40.020654],[4.208855,40.020657],[4.208882,40.020666],[4.208889,40.020677],[4.208889,40.020695],[4.2089,40.020715],[4.208916,40.020723],[4.20892,40.020735],[4.208911,40.020742],[4.208884,40.020749],[4.208853,40.02075],[4.208823,40.020754],[4.208813,40.020761],[4.208809,40.020765],[4.208784,40.020778],[4.208763,40.020779],[4.208733,40.020779],[4.208708,40.020787],[4.208678,40.020793],[4.208667,40.020787],[4.208661,40.020774],[4.208643,40.020759],[4.208629,40.02076],[4.208615,40.020769],[4.208599,40.020788],[4.208604,40.020799],[4.208623,40.020817],[4.208645,40.020833],[4.208647,40.020835],[4.208664,40.02085],[4.20869,40.020865],[4.208719,40.020873],[4.208749,40.020878],[4.208779,40.020884],[4.208803,40.020882],[4.208828,40.020871],[4.208837,40.020869],[4.208858,40.020864],[4.20887,40.020869],[4.208896,40.020881],[4.208922,40.020893],[4.208948,40.020905],[4.208973,40.020917],[4.208995,40.020934],[4.209002,40.020951],[4.209016,40.020959],[4.209045,40.020964],[4.209075,40.020965],[4.209104,40.020972],[4.209108,40.020982],[4.209109,40.021006],[4.209117,40.021028],[4.209111,40.021043],[4.209096,40.021046],[4.209069,40.021043],[4.20904,40.021033],[4.20901,40.021025],[4.20898,40.021021],[4.20895,40.021021],[4.20892,40.021025],[4.208892,40.021021],[4.208863,40.021013],[4.208838,40.021008],[4.208832,40.021007],[4.208803,40.021004],[4.208774,40.020999],[4.208744,40.020988],[4.208718,40.020975],[4.208693,40.020957],[4.208675,40.020937],[4.208652,40.020923],[4.208625,40.020917],[4.208602,40.020903],[4.208582,40.020885],[4.208557,40.020869],[4.208529,40.020857],[4.208501,40.020846],[4.208471,40.020838],[4.20845,40.020835],[4.208441,40.020834],[4.208412,40.020826],[4.208384,40.020816],[4.208359,40.020802],[4.208339,40.020785],[4.20832,40.020767],[4.208296,40.020755],[4.208281,40.020754],[4.208278,40.020754],[4.208275,40.020764],[4.208246,40.020707],[4.208218,40.020667],[4.20819,40.020628],[4.208161,40.020589],[4.208133,40.02055],[4.208105,40.020511],[4.208077,40.020471],[4.208048,40.020432],[4.20802,40.020393],[4.207992,40.020354],[4.207963,40.020314],[4.207935,40.020275],[4.207907,40.020236],[4.207878,40.020197],[4.20785,40.020158],[4.207822,40.020118],[4.207793,40.020079],[4.207765,40.02004],[4.207737,40.020001],[4.207708,40.019962],[4.20768,40.019922],[4.207652,40.019883],[4.207623,40.019844],[4.207595,40.019805],[4.207567,40.019766],[4.207538,40.019726],[4.20751,40.019687],[4.207482,40.019648],[4.207453,40.019609],[4.207425,40.019569],[4.207397,40.01953],[4.207368,40.019491],[4.20734,40.019452],[4.207312,40.019413],[4.207283,40.019373],[4.207255,40.019334],[4.207227,40.019295],[4.207199,40.019256],[4.20717,40.019217],[4.207142,40.019177],[4.207114,40.019138],[4.207085,40.019099],[4.207057,40.01906],[4.207029,40.01902],[4.207,40.018981],[4.206972,40.018942],[4.206944,40.018903],[4.206915,40.018864],[4.206887,40.018824],[4.206859,40.018785],[4.20683,40.018746],[4.206802,40.018707],[4.206774,40.018668],[4.206745,40.018628],[4.206717,40.018589],[4.206689,40.01855],[4.20666,40.018511],[4.206632,40.018472],[4.206604,40.018432],[4.206575,40.018393],[4.206547,40.018354],[4.206519,40.018315],[4.20649,40.018275],[4.206462,40.018236],[4.206434,40.018197],[4.206405,40.018158],[4.206377,40.018119],[4.206349,40.018079],[4.206321,40.01804],[4.206292,40.018001],[4.206264,40.017962],[4.206236,40.017923],[4.206207,40.017883],[4.206179,40.017844],[4.206151,40.017805],[4.206122,40.017766],[4.206094,40.017727],[4.206066,40.017687],[4.206037,40.017648],[4.206009,40.017609],[4.205981,40.01757],[4.205952,40.01753],[4.205924,40.017491],[4.205896,40.017452],[4.205867,40.017413],[4.205839,40.017374],[4.205811,40.017334],[4.205782,40.017295],[4.205754,40.017256],[4.205726,40.017217],[4.205697,40.017178],[4.205669,40.017138],[4.205641,40.017099],[4.205613,40.01706],[4.205584,40.017021],[4.205556,40.016981],[4.205528,40.016942],[4.205499,40.016903],[4.205471,40.016864],[4.205443,40.016825],[4.205414,40.016785],[4.205386,40.016746],[4.205358,40.016707],[4.205329,40.016668],[4.205301,40.016629],[4.205273,40.016589],[4.205244,40.01655],[4.205216,40.016511],[4.205188,40.016472],[4.205159,40.016433],[4.205131,40.016393],[4.205103,40.016354],[4.205074,40.016315],[4.205046,40.016276],[4.205018,40.016236],[4.204989,40.016197],[4.204961,40.016158],[4.204933,40.016119],[4.204905,40.01608],[4.204876,40.01604],[4.204848,40.016001],[4.20482,40.015962],[4.204791,40.015923],[4.204763,40.015884],[4.204735,40.015844],[4.204706,40.015805],[4.204678,40.015766],[4.20465,40.015727],[4.204621,40.015687],[4.204593,40.015648],[4.204565,40.015609],[4.204536,40.01557],[4.204508,40.015531],[4.20448,40.015491],[4.204451,40.015452],[4.204423,40.015413],[4.204395,40.015374],[4.204366,40.015335],[4.204338,40.015295],[4.20431,40.015256],[4.204282,40.015217],[4.204253,40.015178],[4.204225,40.015138],[4.204197,40.015099],[4.204168,40.01506],[4.20414,40.015021],[4.204112,40.014982],[4.204083,40.014942],[4.204055,40.014903],[4.204027,40.014864],[4.203998,40.014825],[4.20397,40.014786],[4.203942,40.014746],[4.203913,40.014707],[4.203885,40.014668],[4.203857,40.014629],[4.203828,40.01459],[4.2038,40.014551],[4.203773,40.014513],[4.203747,40.014477],[4.203724,40.014444],[4.203704,40.014416],[4.203697,40.014403],[4.203218,40.013747],[4.202454,40.012699],[4.202346,40.012551],[4.202025,40.012111],[4.201911,40.011955],[4.201909,40.011952],[4.201898,40.011937],[4.201897,40.011935],[4.201227,40.011017],[4.20122,40.011007],[4.20122,40.011006],[4.201219,40.010991],[4.201213,40.010968],[4.201204,40.010953],[4.201201,40.010946],[4.201187,40.010924],[4.201178,40.010905],[4.201175,40.010901],[4.201169,40.010884],[4.201166,40.010877],[4.201157,40.010855],[4.201149,40.010832],[4.201148,40.010828],[4.201147,40.010824],[4.201145,40.010812],[4.201144,40.010808],[4.20114,40.010783],[4.201134,40.01076],[4.201127,40.010737],[4.201117,40.010715],[4.201112,40.010703],[4.201107,40.010693],[4.201102,40.01068],[4.201098,40.010671],[4.201093,40.010656],[4.201091,40.010649],[4.201083,40.010626],[4.201075,40.010604],[4.201062,40.010582],[4.201052,40.010561],[4.201052,40.010561],[4.201035,40.010542],[4.201013,40.010533],[4.200985,40.010529],[4.200969,40.010519],[4.200958,40.010501],[4.200947,40.01048],[4.20094,40.010457],[4.200936,40.010443],[4.200935,40.010441],[4.200933,40.010434],[4.200926,40.010422],[4.200921,40.010412],[4.200909,40.01039],[4.200909,40.010368],[4.200905,40.010345],[4.200892,40.010335],[4.200873,40.010317],[4.200865,40.010296],[4.200857,40.010273],[4.200847,40.010251],[4.200844,40.010228],[4.200845,40.010204],[4.200844,40.010201],[4.200843,40.010197],[4.200839,40.010181],[4.200841,40.010162],[4.200842,40.010158],[4.200843,40.010153],[4.200844,40.010146],[4.200846,40.010137],[4.200847,40.010135],[4.200848,40.010111],[4.200844,40.010093],[4.200843,40.010088],[4.200838,40.010064],[4.200837,40.010041],[4.200838,40.010018],[4.200843,40.009994],[4.200844,40.009992],[4.200845,40.009984],[4.200845,40.009984],[4.200847,40.00997],[4.200851,40.009946],[4.200851,40.009922],[4.20085,40.009917],[4.200847,40.009906],[4.200845,40.009898],[4.200833,40.009877],[4.200834,40.009859],[4.200839,40.009836],[4.200839,40.009813],[4.200833,40.009791],[4.200834,40.009781],[4.200834,40.009771],[4.200834,40.009767],[4.200836,40.009742],[4.200843,40.009718],[4.200848,40.009695],[4.200846,40.009671],[4.200841,40.009647],[4.200827,40.009627],[4.200809,40.009608],[4.200807,40.009606],[4.200802,40.009597],[4.200796,40.009587],[4.200796,40.009585],[4.200794,40.009582],[4.200789,40.009565],[4.200779,40.009543],[4.200766,40.00952],[4.200753,40.0095],[4.20074,40.009478],[4.200726,40.009458],[4.200711,40.009439],[4.200695,40.009418],[4.200681,40.009398],[4.200663,40.009378],[4.200643,40.009359],[4.200633,40.009343],[4.20063,40.009339],[4.200621,40.009317],[4.200619,40.009314],[4.200604,40.009297],[4.200589,40.009294],[4.200587,40.009294],[4.200559,40.009294],[4.200543,40.009285],[4.200525,40.009267],[4.200514,40.009244],[4.200518,40.009231],[4.200526,40.009208],[4.200526,40.009207],[4.200527,40.009184],[4.200519,40.009161],[4.200507,40.009141],[4.200498,40.009118],[4.200481,40.009102],[4.200458,40.009091],[4.200455,40.00909],[4.200426,40.009085],[4.200413,40.009091],[4.200404,40.009106],[4.200393,40.009128],[4.200383,40.00915],[4.200369,40.009172],[4.200348,40.009186],[4.200327,40.00919],[4.200301,40.009186],[4.200272,40.009177],[4.200246,40.009164],[4.20024,40.009159],[4.200225,40.009147],[4.200203,40.009131],[4.200175,40.009121],[4.200174,40.009121],[4.200173,40.009121],[4.200156,40.009116],[4.200147,40.009113],[4.200145,40.009112],[4.200123,40.009098],[4.200098,40.009085],[4.200074,40.009071],[4.20005,40.009057],[4.200033,40.009051],[4.200022,40.009047],[4.200018,40.009044],[4.199999,40.009032],[4.199979,40.009014],[4.19997,40.009005],[4.199961,40.008995],[4.199959,40.008992],[4.199947,40.008975],[4.19994,40.008952],[4.199939,40.008937],[4.199938,40.00893],[4.199939,40.008923],[4.199941,40.008906],[4.199939,40.008883],[4.199929,40.008861],[4.199924,40.008855],[4.199913,40.008841],[4.199909,40.008835],[4.199899,40.00882],[4.199896,40.008816],[4.199887,40.008799],[4.199883,40.008791],[4.199877,40.008777],[4.199874,40.008768],[4.199871,40.008756],[4.19987,40.008753],[4.199864,40.00873],[4.199858,40.008706],[4.199852,40.008683],[4.199844,40.008659],[4.199836,40.008636],[4.199829,40.008612],[4.199827,40.008587],[4.199825,40.008564],[4.199818,40.008551],[4.199815,40.008545],[4.199813,40.008542],[4.199804,40.008532],[4.199803,40.008531],[4.199797,40.008524],[4.199795,40.008522],[4.199794,40.008521],[4.199772,40.008506],[4.199754,40.008489],[4.199736,40.00847],[4.19972,40.00845],[4.199701,40.008431],[4.1997,40.008429],[4.199693,40.008415],[4.19969,40.008409],[4.199684,40.008386],[4.199674,40.008362],[4.199664,40.008339],[4.199647,40.008322],[4.199645,40.00832],[4.199627,40.00831],[4.199626,40.00831],[4.199624,40.008308],[4.199621,40.008307],[4.199591,40.008297],[4.199562,40.008295],[4.199532,40.0083],[4.199503,40.008305],[4.199472,40.008307],[4.19944,40.008305],[4.199408,40.008302],[4.19938,40.008294],[4.199353,40.008283],[4.199326,40.008272],[4.199302,40.008257],[4.199286,40.008237],[4.199274,40.008216],[4.199263,40.008194],[4.199248,40.008174],[4.199235,40.008153],[4.199217,40.008134],[4.199197,40.008117],[4.199189,40.008108],[4.199188,40.008106],[4.19918,40.008097],[4.199179,40.008092],[4.199178,40.008087],[4.199176,40.008076],[4.199177,40.008052],[4.199179,40.008027],[4.199183,40.008004],[4.199184,40.007992],[4.199186,40.007981],[4.19919,40.007957],[4.199198,40.007934],[4.199198,40.007933],[4.1992,40.007922],[4.199202,40.007911],[4.199207,40.007887],[4.199205,40.007862],[4.199202,40.00785],[4.199199,40.00784],[4.199194,40.007826],[4.199191,40.007817],[4.199187,40.007794],[4.199183,40.00777],[4.199183,40.00777],[4.199181,40.007766],[4.199176,40.007755],[4.199174,40.00775],[4.199174,40.007748],[4.199173,40.007747],[4.199165,40.007724],[4.199161,40.00771],[4.199161,40.007709],[4.199159,40.007704],[4.199158,40.0077],[4.19915,40.007683],[4.199148,40.007677],[4.199139,40.007654],[4.199137,40.007651],[4.199128,40.007632],[4.199126,40.007629],[4.19912,40.00762],[4.199115,40.007612],[4.199102,40.007592],[4.1991,40.007588],[4.199092,40.007575],[4.199089,40.00757],[4.199077,40.007548],[4.199076,40.007546],[4.199075,40.007545],[4.199066,40.007534],[4.199062,40.007528],[4.19906,40.007526],[4.19905,40.007515],[4.199044,40.007508],[4.199041,40.007504],[4.199036,40.007497],[4.199028,40.007488],[4.199008,40.007471],[4.198988,40.007454],[4.198967,40.007438],[4.198956,40.00743],[4.198944,40.007421],[4.198936,40.007415],[4.198923,40.007404],[4.198899,40.007388],[4.198879,40.007371],[4.198857,40.007355],[4.198834,40.00734],[4.198768,40.007293],[4.198775,40.00729],[4.198767,40.007261],[4.198757,40.00722],[4.198752,40.007194],[4.198721,40.007067],[4.198712,40.007029],[4.198712,40.007029],[4.198721,40.007034],[4.198737,40.007043],[4.198763,40.007054],[4.198791,40.007062],[4.19882,40.007072],[4.198849,40.007079],[4.198874,40.007076],[4.198891,40.007067],[4.198916,40.007052],[4.198944,40.007045],[4.198971,40.007047],[4.199001,40.007052],[4.199031,40.007052],[4.199058,40.007045],[4.199087,40.007041],[4.199109,40.007045],[4.199116,40.007055],[4.199137,40.007067],[4.199149,40.007064],[4.199177,40.007056],[4.199204,40.007045],[4.199233,40.007037],[4.199263,40.007031],[4.199293,40.007026],[4.199322,40.007022],[4.199353,40.007017],[4.199384,40.007014],[4.199414,40.007012],[4.199444,40.007011],[4.199475,40.00701],[4.199506,40.007009],[4.199537,40.007006],[4.199568,40.007],[4.199597,40.006992],[4.199625,40.006982],[4.199647,40.006966],[4.199666,40.006948],[4.199684,40.006929],[4.199699,40.006909],[4.199716,40.00689],[4.199731,40.006869],[4.199747,40.006849],[4.199766,40.006831],[4.199788,40.006815],[4.199807,40.006797],[4.199821,40.006777],[4.199828,40.006754],[4.199835,40.006731],[4.199844,40.006708],[4.19985,40.006685],[4.199849,40.006661],[4.199848,40.006638],[4.19984,40.006616],[4.199824,40.006598],[4.199803,40.006581],[4.199781,40.006567],[4.199765,40.006547],[4.199757,40.006525],[4.199745,40.006503],[4.199725,40.006486],[4.199707,40.006468],[4.19969,40.006449],[4.199673,40.00643],[4.199652,40.006413],[4.199631,40.006396],[4.19961,40.00638],[4.199584,40.006369],[4.199562,40.006369],[4.199546,40.006376],[4.199535,40.006391],[4.199515,40.006402],[4.199503,40.006398],[4.199485,40.006402],[4.199456,40.00641],[4.199428,40.00642],[4.199401,40.006429],[4.199374,40.00643],[4.199359,40.006423],[4.199362,40.006415],[4.199359,40.006393],[4.199349,40.006392],[4.199323,40.006395],[4.199297,40.006407],[4.19927,40.006417],[4.199255,40.006414],[4.199228,40.006415],[4.199213,40.006424],[4.199189,40.006438],[4.199185,40.00645],[4.199168,40.006467],[4.19915,40.006471],[4.199121,40.006475],[4.199087,40.006469],[4.199059,40.006479],[4.199042,40.006498],[4.199022,40.006516],[4.198997,40.006529],[4.198995,40.00654],[4.198995,40.006562],[4.198984,40.006573],[4.198961,40.006583],[4.198936,40.006596],[4.198908,40.0066],[4.198891,40.006595],[4.198878,40.0066],[4.198874,40.00661],[4.198878,40.006626],[4.198872,40.006648],[4.198859,40.006659],[4.198837,40.006674],[4.198833,40.00668],[4.198824,40.006655],[4.19884,40.006616],[4.198856,40.006575],[4.198873,40.006533],[4.19889,40.00649],[4.198907,40.006447],[4.198924,40.006404],[4.198941,40.006361],[4.198959,40.006319],[4.198976,40.006276],[4.198993,40.006233],[4.19901,40.00619],[4.199027,40.006147],[4.199044,40.006104],[4.199061,40.006062],[4.199078,40.006019],[4.199084,40.006006],[4.199092,40.005984],[4.199095,40.005976],[4.199112,40.005933],[4.19913,40.00589],[4.199147,40.005847],[4.199164,40.005804],[4.199181,40.005762],[4.199198,40.005719],[4.199215,40.005676],[4.199232,40.005633],[4.199249,40.00559],[4.199266,40.005547],[4.199284,40.005505],[4.199301,40.005462],[4.199318,40.005419],[4.199335,40.005376],[4.199352,40.005333],[4.199369,40.00529],[4.199386,40.005248],[4.199403,40.005205],[4.19942,40.005162],[4.199437,40.005119],[4.199455,40.005076],[4.199472,40.005033],[4.199489,40.004991],[4.199506,40.004948],[4.199523,40.004905],[4.19954,40.004862],[4.199557,40.004819],[4.199574,40.004776],[4.199591,40.004734],[4.199609,40.004691],[4.199626,40.004648],[4.199643,40.004605],[4.19966,40.004562],[4.199677,40.004519],[4.199694,40.004477],[4.199711,40.004434],[4.199728,40.004391],[4.199745,40.004348],[4.199762,40.004305],[4.19978,40.004262],[4.199797,40.00422],[4.199814,40.004177],[4.199831,40.004134],[4.199848,40.004091],[4.199865,40.004048],[4.199882,40.004005],[4.199899,40.003963],[4.199916,40.00392],[4.199934,40.003877],[4.199951,40.003834],[4.199968,40.003791],[4.199985,40.003748],[4.200002,40.003706],[4.200019,40.003663],[4.200036,40.00362],[4.200053,40.003577],[4.20007,40.003534],[4.200087,40.003491],[4.200105,40.003448],[4.200122,40.003406],[4.200139,40.003363],[4.200156,40.00332],[4.200173,40.003277],[4.20019,40.003234],[4.200207,40.003192],[4.200225,40.003149],[4.200242,40.003107],[4.200261,40.003065],[4.200279,40.003023],[4.200299,40.002982],[4.200318,40.002941],[4.200338,40.0029],[4.200358,40.002859],[4.200377,40.002818],[4.200397,40.002777],[4.200417,40.002736],[4.200437,40.002695],[4.200457,40.002655],[4.200477,40.002614],[4.200497,40.002573],[4.200516,40.002532],[4.200536,40.002491],[4.200556,40.00245],[4.200576,40.00241],[4.200595,40.00237],[4.200635,40.002269],[4.200643,40.002245],[4.200648,40.002217],[4.200655,40.002217],[4.200668,40.00221],[4.200674,40.002197],[4.200674,40.002174],[4.200669,40.002152],[4.200667,40.002129],[4.200669,40.002106],[4.200673,40.002083],[4.200681,40.00206],[4.200692,40.002038],[4.200702,40.002017],[4.200716,40.001996],[4.200726,40.001974],[4.200723,40.001955],[4.200716,40.001932],[4.200715,40.001907],[4.200718,40.001883],[4.200725,40.001859],[4.200729,40.001837],[4.200733,40.001814],[4.200736,40.001792],[4.200738,40.001768],[4.200746,40.001746],[4.200757,40.001724],[4.200774,40.001705],[4.200791,40.0017],[4.20082,40.0017],[4.200847,40.001707],[4.20087,40.001705],[4.200888,40.001696],[4.200896,40.001682],[4.200891,40.001671],[4.200875,40.001662],[4.200847,40.001655],[4.200818,40.00165],[4.200788,40.001644],[4.20076,40.001634],[4.200749,40.001622],[4.200746,40.001604],[4.200741,40.001582],[4.200736,40.00156],[4.200731,40.001537],[4.200728,40.001514],[4.200721,40.001474],[4.200717,40.00145],[4.20071,40.001427],[4.200702,40.001405],[4.200693,40.001382],[4.200685,40.001359],[4.200681,40.001335],[4.200679,40.001311],[4.200677,40.001287],[4.200677,40.001264],[4.200679,40.001241],[4.200684,40.001217],[4.200692,40.001194],[4.200703,40.001173],[4.200718,40.001151],[4.200733,40.001132],[4.200748,40.001111],[4.200759,40.001089],[4.20077,40.001066],[4.200781,40.001043],[4.200794,40.00102],[4.200802,40.000998],[4.200806,40.000974],[4.200809,40.000949],[4.200813,40.000925],[4.200819,40.000902],[4.20083,40.000879],[4.200848,40.00086],[4.200871,40.000844],[4.200888,40.000825],[4.2009,40.000802],[4.200911,40.00078],[4.200927,40.00076],[4.200946,40.000743],[4.200967,40.000723],[4.200983,40.000704],[4.200997,40.000681],[4.201005,40.000659],[4.201013,40.000637],[4.201021,40.000614],[4.201033,40.00059],[4.201041,40.000567],[4.201045,40.000543],[4.20105,40.000521],[4.201057,40.000497],[4.201059,40.000488],[4.201064,40.000475],[4.201074,40.000453],[4.201092,40.000433],[4.201118,40.000418],[4.201147,40.00041],[4.201159,40.000406],[4.201176,40.0004],[4.201204,40.000388],[4.20123,40.000376],[4.201256,40.000364],[4.201258,40.000364],[4.201258,40.000364],[4.201287,40.000359],[4.201311,40.000363],[4.201342,40.000362],[4.201356,40.000354],[4.201372,40.000335],[4.201382,40.000313],[4.201391,40.000291],[4.201401,40.000269],[4.201411,40.000246],[4.201415,40.000221],[4.201417,40.000196],[4.201418,40.000171],[4.201418,40.000146],[4.201412,40.000122],[4.201404,40.000099],[4.201396,40.000076],[4.201388,40.000052],[4.201381,40.000029],[4.201379,40.000006],[4.20138,40.000002],[4.201382,39.999984],[4.201387,39.999961],[4.201393,39.999939],[4.201399,39.999916],[4.201401,39.999893],[4.201397,39.999871],[4.201391,39.999848],[4.201382,39.999825],[4.201369,39.999803],[4.201355,39.999781],[4.201345,39.999757],[4.20134,39.999735],[4.201334,39.999713],[4.201326,39.999689],[4.201316,39.999667],[4.201306,39.999645],[4.201294,39.999623],[4.201278,39.999603],[4.201262,39.999584],[4.201247,39.999563],[4.201233,39.999543],[4.201222,39.999522],[4.201214,39.999498],[4.201208,39.999476],[4.201204,39.999451],[4.201201,39.999428],[4.201199,39.999403],[4.201196,39.999379],[4.201193,39.999355],[4.20119,39.999332],[4.201187,39.999307],[4.201184,39.999284],[4.20118,39.999259],[4.201176,39.999234],[4.201173,39.999211],[4.201168,39.999186],[4.201164,39.999163],[4.201157,39.999139],[4.20115,39.999114],[4.201144,39.999091],[4.20114,39.999067],[4.201137,39.999042],[4.201134,39.999019],[4.20113,39.998994],[4.201126,39.998969],[4.201121,39.998944],[4.201116,39.998918],[4.201113,39.998893],[4.20111,39.998869],[4.201107,39.998845],[4.201103,39.998819],[4.201099,39.998796],[4.201098,39.998772],[4.201098,39.998749],[4.2011,39.998724],[4.201103,39.9987],[4.201108,39.998676],[4.201118,39.998653],[4.201129,39.99863],[4.201142,39.998608],[4.201156,39.998588],[4.201172,39.998566],[4.201188,39.998543],[4.201203,39.998521],[4.201216,39.9985],[4.201229,39.998478],[4.201241,39.998457],[4.201252,39.998433],[4.201255,39.998426],[4.201262,39.99841],[4.201273,39.998388],[4.201286,39.998367],[4.201305,39.998338],[4.201434,39.998338],[4.201443,39.998325],[4.201461,39.998325],[4.201471,39.998306],[4.201501,39.998306],[4.201528,39.998307],[4.201532,39.998288],[4.201497,39.998286],[4.201452,39.998283],[4.20144,39.99827],[4.201371,39.998265],[4.201358,39.998256],[4.20135,39.998239],[4.201347,39.998215],[4.201347,39.998193],[4.201348,39.998168],[4.201351,39.998143],[4.201355,39.99812],[4.20136,39.998096],[4.201365,39.998073],[4.201369,39.998061],[4.201372,39.998049],[4.201378,39.998025],[4.201383,39.998],[4.201382,39.997976],[4.201376,39.997951],[4.201367,39.997926],[4.201355,39.997905],[4.201338,39.997883],[4.201321,39.997864],[4.201299,39.997846],[4.201276,39.997831],[4.20125,39.997814],[4.201227,39.997799],[4.201203,39.997781],[4.201186,39.997766],[4.201183,39.997764],[4.201169,39.997749],[4.201164,39.997743],[4.201148,39.997723],[4.201132,39.997702],[4.201118,39.997681],[4.201103,39.997659],[4.201095,39.997645],[4.201091,39.997638],[4.201079,39.997615],[4.20107,39.997591],[4.201061,39.997567],[4.201053,39.997543],[4.201048,39.997519],[4.201046,39.997495],[4.201045,39.997471],[4.201045,39.99747],[4.201042,39.997446],[4.201035,39.997423],[4.201024,39.997402],[4.20102,39.997397],[4.201008,39.997381],[4.200991,39.997361],[4.200981,39.997338],[4.20098,39.997313],[4.200986,39.997289],[4.200992,39.997265],[4.200997,39.997242],[4.200997,39.997241],[4.201,39.997216],[4.200998,39.997193],[4.200998,39.997193],[4.200993,39.997168],[4.200989,39.997143],[4.200989,39.997119],[4.200991,39.997095],[4.200996,39.997072],[4.201004,39.997049],[4.201004,39.997048],[4.201013,39.997026],[4.201022,39.997004],[4.201023,39.996981],[4.201022,39.996974],[4.201018,39.996958],[4.201009,39.996935],[4.201002,39.996911],[4.201003,39.996888],[4.201012,39.996866],[4.201025,39.996846],[4.201043,39.996825],[4.201064,39.996806],[4.201067,39.996803],[4.201083,39.996787],[4.201103,39.996769],[4.20112,39.996749],[4.201132,39.996727],[4.201139,39.996704],[4.20114,39.996681],[4.201136,39.996656],[4.201134,39.996632],[4.201129,39.996607],[4.201123,39.996584],[4.201115,39.99656],[4.201109,39.996536],[4.201106,39.996512],[4.201105,39.996488],[4.201106,39.996482],[4.201107,39.996463],[4.201114,39.996441],[4.201125,39.99642],[4.201136,39.9964],[4.201138,39.996397],[4.201151,39.996374],[4.201162,39.996351],[4.201173,39.996328],[4.201182,39.996306],[4.201189,39.996282],[4.201194,39.99626],[4.201195,39.996258],[4.2012,39.996233],[4.2012,39.996233],[4.201205,39.996211],[4.201212,39.996186],[4.201219,39.996164],[4.201226,39.996141],[4.201232,39.996116],[4.201239,39.996093],[4.201246,39.99607],[4.201256,39.996047],[4.201266,39.996024],[4.201277,39.996001],[4.201288,39.995978],[4.201301,39.995955],[4.201312,39.995934],[4.201326,39.995912],[4.201341,39.99589],[4.201354,39.99587],[4.201367,39.995847],[4.201383,39.995824],[4.201399,39.995802],[4.201416,39.995781],[4.201434,39.995759],[4.201449,39.995739],[4.201463,39.995718],[4.201478,39.995695],[4.201493,39.995674],[4.201509,39.995653],[4.201525,39.995633],[4.201542,39.995614],[4.201561,39.995595],[4.201585,39.995578],[4.201609,39.995563],[4.201635,39.995551],[4.201637,39.99555],[4.201663,39.995537],[4.201691,39.995525],[4.201718,39.995515],[4.201748,39.995504],[4.201778,39.995494],[4.201808,39.995484],[4.201838,39.995475],[4.201868,39.995467],[4.201897,39.99546],[4.201927,39.995452],[4.201959,39.995445],[4.20199,39.99544],[4.202021,39.995434],[4.202054,39.995429],[4.202085,39.995425],[4.202117,39.995421],[4.202147,39.995416],[4.20218,39.995412],[4.20221,39.995408],[4.202241,39.995403],[4.20227,39.9954],[4.202302,39.995395],[4.202331,39.995391],[4.202364,39.995388],[4.202396,39.995385],[4.202428,39.995382],[4.202459,39.99538],[4.202492,39.995379],[4.202525,39.995382],[4.202555,39.995384],[4.202587,39.995385],[4.20262,39.995387],[4.20265,39.995391],[4.20268,39.995394],[4.202712,39.995397],[4.202745,39.9954],[4.202778,39.995403],[4.202808,39.995405],[4.202842,39.995407],[4.202871,39.99541],[4.202903,39.995413],[4.202933,39.995417],[4.202962,39.995423],[4.202992,39.995428],[4.203022,39.995433],[4.203054,39.995439],[4.203083,39.995444],[4.203112,39.995449],[4.203144,39.995453],[4.203176,39.995458],[4.203208,39.995463],[4.203238,39.995468],[4.203268,39.995475],[4.203296,39.995483],[4.203323,39.995493],[4.203351,39.995506],[4.203375,39.99552],[4.203396,39.995539],[4.203412,39.99556],[4.203427,39.995581],[4.203443,39.995601],[4.203461,39.99562],[4.203481,39.995636],[4.203503,39.995652],[4.203522,39.995669],[4.203536,39.995689],[4.203539,39.995698],[4.203499,39.995762],[4.203514,39.995768],[4.203558,39.995722],[4.203572,39.995722],[4.203588,39.995731],[4.203608,39.995747],[4.203623,39.995768],[4.203635,39.995791],[4.203639,39.995813],[4.203639,39.995836],[4.203635,39.99586],[4.203633,39.995883],[4.203636,39.995907],[4.203638,39.995931],[4.203636,39.995956],[4.203631,39.995979],[4.203625,39.996002],[4.203618,39.996025],[4.203605,39.996048],[4.203587,39.996068],[4.20357,39.996089],[4.203556,39.996112],[4.203544,39.996133],[4.203532,39.996156],[4.203523,39.996178],[4.203514,39.996203],[4.203506,39.996227],[4.203501,39.996252],[4.203493,39.996276],[4.203481,39.996299],[4.203475,39.996321],[4.203476,39.996345],[4.203478,39.996369],[4.203479,39.996392],[4.203484,39.996417],[4.203493,39.996441],[4.203508,39.996463],[4.203525,39.996483],[4.203535,39.996505],[4.203536,39.996529],[4.203534,39.996553],[4.203532,39.996578],[4.203535,39.996601],[4.203542,39.996625],[4.203556,39.996647],[4.203573,39.996666],[4.203591,39.996687],[4.203609,39.996708],[4.203628,39.996728],[4.203644,39.996749],[4.203662,39.996769],[4.203676,39.996791],[4.203682,39.996813],[4.20368,39.996838],[4.203669,39.996861],[4.203655,39.996882],[4.203651,39.996904],[4.203649,39.996928],[4.203638,39.99695],[4.203627,39.996972],[4.203617,39.996993],[4.20361,39.997016],[4.203599,39.997039],[4.203583,39.99706],[4.203564,39.99708],[4.203541,39.997094],[4.203515,39.9971],[4.203486,39.997099],[4.203455,39.997102],[4.203435,39.997112],[4.20342,39.997129],[4.20341,39.997152],[4.203404,39.997176],[4.203398,39.997198],[4.20339,39.99722],[4.203376,39.997242],[4.20336,39.997262],[4.203342,39.997282],[4.203322,39.997299],[4.203302,39.997317],[4.203289,39.99734],[4.203284,39.997364],[4.203284,39.997387],[4.203288,39.997412],[4.203296,39.997436],[4.203308,39.997459],[4.203323,39.997482],[4.203336,39.997502],[4.20335,39.997525],[4.203363,39.997547],[4.203377,39.99757],[4.203391,39.997591],[4.203408,39.997612],[4.203425,39.99763],[4.203444,39.997647],[4.203469,39.997657],[4.203489,39.997656],[4.20352,39.99765],[4.203548,39.99764],[4.203572,39.997627],[4.203594,39.997611],[4.203615,39.997592],[4.203632,39.997573],[4.203647,39.997553],[4.203659,39.997529],[4.203668,39.997507],[4.203675,39.997484],[4.203681,39.997461],[4.203687,39.997436],[4.203693,39.99741],[4.203697,39.997386],[4.203701,39.997361],[4.203705,39.997337],[4.20371,39.99731],[4.203715,39.997286],[4.203719,39.99726],[4.203724,39.997235],[4.203728,39.997212],[4.203733,39.997186],[4.203736,39.99716],[4.203739,39.997137],[4.203742,39.997113],[4.203746,39.997087],[4.20375,39.997063],[4.203752,39.99704],[4.203755,39.997016],[4.203758,39.996989],[4.203762,39.996964],[4.203766,39.996941],[4.20377,39.996917],[4.203774,39.996893],[4.203778,39.996869],[4.203783,39.996846],[4.203788,39.99682],[4.203793,39.996796],[4.203799,39.996772],[4.203803,39.996748],[4.203807,39.996725],[4.203812,39.996701],[4.203817,39.996676],[4.203822,39.99665],[4.203828,39.996628],[4.203836,39.996602],[4.203845,39.996579],[4.203854,39.996557],[4.203864,39.996535],[4.203876,39.996513],[4.203886,39.996492],[4.203897,39.996469],[4.203909,39.996444],[4.203919,39.996421],[4.203928,39.996399],[4.203937,39.996376],[4.203948,39.99635],[4.203958,39.996327],[4.203968,39.996305],[4.203977,39.996282],[4.203986,39.99626],[4.203997,39.996237],[4.204008,39.996214],[4.20402,39.996192],[4.204033,39.996171],[4.204045,39.99615],[4.204058,39.996128],[4.204073,39.996104],[4.204085,39.996084],[4.2041,39.996059],[4.204112,39.996038],[4.204126,39.996014],[4.204139,39.995994],[4.204157,39.995971],[4.204176,39.995949],[4.204194,39.995928],[4.204213,39.995907],[4.204231,39.995889],[4.20425,39.99587],[4.20427,39.995849],[4.204286,39.99583],[4.204305,39.995807],[4.204321,39.995787],[4.204341,39.995765],[4.204358,39.995746],[4.204377,39.995724],[4.204394,39.995705],[4.204413,39.995683],[4.204434,39.995665],[4.204459,39.995646],[4.204481,39.995631],[4.204504,39.995615],[4.204527,39.995601],[4.204553,39.995587],[4.204578,39.995571],[4.2046,39.995554],[4.204623,39.995535],[4.204644,39.995516],[4.204662,39.995496],[4.204677,39.995476],[4.204694,39.995455],[4.204712,39.995437],[4.204731,39.995419],[4.204745,39.995397],[4.204753,39.995376],[4.204764,39.995353],[4.204778,39.995332],[4.204796,39.995311],[4.204811,39.995292],[4.204825,39.995269],[4.204837,39.995247],[4.204851,39.995225],[4.204865,39.995203],[4.20488,39.995182],[4.204898,39.995162],[4.204923,39.995148],[4.204949,39.995137],[4.204977,39.995127],[4.204985,39.995115],[4.204979,39.995106],[4.204975,39.995084],[4.204984,39.995077],[4.205006,39.995062],[4.205016,39.995045],[4.205014,39.995028],[4.205002,39.995012],[4.204991,39.99499],[4.204997,39.994978],[4.205013,39.994968],[4.205039,39.994955],[4.205065,39.994942],[4.205077,39.994925],[4.205077,39.994908],[4.205067,39.994891],[4.20505,39.994872],[4.205039,39.994851],[4.205039,39.99483],[4.205044,39.994807],[4.205052,39.994784],[4.205065,39.994762],[4.205084,39.994748],[4.205092,39.994731],[4.205086,39.994718],[4.205071,39.994698],[4.205054,39.994677],[4.205041,39.994655],[4.205031,39.994631],[4.205025,39.994606],[4.205022,39.994581],[4.205018,39.994556],[4.205017,39.994533],[4.205018,39.99451],[4.205019,39.994487],[4.205019,39.994464],[4.205019,39.994439],[4.205018,39.994416],[4.205019,39.994391],[4.205021,39.994369],[4.205025,39.994346],[4.205031,39.994324],[4.205039,39.9943],[4.205051,39.994278],[4.205065,39.994258],[4.205079,39.994237],[4.205093,39.994216],[4.205107,39.994193],[4.205121,39.994169],[4.205132,39.994147],[4.20514,39.994125],[4.205143,39.994101],[4.205141,39.994076],[4.205135,39.994053],[4.205127,39.99403],[4.205114,39.994007],[4.205101,39.993986],[4.20509,39.993963],[4.20508,39.99394],[4.205074,39.993918],[4.20507,39.993895],[4.205069,39.993869],[4.20507,39.993844],[4.205075,39.993821],[4.205087,39.993799],[4.2051,39.993778],[4.205113,39.993757],[4.205124,39.993736],[4.205133,39.993712],[4.205139,39.99369],[4.205145,39.993666],[4.205155,39.993643],[4.205174,39.993623],[4.205197,39.993609],[4.205225,39.993601],[4.205247,39.993604],[4.205277,39.993603],[4.205285,39.993595],[4.205288,39.993578],[4.20528,39.993557],[4.20527,39.993535],[4.205256,39.993513],[4.20525,39.993491],[4.205251,39.993468],[4.205255,39.993444],[4.20526,39.993421],[4.205263,39.993397],[4.205264,39.993375],[4.205263,39.993351],[4.205261,39.993328],[4.20526,39.993304],[4.20526,39.993279],[4.20527,39.993257],[4.205286,39.993246],[4.205312,39.993234],[4.20534,39.993227],[4.205358,39.993226],[4.205364,39.993245],[4.20539,39.993236],[4.205389,39.993227],[4.205387,39.993204],[4.205383,39.993181],[4.205371,39.993159],[4.205355,39.993138],[4.205341,39.993117],[4.205329,39.993096],[4.205318,39.993075],[4.205307,39.993053],[4.205295,39.99303],[4.205286,39.993008],[4.205276,39.992987],[4.205265,39.992965],[4.205253,39.992944],[4.205246,39.992922],[4.205251,39.992906],[4.205262,39.992902],[4.205279,39.992908],[4.205285,39.992919],[4.205296,39.992941],[4.205307,39.992963],[4.20532,39.992984],[4.205333,39.993007],[4.205345,39.993028],[4.205358,39.993051],[4.205372,39.993071],[4.205388,39.993093],[4.205402,39.993113],[4.20542,39.993134],[4.205436,39.993153],[4.205454,39.993171],[4.205472,39.993189],[4.205493,39.993205],[4.20552,39.993218],[4.205548,39.993227],[4.205596,39.993239],[4.205755,39.993368],[4.205777,39.993387],[4.205797,39.993404],[4.205815,39.993423],[4.205836,39.993441],[4.205859,39.993458],[4.205882,39.993472],[4.205911,39.993482],[4.205942,39.993488],[4.205973,39.993491],[4.206003,39.993496],[4.206034,39.993501],[4.206065,39.993507],[4.206094,39.993512],[4.206123,39.993519],[4.206153,39.993528],[4.206184,39.993538],[4.206213,39.993548],[4.206242,39.993557],[4.206271,39.993565],[4.206294,39.993572],[4.206541,39.993644],[4.20659,39.993659],[4.206619,39.993668],[4.207007,39.993788],[4.207034,39.993799],[4.20706,39.99381],[4.207086,39.993823],[4.20711,39.993837],[4.207133,39.993853],[4.207139,39.993869],[4.207134,39.993882],[4.20713,39.993905],[4.207133,39.993928],[4.207136,39.993951],[4.207141,39.993974],[4.207151,39.993997],[4.207164,39.994017],[4.207179,39.994038],[4.207191,39.994059],[4.207202,39.994081],[4.207209,39.994104],[4.207211,39.994126],[4.20721,39.99415],[4.207204,39.994172],[4.207195,39.994195],[4.207186,39.994217],[4.207176,39.99424],[4.20717,39.994263],[4.207165,39.994285],[4.207159,39.994309],[4.207159,39.994333],[4.207155,39.994357],[4.207143,39.994367],[4.207122,39.994384],[4.207115,39.994402],[4.2071,39.994422],[4.207083,39.994441],[4.20707,39.994463],[4.20706,39.994486],[4.207047,39.994508],[4.207027,39.994524],[4.207004,39.99454],[4.207001,39.994553],[4.207006,39.994573],[4.20701,39.994596],[4.207003,39.994617],[4.206994,39.99464],[4.206996,39.994661],[4.207008,39.994678],[4.20702,39.9947],[4.207023,39.994724],[4.207025,39.994749],[4.207029,39.994772],[4.207036,39.994795],[4.207052,39.994816],[4.207072,39.994835],[4.207094,39.994853],[4.207115,39.994869],[4.207137,39.994885],[4.207157,39.994902],[4.207176,39.994922],[4.207195,39.994942],[4.207206,39.994966],[4.207205,39.994989],[4.207199,39.995011],[4.2072,39.995035],[4.207211,39.995051],[4.207228,39.995072],[4.207243,39.995092],[4.207258,39.995114],[4.207269,39.995137],[4.207279,39.99516],[4.207287,39.995184],[4.207293,39.995209],[4.207296,39.995232],[4.207295,39.995256],[4.207284,39.995276],[4.207269,39.995296],[4.207256,39.995317],[4.20725,39.995341],[4.207256,39.995356],[4.207265,39.995379],[4.20726,39.995396],[4.207247,39.995417],[4.207232,39.995438],[4.207228,39.99546],[4.207234,39.995479],[4.207236,39.995502],[4.207232,39.995526],[4.207228,39.995549],[4.207223,39.995573],[4.207218,39.995597],[4.207215,39.99562],[4.207207,39.995642],[4.207192,39.995664],[4.207176,39.995684],[4.207158,39.995704],[4.207145,39.995727],[4.20714,39.995752],[4.207135,39.995774],[4.207128,39.995797],[4.207116,39.99582],[4.207099,39.995842],[4.207082,39.995861],[4.207062,39.995879],[4.207038,39.995897],[4.207014,39.995913],[4.206987,39.995927],[4.206958,39.995939],[4.206929,39.995948],[4.2069,39.995955],[4.206872,39.995962],[4.206844,39.995969],[4.206815,39.995977],[4.206784,39.995983],[4.206753,39.995989],[4.206726,39.996002],[4.206699,39.996014],[4.206672,39.996022],[4.206644,39.996022],[4.206616,39.996014],[4.206589,39.996003],[4.206577,39.996008],[4.206577,39.996018],[4.206586,39.996039],[4.206585,39.996061],[4.206576,39.996085],[4.206565,39.996107],[4.206548,39.996127],[4.206535,39.996147],[4.206528,39.996169],[4.206523,39.996192],[4.206517,39.996215],[4.206505,39.996238],[4.206487,39.996258],[4.206464,39.996273],[4.206445,39.996292],[4.206437,39.996312],[4.206434,39.996337],[4.206433,39.996361],[4.206427,39.996384],[4.206415,39.996405],[4.2064,39.996426],[4.206383,39.996447],[4.206364,39.996467],[4.206345,39.996485],[4.206326,39.996503],[4.206307,39.996521],[4.206287,39.996541],[4.206265,39.996559],[4.206245,39.996576],[4.206226,39.996595],[4.206208,39.996615],[4.206191,39.996634],[4.206175,39.996653],[4.206156,39.996672],[4.206153,39.996676],[4.206139,39.996691],[4.206119,39.996707],[4.206096,39.996724],[4.20607,39.996738],[4.206043,39.99675],[4.206017,39.996761],[4.205989,39.99677],[4.205959,39.996777],[4.205936,39.996791],[4.205915,39.996809],[4.205897,39.996828],[4.205879,39.996847],[4.205861,39.996867],[4.205844,39.996887],[4.205827,39.996908],[4.205812,39.996927],[4.205795,39.996946],[4.205771,39.996962],[4.205746,39.996974],[4.205722,39.996988],[4.205703,39.997004],[4.205692,39.997013],[4.20569,39.99702],[4.205689,39.997032],[4.205687,39.997045],[4.205692,39.997056],[4.205694,39.99708],[4.205704,39.997101],[4.20572,39.997113],[4.20574,39.997131],[4.205754,39.997152],[4.205766,39.997174],[4.205772,39.997196],[4.205775,39.997219],[4.205776,39.997241],[4.205775,39.997266],[4.205772,39.99729],[4.205768,39.997312],[4.205761,39.997336],[4.205752,39.997358],[4.20574,39.997381],[4.205722,39.997402],[4.205699,39.997419],[4.205674,39.997434],[4.205649,39.99745],[4.205626,39.997463],[4.2056,39.997476],[4.205574,39.99749],[4.205572,39.99749],[4.205546,39.997502],[4.205517,39.997513],[4.205488,39.997521],[4.205459,39.997529],[4.205434,39.997541],[4.205413,39.997557],[4.205395,39.997575],[4.205377,39.997595],[4.205361,39.997616],[4.205348,39.997636],[4.205335,39.997658],[4.205321,39.997682],[4.205306,39.997703],[4.205293,39.997724],[4.20528,39.997746],[4.205265,39.997769],[4.20525,39.99779],[4.205234,39.997811],[4.205216,39.99783],[4.205196,39.997848],[4.205178,39.997866],[4.205161,39.997885],[4.205142,39.997904],[4.205123,39.997921],[4.205102,39.997937],[4.20508,39.997954],[4.205058,39.997971],[4.205037,39.997988],[4.205017,39.998006],[4.204996,39.998023],[4.204975,39.99804],[4.204956,39.998058],[4.204937,39.998077],[4.204918,39.998097],[4.2049,39.998115],[4.204882,39.998133],[4.204863,39.998152],[4.204844,39.998172],[4.204825,39.998192],[4.204806,39.998212],[4.204789,39.998232],[4.204777,39.998253],[4.204767,39.998274],[4.204757,39.998296],[4.204744,39.998319],[4.204733,39.998341],[4.204724,39.998362],[4.204713,39.998385],[4.204705,39.99841],[4.2047,39.998433],[4.204696,39.998456],[4.204692,39.998481],[4.204681,39.998517],[4.204671,39.99854],[4.204655,39.99856],[4.204635,39.99858],[4.204617,39.998599],[4.204598,39.998618],[4.204577,39.998636],[4.204557,39.998654],[4.204536,39.99867],[4.204515,39.998686],[4.204492,39.998703],[4.204468,39.998721],[4.204447,39.998737],[4.204424,39.998754],[4.204399,39.99877],[4.204375,39.998785],[4.204351,39.998799],[4.204326,39.998814],[4.2043,39.998828],[4.204275,39.998843],[4.204254,39.998859],[4.204231,39.998877],[4.204209,39.998897],[4.204191,39.998915],[4.204173,39.998934],[4.204153,39.998953],[4.204133,39.99897],[4.204112,39.998987],[4.204089,39.999005],[4.204067,39.999023],[4.204048,39.999041],[4.204027,39.99906],[4.204007,39.999078],[4.203988,39.999096],[4.203973,39.999116],[4.203957,39.999137],[4.203938,39.999157],[4.203914,39.999174],[4.203887,39.999188],[4.203859,39.999199],[4.203829,39.999209],[4.203803,39.999219],[4.203781,39.999235],[4.20376,39.999254],[4.203739,39.999271],[4.203717,39.99929],[4.203698,39.999307],[4.203679,39.999324],[4.203657,39.999342],[4.203636,39.999358],[4.203616,39.999376],[4.203596,39.999395],[4.203579,39.999415],[4.203562,39.999436],[4.203547,39.999456],[4.203531,39.999477],[4.203518,39.9995],[4.203505,39.999522],[4.203494,39.999546],[4.203484,39.99957],[4.203472,39.999594],[4.20346,39.999617],[4.20345,39.999639],[4.203438,39.999662],[4.203427,39.999685],[4.203416,39.999709],[4.203407,39.999731],[4.203398,39.999755],[4.203391,39.999777],[4.203385,39.999802],[4.203378,39.999826],[4.203371,39.999848],[4.203362,39.999872],[4.203351,39.999896],[4.203341,39.999918],[4.203315,39.999999],[4.203314,40.000002],[4.20331,40.000022],[4.203302,40.000045],[4.203291,40.000067],[4.203277,40.000088],[4.203259,40.000109],[4.203243,40.000129],[4.203228,40.000148],[4.203211,40.000171],[4.203211,40.000171],[4.203191,40.000192],[4.203173,40.000211],[4.203154,40.000232],[4.203134,40.000252],[4.203112,40.00027],[4.20309,40.000287],[4.203069,40.000304],[4.203046,40.000323],[4.203025,40.00034],[4.203005,40.000358],[4.202985,40.000379],[4.202969,40.000399],[4.202954,40.00042],[4.20294,40.000441],[4.202926,40.000462],[4.202911,40.000483],[4.202895,40.000504],[4.202878,40.000523],[4.202858,40.000543],[4.202833,40.000557],[4.202806,40.000563],[4.202776,40.000569],[4.202765,40.000579],[4.202756,40.000598],[4.20275,40.000622],[4.202739,40.000645],[4.202732,40.000668],[4.202725,40.000692],[4.202717,40.000715],[4.202705,40.000736],[4.202689,40.000756],[4.202667,40.00077],[4.202641,40.000776],[4.20261,40.000777],[4.202585,40.000786],[4.202579,40.000797],[4.202569,40.000819],[4.202574,40.000834],[4.202587,40.000843],[4.202612,40.000859],[4.202626,40.000879],[4.20263,40.000901],[4.202631,40.000925],[4.202628,40.000947],[4.202622,40.00097],[4.202615,40.000995],[4.202609,40.001019],[4.202599,40.001041],[4.202585,40.001061],[4.202565,40.001079],[4.20254,40.001093],[4.202518,40.001109],[4.202522,40.001118],[4.202539,40.001137],[4.202538,40.001152],[4.202531,40.001175],[4.202514,40.001192],[4.202501,40.001215],[4.202492,40.001237],[4.202477,40.001258],[4.202459,40.001276],[4.202436,40.001294],[4.20241,40.001307],[4.202391,40.001325],[4.202376,40.001346],[4.202368,40.001368],[4.202372,40.001384],[4.202386,40.0014],[4.202387,40.001415],[4.202383,40.001438],[4.202372,40.001461],[4.202356,40.001482],[4.202336,40.0015],[4.202311,40.001516],[4.202284,40.001528],[4.202255,40.001538],[4.202226,40.001544],[4.202195,40.00155],[4.202167,40.001556],[4.20214,40.001564],[4.202118,40.001578],[4.20211,40.001593],[4.202105,40.001615],[4.202108,40.001639],[4.20211,40.001662],[4.202116,40.001685],[4.20212,40.001708],[4.20212,40.00173],[4.202111,40.001752],[4.2021,40.001775],[4.202099,40.001796],[4.202096,40.001821],[4.202088,40.001843],[4.202071,40.001859],[4.202048,40.001868],[4.202022,40.001878],[4.201994,40.001889],[4.201966,40.001902],[4.201942,40.001915],[4.201919,40.00193],[4.201898,40.001946],[4.201878,40.001963],[4.201858,40.001981],[4.201839,40.001999],[4.201824,40.002019],[4.201813,40.002042],[4.201806,40.002063],[4.201799,40.002088],[4.2018,40.002113],[4.201804,40.002135],[4.201819,40.002154],[4.201839,40.002163],[4.201857,40.002162],[4.20188,40.002154],[4.201907,40.002142],[4.201937,40.002137],[4.201967,40.002132],[4.201996,40.002126],[4.202025,40.002128],[4.202053,40.002137],[4.202077,40.002152],[4.202094,40.002172],[4.202098,40.002191],[4.202091,40.002207],[4.202089,40.00223],[4.202098,40.002238],[4.202116,40.002257],[4.202117,40.002272],[4.202115,40.002296],[4.20211,40.00232],[4.2021,40.002343],[4.202083,40.002362],[4.202061,40.002379],[4.202044,40.002398],[4.202042,40.002416],[4.202048,40.00244],[4.202053,40.002465],[4.202059,40.002489],[4.202063,40.002514],[4.202065,40.002538],[4.202064,40.002564],[4.202058,40.002586],[4.20205,40.002608],[4.202039,40.00263],[4.202024,40.002653],[4.202009,40.002674],[4.20199,40.002695],[4.201968,40.002711],[4.201944,40.002726],[4.201918,40.00274],[4.201889,40.002751],[4.201858,40.002759],[4.201829,40.002765],[4.201803,40.002775],[4.201779,40.00279],[4.201753,40.002804],[4.201724,40.002812],[4.201694,40.002818],[4.201662,40.002821],[4.201633,40.002824],[4.201614,40.002834],[4.201604,40.002849],[4.201603,40.00287],[4.201607,40.002893],[4.201619,40.002915],[4.201639,40.002933],[4.201664,40.002948],[4.201686,40.002965],[4.201696,40.002983],[4.20169,40.002992],[4.201668,40.003008],[4.201659,40.003024],[4.201669,40.003028],[4.201683,40.003025],[4.201708,40.003012],[4.201736,40.003001],[4.201765,40.002999],[4.201768,40.003],[4.201774,40.003014],[4.20179,40.003013],[4.20179,40.003004],[4.2018,40.003004],[4.20182,40.003011],[4.201845,40.003024],[4.201862,40.003042],[4.201868,40.003063],[4.201869,40.003086],[4.20187,40.00311],[4.201865,40.003133],[4.201859,40.003156],[4.201855,40.003179],[4.201853,40.003203],[4.201853,40.003227],[4.201855,40.003249],[4.201853,40.003275],[4.201843,40.003299],[4.201831,40.003321],[4.201819,40.003344],[4.201808,40.003367],[4.201797,40.003391],[4.201785,40.003413],[4.201771,40.003436],[4.201754,40.003456],[4.201736,40.003477],[4.201721,40.003497],[4.201674,40.003562],[4.201652,40.003589],[4.201635,40.003609],[4.201618,40.003627],[4.201599,40.003646],[4.201579,40.003664],[4.201558,40.003681],[4.201536,40.003698],[4.201511,40.003712],[4.201489,40.003727],[4.201471,40.003748],[4.201468,40.003765],[4.20147,40.003788],[4.201464,40.003811],[4.20145,40.003827],[4.201432,40.003834],[4.201417,40.00383],[4.201405,40.003836],[4.201402,40.003848],[4.2014,40.00387],[4.201392,40.003893],[4.201377,40.003914],[4.201354,40.003929],[4.20133,40.003943],[4.201325,40.003956],[4.201327,40.003976],[4.20133,40.004],[4.201329,40.004023],[4.201317,40.004043],[4.201298,40.004058],[4.201275,40.004073],[4.201263,40.004091],[4.201257,40.004113],[4.201253,40.004137],[4.201252,40.00416],[4.201258,40.004182],[4.201266,40.004206],[4.201273,40.00423],[4.201275,40.004255],[4.201273,40.004278],[4.201265,40.004301],[4.201254,40.004324],[4.201236,40.004342],[4.201233,40.004357],[4.201234,40.004382],[4.201235,40.004405],[4.201238,40.00443],[4.201239,40.004453],[4.201237,40.004476],[4.201235,40.0045],[4.201237,40.004524],[4.201236,40.004548],[4.201228,40.00457],[4.201228,40.004593],[4.201233,40.004616],[4.201236,40.004638],[4.201235,40.004662],[4.201225,40.004678],[4.201218,40.004701],[4.201216,40.004725],[4.201215,40.004748],[4.201213,40.00477],[4.20121,40.004793],[4.201205,40.004816],[4.201197,40.004839],[4.201185,40.00486],[4.201169,40.004879],[4.201144,40.004893],[4.201124,40.00491],[4.201109,40.004932],[4.201097,40.004954],[4.201082,40.004976],[4.201067,40.004995],[4.201053,40.005016],[4.201039,40.005037],[4.201026,40.005058],[4.201011,40.005078],[4.200994,40.0051],[4.200979,40.005119],[4.200964,40.005139],[4.200946,40.00516],[4.200929,40.005181],[4.200915,40.005204],[4.200904,40.005227],[4.200891,40.005248],[4.200876,40.005267],[4.200856,40.005286],[4.200833,40.005302],[4.200811,40.005317],[4.200791,40.005335],[4.200772,40.005354],[4.20075,40.005371],[4.200726,40.005386],[4.200708,40.005387],[4.200684,40.005396],[4.200675,40.005409],[4.200669,40.005432],[4.20066,40.005454],[4.200652,40.005477],[4.200642,40.0055],[4.200627,40.00552],[4.200611,40.005539],[4.200595,40.00556],[4.200582,40.00558],[4.20057,40.005603],[4.200558,40.005625],[4.200546,40.005648],[4.200529,40.005668],[4.200509,40.005687],[4.200492,40.005708],[4.200476,40.005728],[4.20046,40.005748],[4.20045,40.005771],[4.200454,40.005787],[4.200466,40.00581],[4.200483,40.00583],[4.200497,40.00585],[4.200508,40.005871],[4.200519,40.005894],[4.200529,40.005916],[4.200529,40.005938],[4.200519,40.005955],[4.200501,40.005974],[4.200486,40.005994],[4.200484,40.006013],[4.200492,40.006028],[4.200507,40.006038],[4.200528,40.006054],[4.200549,40.006061],[4.200576,40.00607],[4.200593,40.006085],[4.200611,40.006104],[4.200625,40.006124],[4.20063,40.006148],[4.200626,40.006172],[4.200612,40.006192],[4.2006,40.006212],[4.200606,40.006223],[4.200621,40.006231],[4.200639,40.00623],[4.20066,40.006221],[4.200677,40.006223],[4.200694,40.006233],[4.200713,40.006252],[4.200729,40.006272],[4.200742,40.006294],[4.200755,40.006316],[4.200765,40.006339],[4.200771,40.006361],[4.200772,40.006385],[4.200768,40.006409],[4.200759,40.006431],[4.200748,40.006453],[4.200734,40.006474],[4.200723,40.006495],[4.200712,40.006519],[4.200707,40.006542],[4.200705,40.006566],[4.200703,40.00659],[4.200704,40.006614],[4.200709,40.006636],[4.200717,40.006659],[4.200729,40.006681],[4.200744,40.006701],[4.200767,40.006714],[4.200781,40.006712],[4.200807,40.006717],[4.200813,40.006726],[4.200828,40.006745],[4.200838,40.006744],[4.200868,40.006746],[4.200886,40.006764],[4.200901,40.00678],[4.200925,40.006795],[4.200949,40.006808],[4.200976,40.006818],[4.201004,40.006826],[4.201032,40.006836],[4.201061,40.006847],[4.201086,40.006859],[4.201109,40.006874],[4.201131,40.006891],[4.201148,40.006909],[4.201162,40.00693],[4.201172,40.006953],[4.201176,40.006976],[4.201178,40.006999],[4.201179,40.007023],[4.201181,40.007046],[4.201185,40.007069],[4.20119,40.007092],[4.20119,40.007115],[4.20118,40.007126],[4.20116,40.007133],[4.201134,40.007144],[4.201114,40.007161],[4.201119,40.007167],[4.201137,40.007173],[4.201164,40.007181],[4.20119,40.007193],[4.201215,40.007208],[4.201239,40.007223],[4.201263,40.007238],[4.201283,40.007257],[4.2013,40.007275],[4.201315,40.007298],[4.201326,40.007321],[4.201331,40.007344],[4.20133,40.007369],[4.201323,40.007392],[4.201312,40.007413],[4.201294,40.007433],[4.201275,40.007452],[4.201257,40.007473],[4.201244,40.007495],[4.201232,40.007518],[4.201222,40.007541],[4.201211,40.007563],[4.2012,40.007586],[4.201191,40.007609],[4.201185,40.007632],[4.201178,40.007656],[4.201169,40.007679],[4.201159,40.007702],[4.201148,40.007723],[4.201136,40.007747],[4.201128,40.007772],[4.201124,40.007794],[4.201121,40.007819],[4.201119,40.007844],[4.201116,40.007867],[4.201114,40.007892],[4.201112,40.007917],[4.201109,40.007941],[4.201103,40.007966],[4.201088,40.007988],[4.201068,40.008007],[4.201046,40.008023],[4.201023,40.008039],[4.201,40.008053],[4.200976,40.008067],[4.200955,40.008084],[4.200951,40.0081],[4.200957,40.008116],[4.200967,40.008137],[4.200979,40.00816],[4.20099,40.008184],[4.200997,40.008206],[4.201,40.008229],[4.201002,40.008253],[4.201004,40.008276],[4.201007,40.0083],[4.201014,40.008323],[4.201025,40.008345],[4.201031,40.008368],[4.201033,40.008392],[4.201026,40.008414],[4.201016,40.008436],[4.201007,40.008459],[4.200996,40.008492],[4.200977,40.008546],[4.20097,40.008568],[4.200964,40.008591],[4.200968,40.008611],[4.200981,40.008616],[4.200995,40.008614],[4.201022,40.008606],[4.201048,40.008594],[4.201074,40.00858],[4.201098,40.008563],[4.201122,40.008547],[4.201148,40.008535],[4.201176,40.008526],[4.201204,40.008517],[4.201233,40.008508],[4.201263,40.008502],[4.201294,40.008495],[4.201323,40.008488],[4.201353,40.008478],[4.201379,40.008465],[4.201402,40.008451],[4.201427,40.008436],[4.201451,40.008424],[4.201479,40.008413],[4.201498,40.008415],[4.201528,40.00842],[4.201545,40.008415],[4.201572,40.008404],[4.201584,40.008408],[4.201609,40.008407],[4.201621,40.008399],[4.201648,40.00839],[4.201671,40.008392],[4.201693,40.008401],[4.2017,40.008414],[4.201698,40.008431],[4.20169,40.008454],[4.201691,40.008477],[4.201703,40.008488],[4.201722,40.008494],[4.201752,40.008499],[4.201764,40.008509],[4.201765,40.008521],[4.201768,40.008544],[4.201779,40.008547],[4.201808,40.00855],[4.201818,40.008559],[4.201831,40.00858],[4.201846,40.008584],[4.201864,40.008581],[4.201889,40.008567],[4.201911,40.008565],[4.201923,40.008571],[4.201925,40.008581],[4.201932,40.008604],[4.201942,40.008603],[4.201972,40.008601],[4.201982,40.008609],[4.202004,40.008625],[4.202023,40.008627],[4.202052,40.008621],[4.20208,40.008611],[4.202104,40.008596],[4.20213,40.008584],[4.20216,40.008579],[4.202189,40.008575],[4.20222,40.008567],[4.202249,40.008559],[4.202278,40.008552],[4.202309,40.008546],[4.202339,40.008547],[4.202371,40.008549],[4.202402,40.008553],[4.202427,40.008563],[4.202428,40.008572],[4.202418,40.008578],[4.202409,40.008594],[4.202427,40.008602],[4.202456,40.008606],[4.202487,40.008602],[4.202517,40.008595],[4.202542,40.008598],[4.202573,40.008595],[4.202601,40.008587],[4.202628,40.008576],[4.202648,40.008558],[4.202648,40.008545],[4.202644,40.008521],[4.202653,40.00851],[4.202669,40.008492],[4.202677,40.00847],[4.202672,40.00845],[4.20267,40.008428],[4.202671,40.008404],[4.202675,40.008381],[4.202688,40.008359],[4.202707,40.008341],[4.202733,40.00833],[4.202745,40.008314],[4.202747,40.008297],[4.202741,40.008273],[4.202733,40.00825],[4.202722,40.008227],[4.202711,40.008206],[4.202702,40.008184],[4.202695,40.008161],[4.20269,40.008138],[4.202689,40.008116],[4.202691,40.008091],[4.202698,40.008068],[4.202711,40.008048],[4.20273,40.008029],[4.202753,40.008015],[4.202776,40.008011],[4.202802,40.008014],[4.202826,40.008008],[4.202839,40.007996],[4.202856,40.007977],[4.202873,40.007971],[4.202897,40.007971],[4.202927,40.007976],[4.202957,40.007981],[4.202987,40.007981],[4.203009,40.00799],[4.203038,40.00799],[4.203046,40.007982],[4.203059,40.007961],[4.203076,40.007942],[4.203099,40.007929],[4.203122,40.007915],[4.203143,40.007899],[4.203166,40.007893],[4.203191,40.007895],[4.203219,40.007904],[4.203243,40.007919],[4.203264,40.007936],[4.203289,40.007949],[4.203318,40.007959],[4.203347,40.00797],[4.203373,40.007984],[4.203395,40.008001],[4.203412,40.008022],[4.203414,40.008039],[4.203425,40.008061],[4.203444,40.008079],[4.203463,40.008097],[4.203472,40.008118],[4.203468,40.008134],[4.203452,40.008154],[4.203435,40.008174],[4.203423,40.008196],[4.203416,40.008219],[4.203409,40.008243],[4.203399,40.008264],[4.203382,40.008279],[4.203364,40.008281],[4.203334,40.008278],[4.203325,40.008285],[4.203319,40.008301],[4.203321,40.008322],[4.203321,40.008347],[4.203313,40.008369],[4.203299,40.00839],[4.203287,40.008411],[4.203277,40.008434],[4.203268,40.008459],[4.203263,40.008483],[4.203262,40.008508],[4.203261,40.008531],[4.203256,40.008557],[4.203248,40.00858],[4.203237,40.008603],[4.203225,40.008626],[4.203213,40.008649],[4.203201,40.00867],[4.203188,40.008693],[4.203176,40.008714],[4.203167,40.008737],[4.203164,40.00876],[4.203172,40.008776],[4.203187,40.008784],[4.203205,40.008803],[4.203205,40.008817],[4.203195,40.008832],[4.203182,40.008835],[4.203161,40.008831],[4.203131,40.008825],[4.203102,40.008828],[4.203083,40.008838],[4.203078,40.008851],[4.203083,40.008863],[4.203098,40.008871],[4.203126,40.008879],[4.203146,40.008893],[4.203147,40.008905],[4.20314,40.008924],[4.203123,40.008941],[4.203106,40.008945],[4.203078,40.008953],[4.203073,40.008962],[4.203069,40.008985],[4.203056,40.008997],[4.20304,40.009018],[4.203029,40.00904],[4.20302,40.009063],[4.203019,40.009087],[4.203023,40.00911],[4.203022,40.009133],[4.203016,40.009156],[4.203003,40.009177],[4.202999,40.0092],[4.203001,40.009224],[4.20301,40.009247],[4.203027,40.009268],[4.203047,40.009277],[4.203075,40.009284],[4.203099,40.009298],[4.203102,40.00931],[4.203095,40.009327],[4.203101,40.00934],[4.203118,40.009359],[4.203143,40.009372],[4.203172,40.00938],[4.203195,40.009378],[4.203226,40.009373],[4.203256,40.009373],[4.203285,40.009376],[4.203302,40.009386],[4.203306,40.009398],[4.203322,40.009418],[4.203336,40.00942],[4.203349,40.009414],[4.203358,40.0094],[4.203368,40.009378],[4.203384,40.009368],[4.2034,40.009369],[4.203416,40.009378],[4.203439,40.009393],[4.203467,40.009404],[4.203473,40.009404],[4.203497,40.009407],[4.203526,40.009402],[4.205447,40.009712],[4.205447,40.009718],[4.205455,40.009739],[4.205474,40.009758],[4.205495,40.009777],[4.205515,40.009795],[4.205538,40.009812],[4.20556,40.009828],[4.205567,40.009832],[4.205584,40.009843],[4.205608,40.00986],[4.205632,40.009877],[4.205655,40.009892],[4.205679,40.00991],[4.205704,40.009929],[4.205724,40.009948],[4.205743,40.009965],[4.205765,40.009985],[4.205786,40.010006],[4.205804,40.010029],[4.205815,40.010044],[4.205821,40.010052],[4.205838,40.010071],[4.205858,40.010092],[4.205879,40.010113],[4.2059,40.010133],[4.205926,40.010149],[4.205958,40.010161],[4.205989,40.010168],[4.206018,40.010175],[4.206052,40.010182],[4.206082,40.010188],[4.206115,40.010195],[4.206145,40.0102],[4.206174,40.010205],[4.206178,40.010205],[4.206208,40.01021],[4.206242,40.010217],[4.206274,40.010224],[4.206309,40.010232],[4.206337,40.010239],[4.206369,40.010245],[4.206398,40.01025],[4.206427,40.010258],[4.206457,40.010267],[4.206485,40.010276],[4.206515,40.010287],[4.206544,40.010295],[4.206573,40.010304],[4.206601,40.010313],[4.206628,40.010324],[4.206629,40.010325],[4.206655,40.010336],[4.206682,40.010347],[4.206713,40.010361],[4.206739,40.010372],[4.206768,40.010387],[4.206792,40.010399],[4.206821,40.010414],[4.206848,40.010429],[4.206877,40.010444],[4.206903,40.010457],[4.206929,40.010473],[4.206954,40.010487],[4.206978,40.010502],[4.207001,40.010519],[4.207022,40.010536],[4.207036,40.010556],[4.207045,40.010578],[4.207046,40.010581],[4.207054,40.010603],[4.207058,40.010625],[4.207066,40.010649],[4.207079,40.010672],[4.207094,40.010695],[4.207111,40.010716],[4.207131,40.010733],[4.207155,40.010751],[4.207175,40.010768],[4.207187,40.010789],[4.207196,40.010812],[4.207201,40.010839],[4.207199,40.010863],[4.207198,40.010889],[4.207199,40.010917],[4.207201,40.010942],[4.207203,40.010968],[4.207208,40.010991],[4.207217,40.011014],[4.207227,40.011038],[4.207236,40.01106],[4.207242,40.011084],[4.207249,40.011108],[4.207256,40.011133],[4.20726,40.011157],[4.207263,40.011181],[4.207262,40.011206],[4.20726,40.011229],[4.207258,40.011253],[4.207253,40.011276],[4.207243,40.011301],[4.207232,40.011325],[4.207217,40.011349],[4.207201,40.01137],[4.207185,40.011394],[4.207169,40.011418],[4.207155,40.011439],[4.207142,40.01146],[4.207127,40.011482],[4.207111,40.011505],[4.207096,40.011526],[4.207084,40.011547],[4.20707,40.011568],[4.207056,40.011589],[4.20704,40.011612],[4.207024,40.011634],[4.20701,40.011654],[4.206993,40.011675],[4.206977,40.011694],[4.206959,40.011714],[4.206941,40.011733],[4.206921,40.011755],[4.206902,40.011776],[4.206883,40.011795],[4.206864,40.011813],[4.206844,40.011833],[4.206831,40.011854],[4.206822,40.011878],[4.206817,40.011901],[4.206814,40.011927],[4.206808,40.011951],[4.206798,40.011976],[4.206785,40.011997],[4.206774,40.012021],[4.206773,40.012044],[4.206776,40.012068],[4.206779,40.012091],[4.206784,40.012116],[4.20679,40.012139],[4.206795,40.012166],[4.206801,40.012192],[4.206805,40.012215],[4.20681,40.012241],[4.206813,40.012264],[4.206816,40.012289],[4.206819,40.012315],[4.206821,40.012337],[4.206824,40.012362],[4.206827,40.01239],[4.206829,40.012413],[4.206827,40.012436],[4.206821,40.012461],[4.206809,40.012482],[4.206808,40.012506],[4.206818,40.012527],[4.206819,40.01255],[4.206816,40.012574],[4.206824,40.012591],[4.206828,40.012615],[4.206817,40.012624],[4.206791,40.012633],[4.206777,40.012646],[4.20678,40.012657],[4.206795,40.012675],[4.206821,40.01269],[4.206848,40.012701],[4.206872,40.012719],[4.206891,40.012739],[4.206896,40.01276],[4.206887,40.012773],[4.206868,40.012785],[4.206851,40.012805],[4.206855,40.012814],[4.206871,40.012827],[4.206896,40.012841],[4.20692,40.012858],[4.206945,40.012874],[4.206971,40.012886],[4.206993,40.012886],[4.207021,40.012878],[4.207049,40.012871],[4.207081,40.012871],[4.207106,40.012879],[4.207134,40.01289],[4.207157,40.012904],[4.207183,40.012917],[4.207212,40.012925],[4.207241,40.012935],[4.207269,40.01295],[4.207274,40.012962],[4.207268,40.012973],[4.20726,40.012996],[4.207266,40.013012],[4.207283,40.013027],[4.207309,40.013039],[4.207339,40.013046],[4.207371,40.013047],[4.207404,40.013049],[4.207434,40.013045],[4.207443,40.013035],[4.207456,40.013014],[4.207467,40.013016],[4.207479,40.013026],[4.207492,40.013046],[4.20751,40.013056],[4.207525,40.013053],[4.207529,40.013042],[4.207524,40.013021],[4.20753,40.012998],[4.207541,40.012997],[4.207569,40.013002],[4.207587,40.013014],[4.207613,40.01302],[4.207628,40.013014],[4.207636,40.013004],[4.207632,40.012991],[4.207639,40.012979],[4.207651,40.012981],[4.207679,40.012991],[4.20771,40.012998],[4.207738,40.012997],[4.207766,40.012988],[4.207785,40.012992],[4.207797,40.013004],[4.20781,40.013025],[4.207829,40.013036],[4.207856,40.013045],[4.207875,40.013041],[4.207904,40.013033],[4.207924,40.013036],[4.207954,40.013034],[4.207969,40.013024],[4.207991,40.013009],[4.208008,40.013],[4.208034,40.012979],[4.208048,40.012966],[4.208042,40.012943],[4.20803,40.012933],[4.208004,40.012918],[4.207985,40.012899],[4.20797,40.012879],[4.207968,40.012857],[4.207974,40.012835],[4.207984,40.012812],[4.207997,40.01279],[4.208016,40.012769],[4.208032,40.012749],[4.20804,40.012726],[4.208048,40.012704],[4.208064,40.012689],[4.208078,40.012689],[4.20811,40.01269],[4.208139,40.012686],[4.208159,40.012675],[4.208183,40.012659],[4.208206,40.012643],[4.208235,40.012634],[4.208265,40.012627],[4.208283,40.012614],[4.208297,40.012593],[4.208311,40.012573],[4.208329,40.012566],[4.208351,40.012551],[4.208367,40.012532],[4.208393,40.012517],[4.208419,40.012506],[4.208448,40.012496],[4.208476,40.012495],[4.208507,40.012501],[4.208536,40.012499],[4.208566,40.012495],[4.208598,40.012494],[4.208628,40.012492],[4.208658,40.012486],[4.208681,40.012473],[4.208701,40.012454],[4.208725,40.012439],[4.208747,40.012423],[4.208763,40.012404],[4.208779,40.012385],[4.208799,40.012365],[4.20882,40.012347],[4.20884,40.012329],[4.208864,40.012316],[4.208894,40.012307],[4.208924,40.012298],[4.208952,40.012284],[4.208966,40.012268],[4.208988,40.012251],[4.209003,40.012232],[4.20902,40.012213],[4.209039,40.012207],[4.209068,40.012202],[4.209098,40.012199],[4.209129,40.0122],[4.209149,40.012194],[4.209158,40.012182],[4.209166,40.012158],[4.209179,40.012136],[4.209197,40.012126],[4.209225,40.012118],[4.209256,40.012114],[4.209266,40.012103],[4.209275,40.012079],[4.209274,40.012054],[4.20928,40.01203],[4.209294,40.012009],[4.209312,40.01199],[4.209324,40.011969],[4.209324,40.011947],[4.209332,40.011924],[4.209344,40.011921],[4.209366,40.011906],[4.209374,40.01189],[4.209386,40.011869],[4.209388,40.011848],[4.20938,40.011825],[4.209383,40.011805],[4.209392,40.011784],[4.209406,40.011762],[4.209422,40.011739],[4.209438,40.011718],[4.209452,40.011696],[4.209471,40.011677],[4.209492,40.01167],[4.209522,40.01166],[4.209546,40.011645],[4.209562,40.011626],[4.209576,40.011622],[4.209607,40.011621],[4.209636,40.011617],[4.209664,40.011611],[4.209665,40.011601],[4.209671,40.011579],[4.209684,40.011571],[4.209707,40.011555],[4.209718,40.011537],[4.209721,40.011513],[4.209712,40.011498],[4.209696,40.011489],[4.209681,40.011472],[4.209676,40.011451],[4.209674,40.011426],[4.209676,40.011402],[4.209681,40.011379],[4.209694,40.011366],[4.209713,40.01136],[4.209719,40.011366],[4.209734,40.011387],[4.209755,40.011403],[4.209764,40.011399],[4.209765,40.011388],[4.209757,40.011366],[4.209747,40.011343],[4.209732,40.011323],[4.209728,40.0113],[4.209737,40.011292],[4.20976,40.011278],[4.209762,40.011265],[4.209774,40.011246],[4.209787,40.011245],[4.209816,40.01124],[4.209824,40.01123],[4.20983,40.011209],[4.209833,40.011186],[4.209823,40.011175],[4.20981,40.011176],[4.209796,40.011184],[4.20978,40.011184],[4.20978,40.011176],[4.209787,40.011154],[4.209793,40.01113],[4.209786,40.011113],[4.209781,40.01109],[4.209791,40.011088],[4.209808,40.011093],[4.209835,40.011103],[4.209845,40.011098],[4.209849,40.011085],[4.209849,40.011061],[4.209845,40.011039],[4.209832,40.011017],[4.209827,40.010994],[4.209833,40.010974],[4.209835,40.010949],[4.209829,40.010924],[4.209819,40.010902],[4.209813,40.010878],[4.209815,40.010853],[4.209821,40.010829],[4.209838,40.010808],[4.209854,40.010805],[4.209884,40.0108],[4.209901,40.010788],[4.20993,40.010779],[4.209962,40.010776],[4.209987,40.010765],[4.210002,40.01075],[4.21002,40.010731],[4.210041,40.010713],[4.210059,40.010693],[4.210081,40.010676],[4.210097,40.010656],[4.210112,40.010634],[4.210114,40.010613],[4.210109,40.01059],[4.210108,40.010565],[4.210118,40.010543],[4.210131,40.010522],[4.210145,40.010502],[4.210157,40.01048],[4.210166,40.010458],[4.210174,40.010435],[4.210179,40.01041],[4.210181,40.010387],[4.210177,40.010363],[4.210172,40.010339],[4.210167,40.010316],[4.210167,40.010293],[4.210178,40.010281],[4.210197,40.010263],[4.210212,40.010242],[4.210226,40.01022],[4.210245,40.010207],[4.210273,40.010192],[4.210299,40.010179],[4.210323,40.010165],[4.210345,40.010148],[4.210366,40.01013],[4.210389,40.010125],[4.210405,40.010129],[4.210433,40.010138],[4.210451,40.010134],[4.210467,40.010122],[4.210482,40.010103],[4.210504,40.010092],[4.210529,40.010078],[4.21053,40.010066],[4.210527,40.010043],[4.210536,40.010032],[4.210561,40.010017],[4.210585,40.010005],[4.210591,40.009993],[4.210587,40.009975],[4.210574,40.009962],[4.210555,40.009942],[4.210551,40.009924],[4.210559,40.009907],[4.210577,40.009891],[4.210604,40.009879],[4.210625,40.009879],[4.210655,40.009881],[4.210686,40.009882],[4.210694,40.009874],[4.210694,40.00986],[4.210697,40.009837],[4.210709,40.009825],[4.210733,40.009813],[4.210762,40.009805],[4.210778,40.009791],[4.210793,40.00977],[4.210815,40.009755],[4.210837,40.009749],[4.210866,40.00974],[4.210891,40.009724],[4.210917,40.009719],[4.210947,40.00972],[4.210979,40.009722],[4.211009,40.009717],[4.211023,40.009707],[4.211022,40.009695],[4.211009,40.00968],[4.210989,40.00967],[4.21096,40.009666],[4.210935,40.009654],[4.210941,40.009647],[4.210959,40.009642],[4.210989,40.009634],[4.211011,40.00962],[4.211022,40.009602],[4.211023,40.00958],[4.211018,40.009556],[4.211011,40.009532],[4.211005,40.009509],[4.210993,40.009487],[4.210974,40.009468],[4.210972,40.009453],[4.210978,40.00943],[4.210987,40.009408],[4.210997,40.009384],[4.21101,40.009362],[4.211024,40.009341],[4.211039,40.00932],[4.21106,40.009302],[4.211082,40.009295],[4.211109,40.009295],[4.21114,40.009292],[4.211153,40.009282],[4.211166,40.00926],[4.211167,40.009238],[4.211172,40.009215],[4.211186,40.009195],[4.211204,40.009178],[4.211228,40.009163],[4.211257,40.009152],[4.211282,40.009142],[4.211312,40.009138],[4.211343,40.009134],[4.211373,40.00913],[4.211403,40.009127],[4.211435,40.009122],[4.211464,40.009117],[4.211496,40.009111],[4.211527,40.009109],[4.211555,40.009098],[4.211559,40.009088],[4.211558,40.009063],[4.211557,40.009041],[4.211545,40.009029],[4.211523,40.009019],[4.211496,40.009016],[4.211466,40.009017],[4.211436,40.009021],[4.211406,40.009027],[4.211375,40.009027],[4.211346,40.009022],[4.211318,40.009014],[4.211292,40.009003],[4.211269,40.008987],[4.211265,40.008974],[4.21127,40.008957],[4.211262,40.008945],[4.21125,40.008945],[4.211227,40.008951],[4.211209,40.008964],[4.211205,40.008979],[4.21121,40.009],[4.211223,40.009009],[4.211242,40.009011],[4.21127,40.009021],[4.211277,40.009032],[4.211274,40.009046],[4.211263,40.009047],[4.211246,40.009042],[4.211219,40.009032],[4.2112,40.009034],[4.211185,40.009044],[4.21117,40.009044],[4.211163,40.009037],[4.211152,40.009015],[4.211137,40.008994],[4.211119,40.008976],[4.211097,40.008957],[4.211076,40.008939],[4.211057,40.008918],[4.211042,40.008895],[4.211029,40.008874],[4.211009,40.008855],[4.210989,40.008837],[4.21097,40.008818],[4.210948,40.008802],[4.210929,40.008784],[4.210912,40.008763],[4.210901,40.008741],[4.210893,40.008719],[4.210882,40.008696],[4.210869,40.008675],[4.210854,40.008656],[4.210838,40.008636],[4.21082,40.008618],[4.210806,40.008598],[4.210795,40.008577],[4.210784,40.008555],[4.210747,40.008489],[4.210733,40.008451],[4.210726,40.008426],[4.210718,40.008403],[4.210709,40.008381],[4.210699,40.008359],[4.210689,40.008338],[4.210678,40.008315],[4.210668,40.008293],[4.210661,40.008267],[4.210655,40.008244],[4.21065,40.00822],[4.210646,40.008194],[4.210643,40.008168],[4.210639,40.008144],[4.210634,40.008117],[4.21063,40.008094],[4.210625,40.00807],[4.21062,40.008046],[4.210616,40.00802],[4.210612,40.007995],[4.21061,40.007968],[4.210609,40.007942],[4.210608,40.007915],[4.210607,40.007888],[4.210608,40.007863],[4.21061,40.007839],[4.210613,40.007816],[4.210617,40.007789],[4.210622,40.007766],[4.210629,40.00774],[4.210639,40.007715],[4.21065,40.007693],[4.210661,40.007672],[4.210674,40.00765],[4.210688,40.007627],[4.210702,40.007606],[4.21072,40.007584],[4.210737,40.007566],[4.210757,40.007548],[4.210779,40.007532],[4.210799,40.007513],[4.210818,40.007492],[4.210836,40.007472],[4.210855,40.007453],[4.210877,40.007435],[4.2109,40.007419],[4.210925,40.007405],[4.210951,40.007391],[4.210979,40.007381],[4.211007,40.00737],[4.211033,40.007369],[4.211058,40.007376],[4.211072,40.007388],[4.211086,40.007408],[4.211091,40.007412],[4.211101,40.007433],[4.211114,40.007453],[4.211126,40.007475],[4.211147,40.007492],[4.211166,40.007496],[4.211196,40.007497],[4.211226,40.007493],[4.211255,40.007489],[4.211285,40.007487],[4.211315,40.007484],[4.211345,40.007486],[4.211364,40.007495],[4.211387,40.00751],[4.211412,40.007523],[4.211437,40.007527],[4.211466,40.00753],[4.211495,40.007536],[4.211515,40.007549],[4.21154,40.007561],[4.211559,40.00756],[4.211575,40.007551],[4.211582,40.007537],[4.211596,40.00753],[4.211618,40.007529],[4.211647,40.007521],[4.211672,40.007508],[4.211698,40.007498],[4.211722,40.007497],[4.211752,40.007501],[4.211768,40.007494],[4.211792,40.007481],[4.211817,40.007468],[4.211836,40.007449],[4.211855,40.007431],[4.211876,40.007414],[4.2119,40.007399],[4.211928,40.007389],[4.211955,40.007379],[4.211983,40.007372],[4.212012,40.007364],[4.212039,40.007354],[4.212055,40.007339],[4.212057,40.007324],[4.212064,40.007301],[4.212078,40.007286],[4.2121,40.00727],[4.212122,40.007254],[4.212128,40.007238],[4.212122,40.007226],[4.212103,40.00721],[4.212098,40.007194],[4.212103,40.007173],[4.212116,40.007152],[4.212125,40.007131],[4.21212,40.007118],[4.212107,40.007115],[4.212078,40.00711],[4.212052,40.007098],[4.212031,40.007082],[4.212012,40.007063],[4.211999,40.007043],[4.211989,40.007021],[4.211989,40.006998],[4.211988,40.006974],[4.211987,40.006952],[4.211986,40.006929],[4.211986,40.006906],[4.211985,40.006883],[4.211986,40.00686],[4.211987,40.006837],[4.211992,40.006814],[4.212,40.006792],[4.212011,40.006771],[4.212023,40.00675],[4.212039,40.00673],[4.212055,40.006711],[4.212055,40.006695],[4.212049,40.006673],[4.212034,40.006654],[4.212018,40.006634],[4.211996,40.006619],[4.21197,40.00661],[4.211948,40.006612],[4.211927,40.006621],[4.211898,40.006625],[4.211889,40.006618],[4.211878,40.0066],[4.211871,40.006578],[4.211854,40.006558],[4.21184,40.006555],[4.211811,40.006546],[4.211791,40.006532],[4.21177,40.006515],[4.211744,40.006506],[4.211723,40.006508],[4.211693,40.006511],[4.211662,40.006513],[4.211631,40.006511],[4.21161,40.006503],[4.211605,40.00649],[4.211587,40.006478],[4.211576,40.006481],[4.211548,40.006491],[4.211519,40.006497],[4.211502,40.006491],[4.211479,40.006476],[4.211458,40.006458],[4.211432,40.006447],[4.211404,40.006439],[4.211374,40.006433],[4.211345,40.006428],[4.211316,40.006423],[4.211286,40.006415],[4.211257,40.006407],[4.211229,40.006398],[4.2112,40.00639],[4.211171,40.006381],[4.211143,40.006371],[4.211114,40.006363],[4.211087,40.006353],[4.211062,40.006342],[4.211035,40.006332],[4.211008,40.006324],[4.210982,40.006313],[4.210956,40.006303],[4.210929,40.006293],[4.210902,40.006282],[4.210877,40.006267],[4.210853,40.006254],[4.210828,40.006241],[4.210805,40.006227],[4.210784,40.006212],[4.210763,40.006196],[4.210744,40.006178],[4.210724,40.00616],[4.210707,40.006142],[4.21069,40.006123],[4.210679,40.006101],[4.210668,40.006079],[4.210659,40.006058],[4.210652,40.006034],[4.210645,40.006012],[4.210641,40.005988],[4.210645,40.005966],[4.210656,40.005956],[4.21068,40.005948],[4.210709,40.005944],[4.210739,40.00594],[4.210766,40.00593],[4.210792,40.005919],[4.210819,40.005909],[4.210849,40.005903],[4.210879,40.005899],[4.210909,40.005898],[4.210937,40.00589],[4.210962,40.005875],[4.21098,40.005857],[4.210993,40.005837],[4.211009,40.005816],[4.211031,40.0058],[4.21105,40.005782],[4.211057,40.005764],[4.211054,40.00574],[4.211048,40.005718],[4.211044,40.005694],[4.21104,40.00567],[4.21103,40.005649],[4.211011,40.00563],[4.210991,40.005614],[4.21097,40.005597],[4.210945,40.005581],[4.210918,40.00557],[4.21089,40.005558],[4.210863,40.00555],[4.210834,40.005544],[4.210805,40.005536],[4.210777,40.005528],[4.210748,40.005522],[4.21072,40.005517],[4.21069,40.005515],[4.210668,40.005506],[4.210643,40.005493],[4.210624,40.005476],[4.210598,40.005465],[4.210572,40.005463],[4.210541,40.005464],[4.210511,40.005468],[4.210482,40.005472],[4.210453,40.00548],[4.21044,40.005492],[4.210432,40.005512],[4.210431,40.005535],[4.21042,40.00555],[4.210412,40.005573],[4.210405,40.005595],[4.210391,40.005605],[4.210366,40.005617],[4.210336,40.005623],[4.210306,40.005626],[4.210274,40.005625],[4.210243,40.005624],[4.210213,40.00562],[4.210184,40.005615],[4.210154,40.005608],[4.210126,40.005602],[4.210097,40.005595],[4.210068,40.005586],[4.210044,40.005573],[4.210021,40.005557],[4.209996,40.005544],[4.209968,40.005536],[4.209939,40.005531],[4.209914,40.005518],[4.209916,40.005509],[4.209929,40.005488],[4.209937,40.005468],[4.209938,40.005466],[4.209939,40.005443],[4.209929,40.005426],[4.209913,40.005418],[4.209887,40.005408],[4.209857,40.005402],[4.20983,40.005392],[4.209821,40.005379],[4.209825,40.005369],[4.209819,40.005358],[4.209805,40.005354],[4.209775,40.005352],[4.209744,40.005353],[4.209714,40.005356],[4.209695,40.005366],[4.209677,40.005385],[4.20966,40.005405],[4.209639,40.005422],[4.209619,40.005439],[4.209604,40.005459],[4.209585,40.005468],[4.209565,40.005469],[4.209534,40.00547],[4.209504,40.005471],[4.209474,40.005466],[4.209446,40.005456],[4.20942,40.005444],[4.209395,40.005429],[4.209371,40.005415],[4.209348,40.0054],[4.20933,40.005382],[4.209319,40.005359],[4.20931,40.005337],[4.209299,40.005316],[4.209286,40.005294],[4.209275,40.005271],[4.209267,40.005247],[4.209261,40.005224],[4.209253,40.005201],[4.209245,40.005178],[4.20924,40.005154],[4.209238,40.005131],[4.209241,40.005107],[4.209249,40.005085],[4.209261,40.005063],[4.209276,40.005042],[4.209287,40.005021],[4.209305,40.005003],[4.209325,40.004986],[4.209347,40.00497],[4.209371,40.004956],[4.209392,40.004939],[4.209412,40.00492],[4.209429,40.0049],[4.209445,40.004881],[4.209464,40.004863],[4.209489,40.00485],[4.209501,40.00484],[4.209522,40.004824],[4.209552,40.00482],[4.209568,40.004827],[4.209573,40.004838],[4.209571,40.004857],[4.209563,40.004879],[4.209545,40.004896],[4.20954,40.004914],[4.209545,40.004936],[4.209558,40.004951],[4.209571,40.004972],[4.20959,40.004983],[4.209613,40.004987],[4.209641,40.004998],[4.209669,40.005007],[4.209693,40.005005],[4.209721,40.005],[4.209752,40.004996],[4.209778,40.005001],[4.209807,40.005004],[4.209838,40.005002],[4.209866,40.004996],[4.209893,40.004986],[4.209906,40.004972],[4.209916,40.00495],[4.209929,40.004927],[4.209937,40.004904],[4.209945,40.004881],[4.209947,40.004858],[4.209939,40.004842],[4.209924,40.004835],[4.209898,40.004833],[4.209871,40.004838],[4.209851,40.00485],[4.209838,40.004867],[4.209822,40.004886],[4.2098,40.004895],[4.20979,40.004889],[4.209778,40.004873],[4.209775,40.004855],[4.209782,40.004832],[4.209796,40.004821],[4.209811,40.004802],[4.209805,40.004794],[4.209786,40.004788],[4.209764,40.004789],[4.209736,40.004797],[4.209705,40.0048],[4.209675,40.0048],[4.209647,40.004794],[4.209641,40.004784],[4.209626,40.004765],[4.209616,40.004743],[4.209621,40.004731],[4.209635,40.004719],[4.209656,40.004715],[4.209687,40.004715],[4.209719,40.004716],[4.209748,40.004715],[4.209778,40.004712],[4.209806,40.004707],[4.209815,40.004696],[4.209814,40.004683],[4.209802,40.004671],[4.209781,40.004662],[4.209753,40.004651],[4.209727,40.004641],[4.2097,40.004631],[4.209671,40.004623],[4.209641,40.004619],[4.209631,40.004625],[4.209629,40.004637],[4.209628,40.00466],[4.209618,40.004674],[4.209609,40.004667],[4.209587,40.004652],[4.209571,40.004652],[4.209546,40.00466],[4.20953,40.004674],[4.209505,40.004683],[4.209491,40.004678],[4.20947,40.004664],[4.209447,40.004649],[4.209424,40.004635],[4.209396,40.004625],[4.209365,40.004622],[4.209336,40.004621],[4.209316,40.004612],[4.209303,40.004597],[4.2093,40.00458],[4.209305,40.004558],[4.209317,40.004545],[4.20934,40.00453],[4.209365,40.004517],[4.209394,40.004511],[4.209423,40.00451],[4.209454,40.004503],[4.20948,40.004493],[4.209507,40.004483],[4.209538,40.004478],[4.209568,40.004474],[4.209587,40.004464],[4.209604,40.004446],[4.209626,40.004431],[4.209649,40.004415],[4.209665,40.004395],[4.209683,40.004376],[4.209702,40.004358],[4.209706,40.004342],[4.209698,40.00433],[4.20968,40.004319],[4.209657,40.004314],[4.209627,40.00431],[4.209615,40.0043],[4.209599,40.004279],[4.209587,40.004257],[4.209576,40.004234],[4.209564,40.004211],[4.209551,40.004189],[4.209532,40.004171],[4.209514,40.004167],[4.209488,40.004169],[4.209459,40.004163],[4.209454,40.004154],[4.209453,40.004131],[4.209441,40.004111],[4.209422,40.004096],[4.2094,40.004081],[4.209378,40.004066],[4.209376,40.004055],[4.209381,40.004031],[4.209385,40.004008],[4.209398,40.003987],[4.209417,40.003968],[4.209427,40.003946],[4.209432,40.003923],[4.209437,40.0039],[4.209451,40.00388],[4.209463,40.003857],[4.209459,40.003842],[4.209456,40.003819],[4.209452,40.003796],[4.209438,40.003785],[4.209428,40.003789],[4.209404,40.003789],[4.209402,40.00378],[4.209399,40.003756],[4.209403,40.003733],[4.209396,40.003711],[4.209386,40.003689],[4.209393,40.003682],[4.209415,40.003666],[4.209422,40.003649],[4.209417,40.003633],[4.209408,40.00361],[4.2094,40.003588],[4.209393,40.003566],[4.209395,40.003543],[4.209403,40.00352],[4.209413,40.003499],[4.209413,40.003479],[4.209408,40.003456],[4.209403,40.003432],[4.209393,40.003411],[4.209376,40.003391],[4.209363,40.00337],[4.20935,40.003349],[4.209333,40.00333],[4.20932,40.003309],[4.209311,40.003287],[4.209294,40.003268],[4.209276,40.003249],[4.209278,40.003238],[4.209291,40.003222],[4.209311,40.003212],[4.209337,40.003199],[4.209364,40.00319],[4.209387,40.003192],[4.209415,40.003201],[4.209442,40.003212],[4.20947,40.00322],[4.2095,40.003224],[4.209531,40.003224],[4.209562,40.003222],[4.209593,40.003221],[4.209623,40.003227],[4.209645,40.003239],[4.209674,40.003249],[4.209706,40.003251],[4.209735,40.003255],[4.209764,40.003257],[4.209795,40.003261],[4.209824,40.003263],[4.209855,40.003265],[4.20988,40.003274],[4.209907,40.003283],[4.209933,40.003295],[4.209956,40.00331],[4.209982,40.003315],[4.210008,40.003313],[4.21002,40.003304],[4.21003,40.003286],[4.210048,40.003268],[4.210066,40.003249],[4.210064,40.003237],[4.210051,40.003217],[4.210033,40.003197],[4.210013,40.003179],[4.209992,40.003161],[4.209988,40.003145],[4.209997,40.003141],[4.21002,40.003138],[4.210049,40.003143],[4.210079,40.003142],[4.210099,40.003134],[4.210105,40.003123],[4.2101,40.003107],[4.210086,40.003094],[4.21007,40.003075],[4.210052,40.003056],[4.210046,40.003037],[4.210043,40.003013],[4.210041,40.00299],[4.210035,40.002968],[4.210021,40.002947],[4.210003,40.002927],[4.209984,40.002909],[4.209965,40.00289],[4.209944,40.002882],[4.209915,40.002875],[4.209893,40.002862],[4.209873,40.002844],[4.209857,40.002825],[4.209836,40.002809],[4.209811,40.002797],[4.209798,40.002781],[4.209798,40.002767],[4.209808,40.002764],[4.209825,40.002768],[4.209851,40.002779],[4.20988,40.002785],[4.209904,40.002781],[4.209926,40.002769],[4.209946,40.002751],[4.209967,40.002734],[4.209988,40.002716],[4.210003,40.002695],[4.210012,40.002673],[4.210029,40.002658],[4.210043,40.002657],[4.210062,40.002663],[4.210086,40.002676],[4.210109,40.002692],[4.210132,40.002708],[4.210154,40.002724],[4.210174,40.002741],[4.210179,40.002758],[4.210181,40.002781],[4.210183,40.002804],[4.210194,40.002815],[4.210212,40.00282],[4.210241,40.002826],[4.210271,40.002829],[4.210274,40.002829],[4.210289,40.002822],[4.210315,40.00282],[4.210331,40.002826],[4.210349,40.002823],[4.210361,40.002814],[4.210369,40.002797],[4.210383,40.002791],[4.210396,40.002794],[4.210424,40.002794],[4.210448,40.002787],[4.210475,40.002778],[4.2105,40.002778],[4.210529,40.002772],[4.21054,40.002761],[4.210554,40.002741],[4.210575,40.002724],[4.2106,40.002714],[4.210624,40.0027],[4.210627,40.002687],[4.210622,40.002664],[4.210617,40.002642],[4.210625,40.002627],[4.210645,40.002612],[4.210672,40.002599],[4.210701,40.002593],[4.21073,40.002589],[4.210758,40.00258],[4.210785,40.002571],[4.210812,40.002561],[4.210839,40.00255],[4.210867,40.00254],[4.210896,40.00253],[4.210923,40.002519],[4.210948,40.002507],[4.210976,40.002496],[4.211003,40.002485],[4.211029,40.002475],[4.211058,40.002467],[4.211089,40.002463],[4.211118,40.002459],[4.211149,40.002456],[4.211179,40.002453],[4.211208,40.00245],[4.211237,40.002446],[4.211266,40.002441],[4.211296,40.002436],[4.211316,40.002425],[4.211313,40.002417],[4.211297,40.002397],[4.211281,40.002376],[4.211272,40.002354],[4.211274,40.002332],[4.211285,40.002313],[4.2113,40.002308],[4.211317,40.002311],[4.211346,40.002314],[4.211371,40.002309],[4.211399,40.0023],[4.211418,40.002303],[4.211426,40.002313],[4.211434,40.002334],[4.211437,40.002357],[4.211431,40.002379],[4.211418,40.002401],[4.211408,40.002423],[4.211401,40.002446],[4.211405,40.002467],[4.211417,40.002481],[4.211437,40.002489],[4.211466,40.002492],[4.211487,40.002486],[4.211491,40.002476],[4.211487,40.002461],[4.211481,40.002439],[4.211471,40.002417],[4.21147,40.002394],[4.21148,40.002378],[4.211493,40.002373],[4.211509,40.002377],[4.211515,40.002387],[4.211513,40.002405],[4.211513,40.002429],[4.211522,40.002447],[4.211536,40.002451],[4.211566,40.002456],[4.211596,40.002456],[4.211625,40.002458],[4.211655,40.002455],[4.211685,40.00245],[4.211713,40.002441],[4.211742,40.002438],[4.211772,40.002433],[4.211787,40.002423],[4.211812,40.00241],[4.211833,40.00241],[4.211853,40.002417],[4.211881,40.002429],[4.211907,40.00244],[4.211937,40.002446],[4.211967,40.00245],[4.211997,40.002449],[4.212027,40.002445],[4.212056,40.002439],[4.212086,40.002437],[4.212091,40.002444],[4.21209,40.00246],[4.212078,40.002472],[4.212058,40.002489],[4.212061,40.002498],[4.212073,40.002504],[4.212087,40.0025],[4.212098,40.002489],[4.212116,40.00247],[4.212135,40.002452],[4.212147,40.002431],[4.21216,40.00241],[4.212176,40.002403],[4.212187,40.002408],[4.212192,40.002419],[4.212189,40.00244],[4.212177,40.002459],[4.212168,40.002482],[4.212169,40.002504],[4.212181,40.00252],[4.212196,40.002524],[4.212207,40.002518],[4.21223,40.002504],[4.212246,40.002504],[4.21227,40.002496],[4.212274,40.002486],[4.21227,40.002468],[4.21226,40.002446],[4.212249,40.002425],[4.212247,40.002402],[4.212255,40.002388],[4.212267,40.002367],[4.212261,40.002359],[4.212266,40.002348],[4.212263,40.002326],[4.212252,40.002323],[4.212236,40.002328],[4.212214,40.002325],[4.212213,40.002317],[4.212212,40.002294],[4.212217,40.002271],[4.212227,40.00225],[4.212239,40.002229],[4.212249,40.002207],[4.212247,40.002185],[4.212245,40.002163],[4.21224,40.00214],[4.212236,40.002116],[4.212237,40.002093],[4.21224,40.00207],[4.212247,40.002048],[4.212254,40.002024],[4.212267,40.002004],[4.212279,40.002001],[4.212307,40.001994],[4.212319,40.001981],[4.212331,40.00196],[4.212334,40.001938],[4.212341,40.001915],[4.212354,40.001894],[4.212373,40.001877],[4.212395,40.001869],[4.212415,40.001871],[4.212441,40.001882],[4.212469,40.00189],[4.212495,40.001901],[4.21252,40.001913],[4.21254,40.00193],[4.212549,40.001949],[4.212549,40.001972],[4.212546,40.001996],[4.212534,40.002004],[4.212511,40.002011],[4.212507,40.002021],[4.212515,40.00203],[4.212535,40.002047],[4.212537,40.002061],[4.212528,40.002075],[4.21251,40.002085],[4.212486,40.002098],[4.212467,40.002116],[4.212448,40.002134],[4.212432,40.002153],[4.212431,40.002169],[4.212436,40.002192],[4.212441,40.002215],[4.212446,40.00224],[4.21245,40.002262],[4.212456,40.002286],[4.212459,40.002309],[4.212461,40.002332],[4.21247,40.002354],[4.212481,40.002375],[4.212471,40.002378],[4.212459,40.002374],[4.212448,40.002379],[4.212447,40.002389],[4.212454,40.002411],[4.212468,40.002431],[4.212474,40.002454],[4.212473,40.002477],[4.212483,40.002495],[4.212499,40.002503],[4.212523,40.002506],[4.212554,40.002505],[4.212583,40.002501],[4.2126,40.00249],[4.212598,40.002481],[4.212606,40.002469],[4.212617,40.002469],[4.212648,40.002465],[4.212678,40.002459],[4.212707,40.002454],[4.212736,40.002449],[4.212759,40.002454],[4.212786,40.002464],[4.21281,40.002477],[4.212834,40.002491],[4.21286,40.002504],[4.212887,40.002516],[4.212915,40.002526],[4.212942,40.002536],[4.212967,40.002549],[4.212994,40.002561],[4.213024,40.00257],[4.213052,40.002578],[4.21308,40.002589],[4.213107,40.002601],[4.213133,40.002613],[4.213161,40.002625],[4.21319,40.002635],[4.213219,40.002642],[4.213248,40.00265],[4.213279,40.002658],[4.213307,40.002666],[4.213335,40.002676],[4.213364,40.002684],[4.213391,40.002694],[4.213418,40.002705],[4.213446,40.002715],[4.213472,40.002726],[4.213498,40.002736],[4.213526,40.002745],[4.213556,40.00275],[4.213588,40.002755],[4.213617,40.00276],[4.213641,40.002772],[4.213663,40.002787],[4.213689,40.0028],[4.213709,40.002801],[4.213741,40.002799],[4.21377,40.002798],[4.2138,40.0028],[4.213832,40.002803],[4.213863,40.002809],[4.213894,40.002812],[4.213924,40.002813],[4.213955,40.002815],[4.213984,40.002826],[4.214007,40.00284],[4.214027,40.002858],[4.214043,40.002878],[4.214059,40.002898],[4.214078,40.002916],[4.214099,40.002934],[4.214115,40.002953],[4.214128,40.002973],[4.214143,40.002993],[4.214163,40.003012],[4.214189,40.003025],[4.214218,40.003032],[4.214248,40.003033],[4.214277,40.00303],[4.214305,40.003025],[4.214327,40.003013],[4.21433,40.003002],[4.214334,40.002979],[4.214342,40.002956],[4.21435,40.002933],[4.214363,40.002912],[4.214374,40.00289],[4.214382,40.002868],[4.214387,40.002845],[4.214382,40.002824],[4.214378,40.002801],[4.214388,40.002798],[4.214397,40.002803],[4.214409,40.002822],[4.214428,40.002836],[4.214441,40.002833],[4.214458,40.002821],[4.214473,40.002801],[4.214491,40.002783],[4.214498,40.002763],[4.214489,40.002753],[4.214469,40.002735],[4.214468,40.002722],[4.214476,40.002707],[4.214493,40.002687],[4.214516,40.002672],[4.214533,40.00267],[4.214556,40.002677],[4.214585,40.002684],[4.214602,40.002697],[4.214627,40.002703],[4.21465,40.002701],[4.214679,40.002698],[4.214709,40.002702],[4.214735,40.002713],[4.214753,40.002729],[4.214777,40.002743],[4.214788,40.002739],[4.21481,40.002723],[4.214835,40.002715],[4.21485,40.00272],[4.21486,40.002733],[4.214861,40.002748],[4.214854,40.00277],[4.214862,40.002782],[4.214877,40.002789],[4.214905,40.002799],[4.214933,40.002809],[4.214961,40.002819],[4.214988,40.002829],[4.215016,40.00283],[4.21503,40.002822],[4.215052,40.002807],[4.215078,40.002796],[4.215102,40.002781],[4.215128,40.002769],[4.215158,40.002764],[4.215179,40.00277],[4.215186,40.00278],[4.215184,40.002795],[4.215171,40.002816],[4.215163,40.002839],[4.215164,40.002861],[4.215175,40.002877],[4.215194,40.002887],[4.215221,40.002897],[4.21525,40.0029],[4.215273,40.00291],[4.215302,40.002919],[4.21533,40.00292],[4.215354,40.002928],[4.215372,40.002942],[4.215398,40.002953],[4.215418,40.002952],[4.215437,40.002943],[4.215467,40.002937],[4.21549,40.002941],[4.2155,40.002951],[4.215496,40.00296],[4.215484,40.002964],[4.215455,40.00297],[4.215453,40.002979],[4.215462,40.00299],[4.21548,40.002997],[4.21551,40.003002],[4.215539,40.003006],[4.215568,40.003009],[4.21559,40.003004],[4.215599,40.002993],[4.215604,40.002972],[4.215608,40.002949],[4.215615,40.002926],[4.215628,40.002905],[4.215648,40.002888],[4.215672,40.002874],[4.215693,40.002871],[4.215724,40.00287],[4.215753,40.002865],[4.215769,40.002854],[4.215776,40.002838],[4.215788,40.002835],[4.215803,40.002839],[4.215813,40.002851],[4.215824,40.002872],[4.21584,40.002892],[4.215859,40.00291],[4.215871,40.002931],[4.215871,40.002953],[4.215882,40.002971],[4.215898,40.00298],[4.215919,40.002997],[4.21594,40.003014],[4.215962,40.003022],[4.21599,40.003029],[4.216018,40.00304],[4.216046,40.003045],[4.216077,40.003048],[4.216105,40.003055],[4.216109,40.003064],[4.216124,40.003074],[4.216139,40.003073],[4.216168,40.003068],[4.216195,40.003058],[4.21621,40.003044],[4.216234,40.003031],[4.216246,40.003035],[4.216274,40.003043],[4.216304,40.003048],[4.216335,40.003048],[4.216356,40.00304],[4.216361,40.00303],[4.216352,40.003024],[4.216338,40.003003],[4.216344,40.002994],[4.216362,40.002984],[4.216379,40.002984],[4.216392,40.002991],[4.216398,40.003005],[4.216412,40.003025],[4.216423,40.003025],[4.216452,40.00302],[4.216469,40.003026],[4.216474,40.003036],[4.216471,40.003052],[4.216458,40.003068],[4.216435,40.003085],[4.216419,40.003105],[4.216421,40.003117],[4.216433,40.003128],[4.216448,40.00313],[4.216476,40.003126],[4.216504,40.003119],[4.216531,40.003108],[4.216555,40.003092],[4.216578,40.003088],[4.216592,40.003093],[4.216593,40.003103],[4.216584,40.003118],[4.216578,40.003141],[4.216581,40.003164],[4.216594,40.003182],[4.216612,40.003191],[4.216639,40.003201],[4.216664,40.003214],[4.21668,40.003232],[4.216684,40.00325],[4.216674,40.003259],[4.216654,40.003265],[4.216627,40.003274],[4.216619,40.003285],[4.216624,40.003295],[4.216635,40.003297],[4.216666,40.003298],[4.216693,40.003307],[4.216686,40.003313],[4.216662,40.003326],[4.216648,40.003343],[4.216652,40.003354],[4.216665,40.003361],[4.21669,40.003364],[4.216712,40.003359],[4.216738,40.00335],[4.216761,40.003335],[4.216787,40.003327],[4.216803,40.003332],[4.216827,40.003345],[4.216839,40.003361],[4.216858,40.003379],[4.216885,40.00339],[4.216913,40.003394],[4.216919,40.003387],[4.216916,40.003375],[4.216922,40.003352],[4.216929,40.003329],[4.216923,40.003313],[4.216913,40.003291],[4.216913,40.003268],[4.216924,40.003261],[4.216945,40.003256],[4.216975,40.003254],[4.216989,40.003261],[4.217004,40.003277],[4.217014,40.003299],[4.217012,40.003317],[4.217001,40.003326],[4.216978,40.003342],[4.216968,40.00336],[4.216965,40.003382],[4.21697,40.003405],[4.216983,40.003414],[4.217002,40.003415],[4.217033,40.003416],[4.217063,40.003417],[4.217092,40.003418],[4.217122,40.003421],[4.217142,40.003431],[4.21714,40.003439],[4.217145,40.00346],[4.217156,40.003463],[4.217185,40.003469],[4.217215,40.003473],[4.217244,40.003468],[4.217271,40.003457],[4.217292,40.003458],[4.217322,40.00346],[4.21735,40.003469],[4.217378,40.003478],[4.2174,40.003493],[4.21741,40.00351],[4.217405,40.003521],[4.217389,40.003541],[4.217376,40.003561],[4.217367,40.003583],[4.217361,40.003605],[4.217351,40.003627],[4.217338,40.003648],[4.217323,40.003669],[4.21732,40.003688],[4.217327,40.003703],[4.217345,40.003718],[4.217367,40.003725],[4.217397,40.003734],[4.217426,40.003741],[4.217455,40.00375],[4.217485,40.003754],[4.217502,40.003748],[4.217518,40.003734],[4.217536,40.00373],[4.217552,40.003735],[4.217579,40.003745],[4.217608,40.003751],[4.217637,40.003756],[4.217667,40.003755],[4.217681,40.003747],[4.217683,40.003735],[4.217673,40.003726],[4.217648,40.003716],[4.21762,40.003709],[4.217591,40.003699],[4.217564,40.003688],[4.217536,40.003679],[4.217507,40.003672],[4.217477,40.003665],[4.217449,40.00366],[4.21742,40.003654],[4.217409,40.003644],[4.217419,40.00364],[4.217436,40.003641],[4.217466,40.003647],[4.217495,40.003652],[4.217519,40.003647],[4.217531,40.003636],[4.217541,40.003614],[4.217554,40.003592],[4.217567,40.003571],[4.217564,40.003556],[4.217559,40.003533],[4.217567,40.003518],[4.217582,40.003511],[4.21759,40.003516],[4.217602,40.003534],[4.217623,40.00355],[4.217642,40.003554],[4.217656,40.003548],[4.21768,40.003535],[4.21769,40.003539],[4.217711,40.003556],[4.21773,40.003573],[4.217754,40.003587],[4.217773,40.003588],[4.217793,40.003581],[4.217805,40.003567],[4.217799,40.00356],[4.217778,40.003548],[4.217753,40.003536],[4.217727,40.003524],[4.21771,40.003507],[4.217716,40.0035],[4.217727,40.003503],[4.217752,40.003516],[4.217776,40.00353],[4.217805,40.003539],[4.217833,40.003545],[4.217855,40.003541],[4.21787,40.00353],[4.21788,40.003511],[4.217875,40.003499],[4.217857,40.003481],[4.217835,40.003465],[4.217811,40.00345],[4.217788,40.003436],[4.217764,40.00342],[4.217742,40.003404],[4.217716,40.003394],[4.217688,40.003385],[4.217659,40.003377],[4.217629,40.003371],[4.2176,40.003366],[4.217573,40.003357],[4.217545,40.003349],[4.217516,40.003343],[4.217487,40.003338],[4.217462,40.003326],[4.217458,40.003314],[4.217466,40.003308],[4.21749,40.003301],[4.217518,40.003296],[4.217548,40.003296],[4.217578,40.003299],[4.217607,40.003294],[4.217635,40.003286],[4.217658,40.003272],[4.217673,40.003252],[4.21768,40.00323],[4.21769,40.003208],[4.217702,40.003188],[4.217706,40.003165],[4.217715,40.003143],[4.217731,40.003132],[4.217755,40.003118],[4.217783,40.003111],[4.217813,40.003104],[4.217832,40.003093],[4.217851,40.003091],[4.21788,40.003093],[4.217894,40.003086],[4.217906,40.003071],[4.217926,40.003054],[4.217942,40.003051],[4.217961,40.003057],[4.217988,40.003066],[4.218016,40.003075],[4.218046,40.00308],[4.218075,40.00308],[4.218104,40.003078],[4.218133,40.003071],[4.218147,40.003075],[4.218163,40.003089],[4.218182,40.003106],[4.218205,40.003121],[4.21823,40.003133],[4.218249,40.003137],[4.218278,40.003136],[4.218308,40.003141],[4.218326,40.003152],[4.218353,40.003162],[4.218372,40.00316],[4.2184,40.003151],[4.218419,40.003137],[4.218436,40.003118],[4.218448,40.003096],[4.218441,40.003089],[4.218415,40.003077],[4.218387,40.003068],[4.218388,40.003059],[4.2184,40.003046],[4.218424,40.003031],[4.218435,40.003015],[4.218435,40.002997],[4.218424,40.002979],[4.218408,40.00297],[4.21838,40.002962],[4.218352,40.002955],[4.218321,40.002951],[4.218292,40.002948],[4.218274,40.002937],[4.218278,40.002929],[4.218297,40.002912],[4.218326,40.002898],[4.218353,40.002888],[4.218386,40.002882],[4.218417,40.002878],[4.218449,40.002877],[4.218481,40.002877],[4.218513,40.002879],[4.218543,40.002882],[4.218574,40.00288],[4.218605,40.002881],[4.218615,40.002889],[4.218618,40.002903],[4.218632,40.002921],[4.218644,40.002922],[4.218673,40.002917],[4.218698,40.002906],[4.218716,40.002888],[4.218739,40.002879],[4.218771,40.002871],[4.218799,40.002863],[4.218827,40.002855],[4.218853,40.002842],[4.21886,40.002829],[4.21886,40.002807],[4.21885,40.002789],[4.218838,40.002767],[4.218841,40.002753],[4.218855,40.002744],[4.218883,40.002735],[4.218902,40.002737],[4.218922,40.002747],[4.218947,40.002762],[4.218975,40.002772],[4.218994,40.00277],[4.219023,40.002763],[4.219052,40.002752],[4.219079,40.002738],[4.219102,40.00272],[4.219124,40.0027],[4.219144,40.00268],[4.219163,40.002659],[4.219184,40.002639],[4.219204,40.002621],[4.219227,40.002604],[4.21925,40.002586],[4.219272,40.002572],[4.219296,40.002554],[4.219318,40.002537],[4.219341,40.002521],[4.219364,40.002506],[4.219389,40.002494],[4.219415,40.002482],[4.219443,40.002471],[4.219471,40.002462],[4.219499,40.002449],[4.219526,40.002436],[4.219554,40.002422],[4.219581,40.00241],[4.219608,40.002399],[4.219637,40.002386],[4.219665,40.002373],[4.219691,40.002361],[4.219718,40.002349],[4.219744,40.002336],[4.219769,40.002321],[4.219792,40.002307],[4.219815,40.002293],[4.219837,40.002276],[4.219858,40.002257],[4.219876,40.002236],[4.219892,40.002217],[4.219907,40.002197],[4.219924,40.002175],[4.219937,40.002152],[4.21995,40.002129],[4.21996,40.002105],[4.219969,40.002082],[4.219976,40.002057],[4.219983,40.002033],[4.219987,40.00201],[4.219989,40.001986],[4.219988,40.001962],[4.219985,40.001937],[4.219981,40.001915],[4.219978,40.001891],[4.219971,40.001867],[4.219959,40.001844],[4.219944,40.001824],[4.219927,40.001803],[4.219913,40.00178],[4.219903,40.001756],[4.219898,40.001733],[4.219897,40.001708],[4.219894,40.001685],[4.219891,40.001659],[4.219889,40.001635],[4.219887,40.001609],[4.219885,40.001585],[4.219883,40.001563],[4.21988,40.00154],[4.219876,40.001517],[4.219872,40.001491],[4.219871,40.001465],[4.219869,40.001441],[4.219867,40.001417],[4.219862,40.001393],[4.219853,40.001369],[4.219844,40.001346],[4.219834,40.001322],[4.219824,40.001297],[4.219812,40.001272],[4.219797,40.001249],[4.21978,40.00123],[4.219761,40.00121],[4.219743,40.001191],[4.219725,40.001171],[4.219705,40.001151],[4.219681,40.001134],[4.219658,40.001118],[4.219634,40.001102],[4.219609,40.001087],[4.219583,40.001074],[4.219555,40.001065],[4.219529,40.001055],[4.219523,40.001044],[4.219507,40.001025],[4.219489,40.001021],[4.21946,40.001022],[4.219429,40.001024],[4.219397,40.001022],[4.219369,40.001011],[4.219348,40.000994],[4.219329,40.000973],[4.219316,40.000951],[4.219312,40.000928],[4.21931,40.000904],[4.219306,40.000881],[4.219301,40.000858],[4.219294,40.000836],[4.219278,40.000817],[4.219257,40.000797],[4.219239,40.000778],[4.219219,40.000761],[4.219196,40.000743],[4.219173,40.000729],[4.219148,40.000714],[4.219122,40.0007],[4.219098,40.000685],[4.219073,40.000668],[4.219054,40.000651],[4.219032,40.000631],[4.219015,40.000613],[4.218996,40.000595],[4.218977,40.000577],[4.218958,40.00056],[4.218936,40.000543],[4.218909,40.000529],[4.218881,40.000519],[4.218855,40.000509],[4.218827,40.000495],[4.218801,40.000484],[4.21877,40.000475],[4.218741,40.000467],[4.218711,40.000461],[4.218682,40.000455],[4.218653,40.000447],[4.218622,40.000439],[4.218594,40.000433],[4.218565,40.000427],[4.218536,40.000423],[4.218505,40.000419],[4.218472,40.000417],[4.218439,40.000418],[4.218405,40.00042],[4.218375,40.000421],[4.218344,40.000424],[4.218312,40.000427],[4.218282,40.000431],[4.218253,40.000435],[4.218222,40.00044],[4.218191,40.000446],[4.218161,40.000453],[4.218133,40.000458],[4.218102,40.000463],[4.218072,40.000469],[4.21804,40.000474],[4.21801,40.000479],[4.217978,40.000483],[4.217947,40.000487],[4.217916,40.00049],[4.217887,40.000496],[4.21786,40.000505],[4.217834,40.000518],[4.217812,40.000537],[4.217795,40.000558],[4.217777,40.000577],[4.217757,40.000595],[4.21774,40.000613],[4.217724,40.000635],[4.217709,40.000658],[4.217693,40.000678],[4.217675,40.000699],[4.217656,40.000718],[4.217631,40.000732],[4.217624,40.000746],[4.217611,40.000768],[4.217589,40.000784],[4.217569,40.000788],[4.217567,40.000788],[4.217562,40.000788],[4.217532,40.000787],[4.217502,40.000786],[4.217473,40.000784],[4.217443,40.000781],[4.217415,40.000774],[4.217386,40.000768],[4.217356,40.000762],[4.217327,40.000755],[4.217301,40.000745],[4.217274,40.000734],[4.217248,40.000723],[4.217225,40.000709],[4.217204,40.000693],[4.217183,40.000676],[4.217161,40.00066],[4.217139,40.000644],[4.217121,40.000627],[4.217103,40.000607],[4.217086,40.000587],[4.21707,40.000567],[4.217056,40.000545],[4.21704,40.000525],[4.217024,40.000504],[4.217005,40.000486],[4.216988,40.000465],[4.216974,40.000445],[4.216959,40.000423],[4.216946,40.000401],[4.216934,40.000379],[4.216925,40.000357],[4.216917,40.000334],[4.216914,40.00031],[4.216914,40.000286],[4.216918,40.000262],[4.216928,40.00024],[4.216937,40.000218],[4.216946,40.000196],[4.216954,40.000173],[4.216966,40.000152],[4.216961,40.000142],[4.216945,40.000131],[4.216918,40.000119],[4.216891,40.000109],[4.216864,40.000099],[4.21684,40.000085],[4.216823,40.000067],[4.216811,40.000045],[4.216803,40.000022],[4.216798,40.000002],[4.216797,39.999999],[4.216791,39.999977],[4.216788,39.999954],[4.216789,39.999931],[4.216793,39.999909],[4.2168,39.999886],[4.216806,39.999863],[4.216814,39.99984],[4.216828,39.99982],[4.216845,39.999801],[4.216861,39.999782],[4.216884,39.999772],[4.216913,39.999781],[4.216941,39.999792],[4.216968,39.999805],[4.216982,39.999813],[4.216992,39.999818],[4.217017,39.999832],[4.217043,39.999846],[4.217069,39.999859],[4.217098,39.999872],[4.217125,39.999881],[4.217156,39.999881],[4.217185,39.999876],[4.217213,39.999867],[4.217239,39.999856],[4.217263,39.999842],[4.217282,39.999824],[4.217302,39.999806],[4.217323,39.999786],[4.217344,39.999769],[4.21737,39.999754],[4.217396,39.99974],[4.217422,39.999729],[4.217449,39.999719],[4.21748,39.999712],[4.21751,39.99971],[4.21754,39.999705],[4.217551,39.999696],[4.217557,39.999679],[4.217555,39.999656],[4.217564,39.999642],[4.217579,39.999638],[4.217604,39.999639],[4.217633,39.999645],[4.217663,39.999648],[4.217679,39.999641],[4.217688,39.999628],[4.217688,39.99961],[4.217678,39.999589],[4.21766,39.999571],[4.21764,39.999552],[4.217625,39.99953],[4.21762,39.999506],[4.217627,39.999493],[4.217643,39.999471],[4.21766,39.999451],[4.217668,39.999429],[4.217665,39.999407],[4.217662,39.999385],[4.217661,39.999361],[4.217665,39.999338],[4.217678,39.999317],[4.217699,39.999302],[4.217723,39.999287],[4.217746,39.999268],[4.217769,39.999253],[4.217794,39.999239],[4.217823,39.999229],[4.217853,39.999223],[4.217883,39.99922],[4.217912,39.999219],[4.217942,39.999219],[4.217972,39.999218],[4.218001,39.999212],[4.218031,39.999206],[4.218061,39.999198],[4.21809,39.999191],[4.218121,39.999184],[4.218155,39.999178],[4.218187,39.999174],[4.218217,39.999173],[4.218247,39.999172],[4.218281,39.999171],[4.218313,39.99917],[4.218343,39.99917],[4.218375,39.99917],[4.218409,39.999171],[4.218439,39.999171],[4.21847,39.999172],[4.218504,39.999176],[4.218535,39.99918],[4.218569,39.999187],[4.218601,39.999192],[4.218632,39.999197],[4.218662,39.9992],[4.218698,39.999201],[4.21873,39.999203],[4.218761,39.999206],[4.218793,39.99921],[4.218826,39.999214],[4.218859,39.999218],[4.21889,39.999223],[4.218919,39.999228],[4.218951,39.999233],[4.218981,39.999239],[4.219013,39.999245],[4.219041,39.999252],[4.219069,39.99926],[4.219096,39.999271],[4.219124,39.999284],[4.219153,39.999298],[4.219179,39.99931],[4.219204,39.999324],[4.219229,39.999338],[4.219258,39.999346],[4.219286,39.999355],[4.219313,39.999368],[4.219339,39.999383],[4.219362,39.999401],[4.219381,39.999421],[4.219398,39.999441],[4.219415,39.999462],[4.219436,39.999478],[4.21946,39.999492],[4.219488,39.999506],[4.219516,39.999519],[4.219542,39.999534],[4.219567,39.99955],[4.219591,39.999566],[4.219613,39.999584],[4.219633,39.999601],[4.219656,39.999621],[4.219679,39.999637],[4.219706,39.999652],[4.219734,39.999665],[4.219762,39.999678],[4.219792,39.99969],[4.21982,39.9997],[4.219848,39.99971],[4.219879,39.999714],[4.21991,39.999714],[4.219941,39.999714],[4.219972,39.999708],[4.220001,39.999698],[4.220022,39.999683],[4.220033,39.999664],[4.22004,39.99964],[4.220045,39.999616],[4.220059,39.999598],[4.220077,39.99958],[4.22009,39.999559],[4.220094,39.999536],[4.220096,39.999513],[4.220098,39.99949],[4.220104,39.999467],[4.220117,39.999445],[4.220136,39.999431],[4.220151,39.999432],[4.220168,39.999443],[4.220186,39.999462],[4.220206,39.999481],[4.220229,39.999499],[4.220253,39.999512],[4.220272,39.999512],[4.220297,39.999505],[4.220322,39.999491],[4.220338,39.999473],[4.220338,39.999456],[4.220328,39.999437],[4.22031,39.999416],[4.220291,39.999398],[4.220273,39.999379],[4.220261,39.999358],[4.220258,39.999334],[4.220255,39.999311],[4.22025,39.999287],[4.220241,39.999265],[4.22023,39.999243],[4.22022,39.999221],[4.220227,39.999208],[4.220244,39.999196],[4.22027,39.999184],[4.220298,39.999174],[4.220327,39.999164],[4.220352,39.999151],[4.220372,39.999134],[4.22038,39.999116],[4.220374,39.999102],[4.220357,39.99908],[4.220337,39.999059],[4.220318,39.999041],[4.220296,39.99902],[4.220276,39.999001],[4.22026,39.998981],[4.220249,39.998959],[4.220237,39.998938],[4.220226,39.998917],[4.220212,39.998896],[4.220195,39.998877],[4.220174,39.998858],[4.220152,39.998841],[4.220129,39.998824],[4.220107,39.998807],[4.220082,39.998789],[4.220061,39.998774],[4.220037,39.998757],[4.220016,39.998741],[4.219994,39.998722],[4.219973,39.998703],[4.219951,39.998686],[4.219928,39.998669],[4.219904,39.998654],[4.21988,39.99864],[4.219851,39.998626],[4.219825,39.998614],[4.219796,39.998602],[4.219771,39.998589],[4.219746,39.998576],[4.219721,39.998564],[4.219695,39.99855],[4.219667,39.998536],[4.219637,39.998524],[4.219609,39.998513],[4.219579,39.998502],[4.219552,39.998491],[4.219527,39.998479],[4.219498,39.998464],[4.219473,39.99845],[4.21945,39.998435],[4.219422,39.99842],[4.219394,39.998405],[4.219367,39.998392],[4.219336,39.998378],[4.21931,39.998367],[4.219283,39.998352],[4.219255,39.998338],[4.219232,39.998324],[4.219206,39.998307],[4.219183,39.998293],[4.219159,39.998279],[4.219135,39.998263],[4.219109,39.998246],[4.219087,39.998229],[4.219063,39.998212],[4.21904,39.998195],[4.219021,39.998175],[4.219002,39.998155],[4.218985,39.998136],[4.218968,39.998117],[4.218953,39.998097],[4.218946,39.998075],[4.218946,39.998073],[4.218945,39.998049],[4.218947,39.998026],[4.218955,39.998004],[4.218966,39.997981],[4.218978,39.997959],[4.218992,39.997939],[4.219007,39.997919],[4.219022,39.997899],[4.219038,39.997879],[4.219055,39.99786],[4.219073,39.99784],[4.219093,39.997821],[4.219112,39.997801],[4.219131,39.99778],[4.219147,39.997759],[4.219162,39.997739],[4.219173,39.997717],[4.219183,39.997694],[4.219193,39.997671],[4.219202,39.997649],[4.219212,39.997626],[4.219221,39.997603],[4.21923,39.997579],[4.21924,39.997558],[4.21925,39.997536],[4.219259,39.997514],[4.219269,39.997491],[4.219281,39.99747],[4.219294,39.99745],[4.219308,39.997427],[4.219322,39.997405],[4.219339,39.997385],[4.21936,39.997369],[4.219382,39.997353],[4.219403,39.997337],[4.219423,39.997318],[4.219442,39.997299],[4.21946,39.997281],[4.21948,39.997264],[4.219501,39.997246],[4.21952,39.997227],[4.219537,39.997206],[4.219552,39.997186],[4.219568,39.997164],[4.219586,39.997145],[4.219604,39.997124],[4.21962,39.997103],[4.219638,39.997085],[4.219659,39.997066],[4.21968,39.997047],[4.219701,39.997031],[4.219724,39.997015],[4.219746,39.996997],[4.219765,39.996979],[4.219782,39.996959],[4.219797,39.996939],[4.219818,39.996922],[4.219844,39.99691],[4.219869,39.996896],[4.219895,39.996884],[4.219922,39.996872],[4.219949,39.996861],[4.219978,39.996854],[4.220009,39.996844],[4.220039,39.996836],[4.22007,39.996828],[4.220097,39.996819],[4.220126,39.996808],[4.220153,39.996796],[4.220179,39.996782],[4.220202,39.996769],[4.220227,39.996754],[4.220252,39.996741],[4.220278,39.996727],[4.220304,39.996715],[4.220332,39.996705],[4.220363,39.996696],[4.220392,39.996691],[4.220425,39.996688],[4.220455,39.996689],[4.220484,39.996689],[4.220517,39.99669],[4.220551,39.996693],[4.220582,39.996698],[4.22061,39.996704],[4.220639,39.996716],[4.220665,39.99673],[4.220689,39.996748],[4.22071,39.996766],[4.220734,39.996782],[4.220756,39.996798],[4.220778,39.996816],[4.220799,39.996834],[4.220824,39.996848],[4.22085,39.996858],[4.220878,39.996864],[4.220907,39.996868],[4.220937,39.996865],[4.220962,39.996855],[4.220979,39.996839],[4.220992,39.996816],[4.221001,39.996793],[4.221006,39.996769],[4.221012,39.996746],[4.221027,39.996734],[4.221053,39.996726],[4.221085,39.996723],[4.221117,39.996724],[4.221149,39.996724],[4.221181,39.996718],[4.22121,39.996707],[4.221239,39.996697],[4.221268,39.99669],[4.221297,39.996686],[4.221326,39.996679],[4.221354,39.996671],[4.221382,39.996659],[4.221403,39.99664],[4.221419,39.996621],[4.221434,39.9966],[4.221444,39.996579],[4.221449,39.996556],[4.221455,39.996533],[4.221459,39.99651],[4.221469,39.996488],[4.221475,39.996478],[4.221495,39.99646],[4.22152,39.996446],[4.221546,39.996434],[4.221575,39.996429],[4.221605,39.996427],[4.221635,39.996425],[4.221666,39.996423],[4.221696,39.996421],[4.221726,39.996421],[4.221756,39.996423],[4.221785,39.996428],[4.221795,39.996437],[4.221799,39.996442],[4.2218,39.996444],[4.221797,39.996467],[4.221813,39.996488],[4.221829,39.996491],[4.221853,39.996487],[4.221883,39.996483],[4.221903,39.996489],[4.221919,39.996501],[4.221939,39.996521],[4.221955,39.996542],[4.221957,39.996553],[4.221959,39.996563],[4.221962,39.996585],[4.221975,39.996606],[4.221996,39.996622],[4.22202,39.996635],[4.222034,39.996652],[4.222045,39.996672],[4.222052,39.996697],[4.222058,39.996721],[4.222063,39.996743],[4.22207,39.996767],[4.222077,39.996789],[4.222092,39.996805],[4.222114,39.996813],[4.222144,39.996818],[4.222169,39.996814],[4.222198,39.996807],[4.222223,39.996808],[4.222252,39.996817],[4.222278,39.996828],[4.222303,39.996844],[4.222326,39.99686],[4.222349,39.996878],[4.22237,39.996896],[4.222391,39.996914],[4.222414,39.99693],[4.222437,39.996946],[4.22246,39.996962],[4.222483,39.99698],[4.222503,39.996998],[4.222522,39.997016],[4.222539,39.997035],[4.222557,39.997055],[4.222573,39.997076],[4.222588,39.997097],[4.222602,39.997119],[4.222614,39.997142],[4.222622,39.997165],[4.222629,39.997187],[4.222636,39.997211],[4.222638,39.997237],[4.222637,39.997262],[4.222635,39.997288],[4.222633,39.997313],[4.222631,39.997339],[4.22263,39.997363],[4.222628,39.997388],[4.222629,39.997413],[4.22263,39.997436],[4.222632,39.99746],[4.222633,39.997483],[4.222634,39.997506],[4.222637,39.99753],[4.222639,39.997553],[4.222642,39.997576],[4.222646,39.997599],[4.222656,39.997621],[4.222669,39.997644],[4.222685,39.997663],[4.222706,39.997675],[4.222728,39.997692],[4.222731,39.997706],[4.222729,39.997729],[4.222728,39.997752],[4.222741,39.997795],[4.222751,39.997817],[4.222759,39.997839],[4.222763,39.997862],[4.222762,39.997885],[4.222763,39.997909],[4.222769,39.997932],[4.222782,39.997938],[4.2228,39.997937],[4.222826,39.997928],[4.222843,39.997913],[4.222864,39.997897],[4.222879,39.997897],[4.222907,39.997904],[4.222935,39.997912],[4.222966,39.997916],[4.222998,39.99792],[4.223028,39.997924],[4.223054,39.997919],[4.223067,39.997907],[4.223083,39.997888],[4.223108,39.997874],[4.223129,39.997872],[4.223161,39.997874],[4.22319,39.997878],[4.223221,39.997885],[4.223252,39.997893],[4.223282,39.997899],[4.223312,39.997903],[4.223344,39.997906],[4.223377,39.997909],[4.223407,39.997911],[4.223436,39.997916],[4.223467,39.99792],[4.223499,39.997924],[4.223531,39.997926],[4.223562,39.997927],[4.223594,39.997928],[4.223624,39.997928],[4.223655,39.99793],[4.223685,39.997931],[4.223716,39.997932],[4.223746,39.997934],[4.223777,39.997934],[4.22381,39.997935],[4.22384,39.997936],[4.223871,39.997938],[4.223902,39.997941],[4.223932,39.997945],[4.223963,39.997948],[4.223992,39.997952],[4.224022,39.997958],[4.224044,39.997971],[4.224054,39.997987],[4.224055,39.998007],[4.224045,39.998024],[4.224033,39.998045],[4.224038,39.998057],[4.224051,39.998063],[4.22408,39.998069],[4.224112,39.998069],[4.224142,39.998068],[4.224172,39.998065],[4.224202,39.998061],[4.224232,39.998056],[4.224263,39.998049],[4.224294,39.998044],[4.224324,39.998041],[4.224354,39.998042],[4.224384,39.998043],[4.224416,39.998043],[4.224448,39.998043],[4.224479,39.998041],[4.224509,39.99804],[4.224538,39.998038],[4.224568,39.998035],[4.224599,39.998029],[4.22463,39.998022],[4.224659,39.998013],[4.224688,39.998001],[4.224714,39.997989],[4.22474,39.997974],[4.224762,39.997955],[4.224781,39.997935],[4.224796,39.997916],[4.224814,39.997896],[4.22483,39.997874],[4.224844,39.997855],[4.224858,39.997832],[4.224874,39.997811],[4.224895,39.997794],[4.224921,39.997782],[4.224948,39.997774],[4.224979,39.997766],[4.225005,39.997754],[4.225031,39.997739],[4.225054,39.997725],[4.225075,39.997708],[4.225095,39.99769],[4.225113,39.99767],[4.225133,39.99765],[4.225155,39.997631],[4.22518,39.997621],[4.225208,39.99762],[4.225237,39.997624],[4.225267,39.997629],[4.225297,39.997634],[4.225327,39.997639],[4.225359,39.997645],[4.225391,39.997648],[4.225424,39.99765],[4.225454,39.997651],[4.225486,39.99765],[4.225518,39.997653],[4.22555,39.99766],[4.225577,39.997671],[4.225603,39.997685],[4.225631,39.997696],[4.225659,39.997703],[4.225689,39.997707],[4.225703,39.997718],[4.225704,39.99773],[4.225702,39.997754],[4.225705,39.997778],[4.225716,39.997786],[4.225736,39.997787],[4.225765,39.997782],[4.225794,39.997772],[4.22582,39.997759],[4.225841,39.997743],[4.225865,39.997727],[4.225892,39.997721],[4.225921,39.997723],[4.225951,39.997727],[4.225979,39.997739],[4.226008,39.997748],[4.226038,39.997753],[4.226071,39.997756],[4.226102,39.997759],[4.226134,39.997759],[4.226165,39.99776],[4.226197,39.997762],[4.22623,39.997763],[4.226261,39.997762],[4.226293,39.997759],[4.226324,39.997755],[4.226356,39.997751],[4.226386,39.997746],[4.226418,39.997741],[4.226446,39.997734],[4.226474,39.997726],[4.2265,39.997714],[4.226507,39.997701],[4.226502,39.99769],[4.226485,39.99768],[4.226458,39.997671],[4.226431,39.997661],[4.226407,39.997646],[4.226391,39.997627],[4.226392,39.997613],[4.226404,39.997594],[4.226424,39.997577],[4.226445,39.997561],[4.226469,39.997552],[4.226497,39.997544],[4.226521,39.99753],[4.226531,39.997514],[4.226527,39.997502],[4.22651,39.997485],[4.226492,39.997466],[4.226473,39.997447],[4.226455,39.997428],[4.226459,39.997418],[4.226471,39.997416],[4.226502,39.997417],[4.226531,39.997424],[4.226559,39.997432],[4.226586,39.997442],[4.226615,39.997448],[4.226641,39.997446],[4.226668,39.997436],[4.226693,39.997423],[4.226716,39.997407],[4.226738,39.997391],[4.226763,39.997377],[4.226792,39.997368],[4.226821,39.99736],[4.226846,39.997347],[4.226865,39.997329],[4.226871,39.99731],[4.226882,39.997288],[4.226901,39.997272],[4.22692,39.997266],[4.22695,39.997261],[4.226972,39.997266],[4.226995,39.997279],[4.227013,39.997297],[4.227031,39.997317],[4.227051,39.997334],[4.227072,39.997352],[4.227093,39.997368],[4.227119,39.997382],[4.227145,39.997395],[4.227172,39.997407],[4.227198,39.99742],[4.227225,39.99743],[4.227254,39.997436],[4.227284,39.99744],[4.227314,39.997442],[4.227345,39.997444],[4.227374,39.997444],[4.227403,39.99744],[4.227433,39.997438],[4.227459,39.997443],[4.227487,39.99745],[4.227517,39.997451],[4.227541,39.997444],[4.22756,39.99743],[4.227581,39.997414],[4.227585,39.997401],[4.227581,39.997378],[4.227567,39.997357],[4.227546,39.997343],[4.227517,39.997333],[4.227488,39.997323],[4.22746,39.997312],[4.227432,39.997302],[4.227404,39.99729],[4.227379,39.997278],[4.22735,39.997267],[4.227324,39.997257],[4.227313,39.997244],[4.227319,39.997234],[4.227336,39.997226],[4.227364,39.997217],[4.227392,39.997209],[4.227407,39.997197],[4.227411,39.99718],[4.227409,39.997157],[4.227417,39.997135],[4.227432,39.997124],[4.227455,39.997108],[4.227459,39.997093],[4.227454,39.997075],[4.22745,39.997052],[4.227457,39.997037],[4.227471,39.997028],[4.227498,39.997019],[4.227518,39.99702],[4.227524,39.99702],[4.227551,39.997028],[4.227581,39.997033],[4.22761,39.997039],[4.227639,39.997036],[4.227648,39.997026],[4.227652,39.997009],[4.227645,39.996998],[4.227623,39.996981],[4.227597,39.996971],[4.22757,39.996962],[4.227553,39.996948],[4.227556,39.996936],[4.227564,39.996913],[4.227557,39.996896],[4.227544,39.996876],[4.227527,39.996857],[4.227504,39.99684],[4.22748,39.996826],[4.227455,39.996813],[4.227428,39.996801],[4.2274,39.99679],[4.227378,39.996774],[4.227366,39.996755],[4.227352,39.996734],[4.227338,39.996712],[4.227325,39.996692],[4.227305,39.996677],[4.227279,39.996665],[4.22725,39.996656],[4.227222,39.996648],[4.227194,39.996638],[4.227168,39.996627],[4.227149,39.996609],[4.227144,39.996591],[4.227151,39.996574],[4.227164,39.996568],[4.227185,39.99657],[4.227214,39.996577],[4.227246,39.996585],[4.227275,39.996592],[4.227308,39.996603],[4.227337,39.996612],[4.227366,39.99662],[4.227395,39.996627],[4.227427,39.996635],[4.227457,39.996642],[4.227488,39.996648],[4.227521,39.996656],[4.227549,39.996663],[4.22758,39.996668],[4.227612,39.996673],[4.227639,39.996685],[4.227666,39.996698],[4.227695,39.99671],[4.227722,39.996723],[4.227751,39.996735],[4.227779,39.996742],[4.22781,39.996748],[4.227839,39.996746],[4.227863,39.996736],[4.227889,39.996723],[4.227912,39.996706],[4.227933,39.99669],[4.227955,39.996673],[4.227979,39.996656],[4.228006,39.996644],[4.228029,39.996643],[4.22805,39.99665],[4.228071,39.996666],[4.22808,39.996683],[4.228083,39.996706],[4.228097,39.996725],[4.22811,39.996728],[4.22814,39.996727],[4.228166,39.996735],[4.22819,39.99675],[4.228214,39.996764],[4.22824,39.996775],[4.228269,39.996779],[4.228299,39.996781],[4.228319,39.99679],[4.228344,39.996805],[4.228368,39.996818],[4.228396,39.996827],[4.228426,39.99683],[4.228448,39.996825],[4.228459,39.996814],[4.228456,39.996803],[4.228444,39.996782],[4.22845,39.996769],[4.228467,39.996751],[4.228492,39.996737],[4.228515,39.996722],[4.228526,39.996704],[4.228527,39.996684],[4.228532,39.996662],[4.228546,39.996654],[4.228564,39.996653],[4.228583,39.99666],[4.228605,39.996677],[4.228623,39.996697],[4.228641,39.996716],[4.228664,39.996733],[4.228689,39.996746],[4.228718,39.996755],[4.228745,39.996754],[4.228767,39.996744],[4.228785,39.996728],[4.228796,39.996706],[4.228793,39.99669],[4.228778,39.99667],[4.228756,39.996652],[4.228734,39.996634],[4.228713,39.996614],[4.2287,39.996591],[4.228699,39.996567],[4.228705,39.996545],[4.22872,39.996523],[4.228742,39.996505],[4.228763,39.996488],[4.228773,39.996466],[4.228778,39.996443],[4.228792,39.996423],[4.228812,39.99641],[4.228833,39.996394],[4.228843,39.996373],[4.22884,39.996355],[4.228835,39.996333],[4.228833,39.99631],[4.228836,39.996286],[4.228835,39.996263],[4.228832,39.996238],[4.22883,39.996214],[4.228828,39.996191],[4.228825,39.996168],[4.228823,39.996143],[4.228822,39.99612],[4.228822,39.996097],[4.228822,39.996075],[4.228823,39.996051],[4.228826,39.996028],[4.228832,39.996004],[4.22884,39.99598],[4.228851,39.995956],[4.22886,39.995933],[4.228868,39.99591],[4.228875,39.995888],[4.228879,39.995863],[4.228881,39.99584],[4.228881,39.995815],[4.22888,39.995791],[4.228879,39.995769],[4.228878,39.995745],[4.228877,39.995722],[4.228875,39.995697],[4.228872,39.995673],[4.228868,39.99565],[4.228863,39.995628],[4.228856,39.99561],[4.228855,39.995606],[4.228855,39.995604],[4.228876,39.995587],[4.228902,39.995576],[4.228927,39.995561],[4.228949,39.995546],[4.228973,39.995533],[4.228998,39.99552],[4.229025,39.995507],[4.229049,39.995494],[4.229074,39.995482],[4.2291,39.995469],[4.229126,39.99546],[4.229156,39.995453],[4.229167,39.995452],[4.229186,39.995449],[4.229215,39.995445],[4.229246,39.995441],[4.229276,39.995437],[4.229305,39.995434],[4.229335,39.995431],[4.229367,39.995429],[4.229396,39.995428],[4.229427,39.995428],[4.229458,39.995429],[4.229489,39.995432],[4.229518,39.995436],[4.229549,39.995439],[4.229579,39.995443],[4.229608,39.995449],[4.229638,39.995454],[4.229666,39.99546],[4.229694,39.995469],[4.22972,39.99548],[4.229744,39.995494],[4.229771,39.995504],[4.229784,39.995509],[4.229806,39.995525],[4.229829,39.995544],[4.229847,39.995562],[4.229866,39.995582],[4.229883,39.995601],[4.229897,39.995621],[4.22991,39.995645],[4.229917,39.995668],[4.229922,39.995693],[4.229926,39.995716],[4.229926,39.99574],[4.229925,39.995765],[4.229925,39.99579],[4.229924,39.995813],[4.229929,39.995837],[4.229938,39.995861],[4.229949,39.995883],[4.229964,39.995903],[4.22998,39.995923],[4.229995,39.995945],[4.230008,39.995969],[4.230019,39.995994],[4.230031,39.996014],[4.230043,39.996036],[4.230056,39.996061],[4.23007,39.996084],[4.230086,39.996105],[4.230105,39.996125],[4.230127,39.996144],[4.23015,39.996161],[4.230173,39.996176],[4.230199,39.996193],[4.230221,39.99621],[4.230239,39.996229],[4.230256,39.996252],[4.230271,39.996274],[4.230285,39.996296],[4.230295,39.99632],[4.230302,39.996345],[4.230309,39.99637],[4.230313,39.996395],[4.230316,39.99642],[4.230318,39.996443],[4.230321,39.996466],[4.230326,39.996491],[4.23033,39.996515],[4.230335,39.996539],[4.230342,39.996561],[4.230352,39.996585],[4.23036,39.996607],[4.230361,39.996631],[4.230352,39.996652],[4.230336,39.996673],[4.230323,39.996695],[4.230315,39.996717],[4.230305,39.99674],[4.230299,39.996764],[4.230302,39.996789],[4.230309,39.996811],[4.230318,39.996833],[4.23033,39.996854],[4.230341,39.996877],[4.230347,39.9969],[4.23035,39.996924],[4.230348,39.996947],[4.230343,39.996972],[4.230336,39.996996],[4.230325,39.99702],[4.230312,39.997043],[4.2303,39.997066],[4.230287,39.99709],[4.230273,39.997113],[4.230256,39.997134],[4.230239,39.997154],[4.230225,39.997177],[4.230213,39.997199],[4.230207,39.997224],[4.230208,39.997247],[4.230211,39.997272],[4.230211,39.997297],[4.230211,39.997323],[4.230206,39.997348],[4.230202,39.99737],[4.230197,39.997393],[4.23019,39.997418],[4.230178,39.997439],[4.230158,39.997457],[4.230141,39.997476],[4.230121,39.997493],[4.2301,39.997509],[4.230076,39.997525],[4.230045,39.997534],[4.230016,39.99754],[4.229987,39.99755],[4.229967,39.997566],[4.229967,39.997578],[4.229979,39.997589],[4.23,39.997597],[4.230028,39.997605],[4.230056,39.997617],[4.230079,39.997632],[4.230099,39.997649],[4.230118,39.997667],[4.230118,39.997679],[4.230106,39.997692],[4.23008,39.997705],[4.230056,39.997708],[4.230036,39.99772],[4.230032,39.997732],[4.230036,39.997754],[4.230051,39.997776],[4.230075,39.997793],[4.230104,39.997804],[4.230133,39.997813],[4.230163,39.99782],[4.230183,39.997835],[4.230185,39.997848],[4.230179,39.99787],[4.230163,39.997884],[4.230141,39.997893],[4.230113,39.9979],[4.230088,39.997913],[4.230087,39.997924],[4.230098,39.997938],[4.230122,39.997952],[4.230151,39.997961],[4.230179,39.997969],[4.23021,39.997978],[4.230235,39.997989],[4.230256,39.998006],[4.230256,39.998017],[4.230245,39.99802],[4.23022,39.998018],[4.23019,39.998009],[4.23016,39.998004],[4.23013,39.998002],[4.2301,39.998008],[4.230084,39.998019],[4.230069,39.99804],[4.230067,39.99806],[4.23007,39.998083],[4.230074,39.998106],[4.230067,39.998126],[4.230054,39.998131],[4.230024,39.998137],[4.230003,39.998151],[4.229979,39.998167],[4.229956,39.998183],[4.229938,39.998201],[4.229921,39.998221],[4.229916,39.998242],[4.229922,39.99826],[4.229935,39.998282],[4.229956,39.9983],[4.229979,39.998314],[4.230006,39.998324],[4.230033,39.998334],[4.230062,39.998343],[4.230091,39.998353],[4.230116,39.99837],[4.230131,39.998389],[4.230142,39.998413],[4.230151,39.998437],[4.230159,39.998461],[4.230166,39.998485],[4.230172,39.998509],[4.23018,39.998532],[4.230193,39.998554],[4.230209,39.998574],[4.23023,39.998594],[4.230249,39.99861],[4.230269,39.998628],[4.230294,39.998643],[4.230316,39.998644],[4.230336,39.998636],[4.230356,39.99862],[4.230364,39.998602],[4.230359,39.998581],[4.230346,39.998561],[4.230325,39.998541],[4.230307,39.998522],[4.230292,39.998502],[4.230279,39.998479],[4.230269,39.998455],[4.230263,39.998431],[4.230261,39.998408],[4.230257,39.998384],[4.230248,39.998362],[4.230234,39.998341],[4.230216,39.99832],[4.230198,39.998302],[4.230183,39.99828],[4.230185,39.998265],[4.230198,39.998252],[4.230222,39.998245],[4.230248,39.998245],[4.230276,39.998254],[4.230291,39.998268],[4.230295,39.998287],[4.230295,39.99831],[4.230296,39.998333],[4.230299,39.998356],[4.230309,39.998379],[4.230328,39.998398],[4.230347,39.998401],[4.230364,39.998396],[4.230382,39.998383],[4.230398,39.998363],[4.230415,39.998343],[4.230436,39.998325],[4.230463,39.998312],[4.230489,39.9983],[4.230511,39.998283],[4.230528,39.998264],[4.230546,39.998245],[4.230569,39.998228],[4.230595,39.99822],[4.230625,39.998218],[4.230644,39.998222],[4.230653,39.998223],[4.230671,39.998236],[4.230686,39.998257],[4.230696,39.99828],[4.230702,39.998304],[4.230708,39.998328],[4.230716,39.998351],[4.230732,39.998372],[4.230754,39.998385],[4.230777,39.998387],[4.230806,39.998383],[4.230837,39.998387],[4.230856,39.998397],[4.230875,39.998415],[4.230877,39.99843],[4.230868,39.998442],[4.230856,39.998443],[4.230829,39.998435],[4.230801,39.998427],[4.230777,39.998429],[4.23075,39.998439],[4.230736,39.998453],[4.230734,39.998471],[4.230742,39.99849],[4.230757,39.998512],[4.230774,39.998531],[4.230791,39.998551],[4.23081,39.998571],[4.230836,39.998584],[4.23086,39.998585],[4.230888,39.998579],[4.230909,39.998566],[4.23092,39.998549],[4.230932,39.998527],[4.230948,39.998508],[4.230971,39.99849],[4.230998,39.99848],[4.231005,39.998486],[4.231005,39.998496],[4.231,39.998518],[4.230996,39.998541],[4.230996,39.998565],[4.230997,39.998589],[4.231002,39.998611],[4.231017,39.998632],[4.231037,39.998649],[4.231056,39.998653],[4.231078,39.99865],[4.231109,39.998652],[4.231138,39.998659],[4.231166,39.998669],[4.231182,39.998683],[4.231186,39.998698],[4.231182,39.998721],[4.231177,39.998745],[4.231171,39.998769],[4.231165,39.998792],[4.231162,39.998815],[4.23117,39.998839],[4.231187,39.998856],[4.231209,39.998865],[4.231231,39.998865],[4.23126,39.998866],[4.231277,39.998875],[4.231295,39.998894],[4.231302,39.998916],[4.231305,39.998938],[4.231318,39.998956],[4.231341,39.998971],[4.231356,39.998992],[4.231371,39.999012],[4.231391,39.999032],[4.231411,39.999049],[4.231434,39.999058],[4.231462,39.999059],[4.231491,39.999055],[4.231521,39.999049],[4.231552,39.999043],[4.23158,39.999035],[4.231608,39.999025],[4.231635,39.999015],[4.231658,39.998999],[4.231681,39.998981],[4.231705,39.998968],[4.231732,39.998956],[4.231754,39.99894],[4.23177,39.99892],[4.231786,39.998899],[4.231808,39.998881],[4.231826,39.998878],[4.231843,39.998882],[4.231859,39.998895],[4.231877,39.998915],[4.231899,39.998933],[4.231926,39.998943],[4.23195,39.998943],[4.231973,39.998934],[4.232001,39.998922],[4.232031,39.998914],[4.232058,39.998915],[4.232086,39.998921],[4.23211,39.998936],[4.232133,39.998951],[4.232158,39.998957],[4.232181,39.998953],[4.23221,39.998944],[4.232239,39.998936],[4.232266,39.998938],[4.232282,39.998946],[4.23231,39.998957],[4.232339,39.998963],[4.232371,39.998967],[4.232401,39.998966],[4.232433,39.998962],[4.232464,39.998955],[4.232492,39.998946],[4.232509,39.998931],[4.232519,39.998909],[4.232526,39.998885],[4.232541,39.998864],[4.232562,39.998844],[4.232584,39.998828],[4.232608,39.998813],[4.232629,39.998797],[4.232658,39.998785],[4.232678,39.998786],[4.232707,39.998792],[4.232737,39.998798],[4.232762,39.998794],[4.232788,39.998781],[4.232811,39.998764],[4.232833,39.998745],[4.232854,39.998724],[4.232874,39.998705],[4.232893,39.998684],[4.232909,39.998665],[4.232925,39.998643],[4.232936,39.998621],[4.232938,39.998598],[4.232941,39.998575],[4.232955,39.998554],[4.232974,39.998543],[4.233,39.998531],[4.233019,39.998512],[4.233017,39.998501],[4.233005,39.99848],[4.232999,39.998457],[4.233005,39.998438],[4.233017,39.998429],[4.233028,39.998429],[4.233058,39.998428],[4.233091,39.998428],[4.23312,39.998429],[4.233153,39.99843],[4.233184,39.99843],[4.233214,39.99843],[4.233245,39.998432],[4.233279,39.998436],[4.233312,39.99844],[4.233342,39.998444],[4.233374,39.998448],[4.233405,39.998451],[4.233439,39.998452],[4.233469,39.998453],[4.2335,39.998451],[4.233534,39.998447],[4.233564,39.998441],[4.233595,39.998434],[4.233626,39.998425],[4.233654,39.998417],[4.233686,39.998406],[4.233714,39.998396],[4.233745,39.998384],[4.233773,39.998374],[4.233803,39.998363],[4.233833,39.998353],[4.233861,39.998344],[4.233888,39.998333],[4.233917,39.998322],[4.233946,39.998311],[4.233976,39.998301],[4.234005,39.998293],[4.234035,39.998285],[4.234063,39.998278],[4.234096,39.998271],[4.234124,39.998266],[4.234155,39.99826],[4.234185,39.998257],[4.234217,39.998253],[4.234247,39.998249],[4.23428,39.998246],[4.234311,39.998244],[4.234343,39.998241],[4.234373,39.99824],[4.234405,39.998239],[4.234438,39.998237],[4.234472,39.998237],[4.234502,39.998237],[4.234534,39.998239],[4.234563,39.99824],[4.234594,39.998241],[4.234626,39.998243],[4.234656,39.998244],[4.234687,39.998243],[4.234717,39.998242],[4.234766,39.998242],[4.234793,39.998253],[4.234821,39.998264],[4.234849,39.998275],[4.234873,39.998288],[4.234899,39.998305],[4.234925,39.998321],[4.234953,39.998335],[4.234977,39.99835],[4.235,39.998365],[4.235026,39.99838],[4.235054,39.998395],[4.235079,39.998407],[4.235107,39.998422],[4.235132,39.998436],[4.235157,39.998453],[4.235179,39.998468],[4.235203,39.998484],[4.235227,39.998499],[4.235253,39.998513],[4.235279,39.998525],[4.235306,39.998536],[4.235332,39.998549],[4.235357,39.998561],[4.235385,39.998577],[4.235412,39.998591],[4.235437,39.998605],[4.235464,39.998622],[4.23549,39.998636],[4.235521,39.998647],[4.235551,39.998654],[4.23558,39.998661],[4.23561,39.998666],[4.235644,39.998667],[4.235676,39.998665],[4.235707,39.998663],[4.235738,39.998661],[4.235767,39.998658],[4.235801,39.998657],[4.235834,39.998653],[4.235867,39.99865],[4.235899,39.998645],[4.235929,39.998642],[4.235959,39.998634],[4.235989,39.998624],[4.23602,39.998613],[4.236047,39.998603],[4.236074,39.998593],[4.236102,39.998585],[4.236131,39.998582],[4.23616,39.99858],[4.23619,39.99858],[4.236221,39.99858],[4.23625,39.998583],[4.23628,39.998588],[4.236315,39.998595],[4.236344,39.998605],[4.236371,39.998614],[4.2364,39.998626],[4.236427,39.998637],[4.236455,39.998649],[4.236482,39.998663],[4.236502,39.998683],[4.236519,39.998705],[4.236534,39.998728],[4.236543,39.998752],[4.236547,39.998776],[4.236548,39.9988],[4.236552,39.998823],[4.236554,39.998847],[4.236557,39.998873],[4.236559,39.998895],[4.23656,39.998919],[4.236563,39.998942],[4.236571,39.998964],[4.236584,39.998985],[4.2366,39.999005],[4.236615,39.999027],[4.236623,39.999051],[4.236627,39.999074],[4.236631,39.999097],[4.236638,39.99912],[4.236652,39.999141],[4.236673,39.99916],[4.236694,39.999177],[4.236717,39.999194],[4.236745,39.999209],[4.23677,39.999223],[4.236792,39.999239],[4.236808,39.999258],[4.236811,39.999276],[4.236809,39.9993],[4.2368,39.999322],[4.236796,39.999345],[4.236802,39.999367],[4.236816,39.999389],[4.236831,39.999411],[4.236846,39.999433],[4.23686,39.999455],[4.236873,39.999476],[4.236882,39.999498],[4.23688,39.999521],[4.236869,39.999535],[4.236851,39.99954],[4.23683,39.999536],[4.236809,39.999524],[4.236789,39.999507],[4.236763,39.999496],[4.236732,39.999491],[4.236701,39.999495],[4.236689,39.999506],[4.236687,39.99952],[4.236694,39.999542],[4.236708,39.999563],[4.236729,39.99958],[4.236756,39.999594],[4.236786,39.999605],[4.236816,39.999616],[4.236844,39.999624],[4.236873,39.999632],[4.236904,39.999641],[4.236926,39.999655],[4.236931,39.999669],[4.236926,39.999684],[4.236911,39.999695],[4.236885,39.999705],[4.236854,39.999715],[4.236823,39.999723],[4.236794,39.999732],[4.236783,39.999744],[4.236784,39.999757],[4.236798,39.999778],[4.236821,39.999794],[4.236843,39.999811],[4.236856,39.999832],[4.236854,39.999849],[4.236845,39.999871],[4.236835,39.999892],[4.236825,39.999914],[4.236825,39.999939],[4.236836,39.999959],[4.236858,39.999977],[4.236881,39.999992],[4.23689,40.000001],[4.236901,40.000012],[4.236908,40.000033],[4.236912,40.000057],[4.236918,40.000081],[4.236929,40.000104],[4.236949,40.000122],[4.236971,40.00013],[4.237002,40.000135],[4.237035,40.000134],[4.237065,40.000132],[4.237095,40.000131],[4.237125,40.000132],[4.237159,40.000132],[4.237189,40.000131],[4.237219,40.00013],[4.237249,40.000127],[4.237278,40.000121],[4.237303,40.000108],[4.237309,40.000095],[4.237305,40.000081],[4.23729,40.000063],[4.237264,40.00005],[4.237238,40.000038],[4.237208,40.000028],[4.237181,40.000018],[4.237153,40.000006],[4.237144,40.000001],[4.237128,39.999992],[4.237119,39.999978],[4.237125,39.999969],[4.237142,39.999962],[4.237161,39.999963],[4.237187,39.999973],[4.23721,39.999989],[4.237231,40.000001],[4.237235,40.000003],[4.237261,40.000015],[4.237288,40.000028],[4.237315,40.000036],[4.237331,40.000032],[4.237354,40.000016],[4.23738,40.000001],[4.237381,40.000001],[4.237409,39.999992],[4.237435,39.999992],[4.23746,40.000001],[4.237462,40.000002],[4.237483,40.000018],[4.237505,40.000033],[4.237511,40.000047],[4.237512,40.00007],[4.237515,40.000093],[4.237527,40.000115],[4.237548,40.000133],[4.237574,40.000147],[4.2376,40.000158],[4.237631,40.000168],[4.237659,40.000177],[4.237688,40.000184],[4.237716,40.000183],[4.237733,40.000174],[4.237752,40.000156],[4.237769,40.000134],[4.23779,40.000116],[4.237815,40.000106],[4.237843,40.000103],[4.237868,40.000109],[4.237895,40.000121],[4.237914,40.000137],[4.23791,40.000146],[4.237894,40.000156],[4.237866,40.000163],[4.237839,40.000173],[4.237828,40.000186],[4.237816,40.000208],[4.237797,40.000222],[4.237773,40.000237],[4.237752,40.000254],[4.237737,40.000275],[4.237735,40.000292],[4.237743,40.000311],[4.237759,40.000323],[4.237785,40.000335],[4.237811,40.000345],[4.23784,40.000358],[4.237867,40.000371],[4.237891,40.000384],[4.237917,40.0004],[4.237942,40.000411],[4.23797,40.000421],[4.238001,40.000427],[4.238034,40.000428],[4.238061,40.000419],[4.238077,40.000406],[4.238081,40.00039],[4.238076,40.000375],[4.238059,40.000356],[4.238035,40.000341],[4.238013,40.000325],[4.238004,40.000306],[4.23801,40.000292],[4.238026,40.000278],[4.238049,40.000263],[4.238073,40.000258],[4.238091,40.000263],[4.238113,40.000276],[4.238131,40.000294],[4.23815,40.000299],[4.238178,40.000304],[4.238188,40.000307],[4.238207,40.000326],[4.238231,40.000341],[4.238255,40.000355],[4.238281,40.000366],[4.238309,40.000376],[4.238337,40.000385],[4.238365,40.000393],[4.238387,40.000408],[4.238386,40.000418],[4.238375,40.000439],[4.238376,40.000455],[4.238383,40.000478],[4.238374,40.000486],[4.238361,40.000485],[4.23834,40.000476],[4.238314,40.000465],[4.238304,40.00047],[4.238303,40.000481],[4.238312,40.000496],[4.238334,40.000513],[4.238358,40.000522],[4.238387,40.000526],[4.238417,40.000529],[4.238448,40.000533],[4.238477,40.000537],[4.238541,40.000553],[4.238568,40.000565],[4.238593,40.000579],[4.238617,40.000593],[4.238642,40.000607],[4.238669,40.000617],[4.238698,40.000624],[4.238728,40.000626],[4.238746,40.000618],[4.23876,40.000603],[4.23878,40.000586],[4.238794,40.000566],[4.238789,40.000557],[4.238772,40.000549],[4.238743,40.000543],[4.238713,40.000535],[4.23869,40.00052],[4.238685,40.000507],[4.238695,40.0005],[4.23872,40.000489],[4.238748,40.000481],[4.238759,40.000486],[4.238781,40.000502],[4.238807,40.000509],[4.238832,40.000521],[4.238856,40.000535],[4.238881,40.00054],[4.238913,40.000544],[4.238941,40.000552],[4.238969,40.000562],[4.238997,40.000571],[4.239022,40.000571],[4.239032,40.000564],[4.239033,40.000552],[4.239023,40.000538],[4.239001,40.000522],[4.238974,40.000511],[4.238947,40.0005],[4.238918,40.00049],[4.23889,40.000482],[4.238859,40.000473],[4.238831,40.000465],[4.238802,40.000456],[4.238774,40.000445],[4.238748,40.000434],[4.238719,40.000425],[4.23869,40.00042],[4.238664,40.000409],[4.238666,40.000401],[4.238678,40.000396],[4.238702,40.000395],[4.238727,40.000401],[4.238745,40.000413],[4.238769,40.000427],[4.238797,40.000434],[4.238827,40.00044],[4.238857,40.000441],[4.238888,40.000435],[4.238916,40.000427],[4.238945,40.000427],[4.238975,40.000427],[4.238994,40.000418],[4.239023,40.00041],[4.239037,40.000414],[4.239062,40.000428],[4.239087,40.000441],[4.239113,40.000454],[4.239139,40.000465],[4.239167,40.000471],[4.239197,40.000471],[4.239227,40.000466],[4.239253,40.000453],[4.239268,40.000436],[4.239268,40.000423],[4.239256,40.000403],[4.239235,40.000387],[4.239208,40.000375],[4.239182,40.000364],[4.239153,40.000354],[4.239124,40.000351],[4.239109,40.000358],[4.2391,40.000371],[4.239081,40.000382],[4.239073,40.000377],[4.239054,40.000358],[4.239053,40.000343],[4.239045,40.000321],[4.239031,40.000313],[4.239004,40.0003],[4.238977,40.000289],[4.238947,40.000283],[4.238918,40.000278],[4.238887,40.000271],[4.238857,40.000262],[4.238829,40.00025],[4.238805,40.000236],[4.238802,40.000223],[4.23881,40.000214],[4.23883,40.000206],[4.238859,40.000199],[4.238883,40.000186],[4.238898,40.000168],[4.238914,40.000148],[4.238935,40.000137],[4.238962,40.000126],[4.238987,40.000115],[4.239009,40.000098],[4.239019,40.000077],[4.239026,40.000054],[4.239033,40.000031],[4.239043,40.000008],[4.239045,40.000001],[4.239052,39.999985],[4.239064,39.999962],[4.239077,39.999941],[4.23909,39.99992],[4.239105,39.999899],[4.239122,39.99988],[4.239194,39.999818],[4.23922,39.999802],[4.239243,39.999786],[4.239268,39.999771],[4.239292,39.999758],[4.239316,39.999745],[4.239341,39.99973],[4.239365,39.999716],[4.23939,39.999703],[4.239419,39.999691],[4.239445,39.99968],[4.239472,39.999671],[4.239501,39.999661],[4.239529,39.999653],[4.239559,39.999645],[4.239591,39.99964],[4.23962,39.999636],[4.239651,39.999632],[4.239684,39.999626],[4.239715,39.99962],[4.239743,39.999614],[4.239777,39.999607],[4.239806,39.999601],[4.239836,39.999594],[4.239865,39.999588],[4.239896,39.999585],[4.239928,39.999588],[4.23996,39.999594],[4.239991,39.9996],[4.240022,39.999601],[4.240052,39.999595],[4.240082,39.999587],[4.240111,39.99958],[4.240141,39.999575],[4.240173,39.99957],[4.240205,39.999571],[4.240234,39.999576],[4.240261,39.999585],[4.240289,39.999596],[4.240317,39.999599],[4.240341,39.999593],[4.240366,39.99958],[4.240389,39.999564],[4.240411,39.999548],[4.240437,39.999532],[4.240464,39.999518],[4.24049,39.999508],[4.240518,39.999499],[4.240545,39.999489],[4.240569,39.999476],[4.240593,39.999459],[4.240614,39.999441],[4.240634,39.999422],[4.240657,39.999404],[4.240679,39.999388],[4.240703,39.999372],[4.240729,39.999357],[4.240756,39.999346],[4.240785,39.999335],[4.240811,39.999323],[4.240836,39.999312],[4.240863,39.9993],[4.240889,39.999286],[4.240912,39.999272],[4.240938,39.999257],[4.240965,39.999243],[4.240989,39.999227],[4.24101,39.99921],[4.241028,39.999192],[4.241039,39.99917],[4.241037,39.999155],[4.241024,39.999134],[4.241012,39.999111],[4.241008,39.999087],[4.241014,39.999063],[4.241025,39.999041],[4.241042,39.999021],[4.241067,39.999006],[4.241094,39.998994],[4.24112,39.998982],[4.241148,39.998972],[4.241176,39.998963],[4.241205,39.998955],[4.241234,39.998949],[4.241265,39.998943],[4.241294,39.998937],[4.241324,39.998932],[4.241355,39.998928],[4.241387,39.998926],[4.241399,39.998926],[4.241419,39.998926],[4.24145,39.99893],[4.241512,39.998941],[4.241541,39.998949],[4.24157,39.998961],[4.241596,39.998972],[4.241623,39.998985],[4.241649,39.999002],[4.24167,39.999019],[4.241691,39.999038],[4.241709,39.999057],[4.241728,39.999077],[4.241748,39.999095],[4.241772,39.999113],[4.241792,39.99913],[4.24181,39.99915],[4.24183,39.999167],[4.241853,39.999182],[4.24188,39.99919],[4.24191,39.999194],[4.241941,39.999202],[4.241969,39.999212],[4.241995,39.999224],[4.242021,39.999238],[4.242045,39.999252],[4.24207,39.999267],[4.242093,39.999284],[4.242113,39.999304],[4.24213,39.999323],[4.242147,39.999343],[4.242167,39.999364],[4.242188,39.999383],[4.24221,39.9994],[4.242235,39.999415],[4.242262,39.999427],[4.242288,39.999438],[4.242314,39.999451],[4.24234,39.999465],[4.242366,39.999479],[4.242393,39.999492],[4.242453,39.999523],[4.242477,39.999538],[4.242496,39.999577],[4.242497,39.9996],[4.242499,39.999623],[4.242505,39.999646],[4.24252,39.999667],[4.24254,39.999685],[4.242559,39.999702],[4.242583,39.999713],[4.242605,39.999713],[4.242636,39.999714],[4.242666,39.99972],[4.242696,39.999724],[4.242726,39.999729],[4.242754,39.999739],[4.242765,39.999753],[4.242767,39.99977],[4.24276,39.999791],[4.242757,39.999813],[4.242766,39.99983],[4.24278,39.999836],[4.242799,39.999834],[4.242816,39.999825],[4.242835,39.999808],[4.242852,39.999805],[4.242875,39.999811],[4.242895,39.999824],[4.242921,39.999838],[4.242947,39.999848],[4.242975,39.999858],[4.242985,39.99987],[4.242994,39.999891],[4.243009,39.9999],[4.243034,39.999904],[4.243058,39.9999],[4.24307,39.999889],[4.243081,39.999869],[4.243074,39.99986],[4.243053,39.999844],[4.243052,39.999832],[4.243061,39.999811],[4.243073,39.999807],[4.243094,39.999809],[4.243121,39.999818],[4.243151,39.99982],[4.243167,39.999813],[4.243173,39.999801],[4.243167,39.999789],[4.243152,39.999769],[4.243154,39.999754],[4.243157,39.999731],[4.243166,39.999709],[4.243178,39.999688],[4.243187,39.999666],[4.243202,39.999658],[4.243219,39.999659],[4.243249,39.999665],[4.243277,39.999674],[4.243287,39.999686],[4.243309,39.999702],[4.243335,39.999711],[4.243351,39.999708],[4.243381,39.999704],[4.243412,39.999703],[4.243442,39.999703],[4.243472,39.999703],[4.243502,39.999702],[4.243531,39.999708],[4.243553,39.999721],[4.243578,39.999734],[4.243606,39.999742],[4.24363,39.99974],[4.24364,39.999732],[4.243642,39.999718],[4.243635,39.9997],[4.243619,39.999687],[4.243595,39.999679],[4.243567,39.999672],[4.24354,39.999663],[4.243524,39.999649],[4.243501,39.999635],[4.243478,39.99962],[4.24346,39.999601],[4.243459,39.999597],[4.243481,39.999581],[4.243501,39.999565],[4.243504,39.999551],[4.243513,39.999529],[4.24353,39.999511],[4.243548,39.999505],[4.243577,39.999499],[4.243606,39.999498],[4.24363,39.999506],[4.243653,39.999521],[4.243674,39.999539],[4.2437,39.999552],[4.243726,39.999564],[4.243754,39.999573],[4.243784,39.999576],[4.243809,39.99957],[4.243813,39.999561],[4.243814,39.999537],[4.24381,39.999514],[4.243805,39.999491],[4.243791,39.999475],[4.243768,39.99946],[4.243746,39.999445],[4.243724,39.999429],[4.243707,39.99941],[4.243709,39.999399],[4.24372,39.9994],[4.243747,39.999409],[4.243777,39.999413],[4.243787,39.999406],[4.243809,39.999391],[4.243813,39.999377],[4.243805,39.999368],[4.243802,39.999351],[4.243811,39.999342],[4.243828,39.999338],[4.243847,39.999341],[4.243873,39.999353],[4.243894,39.99937],[4.243912,39.999387],[4.243933,39.999395],[4.243954,39.999393],[4.243984,39.999387],[4.244013,39.999383],[4.24404,39.999373],[4.244066,39.999363],[4.244079,39.999367],[4.244106,39.999369],[4.244136,39.999367],[4.244158,39.999358],[4.244162,39.999348],[4.244169,39.999325],[4.244181,39.999319],[4.244195,39.999323],[4.244201,39.999332],[4.244222,39.999348],[4.244235,39.999348],[4.244254,39.999339],[4.244284,39.999332],[4.244314,39.999332],[4.244343,39.999335],[4.244371,39.999342],[4.244385,39.999354],[4.244399,39.999373],[4.244414,39.999393],[4.244435,39.999406],[4.244464,39.999416],[4.24449,39.999426],[4.244498,39.999438],[4.244515,39.999458],[4.244536,39.999475],[4.24456,39.999484],[4.244588,39.999491],[4.244595,39.999484],[4.244595,39.999471],[4.244603,39.999449],[4.244616,39.999442],[4.244631,39.999443],[4.244656,39.999453],[4.244679,39.999469],[4.244694,39.99949],[4.244704,39.999512],[4.244714,39.999533],[4.244719,39.999555],[4.244732,39.999573],[4.244748,39.999593],[4.244758,39.999614],[4.244771,39.999636],[4.244781,39.999657],[4.244799,39.999674],[4.244815,39.999678],[4.244828,39.999672],[4.244845,39.999674],[4.244873,39.999681],[4.244904,39.999681],[4.244934,39.999681],[4.244964,39.999687],[4.244991,39.999698],[4.245017,39.999711],[4.24503,39.999727],[4.24503,39.99974],[4.245018,39.999757],[4.245006,39.999778],[4.245001,39.999801],[4.245007,39.999822],[4.245018,39.999843],[4.245036,39.999858],[4.245061,39.999867],[4.245091,39.99987],[4.245121,39.999872],[4.245148,39.999881],[4.245174,39.999893],[4.245202,39.999902],[4.245226,39.999901],[4.245256,39.999907],[4.245272,39.999918],[4.245296,39.999934],[4.245325,39.999942],[4.245354,39.999949],[4.245375,39.999962],[4.245397,39.999977],[4.245421,39.999992],[4.245436,40.000002],[4.245444,40.000007],[4.24547,40.00002],[4.245495,40.000033],[4.24552,40.000045],[4.245547,40.000055],[4.245577,40.000058],[4.245608,40.000056],[4.245626,40.000047],[4.245636,40.000031],[4.245631,40.000021],[4.245634,40.000005],[4.245634,40.000002],[4.245632,39.999982],[4.24562,39.999976],[4.245598,39.999966],[4.245583,39.99995],[4.245586,39.99994],[4.245579,39.999928],[4.24556,39.999911],[4.245544,39.999892],[4.245539,39.999872],[4.245547,39.999864],[4.245568,39.999855],[4.245595,39.999854],[4.245626,39.999857],[4.24564,39.999866],[4.245645,39.999879],[4.245647,39.999903],[4.245659,39.999913],[4.24567,39.999911],[4.2457,39.999906],[4.245722,39.999909],[4.245741,39.99992],[4.245743,39.999931],[4.245755,39.999945],[4.24577,39.999947],[4.2458,39.999946],[4.245816,39.999953],[4.245819,39.999966],[4.245811,39.999975],[4.245791,39.999985],[4.245763,39.999993],[4.245755,40.000002],[4.245753,40.000004],[4.245744,40.000026],[4.245746,40.000047],[4.245752,40.00007],[4.245756,40.000093],[4.245755,40.000116],[4.245758,40.000139],[4.245766,40.000161],[4.245772,40.000183],[4.245779,40.000205],[4.245792,40.000226],[4.245788,40.000238],[4.245779,40.000235],[4.245756,40.000219],[4.245734,40.000215],[4.245725,40.000222],[4.24571,40.000242],[4.245703,40.000265],[4.245709,40.000277],[4.245726,40.00029],[4.24574,40.00029],[4.245753,40.000281],[4.245766,40.000283],[4.245777,40.000291],[4.245787,40.000312],[4.245776,40.000314],[4.245757,40.000308],[4.245728,40.000299],[4.245704,40.0003],[4.245691,40.000308],[4.245682,40.000322],[4.245678,40.000347],[4.245681,40.00037],[4.245693,40.000391],[4.245712,40.000404],[4.245732,40.000421],[4.245751,40.00044],[4.245774,40.000454],[4.245802,40.000465],[4.24583,40.000473],[4.245858,40.000481],[4.245887,40.000484],[4.24591,40.000495],[4.245931,40.000512],[4.245958,40.000523],[4.245986,40.00053],[4.246015,40.000536],[4.246046,40.000539],[4.246076,40.000541],[4.246107,40.000542],[4.246138,40.000541],[4.246168,40.000539],[4.246199,40.000539],[4.246229,40.000541],[4.246258,40.000549],[4.246285,40.000557],[4.246313,40.000567],[4.246338,40.00058],[4.24634,40.000591],[4.246329,40.00059],[4.2463,40.000584],[4.246272,40.000579],[4.246242,40.000577],[4.246235,40.000584],[4.246233,40.0006],[4.246241,40.000619],[4.246258,40.000635],[4.246274,40.000655],[4.246268,40.000664],[4.246255,40.000667],[4.246231,40.000664],[4.2462,40.000663],[4.24617,40.000663],[4.246157,40.000671],[4.246146,40.000687],[4.246147,40.000703],[4.246157,40.000723],[4.246174,40.000733],[4.246196,40.000749],[4.246193,40.000758],[4.246185,40.000781],[4.246193,40.000791],[4.24621,40.000799],[4.246233,40.0008],[4.246263,40.000798],[4.246283,40.000805],[4.246296,40.000818],[4.246316,40.000835],[4.246335,40.000839],[4.246357,40.000835],[4.246385,40.000826],[4.246413,40.000817],[4.246431,40.000821],[4.246454,40.000833],[4.246474,40.000834],[4.246502,40.000829],[4.246519,40.000834],[4.246544,40.000847],[4.246568,40.00085],[4.246599,40.000853],[4.246628,40.000858],[4.246636,40.000868],[4.246656,40.000884],[4.246663,40.000902],[4.246679,40.000914],[4.2467,40.000918],[4.24673,40.000918],[4.246761,40.000918],[4.246793,40.000921],[4.246823,40.000924],[4.246852,40.000929],[4.246881,40.000931],[4.246911,40.000936],[4.246926,40.000946],[4.246946,40.000964],[4.246949,40.00098],[4.246942,40.000993],[4.246929,40.000998],[4.246917,40.000993],[4.246911,40.000982],[4.246905,40.00096],[4.246894,40.000958],[4.246869,40.000961],[4.246854,40.000972],[4.246834,40.000989],[4.246821,40.000987],[4.246791,40.000984],[4.246762,40.000981],[4.246732,40.000978],[4.246701,40.000976],[4.246671,40.000974],[4.246642,40.000972],[4.24661,40.00097],[4.246576,40.000968],[4.246545,40.000966],[4.246513,40.000964],[4.246479,40.000962],[4.246449,40.00096],[4.24642,40.000957],[4.24639,40.000955],[4.246359,40.000951],[4.24633,40.000947],[4.2463,40.00094],[4.246271,40.000935],[4.24624,40.000934],[4.246219,40.000941],[4.24622,40.000949],[4.246233,40.000961],[4.246257,40.000976],[4.246283,40.000987],[4.246313,40.000991],[4.246342,40.000987],[4.24637,40.000991],[4.246401,40.000992],[4.246431,40.000998],[4.246459,40.001008],[4.246489,40.001016],[4.246521,40.001016],[4.246551,40.001021],[4.246568,40.001032],[4.246591,40.001046],[4.246618,40.001052],[4.246634,40.001047],[4.246662,40.001039],[4.246684,40.001042],[4.246711,40.001052],[4.246739,40.001059],[4.246768,40.001069],[4.246797,40.001077],[4.246826,40.001082],[4.246855,40.001085],[4.246885,40.001083],[4.246917,40.00108],[4.246948,40.00108],[4.246977,40.001087],[4.247,40.001101],[4.247024,40.001115],[4.24705,40.001126],[4.247077,40.001136],[4.247107,40.001144],[4.247137,40.001149],[4.247166,40.001153],[4.247197,40.001154],[4.247228,40.001154],[4.247258,40.001156],[4.247289,40.001159],[4.247318,40.00116],[4.247349,40.00116],[4.247379,40.001162],[4.247399,40.001171],[4.247404,40.001183],[4.247422,40.001201],[4.24744,40.001206],[4.24747,40.001209],[4.2475,40.00121],[4.24753,40.001214],[4.247559,40.001215],[4.247583,40.001208],[4.247591,40.001197],[4.247594,40.001178],[4.247587,40.001161],[4.247572,40.001152],[4.247545,40.001142],[4.247521,40.001128],[4.247496,40.001115],[4.247467,40.001108],[4.24745,40.001096],[4.247455,40.001088],[4.24747,40.001069],[4.247481,40.001048],[4.2475,40.001031],[4.247521,40.001024],[4.24755,40.001022],[4.247579,40.001028],[4.247608,40.001037],[4.247638,40.001042],[4.24767,40.001047],[4.2477,40.001052],[4.247731,40.001057],[4.247763,40.001063],[4.247794,40.00107],[4.247823,40.001076],[4.247851,40.001084],[4.247879,40.00109],[4.247908,40.001098],[4.24793,40.001112],[4.247923,40.001119],[4.247911,40.001118],[4.247882,40.001113],[4.247853,40.001105],[4.247824,40.001097],[4.247795,40.00109],[4.247765,40.001088],[4.247748,40.001095],[4.247743,40.001106],[4.247747,40.001118],[4.247763,40.001132],[4.247786,40.001148],[4.247805,40.001166],[4.247827,40.001183],[4.247854,40.001194],[4.247884,40.001198],[4.247897,40.001209],[4.247924,40.001221],[4.247949,40.001224],[4.247978,40.001222],[4.248006,40.001214],[4.248032,40.001201],[4.248058,40.00119],[4.248071,40.001175],[4.248072,40.00116],[4.248077,40.001137],[4.248085,40.001116],[4.248101,40.0011],[4.24812,40.001095],[4.24815,40.001093],[4.248181,40.001095],[4.248211,40.001103],[4.248239,40.001113],[4.248264,40.001126],[4.248284,40.001143],[4.248293,40.001162],[4.248305,40.001183],[4.248325,40.001202],[4.248349,40.001216],[4.248377,40.001228],[4.248393,40.001244],[4.248395,40.00126],[4.248402,40.001282],[4.248417,40.001296],[4.248434,40.001299],[4.248466,40.001298],[4.248491,40.001305],[4.248509,40.001319],[4.248528,40.001337],[4.248548,40.001344],[4.248578,40.00135],[4.248608,40.001357],[4.248637,40.001361],[4.248654,40.001356],[4.248664,40.001344],[4.248682,40.00134],[4.248713,40.001335],[4.248742,40.001328],[4.248766,40.001314],[4.248778,40.001296],[4.248795,40.001278],[4.248813,40.001258],[4.248833,40.00124],[4.248853,40.001234],[4.248877,40.001236],[4.248905,40.001244],[4.248935,40.001243],[4.248963,40.001237],[4.248992,40.001227],[4.249018,40.001216],[4.249045,40.001208],[4.249072,40.001198],[4.249096,40.001184],[4.249122,40.001172],[4.249149,40.001161],[4.249175,40.001149],[4.249202,40.001139],[4.249231,40.001129],[4.24926,40.001121],[4.249284,40.001107],[4.249304,40.001091],[4.249327,40.001077],[4.249354,40.001068],[4.249379,40.001069],[4.249409,40.001068],[4.249428,40.001059],[4.249436,40.001046],[4.249444,40.001033],[4.24945,40.001025],[4.249466,40.001018],[4.249489,40.001017],[4.249506,40.001024],[4.24951,40.001034],[4.249501,40.001042],[4.249478,40.001058],[4.24947,40.001073],[4.249469,40.001096],[4.249479,40.001106],[4.249497,40.001125],[4.249516,40.001143],[4.249541,40.001153],[4.249566,40.001155],[4.249584,40.001164],[4.249576,40.00117],[4.249552,40.001175],[4.249537,40.001186],[4.249542,40.001194],[4.249561,40.001204],[4.249581,40.001223],[4.2496,40.001242],[4.249612,40.001264],[4.249622,40.001285],[4.249614,40.001292],[4.249602,40.001288],[4.249579,40.001273],[4.249556,40.001258],[4.249534,40.001242],[4.249507,40.001231],[4.249497,40.001235],[4.24949,40.001247],[4.249492,40.001263],[4.249505,40.00128],[4.249526,40.001296],[4.249535,40.001314],[4.249545,40.001335],[4.249563,40.001353],[4.249587,40.001367],[4.249614,40.001376],[4.249643,40.001381],[4.249663,40.001376],[4.249695,40.001377],[4.249723,40.001384],[4.249752,40.001393],[4.24978,40.001402],[4.249808,40.001412],[4.249835,40.001423],[4.249862,40.001433],[4.249891,40.001438],[4.24991,40.001433],[4.249919,40.001422],[4.249913,40.001413],[4.2499,40.001392],[4.249908,40.001386],[4.249933,40.001375],[4.24996,40.001364],[4.249985,40.001352],[4.249998,40.001336],[4.250005,40.001314],[4.25001,40.001291],[4.250017,40.001269],[4.250032,40.001258],[4.250039,40.001263],[4.250044,40.001278],[4.250046,40.001302],[4.250046,40.001326],[4.250047,40.001349],[4.250051,40.001372],[4.250055,40.001396],[4.250058,40.001419],[4.250063,40.001441],[4.250066,40.001465],[4.250073,40.001488],[4.250086,40.001508],[4.250104,40.00152],[4.250129,40.001525],[4.250142,40.00152],[4.250162,40.001503],[4.250189,40.001493],[4.250215,40.001491],[4.250246,40.001496],[4.250275,40.001497],[4.250306,40.001493],[4.250324,40.001482],[4.250334,40.001466],[4.250339,40.001442],[4.250353,40.001423],[4.25037,40.001415],[4.250398,40.001407],[4.250428,40.0014],[4.250458,40.001396],[4.250489,40.00139],[4.250518,40.001385],[4.250547,40.001376],[4.250576,40.001366],[4.250601,40.001352],[4.250609,40.001339],[4.250607,40.001324],[4.250592,40.001305],[4.250574,40.001284],[4.250557,40.001265],[4.250551,40.001245],[4.250557,40.001227],[4.250573,40.001216],[4.250596,40.001208],[4.250621,40.00121],[4.250643,40.001219],[4.250669,40.001231],[4.250692,40.001233],[4.250724,40.001233],[4.250753,40.001233],[4.250783,40.001237],[4.250814,40.001243],[4.250845,40.001246],[4.250874,40.001245],[4.250904,40.001243],[4.250935,40.00124],[4.250964,40.001236],[4.250993,40.001233],[4.251023,40.001225],[4.251051,40.001216],[4.251075,40.001202],[4.251087,40.001185],[4.251093,40.001161],[4.251087,40.001144],[4.251072,40.001134],[4.251057,40.001133],[4.251043,40.00114],[4.251019,40.001143],[4.251015,40.001135],[4.251019,40.001118],[4.251011,40.001098],[4.250995,40.001085],[4.250971,40.001072],[4.250945,40.001059],[4.250933,40.001043],[4.250934,40.001029],[4.250945,40.001008],[4.250963,40.000992],[4.250984,40.000986],[4.251011,40.000987],[4.25104,40.000995],[4.251066,40.001006],[4.251094,40.001016],[4.25112,40.00103],[4.251136,40.001048],[4.251156,40.001064],[4.251181,40.001079],[4.251203,40.001082],[4.25122,40.001076],[4.251232,40.001063],[4.25123,40.001052],[4.251216,40.001036],[4.251194,40.001019],[4.251176,40.001001],[4.25116,40.000981],[4.25115,40.00096],[4.251155,40.000947],[4.251173,40.000928],[4.251195,40.000912],[4.251214,40.00091],[4.251239,40.000914],[4.251269,40.000924],[4.251296,40.000931],[4.251326,40.000938],[4.251357,40.000939],[4.251387,40.000934],[4.251413,40.000923],[4.251428,40.000909],[4.251425,40.000898],[4.25141,40.000884],[4.251391,40.000866],[4.251375,40.000847],[4.251361,40.000825],[4.251359,40.000803],[4.251369,40.000792],[4.251391,40.000782],[4.251411,40.000781],[4.251441,40.000785],[4.251469,40.000792],[4.251499,40.0008],[4.251527,40.000806],[4.251557,40.000813],[4.251587,40.000817],[4.251617,40.000816],[4.251648,40.000816],[4.251677,40.000812],[4.251703,40.000801],[4.251724,40.000786],[4.25175,40.000775],[4.251779,40.000769],[4.251794,40.000757],[4.25181,40.000737],[4.251809,40.000722],[4.251804,40.0007],[4.251808,40.000677],[4.251822,40.000658],[4.251822,40.000641],[4.251813,40.000628],[4.251792,40.000611],[4.25177,40.000596],[4.251746,40.000581],[4.251722,40.000565],[4.2517,40.000548],[4.251681,40.000532],[4.251667,40.000511],[4.251661,40.000489],[4.251645,40.000477],[4.251621,40.000463],[4.251613,40.000449],[4.251616,40.000434],[4.251609,40.000416],[4.251593,40.000398],[4.251576,40.000379],[4.251552,40.000364],[4.251527,40.00035],[4.251502,40.000336],[4.251477,40.000323],[4.25145,40.000311],[4.251423,40.000299],[4.251404,40.000281],[4.251392,40.000261],[4.251387,40.000237],[4.251377,40.000216],[4.251364,40.000196],[4.25135,40.000175],[4.251337,40.000154],[4.251323,40.000134],[4.25131,40.000112],[4.251304,40.000089],[4.251299,40.000066],[4.251295,40.000043],[4.251291,40.000019],[4.251289,40.000002],[4.251288,39.999996],[4.251287,39.999973],[4.251286,39.999951],[4.251285,39.999927],[4.251285,39.999904],[4.25129,39.999881],[4.251297,39.999859],[4.251302,39.999835],[4.251306,39.999813],[4.251314,39.99979],[4.251325,39.999768],[4.251338,39.999746],[4.251353,39.999725],[4.251367,39.999704],[4.251379,39.999683],[4.251389,39.99966],[4.251397,39.999637],[4.251406,39.999614],[4.251415,39.999591],[4.251424,39.999569],[4.251434,39.999548],[4.251447,39.999526],[4.251463,39.999505],[4.251481,39.999487],[4.251502,39.99947],[4.251518,39.99945],[4.25153,39.999429],[4.251543,39.999409],[4.251556,39.999405],[4.251572,39.999408],[4.2516,39.999418],[4.251629,39.999425],[4.25166,39.999425],[4.251682,39.999418],[4.251689,39.999407],[4.251688,39.99939],[4.251677,39.999372],[4.251662,39.999366],[4.251635,39.999365],[4.251614,39.999373],[4.251585,39.999378],[4.251571,39.999371],[4.251558,39.999355],[4.251563,39.999347],[4.251575,39.999345],[4.251597,39.999334],[4.251618,39.999317],[4.251645,39.999307],[4.251675,39.999301],[4.251704,39.999295],[4.251712,39.999285],[4.251712,39.999272],[4.251711,39.999258],[4.251699,39.999237],[4.251677,39.999222],[4.251649,39.999213],[4.251621,39.999204],[4.251591,39.999203],[4.251562,39.999209],[4.251532,39.999208],[4.251503,39.999201],[4.251491,39.99919],[4.251489,39.999177],[4.251482,39.999154],[4.251477,39.999131],[4.251467,39.999109],[4.251453,39.999089],[4.251441,39.999069],[4.251423,39.99905],[4.251404,39.999033],[4.251387,39.999014],[4.25138,39.998994],[4.251387,39.998983],[4.251403,39.998974],[4.251412,39.998959],[4.251404,39.998953],[4.251386,39.998949],[4.25136,39.998937],[4.25135,39.998922],[4.251357,39.998913],[4.251379,39.998901],[4.251404,39.998895],[4.251433,39.998887],[4.251443,39.998875],[4.251437,39.998867],[4.251421,39.998863],[4.251391,39.998857],[4.251362,39.998853],[4.251331,39.998851],[4.251304,39.998841],[4.251278,39.998829],[4.251256,39.998814],[4.251241,39.998794],[4.251224,39.998775],[4.251204,39.998766],[4.251179,39.998765],[4.251149,39.998767],[4.251119,39.998771],[4.25109,39.998776],[4.251061,39.998779],[4.251031,39.998777],[4.251002,39.99877],[4.250976,39.998759],[4.250961,39.998744],[4.250953,39.998722],[4.250954,39.998699],[4.250955,39.998676],[4.250958,39.998653],[4.250959,39.998631],[4.250959,39.998608],[4.250961,39.998586],[4.250971,39.998564],[4.250981,39.998543],[4.250994,39.998522],[4.251012,39.998503],[4.251035,39.998487],[4.251058,39.998472],[4.251082,39.998458],[4.251104,39.998441],[4.251128,39.998427],[4.251152,39.998414],[4.251177,39.998401],[4.251202,39.998388],[4.251228,39.998375],[4.251253,39.998363],[4.251279,39.998351],[4.251304,39.998338],[4.251331,39.998329],[4.251356,39.998329],[4.251381,39.998338],[4.251405,39.998352],[4.251427,39.998368],[4.251449,39.998384],[4.251469,39.998402],[4.251487,39.99842],[4.251507,39.998437],[4.251525,39.998456],[4.251545,39.998475],[4.251566,39.998493],[4.251592,39.998506],[4.251619,39.998517],[4.251645,39.998528],[4.251656,39.998542],[4.251675,39.99856],[4.251699,39.998576],[4.251726,39.998589],[4.251754,39.9986],[4.251782,39.998609],[4.251812,39.998617],[4.251842,39.998622],[4.251872,39.998622],[4.251903,39.998618],[4.251933,39.998615],[4.251962,39.998611],[4.251992,39.998606],[4.252021,39.9986],[4.25205,39.998591],[4.252079,39.998587],[4.252109,39.998585],[4.252139,39.998584],[4.252168,39.998582],[4.252199,39.99858],[4.252229,39.998578],[4.252257,39.998573],[4.252276,39.998562],[4.252296,39.998545],[4.252311,39.998525],[4.252321,39.998503],[4.25233,39.998481],[4.252339,39.998459],[4.252356,39.998441],[4.25237,39.99844],[4.252387,39.998446],[4.252412,39.99846],[4.252438,39.998473],[4.252465,39.998486],[4.252491,39.998496],[4.252513,39.998512],[4.252533,39.99853],[4.252554,39.998547],[4.252576,39.998563],[4.252603,39.998577],[4.252628,39.99859],[4.252653,39.998603],[4.25268,39.998614],[4.252708,39.998621],[4.252739,39.998625],[4.252769,39.998621],[4.252788,39.99861],[4.252814,39.998597],[4.252838,39.998594],[4.252868,39.998592],[4.252897,39.998587],[4.252925,39.998578],[4.252949,39.998564],[4.252963,39.998547],[4.252975,39.998525],[4.252985,39.998504],[4.252992,39.998481],[4.253004,39.99846],[4.253016,39.998439],[4.253032,39.998429],[4.253056,39.998425],[4.253065,39.998431],[4.253079,39.998451],[4.253097,39.99847],[4.253116,39.998477],[4.253147,39.998479],[4.25317,39.998488],[4.253196,39.998501],[4.253213,39.9985],[4.253243,39.998493],[4.25326,39.998498],[4.25329,39.998502],[4.253303,39.998495],[4.253331,39.998487],[4.253345,39.998492],[4.253374,39.998498],[4.253396,39.998495],[4.253418,39.998483],[4.253443,39.99848],[4.253469,39.99847],[4.253473,39.998464],[4.253478,39.998458],[4.25349,39.998437],[4.253507,39.998428],[4.253529,39.998425],[4.253548,39.998432],[4.253564,39.998445],[4.253583,39.998463],[4.253603,39.99848],[4.253609,39.998496],[4.253609,39.99852],[4.253607,39.998544],[4.253612,39.998567],[4.253625,39.998583],[4.253644,39.998593],[4.253672,39.998599],[4.253703,39.998601],[4.253732,39.998602],[4.253762,39.998602],[4.253793,39.9986],[4.253822,39.998591],[4.253848,39.998578],[4.253878,39.998571],[4.253908,39.998564],[4.253922,39.998552],[4.25392,39.998541],[4.253907,39.998526],[4.253884,39.99851],[4.253874,39.998491],[4.253882,39.998485],[4.253903,39.998478],[4.253913,39.998484],[4.253932,39.998502],[4.253945,39.998523],[4.253965,39.998534],[4.253983,39.998536],[4.254013,39.998534],[4.254043,39.998533],[4.25406,39.998524],[4.25407,39.99851],[4.254066,39.998499],[4.25405,39.998479],[4.25405,39.998465],[4.25406,39.998458],[4.254077,39.998456],[4.254105,39.99846],[4.254134,39.998466],[4.254164,39.998466],[4.254193,39.998463],[4.254224,39.998459],[4.254253,39.998454],[4.254279,39.998443],[4.2543,39.998427],[4.254321,39.998411],[4.254345,39.998397],[4.254371,39.998386],[4.2544,39.998384],[4.254426,39.998389],[4.254447,39.9984],[4.254461,39.998418],[4.254458,39.998428],[4.254443,39.998437],[4.254416,39.998444],[4.25439,39.998455],[4.254367,39.998469],[4.254344,39.998484],[4.254326,39.998502],[4.254309,39.998522],[4.254287,39.998532],[4.254258,39.998538],[4.25425,39.998531],[4.254236,39.998511],[4.254223,39.998509],[4.254194,39.998506],[4.254165,39.998509],[4.25414,39.99852],[4.254122,39.998538],[4.254107,39.998559],[4.254096,39.998581],[4.254101,39.998593],[4.254118,39.998608],[4.254144,39.998622],[4.254172,39.998633],[4.254201,39.998643],[4.254227,39.998658],[4.254253,39.998669],[4.254274,39.998669],[4.254304,39.998667],[4.254332,39.99866],[4.254355,39.998646],[4.254381,39.998636],[4.254408,39.998624],[4.25443,39.998609],[4.254458,39.998598],[4.254481,39.9986],[4.254511,39.998595],[4.254528,39.998584],[4.254533,39.99857],[4.254533,39.998548],[4.254544,39.998536],[4.254561,39.99853],[4.254591,39.998523],[4.254604,39.998512],[4.254605,39.998499],[4.254601,39.998475],[4.254601,39.998452],[4.254607,39.998429],[4.254601,39.998414],[4.254591,39.998391],[4.254596,39.99838],[4.25461,39.998373],[4.254638,39.998364],[4.254645,39.998354],[4.254641,39.998342],[4.254624,39.998324],[4.254604,39.998307],[4.254584,39.99829],[4.254587,39.99828],[4.254599,39.998272],[4.254623,39.998259],[4.254637,39.998241],[4.254635,39.998228],[4.254633,39.998206],[4.254633,39.998183],[4.254639,39.998159],[4.254642,39.998136],[4.254645,39.998114],[4.254648,39.998091],[4.254656,39.998068],[4.254662,39.998046],[4.254674,39.998025],[4.254688,39.998019],[4.254715,39.99801],[4.25473,39.997997],[4.254721,39.997992],[4.254699,39.99799],[4.25467,39.997989],[4.254642,39.99798],[4.254628,39.997969],[4.254624,39.997966],[4.254611,39.997945],[4.25459,39.997929],[4.254569,39.997912],[4.254561,39.997893],[4.254565,39.997878],[4.25458,39.997857],[4.254602,39.99784],[4.254625,39.997826],[4.254651,39.997815],[4.25468,39.997805],[4.254709,39.997797],[4.254739,39.997792],[4.254771,39.99779],[4.2548,39.997791],[4.254831,39.997795],[4.254862,39.9978],[4.25489,39.997806],[4.254919,39.997814],[4.254947,39.997825],[4.254953,39.99783],[4.254964,39.99784],[4.25498,39.997859],[4.254981,39.997877],[4.254972,39.997884],[4.254948,39.997898],[4.254947,39.99791],[4.254955,39.997926],[4.254968,39.99793],[4.254997,39.997933],[4.255011,39.997942],[4.255019,39.997958],[4.255026,39.997981],[4.255029,39.998004],[4.255042,39.998025],[4.255057,39.998045],[4.255071,39.998066],[4.255086,39.998087],[4.255098,39.998109],[4.255096,39.998127],[4.255094,39.99815],[4.255081,39.998167],[4.25506,39.998183],[4.255055,39.998198],[4.255061,39.998211],[4.255076,39.998221],[4.255102,39.998234],[4.255126,39.998246],[4.255154,39.998257],[4.255182,39.998266],[4.255209,39.998279],[4.255232,39.998293],[4.255247,39.998312],[4.255259,39.998333],[4.255277,39.998352],[4.255296,39.99837],[4.255321,39.998383],[4.255344,39.998397],[4.255364,39.998415],[4.255377,39.998437],[4.25539,39.998457],[4.255404,39.998478],[4.255414,39.9985],[4.255426,39.998521],[4.255439,39.998542],[4.255455,39.998561],[4.255468,39.998583],[4.255487,39.998601],[4.255506,39.998618],[4.255521,39.998638],[4.255539,39.998658],[4.255552,39.998678],[4.255561,39.9987],[4.255567,39.998722],[4.255562,39.998743],[4.255546,39.998761],[4.255527,39.998769],[4.255505,39.998769],[4.255475,39.998763],[4.255448,39.998754],[4.255433,39.998758],[4.255409,39.998772],[4.255386,39.998776],[4.255357,39.99878],[4.255349,39.998789],[4.255331,39.998808],[4.255326,39.998826],[4.255335,39.998835],[4.255357,39.998844],[4.255374,39.998861],[4.255391,39.998862],[4.2554,39.998854],[4.255415,39.998834],[4.255433,39.998824],[4.255445,39.998828],[4.255461,39.99884],[4.255486,39.998854],[4.255511,39.998857],[4.255538,39.998867],[4.255544,39.998877],[4.255536,39.998883],[4.255518,39.998885],[4.255487,39.998887],[4.255458,39.998889],[4.255428,39.998894],[4.2554,39.998901],[4.255375,39.998915],[4.255373,39.998925],[4.255382,39.998932],[4.2554,39.998936],[4.25543,39.998935],[4.255459,39.998937],[4.255489,39.998941],[4.255509,39.998952],[4.255498,39.998956],[4.255469,39.998962],[4.255439,39.998964],[4.255409,39.998965],[4.2554,39.998973],[4.255409,39.998978],[4.255433,39.998982],[4.255463,39.998984],[4.255492,39.998989],[4.255498,39.998998],[4.255489,39.999004],[4.255469,39.999007],[4.255438,39.999007],[4.255407,39.999005],[4.25538,39.999012],[4.255377,39.999021],[4.255379,39.999045],[4.255369,39.999059],[4.255356,39.99906],[4.255326,39.999058],[4.255295,39.999058],[4.255265,39.999059],[4.255235,39.999059],[4.255205,39.999059],[4.25518,39.999066],[4.255177,39.999075],[4.255184,39.99909],[4.255196,39.999095],[4.255224,39.999102],[4.255251,39.999112],[4.255275,39.999125],[4.255301,39.999137],[4.255317,39.999153],[4.255312,39.99916],[4.255307,39.999182],[4.255314,39.999195],[4.255329,39.999201],[4.255357,39.999203],[4.255374,39.999197],[4.255393,39.999181],[4.255409,39.999161],[4.255429,39.999144],[4.255441,39.999146],[4.255468,39.999157],[4.255495,39.999166],[4.255504,39.999177],[4.255495,39.999181],[4.255469,39.999184],[4.255448,39.999194],[4.25545,39.999202],[4.255448,39.999225],[4.255438,39.99923],[4.255416,39.99923],[4.255387,39.99923],[4.255357,39.999232],[4.255328,39.999239],[4.255306,39.999252],[4.255301,39.999265],[4.255307,39.999276],[4.255329,39.999293],[4.255353,39.999306],[4.255378,39.999319],[4.255397,39.999336],[4.255395,39.999347],[4.255384,39.999351],[4.255355,39.999354],[4.255325,39.999352],[4.255295,39.99935],[4.255266,39.999354],[4.25525,39.999363],[4.255233,39.999383],[4.255226,39.999406],[4.255231,39.999421],[4.255248,39.999436],[4.255268,39.999442],[4.255297,39.999446],[4.255327,39.999447],[4.255359,39.999449],[4.255381,39.999459],[4.255398,39.999475],[4.255419,39.999482],[4.255449,39.999486],[4.25548,39.999485],[4.25551,39.999488],[4.25554,39.999494],[4.25557,39.999495],[4.255599,39.999491],[4.255628,39.999493],[4.255658,39.9995],[4.255686,39.999508],[4.255715,39.999517],[4.255744,39.999523],[4.255773,39.999529],[4.255802,39.999537],[4.25583,39.999543],[4.25586,39.999547],[4.25589,39.999543],[4.25592,39.99954],[4.255951,39.999538],[4.255982,39.999536],[4.256012,39.999535],[4.256042,39.999534],[4.256073,39.999532],[4.256104,39.999532],[4.256133,39.999531],[4.256163,39.99953],[4.256195,39.999531],[4.256226,39.999534],[4.256255,39.999538],[4.256284,39.999545],[4.256313,39.999549],[4.256342,39.999546],[4.25637,39.999537],[4.256397,39.999536],[4.256428,39.999539],[4.256458,39.999542],[4.256487,39.999548],[4.256519,39.999549],[4.25655,39.999547],[4.25658,39.999541],[4.256606,39.999529],[4.256633,39.999518],[4.256663,39.999513],[4.256694,39.999513],[4.256722,39.999519],[4.256749,39.999527],[4.256779,39.99953],[4.25679,39.999522],[4.256796,39.999507],[4.256794,39.999486],[4.256796,39.999462],[4.256807,39.999443],[4.256823,39.999423],[4.256838,39.999403],[4.256861,39.999387],[4.256883,39.999383],[4.256914,39.999383],[4.256945,39.999386],[4.256976,39.999383],[4.257007,39.99938],[4.257036,39.999377],[4.257067,39.999373],[4.257095,39.999364],[4.257118,39.999349],[4.257145,39.999342],[4.257166,39.999344],[4.257195,39.999348],[4.257226,39.999352],[4.257255,39.999349],[4.257273,39.999339],[4.257281,39.999325],[4.257292,39.999304],[4.257296,39.999282],[4.257294,39.999259],[4.257289,39.999235],[4.257275,39.999218],[4.257258,39.99921],[4.257227,39.999204],[4.257199,39.999199],[4.257169,39.999194],[4.257142,39.999186],[4.257112,39.999183],[4.257082,39.999183],[4.257052,39.999184],[4.257021,39.999185],[4.256992,39.999185],[4.256981,39.999177],[4.256976,39.999163],[4.25696,39.999143],[4.256942,39.999137],[4.25691,39.999135],[4.25688,39.999138],[4.256851,39.999143],[4.256822,39.999148],[4.256808,39.999158],[4.256807,39.999169],[4.256817,39.999188],[4.256832,39.999208],[4.256841,39.99923],[4.256839,39.99925],[4.256828,39.999255],[4.256809,39.999254],[4.256789,39.999246],[4.256787,39.999236],[4.256772,39.999216],[4.256759,39.999214],[4.256729,39.999215],[4.256707,39.999209],[4.256713,39.999201],[4.25673,39.999194],[4.256758,39.999186],[4.256772,39.999174],[4.256786,39.999153],[4.25679,39.999129],[4.256782,39.999114],[4.256765,39.999103],[4.256749,39.999103],[4.256719,39.999104],[4.25669,39.999101],[4.256662,39.999092],[4.256636,39.999082],[4.256621,39.999067],[4.256609,39.999046],[4.256602,39.999023],[4.256597,39.999],[4.256585,39.998979],[4.256569,39.998961],[4.256555,39.998939],[4.256541,39.998919],[4.256529,39.998896],[4.256512,39.998877],[4.256493,39.998858],[4.256478,39.998838],[4.25646,39.998819],[4.256449,39.998798],[4.256436,39.998777],[4.256418,39.998759],[4.256405,39.998738],[4.256396,39.998716],[4.256394,39.998693],[4.2564,39.99867],[4.256412,39.998662],[4.256432,39.998659],[4.256459,39.998649],[4.256464,39.998639],[4.25646,39.998619],[4.256448,39.998602],[4.256436,39.998581],[4.256439,39.998567],[4.25644,39.998544],[4.256441,39.99852],[4.256446,39.998496],[4.256454,39.998475],[4.256466,39.998453],[4.256479,39.998431],[4.256496,39.998411],[4.256517,39.998395],[4.256539,39.998377],[4.256556,39.998358],[4.256572,39.998338],[4.256591,39.998321],[4.256608,39.998317],[4.25664,39.998314],[4.256666,39.998304],[4.25669,39.998289],[4.256713,39.998273],[4.256732,39.998255],[4.256733,39.998242],[4.256723,39.998231],[4.256703,39.998214],[4.256701,39.998201],[4.25671,39.998193],[4.25673,39.998186],[4.256757,39.998177],[4.256776,39.998162],[4.25679,39.99814],[4.256796,39.998118],[4.256793,39.998095],[4.25678,39.998073],[4.256761,39.998055],[4.256745,39.998036],[4.256744,39.99802],[4.256755,39.998013],[4.256782,39.998005],[4.256812,39.998002],[4.25684,39.997994],[4.256865,39.99798],[4.256878,39.997963],[4.256886,39.997941],[4.256897,39.997919],[4.256907,39.997898],[4.256927,39.997881],[4.256942,39.99788],[4.256969,39.99787],[4.256991,39.997854],[4.257,39.997837],[4.256996,39.997823],[4.256984,39.997801],[4.256971,39.997779],[4.256972,39.997761],[4.256978,39.997739],[4.256985,39.997716],[4.256994,39.997693],[4.257003,39.997671],[4.257015,39.997649],[4.257033,39.99763],[4.257056,39.997614],[4.257078,39.997599],[4.257104,39.997587],[4.257131,39.997576],[4.257159,39.997566],[4.257187,39.997554],[4.257214,39.997544],[4.257243,39.997538],[4.257273,39.997532],[4.257302,39.997525],[4.257333,39.997518],[4.257362,39.997514],[4.257395,39.997515],[4.257424,39.997518],[4.257455,39.997525],[4.257483,39.997532],[4.257512,39.997537],[4.257543,39.997544],[4.257572,39.997548],[4.257603,39.997548],[4.257632,39.997552],[4.257664,39.997556],[4.257693,39.997562],[4.257719,39.997572],[4.257745,39.997584],[4.257774,39.997593],[4.257805,39.997596],[4.257833,39.99759],[4.257859,39.997578],[4.257877,39.997561],[4.257891,39.99754],[4.257912,39.997526],[4.257938,39.997513],[4.257963,39.997502],[4.25799,39.99749],[4.258015,39.997476],[4.258039,39.99746],[4.258061,39.997443],[4.258082,39.997427],[4.258106,39.997413],[4.258135,39.997402],[4.258163,39.997392],[4.258193,39.997383],[4.258221,39.997375],[4.25825,39.997369],[4.258279,39.997363],[4.258304,39.99735],[4.258326,39.997335],[4.258346,39.997318],[4.258365,39.997299],[4.258389,39.997285],[4.258415,39.997275],[4.258443,39.997266],[4.258462,39.997251],[4.258486,39.997238],[4.258503,39.997219],[4.258525,39.997204],[4.258544,39.997202],[4.258556,39.997209],[4.258561,39.997221],[4.258577,39.997232],[4.258591,39.997231],[4.25862,39.997228],[4.258631,39.997227],[4.258634,39.997227],[4.258661,39.997226],[4.258693,39.997226],[4.258724,39.997228],[4.258755,39.99723],[4.258786,39.997233],[4.258818,39.997236],[4.258848,39.997239],[4.258878,39.997243],[4.258907,39.997247],[4.258938,39.997251],[4.258968,39.997257],[4.258996,39.997265],[4.259025,39.997275],[4.259054,39.997286],[4.259083,39.997296],[4.259109,39.997306],[4.259136,39.997315],[4.259163,39.997325],[4.259193,39.997332],[4.259219,39.997344],[4.259242,39.997358],[4.259268,39.997371],[4.259277,39.997385],[4.259296,39.997395],[4.259307,39.997391],[4.259324,39.997395],[4.259345,39.997407],[4.259364,39.997424],[4.259384,39.997442],[4.2594,39.997456],[4.259419,39.997472],[4.259442,39.997487],[4.259469,39.997494],[4.259492,39.997508],[4.259492,39.997519],[4.259483,39.997529],[4.259475,39.997549],[4.259484,39.997554],[4.259506,39.99757],[4.259533,39.997582],[4.259553,39.997599],[4.259571,39.997618],[4.259594,39.997633],[4.25961,39.997651],[4.25962,39.997674],[4.259628,39.997696],[4.259629,39.99772],[4.259638,39.997742],[4.259646,39.997763],[4.259656,39.997785],[4.259673,39.997804],[4.259687,39.997825],[4.259698,39.997847],[4.259706,39.997869],[4.259715,39.997892],[4.259722,39.997915],[4.259724,39.997939],[4.259725,39.997963],[4.259721,39.997985],[4.259707,39.998003],[4.259685,39.998018],[4.25967,39.998038],[4.259673,39.99805],[4.259678,39.998072],[4.259669,39.99808],[4.259653,39.9981],[4.259649,39.998121],[4.259638,39.998143],[4.259619,39.998161],[4.2596,39.998179],[4.259576,39.998189],[4.259554,39.99819],[4.259532,39.998199],[4.25952,39.998213],[4.259524,39.998223],[4.259539,39.998235],[4.259547,39.998253],[4.259538,39.998257],[4.259521,39.998274],[4.259518,39.99829],[4.259519,39.998314],[4.259526,39.998336],[4.259528,39.998359],[4.259524,39.998382],[4.259511,39.998402],[4.259501,39.998424],[4.2595,39.998447],[4.2595,39.998469],[4.259498,39.998493],[4.259487,39.998506],[4.259465,39.998518],[4.259439,39.998522],[4.259411,39.998529],[4.259404,39.998539],[4.259407,39.998552],[4.25942,39.998568],[4.259419,39.99858],[4.259407,39.998589],[4.2594,39.998606],[4.259408,39.998617],[4.259428,39.998633],[4.259426,39.998643],[4.259415,39.998647],[4.259387,39.998648],[4.259357,39.998645],[4.259328,39.998648],[4.259304,39.998658],[4.259278,39.99867],[4.25925,39.99868],[4.259219,39.998682],[4.259201,39.998675],[4.259179,39.998676],[4.259149,39.998683],[4.259121,39.998694],[4.259095,39.998705],[4.259071,39.998719],[4.259052,39.998736],[4.259026,39.998749],[4.258999,39.998752],[4.258968,39.998754],[4.258939,39.998754],[4.258908,39.998752],[4.258878,39.998753],[4.258847,39.998756],[4.258818,39.998761],[4.25879,39.99877],[4.258778,39.998783],[4.25877,39.998805],[4.258774,39.998822],[4.258788,39.99884],[4.258812,39.998853],[4.258837,39.998858],[4.258852,39.998869],[4.258842,39.998873],[4.258814,39.998879],[4.258789,39.998892],[4.258786,39.998902],[4.258795,39.998908],[4.25882,39.998914],[4.258849,39.998916],[4.258879,39.998916],[4.258908,39.998913],[4.258937,39.998906],[4.258961,39.998892],[4.25896,39.998883],[4.258967,39.99886],[4.25898,39.998853],[4.259007,39.998843],[4.259036,39.998836],[4.259067,39.998832],[4.259096,39.998827],[4.259127,39.998823],[4.259158,39.99882],[4.259189,39.998817],[4.259219,39.998814],[4.259248,39.998807],[4.259271,39.998794],[4.259289,39.998774],[4.259306,39.998756],[4.259332,39.998741],[4.259351,39.99874],[4.259378,39.998746],[4.259394,39.998757],[4.259419,39.998769],[4.259433,39.998766],[4.259455,39.998754],[4.259479,39.99875],[4.259507,39.998753],[4.259536,39.998762],[4.259554,39.998759],[4.259583,39.99875],[4.259613,39.998744],[4.259643,39.998745],[4.259659,39.998754],[4.259682,39.998769],[4.259698,39.998789],[4.259695,39.998799],[4.259682,39.998802],[4.259663,39.998799],[4.259634,39.998801],[4.259604,39.998808],[4.259578,39.998817],[4.259566,39.99883],[4.259546,39.998838],[4.259531,39.998835],[4.259504,39.998823],[4.259476,39.99882],[4.259459,39.998827],[4.259453,39.998837],[4.259453,39.998861],[4.259462,39.998884],[4.259467,39.998907],[4.259471,39.99893],[4.259484,39.99895],[4.259504,39.998964],[4.259531,39.998973],[4.259556,39.998973],[4.259585,39.998968],[4.259616,39.99896],[4.259642,39.998949],[4.259668,39.998935],[4.259694,39.998925],[4.259722,39.998915],[4.259748,39.998903],[4.259776,39.998894],[4.259804,39.998887],[4.259834,39.998883],[4.259865,39.99888],[4.259895,39.998879],[4.259926,39.998877],[4.259957,39.998875],[4.259988,39.998872],[4.260018,39.998868],[4.260048,39.998862],[4.260077,39.998856],[4.260107,39.998858],[4.260136,39.998863],[4.260164,39.998861],[4.260178,39.998851],[4.260176,39.998841],[4.260182,39.998819],[4.260194,39.998817],[4.260217,39.998823],[4.260248,39.998825],[4.260271,39.998819],[4.260298,39.99881],[4.260326,39.998801],[4.260353,39.99879],[4.260376,39.998776],[4.260399,39.998772],[4.26043,39.998769],[4.260459,39.998763],[4.260484,39.99875],[4.260497,39.998733],[4.260516,39.998715],[4.260538,39.998699],[4.260561,39.998683],[4.260582,39.998666],[4.260604,39.998651],[4.260631,39.998641],[4.260661,39.998633],[4.260692,39.998629],[4.260722,39.998628],[4.260752,39.998627],[4.260783,39.998626],[4.260814,39.998628],[4.260846,39.998631],[4.260875,39.998632],[4.260905,39.998635],[4.260935,39.99864],[4.260965,39.998647],[4.260994,39.998653],[4.261023,39.998658],[4.261049,39.998655],[4.261079,39.998651],[4.261111,39.998649],[4.261141,39.998648],[4.261171,39.998651],[4.261202,39.998655],[4.261231,39.99865],[4.261258,39.998639],[4.261286,39.998634],[4.261316,39.998635],[4.261347,39.998633],[4.261378,39.998632],[4.261407,39.998629],[4.261438,39.998623],[4.261468,39.998618],[4.261497,39.998614],[4.261528,39.99861],[4.261557,39.998605],[4.261586,39.998599],[4.261616,39.998593],[4.261645,39.998586],[4.261673,39.998578],[4.261702,39.998568],[4.261729,39.998557],[4.261755,39.998545],[4.261783,39.998535],[4.26181,39.998526],[4.261837,39.998516],[4.261851,39.998519],[4.261853,39.998528],[4.261845,39.998539],[4.261827,39.998557],[4.261814,39.998577],[4.261798,39.998585],[4.261768,39.998591],[4.261738,39.998597],[4.261706,39.998603],[4.261676,39.998609],[4.261648,39.998616],[4.261617,39.998623],[4.261586,39.99863],[4.261557,39.998638],[4.261527,39.998646],[4.261499,39.998654],[4.261472,39.998664],[4.261449,39.998678],[4.261438,39.998695],[4.261429,39.998717],[4.261414,39.998725],[4.26139,39.998728],[4.26136,39.998727],[4.26133,39.998726],[4.261298,39.998726],[4.261266,39.998726],[4.261235,39.998726],[4.261203,39.998726],[4.261171,39.998725],[4.261141,39.998722],[4.261111,39.998723],[4.261089,39.998731],[4.261088,39.99874],[4.261096,39.998753],[4.261109,39.998774],[4.261116,39.998796],[4.261115,39.998819],[4.261105,39.998827],[4.261083,39.998842],[4.261083,39.998853],[4.261091,39.998875],[4.261103,39.998882],[4.261126,39.998884],[4.261157,39.998881],[4.261186,39.998879],[4.261216,39.998877],[4.261246,39.998878],[4.261276,39.998882],[4.261307,39.998886],[4.261337,39.998888],[4.261367,39.99889],[4.261398,39.998893],[4.261426,39.998888],[4.261455,39.998885],[4.261485,39.998887],[4.261515,39.998887],[4.261542,39.998879],[4.261569,39.998867],[4.261589,39.998869],[4.261616,39.99888],[4.261644,39.99889],[4.261669,39.998902],[4.261692,39.998917],[4.26172,39.998925],[4.26175,39.998927],[4.261781,39.998924],[4.26181,39.998917],[4.261834,39.998903],[4.261855,39.998885],[4.261878,39.998878],[4.261907,39.998875],[4.261937,39.998869],[4.261966,39.998862],[4.261995,39.998856],[4.262025,39.998853],[4.262055,39.998854],[4.262084,39.99886],[4.262114,39.998866],[4.262144,39.998865],[4.262174,39.998859],[4.262203,39.998849],[4.262232,39.998846],[4.26226,39.99885],[4.26229,39.998857],[4.262319,39.998863],[4.262351,39.998865],[4.262382,39.998867],[4.262413,39.998866],[4.262444,39.998867],[4.262475,39.998868],[4.262505,39.998865],[4.26252,39.998856],[4.262518,39.998847],[4.262504,39.998839],[4.262477,39.998829],[4.262475,39.998819],[4.262483,39.998807],[4.262479,39.998795],[4.262464,39.998784],[4.262438,39.998772],[4.262414,39.998758],[4.262413,39.998747],[4.262422,39.998735],[4.262444,39.998719],[4.262469,39.998708],[4.26249,39.998691],[4.262494,39.998678],[4.262486,39.998668],[4.262469,39.998663],[4.262438,39.998659],[4.262411,39.99865],[4.262399,39.998637],[4.262398,39.998623],[4.262407,39.998612],[4.262429,39.998596],[4.262455,39.998586],[4.262484,39.99858],[4.262508,39.998567],[4.262533,39.998554],[4.262559,39.998543],[4.26259,39.998538],[4.262613,39.998543],[4.262639,39.998555],[4.262661,39.998572],[4.262676,39.998592],[4.262701,39.998607],[4.262728,39.998616],[4.262757,39.99862],[4.262786,39.998616],[4.262816,39.998607],[4.262842,39.998595],[4.26287,39.998587],[4.262894,39.998588],[4.262922,39.998595],[4.262951,39.998601],[4.26298,39.998603],[4.263009,39.998604],[4.263017,39.998612],[4.26303,39.998613],[4.263045,39.998606],[4.263073,39.998599],[4.263093,39.998602],[4.263121,39.998609],[4.263119,39.998617],[4.263108,39.998622],[4.263077,39.998627],[4.263046,39.998628],[4.263016,39.998626],[4.262986,39.998625],[4.262955,39.998625],[4.262926,39.998629],[4.262905,39.998641],[4.262891,39.998658],[4.262868,39.998672],[4.26284,39.998678],[4.26281,39.998679],[4.262781,39.998672],[4.262754,39.998663],[4.262727,39.998652],[4.262698,39.998645],[4.262673,39.998646],[4.262642,39.998649],[4.262623,39.998659],[4.262621,39.99867],[4.262629,39.998681],[4.262651,39.998694],[4.262679,39.998704],[4.262702,39.99872],[4.262726,39.998734],[4.262755,39.998745],[4.262784,39.998749],[4.262813,39.998753],[4.262837,39.998766],[4.262844,39.998779],[4.262851,39.998801],[4.262864,39.998809],[4.262886,39.998812],[4.262918,39.998811],[4.262947,39.99881],[4.262978,39.998807],[4.263007,39.998802],[4.263038,39.998799],[4.263058,39.998804],[4.263086,39.998814],[4.263115,39.998822],[4.263115,39.998831],[4.263104,39.998836],[4.263077,39.998845],[4.26305,39.998855],[4.263047,39.998865],[4.263056,39.998873],[4.263081,39.998885],[4.26311,39.998894],[4.263138,39.998903],[4.263145,39.998914],[4.26314,39.998923],[4.263123,39.99893],[4.263099,39.998931],[4.263068,39.99893],[4.263036,39.998928],[4.263007,39.998927],[4.262975,39.998925],[4.262944,39.998924],[4.262914,39.998925],[4.262902,39.998934],[4.262905,39.998943],[4.262919,39.99895],[4.262947,39.99896],[4.262976,39.99897],[4.263005,39.998977],[4.263036,39.998978],[4.263066,39.998977],[4.263097,39.998979],[4.263126,39.998984],[4.263155,39.998992],[4.263183,39.999],[4.263211,39.999007],[4.26324,39.999013],[4.26327,39.999011],[4.263298,39.999005],[4.26331,39.998995],[4.263314,39.998979],[4.263326,39.998975],[4.26334,39.99898],[4.263366,39.998992],[4.263392,39.999004],[4.263421,39.999013],[4.263445,39.999012],[4.263461,39.999003],[4.263469,39.998989],[4.263469,39.998966],[4.263459,39.99896],[4.263431,39.998952],[4.263403,39.998942],[4.263379,39.998928],[4.263375,39.998915],[4.263383,39.998907],[4.2634,39.998904],[4.263422,39.998907],[4.26345,39.998913],[4.263479,39.99892],[4.263508,39.998928],[4.263531,39.998942],[4.263553,39.998957],[4.263581,39.998967],[4.26361,39.998972],[4.263641,39.99897],[4.26367,39.998969],[4.263702,39.998971],[4.263732,39.998977],[4.263749,39.99899],[4.263773,39.999004],[4.263797,39.999007],[4.263828,39.999008],[4.26386,39.999005],[4.263891,39.999004],[4.263921,39.999002],[4.263944,39.999009],[4.263972,39.999016],[4.263993,39.999013],[4.26401,39.999003],[4.264031,39.998985],[4.264053,39.998978],[4.264078,39.99898],[4.264092,39.998988],[4.264113,39.999006],[4.264132,39.99901],[4.264151,39.999005],[4.264165,39.998993],[4.264177,39.998972],[4.264194,39.998963],[4.264209,39.998964],[4.264238,39.998971],[4.264265,39.998982],[4.264294,39.998992],[4.264324,39.998994],[4.264344,39.998988],[4.264368,39.998973],[4.264393,39.998967],[4.264423,39.998967],[4.264454,39.998964],[4.264482,39.998956],[4.264499,39.998942],[4.264524,39.998928],[4.264551,39.998919],[4.264579,39.998908],[4.264604,39.998895],[4.264632,39.998888],[4.264661,39.998881],[4.264685,39.998866],[4.264695,39.99885],[4.264689,39.99884],[4.264672,39.998821],[4.264653,39.998803],[4.264631,39.998795],[4.264602,39.99879],[4.264573,39.998789],[4.264543,39.998784],[4.264538,39.998776],[4.264542,39.998764],[4.264555,39.998757],[4.264573,39.998757],[4.264602,39.998763],[4.264631,39.99877],[4.26466,39.998775],[4.264689,39.998773],[4.2647,39.998765],[4.264705,39.99875],[4.264703,39.998726],[4.264706,39.998703],[4.264717,39.998681],[4.264731,39.99866],[4.264747,39.99864],[4.264769,39.998625],[4.264789,39.998622],[4.264814,39.998628],[4.264844,39.998635],[4.264874,39.998638],[4.264904,39.998642],[4.264933,39.998647],[4.264955,39.998642],[4.264976,39.998629],[4.264994,39.998611],[4.26501,39.998591],[4.26503,39.998574],[4.265057,39.998562],[4.265087,39.998556],[4.265107,39.998543],[4.265112,39.99853],[4.265128,39.998522],[4.265147,39.998521],[4.265168,39.998527],[4.265194,39.99854],[4.265223,39.998549],[4.26525,39.998549],[4.265279,39.998541],[4.26529,39.99853],[4.265313,39.998521],[4.265333,39.998522],[4.265363,39.998528],[4.26538,39.998523],[4.265404,39.998507],[4.265427,39.998504],[4.265457,39.998506],[4.265485,39.998515],[4.265514,39.998524],[4.265541,39.998524],[4.265571,39.998517],[4.265601,39.99851],[4.26563,39.998501],[4.265657,39.998492],[4.265686,39.998482],[4.265714,39.998473],[4.26574,39.998461],[4.265769,39.998453],[4.265788,39.998455],[4.26581,39.998466],[4.265829,39.998483],[4.265849,39.9985],[4.265872,39.998516],[4.265894,39.998531],[4.265919,39.998544],[4.265944,39.998558],[4.265972,39.998565],[4.265991,39.99856],[4.266005,39.998549],[4.266033,39.998541],[4.266045,39.998545],[4.266076,39.998546],[4.266105,39.998541],[4.266135,39.998541],[4.266159,39.998549],[4.266175,39.998562],[4.266187,39.998584],[4.266187,39.998602],[4.266177,39.998608],[4.266158,39.998609],[4.266127,39.998611],[4.266097,39.998615],[4.266067,39.99862],[4.266037,39.998627],[4.266007,39.998634],[4.265981,39.998644],[4.265973,39.998657],[4.26598,39.998663],[4.265999,39.998668],[4.266029,39.998668],[4.266059,39.998667],[4.26609,39.998668],[4.26612,39.998666],[4.266149,39.998662],[4.266178,39.998657],[4.266207,39.998649],[4.266235,39.99864],[4.266257,39.998626],[4.266268,39.998607],[4.266271,39.998584],[4.26627,39.998561],[4.266269,39.998538],[4.266266,39.998514],[4.266259,39.998492],[4.266244,39.998472],[4.26623,39.998452],[4.266211,39.998435],[4.266187,39.998425],[4.266161,39.998413],[4.266153,39.9984],[4.266162,39.998396],[4.26619,39.998388],[4.266209,39.998391],[4.266229,39.998403],[4.266255,39.998413],[4.266284,39.998421],[4.266313,39.998425],[4.266345,39.998421],[4.266368,39.998426],[4.266395,39.998439],[4.266422,39.99845],[4.26645,39.998459],[4.266478,39.998468],[4.266497,39.998465],[4.266526,39.998456],[4.266541,39.998442],[4.266556,39.998423],[4.266572,39.998403],[4.266571,39.99839],[4.266581,39.998369],[4.266593,39.998368],[4.266622,39.998374],[4.26665,39.998382],[4.266679,39.998391],[4.266707,39.998399],[4.266736,39.998404],[4.266766,39.998408],[4.266795,39.99841],[4.266826,39.998408],[4.266854,39.998402],[4.266882,39.998394],[4.266911,39.998387],[4.266937,39.998376],[4.266957,39.998358],[4.266978,39.998342],[4.267002,39.998335],[4.267029,39.998337],[4.26706,39.998336],[4.267089,39.998335],[4.267118,39.998328],[4.267146,39.998318],[4.26717,39.998305],[4.267188,39.998287],[4.267207,39.998268],[4.267213,39.99825],[4.267209,39.998228],[4.267209,39.998205],[4.267219,39.998196],[4.267241,39.998181],[4.267257,39.998161],[4.267279,39.998145],[4.267298,39.998142],[4.267328,39.998142],[4.267349,39.998149],[4.267366,39.998163],[4.267379,39.998185],[4.2674,39.998201],[4.267416,39.998203],[4.267436,39.998197],[4.267465,39.998193],[4.267487,39.998197],[4.267498,39.998208],[4.267515,39.998227],[4.267527,39.998248],[4.267535,39.99827],[4.267551,39.998289],[4.267563,39.998311],[4.267567,39.998334],[4.267577,39.998355],[4.267592,39.998362],[4.267611,39.998361],[4.26764,39.998357],[4.267669,39.99835],[4.26769,39.998336],[4.267696,39.998322],[4.26769,39.99831],[4.26767,39.998293],[4.267649,39.998277],[4.267649,39.998265],[4.267659,39.998256],[4.267673,39.998236],[4.26768,39.998214],[4.267674,39.998196],[4.267658,39.998181],[4.267634,39.998169],[4.267606,39.998157],[4.267579,39.998144],[4.267551,39.998132],[4.267525,39.998121],[4.267497,39.998113],[4.267466,39.998108],[4.267434,39.998107],[4.267405,39.998101],[4.267377,39.998093],[4.267352,39.99808],[4.267346,39.998067],[4.267343,39.998044],[4.267337,39.998021],[4.267323,39.99801],[4.267305,39.998008],[4.267276,39.998003],[4.267246,39.997996],[4.267216,39.997993],[4.267196,39.997999],[4.267195,39.998007],[4.267203,39.998017],[4.267201,39.99803],[4.26719,39.998033],[4.26716,39.998035],[4.267131,39.998043],[4.267126,39.998053],[4.267131,39.998064],[4.267128,39.998085],[4.267116,39.998088],[4.267097,39.998085],[4.267071,39.998074],[4.267052,39.998056],[4.267028,39.998043],[4.267014,39.998046],[4.266988,39.998057],[4.266962,39.99807],[4.266932,39.998077],[4.266903,39.998081],[4.266875,39.998086],[4.266844,39.998087],[4.266822,39.998081],[4.266825,39.998073],[4.266843,39.998054],[4.266856,39.998034],[4.266857,39.998015],[4.266853,39.997992],[4.26684,39.997975],[4.266822,39.997958],[4.266812,39.997936],[4.26681,39.997913],[4.26682,39.997895],[4.266834,39.99789],[4.266857,39.997891],[4.266885,39.997898],[4.266916,39.997902],[4.266946,39.997902],[4.266977,39.997897],[4.267008,39.997893],[4.267037,39.997891],[4.267068,39.99789],[4.267098,39.997889],[4.267128,39.99789],[4.267158,39.997897],[4.267186,39.997902],[4.267206,39.997897],[4.267231,39.997884],[4.26726,39.997875],[4.267288,39.997867],[4.267314,39.997855],[4.267344,39.997847],[4.267373,39.99784],[4.267402,39.997835],[4.267432,39.997831],[4.267461,39.997826],[4.267491,39.997826],[4.267522,39.997829],[4.267536,39.997822],[4.267558,39.997805],[4.267581,39.997797],[4.26761,39.99779],[4.267636,39.99778],[4.267648,39.997767],[4.267648,39.997754],[4.267637,39.99774],[4.267635,39.99772],[4.267644,39.997712],[4.26766,39.997709],[4.26769,39.997708],[4.267721,39.997705],[4.267749,39.997699],[4.267766,39.997687],[4.267788,39.99767],[4.267802,39.997648],[4.267798,39.997635],[4.267783,39.997615],[4.267772,39.997594],[4.267771,39.99757],[4.26778,39.997555],[4.267786,39.997532],[4.267778,39.99752],[4.267755,39.997504],[4.267729,39.997494],[4.267703,39.997492],[4.267672,39.997487],[4.267643,39.997482],[4.267612,39.997479],[4.267582,39.997474],[4.267552,39.99747],[4.267523,39.997466],[4.267494,39.997462],[4.267465,39.997456],[4.267451,39.997445],[4.267439,39.997424],[4.26744,39.997407],[4.267452,39.997392],[4.267467,39.997388],[4.26749,39.99739],[4.267518,39.9974],[4.267549,39.997404],[4.26758,39.997402],[4.267609,39.9974],[4.267629,39.997406],[4.267637,39.997418],[4.267657,39.997429],[4.267686,39.997435],[4.267716,39.997439],[4.267742,39.997434],[4.267741,39.997426],[4.267735,39.997404],[4.267745,39.997399],[4.267766,39.997398],[4.267787,39.997405],[4.26781,39.997421],[4.267836,39.997432],[4.267855,39.997431],[4.267872,39.997423],[4.267878,39.99741],[4.26787,39.9974],[4.267848,39.997383],[4.267833,39.997363],[4.267832,39.997347],[4.267825,39.997324],[4.267816,39.997303],[4.267824,39.997294],[4.267843,39.997286],[4.267852,39.997292],[4.267855,39.997304],[4.267864,39.997326],[4.267878,39.997331],[4.267908,39.997336],[4.267932,39.997332],[4.267951,39.997321],[4.267969,39.997304],[4.267983,39.997284],[4.267983,39.997267],[4.267973,39.997245],[4.267961,39.997224],[4.267957,39.997201],[4.267961,39.997178],[4.267966,39.997155],[4.267958,39.997142],[4.267946,39.99712],[4.267928,39.997108],[4.26791,39.997107],[4.267887,39.997097],[4.26789,39.997089],[4.267885,39.997071],[4.267873,39.997064],[4.267853,39.997046],[4.267855,39.997034],[4.267846,39.997016],[4.26783,39.997001],[4.267807,39.996986],[4.267782,39.996972],[4.267763,39.996953],[4.267751,39.996932],[4.267738,39.996911],[4.267731,39.996889],[4.267723,39.996867],[4.267709,39.99686],[4.267694,39.996842],[4.267702,39.996836],[4.267715,39.996836],[4.267728,39.996844],[4.267749,39.996861],[4.267753,39.996876],[4.267763,39.996898],[4.267782,39.996917],[4.267803,39.996933],[4.267824,39.996949],[4.267843,39.99697],[4.26786,39.996988],[4.267881,39.997006],[4.267904,39.997014],[4.267933,39.997017],[4.267956,39.997028],[4.267968,39.997043],[4.267985,39.997064],[4.268005,39.997083],[4.268029,39.997097],[4.268057,39.997104],[4.268088,39.997106],[4.268117,39.997105],[4.268148,39.997102],[4.268178,39.997099],[4.268208,39.997095],[4.268238,39.997094],[4.268267,39.997097],[4.268295,39.997109],[4.268322,39.997123],[4.268348,39.997135],[4.268374,39.997146],[4.268406,39.997154],[4.268435,39.997155],[4.268467,39.997156],[4.268489,39.997149],[4.268516,39.997138],[4.268544,39.997129],[4.268574,39.997123],[4.268602,39.997115],[4.268633,39.997109],[4.268662,39.997102],[4.268687,39.997091],[4.268708,39.997075],[4.268726,39.997056],[4.268726,39.997042],[4.268715,39.997039],[4.268686,39.997033],[4.268668,39.997021],[4.268654,39.997002],[4.268641,39.996981],[4.268622,39.996963],[4.268597,39.996949],[4.268586,39.996933],[4.268587,39.996917],[4.268598,39.996918],[4.268612,39.996927],[4.268633,39.996944],[4.268652,39.996961],[4.268674,39.996978],[4.268697,39.996993],[4.268723,39.997005],[4.26875,39.997016],[4.268778,39.997018],[4.268803,39.997012],[4.268825,39.996998],[4.268839,39.996979],[4.268835,39.99697],[4.268818,39.996958],[4.268793,39.996946],[4.268769,39.996945],[4.268744,39.996935],[4.268722,39.996919],[4.268724,39.99691],[4.268735,39.996904],[4.268745,39.996908],[4.26877,39.99692],[4.268797,39.996924],[4.268825,39.996932],[4.268853,39.996942],[4.268879,39.996942],[4.268902,39.996935],[4.268932,39.99693],[4.268962,39.996926],[4.268987,39.996915],[4.26901,39.996898],[4.269032,39.996883],[4.269051,39.996865],[4.269065,39.996844],[4.269071,39.996822],[4.269064,39.996808],[4.26907,39.996798],[4.269083,39.996797],[4.269096,39.996803],[4.269121,39.996817],[4.26914,39.996817],[4.269168,39.99681],[4.269198,39.996803],[4.269228,39.996799],[4.269255,39.996789],[4.269283,39.996781],[4.26931,39.996772],[4.269339,39.996765],[4.269364,39.996767],[4.269395,39.996773],[4.269422,39.996784],[4.269451,39.996792],[4.269471,39.996788],[4.269479,39.996778],[4.269475,39.996768],[4.269478,39.996748],[4.26949,39.99674],[4.269508,39.99674],[4.269529,39.996748],[4.269557,39.996759],[4.269579,39.996757],[4.269606,39.996748],[4.269623,39.996734],[4.269627,39.996718],[4.269641,39.996706],[4.269656,39.996705],[4.269687,39.996698],[4.269714,39.996688],[4.269737,39.996672],[4.269747,39.996656],[4.269743,39.996644],[4.269728,39.996632],[4.269704,39.996618],[4.269689,39.996598],[4.269691,39.996585],[4.269703,39.996564],[4.269716,39.996562],[4.269745,39.996565],[4.269775,39.996569],[4.269806,39.996568],[4.269835,39.996562],[4.269864,39.996555],[4.269893,39.996546],[4.269917,39.996533],[4.269935,39.996514],[4.269946,39.996492],[4.269963,39.996472],[4.269983,39.996455],[4.269998,39.996435],[4.270007,39.996412],[4.270004,39.996392],[4.269992,39.996379],[4.269973,39.996372],[4.269954,39.996374],[4.269923,39.996378],[4.269894,39.996382],[4.269864,39.996382],[4.269835,39.996379],[4.269805,39.996373],[4.269792,39.996362],[4.269797,39.996353],[4.269799,39.99633],[4.269799,39.996307],[4.269799,39.996284],[4.269789,39.996274],[4.269777,39.996252],[4.26976,39.996241],[4.269737,39.996238],[4.269707,39.996236],[4.269678,39.996236],[4.269647,39.996233],[4.269616,39.996234],[4.269586,39.996235],[4.269555,39.996242],[4.269527,39.996249],[4.269501,39.99626],[4.269475,39.996272],[4.269447,39.996284],[4.269423,39.996297],[4.269404,39.996314],[4.269392,39.996335],[4.269371,39.996353],[4.269346,39.996363],[4.269317,39.996369],[4.269288,39.996373],[4.269258,39.996373],[4.269242,39.996365],[4.269243,39.996354],[4.269247,39.996331],[4.269238,39.996323],[4.269212,39.99631],[4.269189,39.996306],[4.269159,39.996307],[4.26913,39.996307],[4.269099,39.996308],[4.26907,39.996309],[4.26904,39.99631],[4.269025,39.996301],[4.269028,39.996293],[4.269044,39.99628],[4.269068,39.996266],[4.269092,39.996253],[4.269111,39.996234],[4.269114,39.996217],[4.269104,39.996208],[4.269078,39.996197],[4.269048,39.996189],[4.269015,39.996187],[4.268982,39.996189],[4.26895,39.996191],[4.268919,39.996196],[4.268888,39.996201],[4.268859,39.99621],[4.268835,39.996225],[4.268826,39.996241],[4.268825,39.996262],[4.268827,39.996285],[4.268819,39.996297],[4.268797,39.996313],[4.268794,39.996325],[4.2688,39.996341],[4.26881,39.996363],[4.268812,39.996385],[4.268817,39.996408],[4.268831,39.996426],[4.268842,39.996448],[4.268835,39.996455],[4.268816,39.996462],[4.268789,39.996462],[4.268777,39.996455],[4.26876,39.996435],[4.268742,39.996428],[4.268739,39.996419],[4.268747,39.996412],[4.268768,39.996396],[4.268777,39.996378],[4.268769,39.996371],[4.268748,39.996364],[4.268717,39.996364],[4.268688,39.996369],[4.268659,39.99637],[4.268631,39.996364],[4.268624,39.996353],[4.268615,39.996331],[4.268607,39.996308],[4.268605,39.996285],[4.268596,39.996264],[4.268584,39.996259],[4.268554,39.996256],[4.268527,39.996246],[4.268499,39.996238],[4.268469,39.996235],[4.26844,39.996234],[4.26841,39.996234],[4.268381,39.996231],[4.268349,39.996226],[4.26832,39.996224],[4.268288,39.996225],[4.268259,39.996228],[4.268227,39.996231],[4.268195,39.996236],[4.268163,39.996241],[4.268131,39.996246],[4.268101,39.996252],[4.268073,39.996259],[4.268045,39.996266],[4.268031,39.996278],[4.268029,39.99629],[4.268036,39.996313],[4.26805,39.996334],[4.268051,39.996352],[4.268041,39.996353],[4.268023,39.996346],[4.267998,39.996334],[4.267971,39.996325],[4.267943,39.996315],[4.267922,39.996299],[4.267896,39.996288],[4.267872,39.996273],[4.267847,39.99626],[4.267827,39.99626],[4.267799,39.996265],[4.267771,39.996273],[4.267741,39.996282],[4.267714,39.996291],[4.267687,39.9963],[4.267658,39.996309],[4.267628,39.996315],[4.267599,39.996321],[4.26757,39.996328],[4.26754,39.99633],[4.267509,39.996329],[4.26748,39.996322],[4.267452,39.996312],[4.267424,39.996303],[4.267394,39.996299],[4.267365,39.996295],[4.267334,39.996295],[4.267304,39.996295],[4.267275,39.996298],[4.267243,39.996299],[4.267213,39.996295],[4.267184,39.996288],[4.267156,39.996276],[4.267129,39.996265],[4.267104,39.996252],[4.267081,39.996236],[4.267062,39.996218],[4.267042,39.996211],[4.267012,39.996207],[4.266981,39.996202],[4.266952,39.996197],[4.266923,39.996191],[4.266892,39.996185],[4.266864,39.996176],[4.266836,39.996167],[4.266809,39.996155],[4.266782,39.996145],[4.26676,39.996128],[4.266742,39.996109],[4.26672,39.996093],[4.266697,39.996079],[4.266668,39.996071],[4.266639,39.996064],[4.266609,39.996057],[4.266578,39.996051],[4.266549,39.996046],[4.266517,39.996042],[4.266487,39.996038],[4.266456,39.996033],[4.266426,39.996027],[4.266396,39.996023],[4.266365,39.996025],[4.266335,39.99603],[4.266305,39.996035],[4.266275,39.996039],[4.266246,39.996041],[4.266217,39.996044],[4.266187,39.99605],[4.266157,39.996057],[4.266128,39.99606],[4.266097,39.996062],[4.266067,39.996062],[4.266036,39.996063],[4.266006,39.996066],[4.265977,39.996073],[4.265957,39.996087],[4.265933,39.996101],[4.265908,39.996114],[4.265884,39.996128],[4.265859,39.99614],[4.265835,39.996143],[4.265811,39.996137],[4.265797,39.996126],[4.265801,39.996118],[4.26582,39.996101],[4.265841,39.996083],[4.265849,39.996065],[4.265841,39.996057],[4.265818,39.996047],[4.26579,39.996046],[4.265759,39.996045],[4.265727,39.996041],[4.265698,39.996035],[4.26567,39.996027],[4.265639,39.996023],[4.265609,39.99602],[4.26558,39.996016],[4.265551,39.996021],[4.265523,39.996029],[4.265493,39.996034],[4.265463,39.996037],[4.265439,39.996031],[4.265408,39.996025],[4.265378,39.996021],[4.265348,39.996018],[4.265319,39.996019],[4.265286,39.996021],[4.265254,39.996023],[4.265224,39.996025],[4.265193,39.996029],[4.265164,39.996033],[4.265135,39.996037],[4.265103,39.996039],[4.265073,39.996043],[4.26505,39.996054],[4.265029,39.99607],[4.265008,39.996087],[4.264984,39.996101],[4.264958,39.996115],[4.264934,39.996131],[4.26491,39.996149],[4.264884,39.996162],[4.264857,39.996172],[4.264825,39.996175],[4.264795,39.996172],[4.264764,39.996174],[4.264741,39.996184],[4.264722,39.996201],[4.264715,39.996219],[4.264712,39.996242],[4.264711,39.996266],[4.264705,39.996289],[4.26469,39.996309],[4.264671,39.996327],[4.264651,39.996344],[4.264628,39.996361],[4.264601,39.996371],[4.264571,39.996378],[4.264543,39.996384],[4.264512,39.996391],[4.264484,39.996397],[4.264454,39.996405],[4.264428,39.996416],[4.264399,39.996427],[4.264367,39.996433],[4.264338,39.996439],[4.264308,39.996443],[4.264277,39.996447],[4.264245,39.99645],[4.264214,39.996453],[4.264183,39.996456],[4.264153,39.996458],[4.26412,39.996458],[4.264089,39.996455],[4.264058,39.996453],[4.264028,39.996453],[4.263998,39.996452],[4.263969,39.99645],[4.263938,39.996445],[4.263908,39.996439],[4.26388,39.996433],[4.263851,39.996427],[4.263822,39.99642],[4.263795,39.99641],[4.263772,39.996395],[4.263752,39.996377],[4.26373,39.99636],[4.263711,39.996343],[4.26371,39.996328],[4.263717,39.996313],[4.263728,39.996292],[4.263723,39.99628],[4.263709,39.996274],[4.263681,39.996265],[4.263664,39.99625],[4.263649,39.99623],[4.263647,39.996211],[4.263652,39.996189],[4.263646,39.996166],[4.26363,39.996149],[4.263611,39.996132],[4.263592,39.996113],[4.263571,39.996096],[4.263548,39.996081],[4.263529,39.996064],[4.263516,39.996042],[4.26352,39.99603],[4.263533,39.996021],[4.263558,39.996008],[4.263583,39.995993],[4.263607,39.99598],[4.263626,39.995961],[4.263642,39.995941],[4.263664,39.995924],[4.263665,39.995912],[4.263654,39.995904],[4.26363,39.99589],[4.263621,39.995874],[4.263628,39.995865],[4.263645,39.995846],[4.26366,39.995826],[4.263671,39.995805],[4.263665,39.995796],[4.263649,39.995791],[4.263619,39.995789],[4.263589,39.995792],[4.26356,39.995796],[4.263532,39.995804],[4.263502,39.99581],[4.263472,39.995814],[4.263443,39.995818],[4.263414,39.995818],[4.263384,39.995817],[4.263355,39.995824],[4.263353,39.995833],[4.263346,39.995855],[4.263331,39.99587],[4.263309,39.995878],[4.263295,39.995875],[4.263281,39.995864],[4.263275,39.995846],[4.26328,39.995831],[4.263284,39.995808],[4.263274,39.995796],[4.263255,39.995787],[4.263234,39.995786],[4.263204,39.99579],[4.263174,39.995794],[4.263143,39.995797],[4.263111,39.995797],[4.263079,39.995795],[4.263046,39.995794],[4.263015,39.995799],[4.262986,39.995806],[4.262958,39.995812],[4.262926,39.995819],[4.262902,39.995832],[4.2629,39.995842],[4.262908,39.995853],[4.262927,39.995872],[4.262944,39.995891],[4.262943,39.995902],[4.262931,39.995914],[4.262916,39.995933],[4.262916,39.995949],[4.262923,39.995972],[4.262936,39.995984],[4.262938,39.995998],[4.262927,39.996001],[4.262897,39.996005],[4.262869,39.996014],[4.262863,39.996026],[4.262856,39.996048],[4.262841,39.996067],[4.262821,39.996076],[4.262793,39.996079],[4.262761,39.99608],[4.26273,39.996081],[4.262699,39.996082],[4.26267,39.996079],[4.26264,39.996077],[4.262609,39.996075],[4.262578,39.996069],[4.262548,39.996065],[4.262522,39.996054],[4.26251,39.99604],[4.262497,39.996017],[4.262485,39.995997],[4.262464,39.995984],[4.262443,39.99598],[4.262423,39.995986],[4.262399,39.996001],[4.26238,39.996019],[4.262365,39.996039],[4.262341,39.996051],[4.262312,39.996058],[4.262281,39.996065],[4.262252,39.996072],[4.262222,39.996082],[4.262194,39.99609],[4.262165,39.996097],[4.262135,39.996104],[4.262105,39.996112],[4.262076,39.996123],[4.262051,39.996138],[4.262026,39.996152],[4.262001,39.996165],[4.261974,39.996174],[4.261945,39.996182],[4.261918,39.996192],[4.26189,39.996201],[4.261861,39.996202],[4.26183,39.996201],[4.2618,39.9962],[4.261771,39.996202],[4.261742,39.996206],[4.261714,39.996214],[4.261686,39.996214],[4.261665,39.996205],[4.261635,39.996199],[4.261605,39.996199],[4.261576,39.996203],[4.261547,39.99621],[4.261516,39.996215],[4.261484,39.996214],[4.261454,39.996213],[4.261424,39.996217],[4.261405,39.996227],[4.261398,39.996241],[4.261405,39.996249],[4.261425,39.996266],[4.261445,39.996283],[4.261463,39.996301],[4.261461,39.996312],[4.261448,39.996322],[4.261424,39.996329],[4.261395,39.996336],[4.261365,39.996341],[4.261334,39.996346],[4.261305,39.996347],[4.261275,39.996352],[4.261245,39.996354],[4.261216,39.996361],[4.261187,39.996365],[4.261159,39.996372],[4.261129,39.996372],[4.261103,39.996364],[4.261078,39.996352],[4.261074,39.996348],[4.26105,39.996334],[4.261037,39.996313],[4.26102,39.996294],[4.261009,39.996296],[4.260991,39.996291],[4.260988,39.996282],[4.260979,39.99626],[4.260966,39.99624],[4.260948,39.996221],[4.260931,39.996218],[4.260903,39.996208],[4.260887,39.996194],[4.260873,39.996173],[4.260862,39.99615],[4.260855,39.996126],[4.260849,39.996103],[4.260842,39.996081],[4.260836,39.996059],[4.260829,39.996035],[4.260823,39.996012],[4.260819,39.995988],[4.260816,39.995965],[4.260813,39.995942],[4.260815,39.995918],[4.260818,39.995895],[4.260821,39.995872],[4.260823,39.995849],[4.260818,39.995826],[4.260808,39.995805],[4.26079,39.995786],[4.260769,39.995771],[4.260745,39.995757],[4.260716,39.99575],[4.260686,39.995746],[4.260657,39.995749],[4.260629,39.995757],[4.260603,39.995755],[4.260571,39.99575],[4.260541,39.995744],[4.26051,39.995739],[4.260478,39.995735],[4.260448,39.99573],[4.260417,39.995725],[4.260388,39.995721],[4.260358,39.995717],[4.26033,39.995709],[4.260302,39.995701],[4.260273,39.995695],[4.260242,39.995689],[4.260214,39.995682],[4.260184,39.995675],[4.260156,39.995668],[4.26013,39.995656],[4.260109,39.99564],[4.260102,39.995623],[4.260099,39.9956],[4.260093,39.995578],[4.26008,39.995558],[4.260063,39.99555],[4.260034,39.995546],[4.260003,39.995545],[4.259972,39.995544],[4.259943,39.99554],[4.259914,39.995538],[4.259883,39.995538],[4.259855,39.995531],[4.259827,39.995522],[4.259797,39.995517],[4.259778,39.995523],[4.259758,39.995538],[4.259741,39.995539],[4.259737,39.995547],[4.259719,39.995565],[4.259699,39.995571],[4.259672,39.995572],[4.259642,39.995566],[4.259614,39.99556],[4.259585,39.995557],[4.259555,39.995553],[4.259526,39.995558],[4.259497,39.995557],[4.259468,39.995554],[4.259437,39.995549],[4.259406,39.995542],[4.259376,39.995538],[4.259346,39.995534],[4.259318,39.995527],[4.259292,39.995515],[4.259265,39.995504],[4.259237,39.995498],[4.259209,39.995489],[4.259181,39.995481],[4.259152,39.995471],[4.259123,39.995462],[4.259095,39.99545],[4.259068,39.995438],[4.25904,39.99543],[4.25901,39.995425],[4.258981,39.995415],[4.258954,39.995407],[4.258925,39.995401],[4.258897,39.995391],[4.258879,39.995376],[4.258866,39.995356],[4.25885,39.995348],[4.258828,39.995347],[4.258797,39.99535],[4.258768,39.995352],[4.258748,39.995345],[4.258738,39.995334],[4.258718,39.995316],[4.258698,39.995311],[4.258677,39.995314],[4.258649,39.995326],[4.258621,39.995332],[4.258589,39.995334],[4.258558,39.995335],[4.258527,39.995334],[4.258495,39.995332],[4.258462,39.995331],[4.258432,39.995327],[4.258401,39.995323],[4.258371,39.99532],[4.258342,39.995314],[4.258314,39.995306],[4.258286,39.995296],[4.258259,39.995286],[4.258231,39.995278],[4.258207,39.995265],[4.258183,39.99525],[4.258157,39.995238],[4.258129,39.995234],[4.2581,39.995229],[4.25807,39.995221],[4.258042,39.995214],[4.258012,39.995208],[4.257984,39.995202],[4.257954,39.995194],[4.257923,39.995188],[4.257895,39.995178],[4.257868,39.99517],[4.257837,39.995167],[4.257808,39.995163],[4.257778,39.99516],[4.257749,39.995157],[4.257718,39.995159],[4.257689,39.995162],[4.257658,39.995162],[4.257628,39.995158],[4.257599,39.995157],[4.257569,39.995157],[4.257538,39.995157],[4.257506,39.995158],[4.257476,39.995159],[4.257446,39.995161],[4.257416,39.995161],[4.257385,39.995161],[4.257355,39.995158],[4.257326,39.995154],[4.257296,39.995152],[4.257265,39.99515],[4.257235,39.995145],[4.257205,39.995137],[4.257176,39.995131],[4.257151,39.995118],[4.257129,39.995102],[4.257111,39.995084],[4.257093,39.995066],[4.257072,39.995048],[4.257053,39.995031],[4.257035,39.995013],[4.257018,39.994992],[4.257006,39.994971],[4.256996,39.994949],[4.256985,39.994927],[4.256978,39.994902],[4.256973,39.994879],[4.256974,39.994855],[4.256978,39.994832],[4.256985,39.994809],[4.256995,39.994786],[4.257014,39.994767],[4.257034,39.99475],[4.257053,39.994731],[4.257074,39.994713],[4.257098,39.994699],[4.257119,39.994683],[4.257124,39.994669],[4.257119,39.994651],[4.257108,39.99463],[4.257091,39.994611],[4.257069,39.994596],[4.257048,39.994579],[4.257028,39.994561],[4.257009,39.994543],[4.256993,39.994522],[4.256991,39.994502],[4.257,39.99449],[4.257012,39.994468],[4.257008,39.994455],[4.256992,39.994435],[4.256977,39.994416],[4.256961,39.994396],[4.256943,39.994377],[4.256924,39.994359],[4.256909,39.994339],[4.256899,39.994317],[4.256888,39.994296],[4.256876,39.994274],[4.256874,39.994251],[4.256874,39.994227],[4.256865,39.994205],[4.25685,39.994185],[4.256836,39.994165],[4.256822,39.994145],[4.256812,39.994123],[4.256805,39.9941],[4.256799,39.994078],[4.256793,39.994054],[4.256785,39.994032],[4.256778,39.994009],[4.25677,39.993985],[4.256756,39.993963],[4.256736,39.993946],[4.256719,39.993927],[4.256705,39.993907],[4.256688,39.993886],[4.256669,39.993868],[4.256649,39.993849],[4.256627,39.99383],[4.256605,39.993814],[4.256581,39.993798],[4.256559,39.993782],[4.25654,39.993764],[4.256523,39.993745],[4.256505,39.993727],[4.256488,39.993708],[4.256463,39.993692],[4.256436,39.99368],[4.256406,39.993673],[4.256378,39.993665],[4.256352,39.993653],[4.256324,39.993641],[4.256296,39.993633],[4.256267,39.993622],[4.256238,39.993614],[4.256208,39.993608],[4.256179,39.993601],[4.256154,39.993588],[4.256131,39.993574],[4.256107,39.993561],[4.256082,39.993548],[4.256056,39.993533],[4.256031,39.993518],[4.256006,39.993504],[4.255984,39.993487],[4.255969,39.993466],[4.255958,39.993443],[4.25594,39.99343],[4.25592,39.993413],[4.255901,39.993395],[4.255881,39.993376],[4.255862,39.993359],[4.255837,39.993344],[4.255814,39.993328],[4.255797,39.993309],[4.25578,39.993288],[4.255761,39.993269],[4.255739,39.993251],[4.255717,39.993236],[4.255694,39.993219],[4.25567,39.993203],[4.255645,39.99319],[4.255617,39.99318],[4.255589,39.993169],[4.255563,39.993157],[4.255536,39.993145],[4.255506,39.993136],[4.255479,39.993127],[4.255452,39.993116],[4.255424,39.993106],[4.255396,39.993096],[4.255368,39.993089],[4.255339,39.993081],[4.255309,39.993076],[4.255278,39.993071],[4.25525,39.993064],[4.255222,39.993054],[4.255194,39.993043],[4.255166,39.993036],[4.255137,39.99303],[4.255109,39.993022],[4.255079,39.993015],[4.255053,39.993005],[4.255029,39.992991],[4.255004,39.992977],[4.254983,39.99296],[4.254969,39.99294],[4.25495,39.992922],[4.254944,39.992913],[4.254936,39.99289],[4.254925,39.992869],[4.254916,39.992847],[4.254908,39.992825],[4.2549,39.992803],[4.254893,39.99278],[4.254887,39.992757],[4.254881,39.992735],[4.254878,39.992712],[4.254876,39.992689],[4.254874,39.992667],[4.254873,39.992643],[4.254875,39.99262],[4.254877,39.992596],[4.254878,39.992573],[4.254876,39.992549],[4.254871,39.992525],[4.254866,39.992502],[4.254861,39.99248],[4.254856,39.992457],[4.254851,39.992434],[4.254847,39.992412],[4.254844,39.992388],[4.254841,39.992365],[4.254837,39.992343],[4.254835,39.992319],[4.254834,39.992296],[4.254833,39.992273],[4.254834,39.992248],[4.254833,39.992225],[4.254833,39.992202],[4.254834,39.992178],[4.254837,39.992155],[4.254841,39.99213],[4.254845,39.992107],[4.254851,39.992083],[4.254856,39.992061],[4.25486,39.992038],[4.254864,39.992016],[4.254868,39.991991],[4.254872,39.991966],[4.254878,39.991941],[4.254882,39.991917],[4.254887,39.991892],[4.254893,39.991869],[4.254901,39.991847],[4.25491,39.991825],[4.25492,39.991802],[4.254929,39.99178],[4.254939,39.991759],[4.254949,39.991738],[4.254962,39.991715],[4.254974,39.991693],[4.254986,39.991671],[4.254999,39.991651],[4.255014,39.99163],[4.255027,39.99161],[4.255041,39.991587],[4.255059,39.991567],[4.255074,39.991547],[4.25509,39.991527],[4.255105,39.991517],[4.255109,39.991514],[4.255127,39.991503],[4.255149,39.991486],[4.255169,39.991469],[4.255194,39.991456],[4.255208,39.991459],[4.255213,39.991467],[4.255223,39.99149],[4.255241,39.991504],[4.255266,39.991513],[4.255291,39.991527],[4.255311,39.991544],[4.255337,39.991557],[4.255364,39.99156],[4.255393,39.991558],[4.255423,39.991556],[4.255452,39.991556],[4.255481,39.991549],[4.255495,39.991536],[4.255512,39.991517],[4.255524,39.991496],[4.255538,39.991491],[4.255551,39.991495],[4.255561,39.991506],[4.255572,39.991527],[4.255586,39.991547],[4.255603,39.991566],[4.255623,39.991583],[4.255636,39.991604],[4.255652,39.991624],[4.255671,39.991634],[4.255696,39.991646],[4.255722,39.991658],[4.255749,39.991667],[4.255774,39.99168],[4.255801,39.991692],[4.255824,39.991706],[4.255851,39.991715],[4.255874,39.991715],[4.255904,39.99171],[4.255931,39.991699],[4.255959,39.991692],[4.255989,39.991685],[4.256018,39.991678],[4.256048,39.991672],[4.256075,39.991661],[4.256092,39.991646],[4.256094,39.991632],[4.256085,39.991618],[4.256066,39.9916],[4.256062,39.991585],[4.256058,39.991562],[4.256046,39.991547],[4.256025,39.991537],[4.255999,39.991527],[4.25598,39.991511],[4.25596,39.991493],[4.255939,39.991476],[4.255917,39.99146],[4.255901,39.99144],[4.255888,39.99142],[4.25588,39.991398],[4.255864,39.991379],[4.255847,39.991361],[4.255831,39.99134],[4.255813,39.99132],[4.255791,39.991308],[4.255766,39.991297],[4.255738,39.991287],[4.255709,39.991278],[4.255681,39.991268],[4.255654,39.991259],[4.255625,39.991253],[4.255596,39.99125],[4.255581,39.991256],[4.255552,39.991261],[4.255522,39.991259],[4.255494,39.991252],[4.255467,39.991241],[4.255441,39.991228],[4.255418,39.991214],[4.2554,39.991196],[4.25538,39.991179],[4.255359,39.991163],[4.255341,39.991145],[4.255321,39.991128],[4.2553,39.991112],[4.255275,39.991097],[4.255249,39.991084],[4.255226,39.99107],[4.255206,39.991052],[4.255198,39.991034],[4.255192,39.991011],[4.255187,39.990988],[4.255177,39.990966],[4.255167,39.990945],[4.255154,39.990923],[4.255139,39.990903],[4.255129,39.990886],[4.255126,39.990881],[4.255116,39.990858],[4.255106,39.990836],[4.255095,39.990815],[4.255086,39.990792],[4.255077,39.990768],[4.255064,39.990746],[4.255051,39.990725],[4.255042,39.990703],[4.255033,39.990681],[4.255026,39.990658],[4.25502,39.990634],[4.255014,39.99061],[4.25501,39.990587],[4.255011,39.990563],[4.255013,39.99054],[4.255016,39.990517],[4.255021,39.990494],[4.255027,39.990471],[4.255035,39.990449],[4.255046,39.990427],[4.255058,39.990406],[4.255069,39.990385],[4.25508,39.990363],[4.255095,39.990342],[4.255111,39.990321],[4.255121,39.9903],[4.25513,39.990277],[4.255136,39.990255],[4.25514,39.990232],[4.255141,39.990209],[4.255144,39.990186],[4.255157,39.990169],[4.255168,39.99017],[4.255195,39.99018],[4.255222,39.990192],[4.255248,39.990203],[4.255275,39.990205],[4.255281,39.990197],[4.255287,39.990174],[4.255295,39.990151],[4.255305,39.990129],[4.255306,39.990106],[4.255301,39.990082],[4.255287,39.990061],[4.255271,39.990041],[4.255251,39.990024],[4.255236,39.990023],[4.255221,39.990029],[4.255194,39.990032],[4.255185,39.990025],[4.255169,39.990005],[4.255151,39.989986],[4.255131,39.989968],[4.25513,39.989954],[4.255131,39.98993],[4.25512,39.989917],[4.255097,39.989902],[4.255081,39.989882],[4.255073,39.98986],[4.255073,39.989837],[4.255067,39.989815],[4.25506,39.989791],[4.255054,39.989769],[4.255049,39.989746],[4.255045,39.989723],[4.25504,39.989701],[4.255032,39.989678],[4.255021,39.989655],[4.255006,39.989634],[4.254995,39.989613],[4.254988,39.989591],[4.254989,39.989567],[4.254993,39.989545],[4.255004,39.989536],[4.25502,39.989535],[4.255039,39.98954],[4.255067,39.98955],[4.255095,39.989558],[4.255125,39.989557],[4.255142,39.989549],[4.255148,39.989537],[4.255144,39.989524],[4.255129,39.989512],[4.255104,39.989498],[4.255082,39.989482],[4.255073,39.989464],[4.25507,39.989442],[4.255077,39.989423],[4.255088,39.989421],[4.255105,39.989426],[4.255131,39.989438],[4.255157,39.989451],[4.255185,39.989458],[4.255215,39.989462],[4.255244,39.989469],[4.255272,39.989475],[4.255302,39.989482],[4.25533,39.989488],[4.25536,39.989491],[4.255389,39.989498],[4.255417,39.989508],[4.255446,39.989509],[4.255457,39.989502],[4.255458,39.98949],[4.255449,39.989474],[4.255432,39.989457],[4.25541,39.98944],[4.255397,39.989419],[4.255381,39.989399],[4.255361,39.989382],[4.255337,39.989367],[4.255311,39.989356],[4.255285,39.989346],[4.255256,39.989339],[4.255227,39.989332],[4.255197,39.989326],[4.255168,39.989322],[4.255138,39.989318],[4.255107,39.98932],[4.255087,39.98933],[4.255064,39.989344],[4.255039,39.989349],[4.255021,39.989344],[4.255012,39.989334],[4.255013,39.989315],[4.255021,39.989293],[4.25503,39.98927],[4.255039,39.989247],[4.255044,39.989224],[4.25505,39.9892],[4.255055,39.989177],[4.255058,39.989153],[4.255059,39.989129],[4.255061,39.989105],[4.255066,39.989083],[4.255071,39.98906],[4.255076,39.989035],[4.255085,39.989012],[4.255093,39.988989],[4.255098,39.988967],[4.255103,39.988943],[4.255109,39.98892],[4.255114,39.988896],[4.255117,39.988874],[4.25512,39.988851],[4.255122,39.988828],[4.255126,39.988804],[4.255132,39.988781],[4.255138,39.988757],[4.255144,39.988733],[4.25515,39.988708],[4.255157,39.988685],[4.255166,39.988662],[4.255176,39.988639],[4.255187,39.988615],[4.255196,39.988592],[4.255205,39.988569],[4.255215,39.988545],[4.255224,39.988523],[4.255235,39.988501],[4.255249,39.988479],[4.255264,39.988459],[4.25528,39.988438],[4.255295,39.988419],[4.255311,39.988398],[4.255328,39.988378],[4.255344,39.988358],[4.255363,39.988339],[4.255385,39.988321],[4.255404,39.988301],[4.25542,39.988282],[4.255435,39.988262],[4.255454,39.988243],[4.255476,39.988225],[4.255497,39.988207],[4.255519,39.988189],[4.25554,39.988171],[4.255563,39.988154],[4.255586,39.988139],[4.255608,39.988123],[4.25563,39.988106],[4.255651,39.98809],[4.255673,39.988073],[4.255699,39.988058],[4.255722,39.988043],[4.255744,39.988027],[4.255768,39.98801],[4.255795,39.987996],[4.25582,39.987983],[4.255845,39.987971],[4.255871,39.98796],[4.255897,39.987947],[4.255923,39.987931],[4.255946,39.987916],[4.25597,39.987903],[4.255998,39.987891],[4.256013,39.987887],[4.256038,39.987898],[4.256068,39.987903],[4.256099,39.987899],[4.256116,39.987889],[4.256118,39.987877],[4.256127,39.987855],[4.256139,39.98785],[4.256165,39.987849],[4.256197,39.98785],[4.256229,39.98785],[4.256261,39.98785],[4.25629,39.987849],[4.25632,39.987848],[4.25635,39.987848],[4.256379,39.987853],[4.256403,39.987865],[4.256421,39.987883],[4.256435,39.987903],[4.256446,39.987924],[4.256459,39.987945],[4.256479,39.987962],[4.256489,39.987982],[4.256497,39.988004],[4.25651,39.988012],[4.256537,39.988017],[4.256567,39.988019],[4.256598,39.988018],[4.256628,39.988014],[4.256658,39.988012],[4.256688,39.988013],[4.256717,39.988011],[4.256747,39.988009],[4.256775,39.988002],[4.256801,39.987989],[4.256824,39.987975],[4.256842,39.987956],[4.256844,39.98794],[4.256835,39.987924],[4.256826,39.987901],[4.256827,39.987878],[4.256838,39.987858],[4.256855,39.987848],[4.256879,39.987843],[4.256909,39.987844],[4.256938,39.987848],[4.256969,39.98785],[4.256998,39.987847],[4.257028,39.987842],[4.257056,39.987835],[4.25708,39.987821],[4.257087,39.987806],[4.257082,39.987795],[4.257066,39.987783],[4.257039,39.987775],[4.257011,39.987769],[4.256982,39.987761],[4.256956,39.987749],[4.256942,39.987733],[4.256921,39.987718],[4.256906,39.987718],[4.256897,39.987727],[4.256891,39.987745],[4.256876,39.987758],[4.256859,39.987761],[4.256833,39.987756],[4.256806,39.987744],[4.256781,39.987731],[4.256757,39.987718],[4.256739,39.987699],[4.256735,39.987681],[4.256739,39.987657],[4.256746,39.987634],[4.25676,39.987614],[4.256763,39.987592],[4.256755,39.98758],[4.256732,39.987565],[4.256721,39.98755],[4.256719,39.987546],[4.256721,39.987532],[4.256729,39.98751],[4.25674,39.987488],[4.256748,39.987465],[4.256762,39.987444],[4.256776,39.987422],[4.256786,39.9874],[4.256792,39.987377],[4.256802,39.987356],[4.256813,39.987335],[4.256825,39.987313],[4.25684,39.987293],[4.256858,39.987274],[4.256878,39.987255],[4.256897,39.987235],[4.256916,39.987216],[4.256938,39.9872],[4.256954,39.9872],[4.256976,39.987207],[4.257006,39.987214],[4.257035,39.987216],[4.257059,39.987227],[4.257073,39.987241],[4.257099,39.987255],[4.257119,39.987256],[4.257145,39.987249],[4.25716,39.987236],[4.257174,39.987216],[4.257187,39.987195],[4.257205,39.987184],[4.25723,39.987169],[4.257249,39.987151],[4.257269,39.987133],[4.257294,39.987121],[4.257324,39.987112],[4.257353,39.987106],[4.257382,39.987098],[4.257411,39.987092],[4.257442,39.987086],[4.257471,39.987081],[4.257503,39.987075],[4.257534,39.98707],[4.257566,39.987065],[4.257598,39.987062],[4.257629,39.987059],[4.257659,39.987057],[4.257688,39.987056],[4.257718,39.987056],[4.25775,39.987057],[4.257782,39.987058],[4.257813,39.987061],[4.257843,39.987068],[4.25787,39.987079],[4.257899,39.987085],[4.257928,39.987092],[4.257943,39.987103],[4.257969,39.987111],[4.257987,39.987108],[4.258005,39.987098],[4.258011,39.987095],[4.258029,39.987095],[4.25805,39.987102],[4.258076,39.987114],[4.258105,39.987119],[4.258119,39.987129],[4.258142,39.987146],[4.258165,39.987162],[4.258191,39.987176],[4.258217,39.987187],[4.258245,39.987195],[4.258273,39.987203],[4.258302,39.98721],[4.258329,39.98722],[4.258356,39.987231],[4.258386,39.987238],[4.258415,39.987242],[4.258446,39.987246],[4.258476,39.987249],[4.258506,39.987251],[4.258538,39.987254],[4.258567,39.987256],[4.258596,39.987257],[4.258621,39.987266],[4.258648,39.987279],[4.258673,39.987292],[4.2587,39.987304],[4.258725,39.987316],[4.258751,39.987327],[4.258779,39.987337],[4.258806,39.987347],[4.258835,39.987356],[4.258865,39.987363],[4.258894,39.98737],[4.258923,39.987381],[4.258949,39.987394],[4.258975,39.987404],[4.259001,39.987415],[4.259028,39.987425],[4.259056,39.987435],[4.259085,39.987441],[4.259114,39.98745],[4.259141,39.987461],[4.25917,39.987467],[4.2592,39.987473],[4.259229,39.98748],[4.259259,39.987485],[4.259289,39.987487],[4.25932,39.987488],[4.25935,39.987485],[4.25938,39.98748],[4.259406,39.98747],[4.259436,39.987463],[4.259467,39.987458],[4.259498,39.987455],[4.259528,39.987453],[4.259558,39.98745],[4.259589,39.987447],[4.259618,39.987443],[4.259646,39.987433],[4.259652,39.987423],[4.259647,39.98741],[4.259629,39.987396],[4.259606,39.98738],[4.259592,39.987359],[4.259589,39.98734],[4.259591,39.987317],[4.259595,39.987294],[4.259597,39.987272],[4.259592,39.987248],[4.259585,39.987226],[4.259575,39.987204],[4.259569,39.987181],[4.259571,39.987158],[4.259577,39.987136],[4.25959,39.987116],[4.259592,39.987094],[4.259598,39.987072],[4.259591,39.987052],[4.259576,39.987039],[4.259552,39.987024],[4.259542,39.987006],[4.259538,39.986984],[4.259544,39.986961],[4.259555,39.986939],[4.259551,39.986922],[4.259542,39.986899],[4.259533,39.986876],[4.259528,39.986853],[4.259524,39.986831],[4.259522,39.986807],[4.259518,39.986783],[4.259514,39.986759],[4.259511,39.986737],[4.259507,39.986714],[4.259504,39.98669],[4.259501,39.986666],[4.259499,39.986642],[4.259498,39.986617],[4.259498,39.986594],[4.259502,39.986571],[4.259511,39.986549],[4.259527,39.986531],[4.259544,39.986526],[4.259558,39.98653],[4.259585,39.98654],[4.259611,39.986552],[4.259626,39.986569],[4.259648,39.986585],[4.259663,39.986585],[4.259677,39.986577],[4.259697,39.98656],[4.259721,39.986544],[4.259749,39.986535],[4.259778,39.98653],[4.259807,39.986526],[4.259838,39.986526],[4.259862,39.986534],[4.259885,39.986549],[4.259913,39.986559],[4.259934,39.986558],[4.259954,39.986549],[4.259961,39.986536],[4.259954,39.986526],[4.259931,39.986509],[4.259908,39.986495],[4.259883,39.986481],[4.259857,39.986467],[4.259833,39.986455],[4.259807,39.986441],[4.259781,39.986429],[4.259752,39.986424],[4.259738,39.98643],[4.259715,39.986446],[4.259689,39.986452],[4.259672,39.986448],[4.259668,39.986438],[4.259673,39.986425],[4.25969,39.986407],[4.25971,39.986389],[4.259723,39.986368],[4.259725,39.986349],[4.259722,39.986326],[4.25972,39.986303],[4.259726,39.986281],[4.259734,39.986259],[4.259751,39.986241],[4.259758,39.986218],[4.259756,39.986196],[4.259756,39.986172],[4.259765,39.986152],[4.259782,39.986139],[4.259806,39.986126],[4.259832,39.986115],[4.25986,39.986106],[4.259885,39.986092],[4.259905,39.986074],[4.259928,39.986059],[4.259948,39.986041],[4.259962,39.986021],[4.259975,39.985999],[4.259979,39.985976],[4.25999,39.985954],[4.260009,39.985936],[4.260025,39.985933],[4.260053,39.985923],[4.260069,39.98591],[4.260082,39.985887],[4.260096,39.985867],[4.260111,39.985846],[4.260126,39.985826],[4.260147,39.985808],[4.260171,39.985798],[4.260201,39.985789],[4.260232,39.985788],[4.260261,39.98579],[4.26029,39.985793],[4.260317,39.985789],[4.260346,39.985786],[4.260354,39.985793],[4.260373,39.985812],[4.260395,39.985827],[4.260413,39.985845],[4.260429,39.985865],[4.260451,39.985878],[4.260469,39.985878],[4.260492,39.985872],[4.260519,39.985862],[4.260545,39.985849],[4.260562,39.985831],[4.260572,39.985809],[4.260578,39.985786],[4.260583,39.985763],[4.260585,39.98574],[4.260591,39.985718],[4.260592,39.985696],[4.260595,39.985672],[4.260605,39.98565],[4.260617,39.98563],[4.260623,39.985607],[4.260637,39.985586],[4.260655,39.985575],[4.260681,39.985565],[4.260694,39.985551],[4.260715,39.985535],[4.260742,39.985526],[4.260769,39.985516],[4.260798,39.985508],[4.260827,39.9855],[4.260855,39.985489],[4.260877,39.985474],[4.260894,39.985454],[4.260897,39.985438],[4.260888,39.985425],[4.260866,39.985409],[4.260845,39.985392],[4.26082,39.985377],[4.260793,39.985366],[4.260766,39.985353],[4.260739,39.985343],[4.260711,39.985332],[4.260683,39.985322],[4.26066,39.985308],[4.260636,39.985294],[4.26061,39.985282],[4.260583,39.985273],[4.260553,39.985265],[4.260524,39.985256],[4.260497,39.985245],[4.260472,39.985232],[4.260448,39.985219],[4.260424,39.985204],[4.2604,39.985189],[4.260375,39.985174],[4.260349,39.985161],[4.260327,39.985146],[4.260304,39.985132],[4.260276,39.985123],[4.260245,39.985119],[4.260215,39.985116],[4.260185,39.985114],[4.260155,39.985113],[4.260126,39.985111],[4.260095,39.985107],[4.260065,39.985103],[4.260035,39.985102],[4.260004,39.985098],[4.259975,39.985093],[4.259945,39.985086],[4.259916,39.985079],[4.259888,39.985073],[4.259859,39.985066],[4.259829,39.98506],[4.2598,39.985052],[4.259773,39.985042],[4.259747,39.985029],[4.259721,39.985017],[4.259695,39.985004],[4.25967,39.984991],[4.259646,39.984976],[4.259636,39.984968],[4.259625,39.984959],[4.259611,39.984938],[4.259603,39.984916],[4.259592,39.984893],[4.259591,39.984887],[4.259586,39.98487],[4.259583,39.984846],[4.259581,39.984824],[4.259582,39.984801],[4.259584,39.984777],[4.259593,39.984754],[4.259609,39.984742],[4.259636,39.98473],[4.259663,39.984719],[4.259687,39.984703],[4.259709,39.984686],[4.259735,39.984673],[4.259761,39.984663],[4.259789,39.984652],[4.259816,39.984643],[4.259843,39.984635],[4.259868,39.984623],[4.259887,39.984606],[4.259904,39.984586],[4.259915,39.984564],[4.259923,39.98454],[4.259933,39.984518],[4.259943,39.984495],[4.259952,39.984472],[4.259958,39.98445],[4.259967,39.984426],[4.259976,39.984402],[4.259992,39.984382],[4.26001,39.984365],[4.260029,39.984347],[4.260046,39.984328],[4.26007,39.984314],[4.260075,39.984301],[4.260073,39.984282],[4.260061,39.984268],[4.260038,39.984252],[4.260027,39.984232],[4.260029,39.984217],[4.260028,39.984194],[4.260015,39.984172],[4.260001,39.984152],[4.259984,39.984133],[4.25996,39.984119],[4.259934,39.984107],[4.259909,39.984094],[4.259883,39.984083],[4.259854,39.984076],[4.259825,39.98407],[4.259796,39.984064],[4.259765,39.984059],[4.259734,39.984058],[4.259702,39.984058],[4.259673,39.98406],[4.259642,39.984065],[4.259612,39.98407],[4.259583,39.984075],[4.259553,39.984081],[4.259524,39.984084],[4.259493,39.984087],[4.259462,39.984086],[4.259432,39.984086],[4.259424,39.984086],[4.259399,39.984084],[4.259365,39.984082],[4.259336,39.984081],[4.259303,39.984079],[4.259273,39.984076],[4.259243,39.984072],[4.259212,39.984069],[4.259181,39.984064],[4.25915,39.984058],[4.25912,39.984051],[4.259093,39.984041],[4.259067,39.984027],[4.259043,39.984014],[4.259019,39.984],[4.258994,39.983983],[4.258971,39.983968],[4.258945,39.983953],[4.258918,39.983939],[4.258891,39.983928],[4.258862,39.983917],[4.258833,39.983908],[4.258801,39.9839],[4.258773,39.983893],[4.258742,39.983887],[4.258712,39.983881],[4.258681,39.983875],[4.258651,39.983867],[4.258622,39.983865],[4.258495,39.983835],[4.258465,39.983811],[4.258443,39.983789],[4.258426,39.983769],[4.258409,39.983748],[4.258393,39.983726],[4.258377,39.983705],[4.258361,39.983685],[4.258342,39.983668],[4.258322,39.983651],[4.258303,39.98363],[4.258285,39.983611],[4.258267,39.983593],[4.258249,39.983574],[4.258234,39.983555],[4.258236,39.983541],[4.258246,39.983536],[4.258275,39.983529],[4.258304,39.983523],[4.258331,39.983513],[4.258333,39.983503],[4.258322,39.983498],[4.258296,39.983496],[4.258263,39.983499],[4.258233,39.983498],[4.258209,39.983489],[4.258188,39.983472],[4.258168,39.983451],[4.258152,39.983429],[4.258137,39.983405],[4.258124,39.983383],[4.258111,39.983359],[4.258101,39.983337],[4.258091,39.983315],[4.258084,39.983293],[4.25808,39.983268],[4.258078,39.983244],[4.258078,39.983218],[4.258079,39.983192],[4.258078,39.983168],[4.258077,39.983145],[4.258075,39.983121],[4.258076,39.983098],[4.258077,39.983075],[4.25808,39.983048],[4.258083,39.983024],[4.258089,39.982997],[4.258097,39.982974],[4.258105,39.982952],[4.258117,39.98293],[4.258131,39.982906],[4.258143,39.982885],[4.258157,39.982862],[4.258169,39.982838],[4.25818,39.982815],[4.258193,39.982791],[4.258204,39.982769],[4.258218,39.982745],[4.258231,39.982722],[4.258247,39.9827],[4.258265,39.982677],[4.258286,39.982656],[4.258305,39.982637],[4.258326,39.98262],[4.258349,39.982603],[4.258372,39.982585],[4.258395,39.982569],[4.258421,39.982553],[4.258446,39.982539],[4.258472,39.982526],[4.258501,39.982513],[4.258531,39.982499],[4.258561,39.982485],[4.258587,39.982474],[4.258615,39.982464],[4.258643,39.982455],[4.258692,39.982448],[4.258742,39.98249],[4.258765,39.982507],[4.258786,39.982524],[4.258805,39.982542],[4.258821,39.982564],[4.258833,39.982585],[4.258847,39.982607],[4.258864,39.982627],[4.258881,39.982645],[4.258906,39.982662],[4.25893,39.982667],[4.258954,39.982664],[4.258984,39.982661],[4.259008,39.982667],[4.259026,39.98268],[4.259043,39.982699],[4.259067,39.982715],[4.259095,39.982724],[4.259126,39.982725],[4.259156,39.982716],[4.259185,39.982705],[4.259215,39.982696],[4.259243,39.982687],[4.259274,39.982679],[4.259305,39.98267],[4.259334,39.982662],[4.259366,39.982656],[4.259397,39.982658],[4.259429,39.982664],[4.259457,39.982674],[4.259484,39.982688],[4.25951,39.982704],[4.259535,39.982721],[4.25956,39.982739],[4.259586,39.982757],[4.259609,39.982772],[4.259635,39.982788],[4.259661,39.982804],[4.259689,39.982817],[4.259713,39.982819],[4.259731,39.982811],[4.25974,39.982796],[4.259739,39.982778],[4.259725,39.982754],[4.259705,39.982733],[4.259683,39.982716],[4.259663,39.9827],[4.25964,39.982682],[4.259619,39.982665],[4.259595,39.982646],[4.259571,39.982629],[4.259547,39.98261],[4.259528,39.98259],[4.25951,39.98257],[4.259494,39.982546],[4.25948,39.982521],[4.25947,39.982498],[4.259461,39.982474],[4.259452,39.982452],[4.259442,39.982429],[4.259429,39.982406],[4.259416,39.982384],[4.2594,39.982361],[4.259382,39.982339],[4.259363,39.982319],[4.259343,39.982302],[4.259321,39.982286],[4.259295,39.982269],[4.259269,39.982255],[4.259244,39.98224],[4.25922,39.982227],[4.259193,39.982213],[4.259168,39.982199],[4.259141,39.982184],[4.259118,39.982169],[4.259094,39.98215],[4.259073,39.98213],[4.259057,39.982111],[4.259043,39.982089],[4.259035,39.982066],[4.259032,39.982042],[4.259034,39.98202],[4.259038,39.981994],[4.259043,39.981969],[4.259052,39.981943],[4.259062,39.981922],[4.259074,39.981899],[4.259088,39.981878],[4.259107,39.981856],[4.259125,39.981837],[4.259146,39.981817],[4.259164,39.981798],[4.259181,39.981777],[4.259195,39.981757],[4.259203,39.981735],[4.259215,39.981716],[4.259237,39.981686],[4.259257,39.981666],[4.259274,39.981645],[4.259291,39.981625],[4.259308,39.981605],[4.259325,39.981585],[4.259344,39.981566],[4.259366,39.981545],[4.259385,39.981526],[4.259408,39.981506],[4.259429,39.981489],[4.25945,39.981473],[4.259475,39.981457],[4.259503,39.981441],[4.259527,39.981429],[4.259557,39.981418],[4.259589,39.981408],[4.259621,39.981401],[4.259651,39.981399],[4.259682,39.981397],[4.259714,39.981398],[4.259749,39.981399],[4.25978,39.981401],[4.259815,39.981405],[4.259846,39.98141],[4.259874,39.981417],[4.259906,39.981424],[4.259933,39.981433],[4.259962,39.981441],[4.259991,39.98145],[4.260023,39.98146],[4.260052,39.981469],[4.260079,39.981477],[4.26011,39.981485],[4.260144,39.981492],[4.260172,39.981499],[4.2602,39.981506],[4.26023,39.981513],[4.260263,39.98152],[4.260292,39.981526],[4.260322,39.981533],[4.260352,39.981541],[4.260379,39.981553],[4.260396,39.98157],[4.260404,39.981595],[4.260407,39.98162],[4.260407,39.981646],[4.260411,39.981668],[4.260423,39.98169],[4.260445,39.981708],[4.260466,39.981714],[4.260486,39.981711],[4.260513,39.9817],[4.260529,39.981702],[4.260542,39.981712],[4.260559,39.981733],[4.260574,39.981746],[4.260605,39.981749],[4.260635,39.98175],[4.260665,39.981751],[4.260696,39.981751],[4.260726,39.981748],[4.260757,39.981745],[4.260785,39.98174],[4.260815,39.981736],[4.260847,39.98174],[4.260878,39.981746],[4.260909,39.981753],[4.26094,39.981762],[4.260968,39.98177],[4.260998,39.981779],[4.261026,39.981791],[4.261055,39.981802],[4.261083,39.981813],[4.261109,39.981824],[4.261139,39.981835],[4.261167,39.981845],[4.261196,39.981857],[4.261222,39.98187],[4.261248,39.981881],[4.261275,39.981894],[4.2613,39.981906],[4.261326,39.98192],[4.261353,39.981932],[4.26138,39.981945],[4.261407,39.981959],[4.261437,39.981965],[4.261467,39.98197],[4.261498,39.981973],[4.261532,39.981976],[4.261561,39.981976],[4.261593,39.981973],[4.261624,39.98197],[4.261653,39.981967],[4.261682,39.981966],[4.261714,39.981967],[4.261745,39.98197],[4.261775,39.981975],[4.261803,39.981987],[4.261827,39.982003],[4.261852,39.982015],[4.261872,39.982032],[4.261888,39.982035],[4.261917,39.982031],[4.261947,39.982023],[4.261976,39.982016],[4.262009,39.982011],[4.262042,39.982011],[4.262071,39.982015],[4.262101,39.982022],[4.262128,39.982032],[4.262153,39.982046],[4.262183,39.982053],[4.262208,39.98205],[4.262218,39.98204],[4.26224,39.982025],[4.262254,39.982025],[4.262285,39.982022],[4.262304,39.982012],[4.262317,39.981996],[4.262338,39.98198],[4.262362,39.981966],[4.262393,39.981958],[4.262422,39.981952],[4.262452,39.981948],[4.262482,39.981947],[4.262513,39.981948],[4.262544,39.981948],[4.262575,39.981951],[4.262607,39.981953],[4.26264,39.981956],[4.262671,39.981958],[4.262704,39.981959],[4.262737,39.981962],[4.262766,39.981965],[4.262795,39.981968],[4.262826,39.981966],[4.262857,39.981963],[4.262886,39.981959],[4.262919,39.981954],[4.262948,39.981949],[4.262979,39.981946],[4.263008,39.981944],[4.263039,39.981942],[4.263069,39.981942],[4.2631,39.981942],[4.263133,39.981943],[4.263163,39.981946],[4.263192,39.98195],[4.263224,39.981956],[4.263253,39.981963],[4.263281,39.98197],[4.263309,39.981979],[4.263338,39.981988],[4.263366,39.981994],[4.263394,39.982002],[4.26342,39.982014],[4.263449,39.982027],[4.263477,39.982036],[4.263507,39.982043],[4.263536,39.982048],[4.263568,39.982046],[4.263599,39.982043],[4.263625,39.982048],[4.263637,39.982058],[4.263654,39.982079],[4.263679,39.982095],[4.263704,39.982101],[4.263736,39.982101],[4.263765,39.982104],[4.26379,39.982115],[4.263803,39.982131],[4.263825,39.982149],[4.263851,39.982161],[4.263876,39.982173],[4.263885,39.982187],[4.263895,39.982208],[4.26391,39.982216],[4.263935,39.982219],[4.263957,39.982213],[4.263974,39.982199],[4.263986,39.982178],[4.263998,39.982158],[4.264013,39.982154],[4.264046,39.982153],[4.264076,39.982155],[4.264105,39.982158],[4.264135,39.982163],[4.264166,39.982166],[4.264196,39.982171],[4.264226,39.982175],[4.264255,39.982179],[4.264285,39.982182],[4.264315,39.982185],[4.264345,39.982189],[4.264373,39.982196],[4.264393,39.982209],[4.264412,39.982227],[4.264437,39.982239],[4.264458,39.982241],[4.264489,39.982238],[4.264517,39.982232],[4.264546,39.982224],[4.264577,39.982221],[4.264607,39.982226],[4.264637,39.982232],[4.264663,39.98223],[4.264678,39.982221],[4.264695,39.982201],[4.264712,39.982195],[4.264729,39.982198],[4.264755,39.98221],[4.264778,39.982224],[4.264799,39.982241],[4.264821,39.982257],[4.264843,39.982274],[4.264867,39.982289],[4.264893,39.982303],[4.264919,39.982317],[4.264944,39.982331],[4.264973,39.982342],[4.265003,39.98235],[4.265031,39.982357],[4.265059,39.982366],[4.265079,39.982381],[4.26509,39.9824],[4.265091,39.982421],[4.265098,39.982443],[4.265114,39.982457],[4.265135,39.982466],[4.265159,39.982465],[4.265189,39.982459],[4.265216,39.982449],[4.265242,39.982436],[4.265267,39.982434],[4.265283,39.98244],[4.265303,39.982458],[4.265315,39.982478],[4.265321,39.982501],[4.265334,39.982523],[4.265351,39.982531],[4.265379,39.982541],[4.265397,39.982539],[4.265424,39.98253],[4.265446,39.982513],[4.265466,39.982495],[4.265493,39.982483],[4.265521,39.982474],[4.265551,39.982465],[4.265579,39.982454],[4.265609,39.982443],[4.265638,39.982432],[4.265664,39.982421],[4.265689,39.982409],[4.265712,39.982394],[4.265733,39.982378],[4.265758,39.982363],[4.26578,39.982347],[4.2658,39.982329],[4.265801,39.982315],[4.265792,39.982301],[4.265778,39.98228],[4.265772,39.982257],[4.265769,39.982234],[4.265771,39.982212],[4.26578,39.982189],[4.265791,39.982167],[4.265804,39.982147],[4.265824,39.98213],[4.265852,39.982117],[4.265877,39.982103],[4.265906,39.982097],[4.265937,39.982097],[4.265965,39.98209],[4.265993,39.982079],[4.266021,39.982067],[4.26605,39.982055],[4.266077,39.982044],[4.266104,39.982035],[4.266129,39.982022],[4.266155,39.982011],[4.266182,39.981998],[4.266205,39.981983],[4.266223,39.981964],[4.266235,39.981943],[4.266234,39.981927],[4.266227,39.981905],[4.26622,39.981882],[4.266213,39.98186],[4.266202,39.981838],[4.26619,39.981817],[4.266178,39.981796],[4.266166,39.981773],[4.266156,39.98175],[4.266145,39.981729],[4.266133,39.981707],[4.266117,39.981688],[4.266096,39.981671],[4.266077,39.981651],[4.266058,39.981631],[4.266039,39.981613],[4.266018,39.981594],[4.265998,39.981576],[4.265978,39.98156],[4.265956,39.981544],[4.265935,39.981526],[4.265913,39.981508],[4.265891,39.98149],[4.265868,39.981472],[4.26585,39.981454],[4.265837,39.981433],[4.265828,39.981411],[4.265816,39.981388],[4.265806,39.981364],[4.265798,39.981342],[4.265783,39.981321],[4.265763,39.981302],[4.265745,39.981285],[4.265725,39.981264],[4.265706,39.981244],[4.265685,39.981226],[4.265669,39.981207],[4.265655,39.981184],[4.26565,39.98116],[4.265657,39.981141],[4.265674,39.981123],[4.265684,39.981101],[4.265681,39.981083],[4.265667,39.981072],[4.265649,39.981069],[4.265624,39.981073],[4.265595,39.981084],[4.265565,39.981091],[4.265541,39.981089],[4.265512,39.981087],[4.26548,39.981081],[4.26545,39.981076],[4.265421,39.981069],[4.265393,39.981058],[4.265364,39.981047],[4.265334,39.981037],[4.265308,39.981024],[4.265283,39.981012],[4.265257,39.980999],[4.265231,39.980987],[4.265204,39.980977],[4.265179,39.980965],[4.265152,39.980951],[4.265127,39.980937],[4.265105,39.98092],[4.265089,39.980901],[4.26509,39.980888],[4.265089,39.980864],[4.265078,39.980848],[4.265061,39.98084],[4.265051,39.980845],[4.265028,39.980847],[4.265018,39.980839],[4.264999,39.980822],[4.264985,39.980802],[4.264977,39.980778],[4.264973,39.980755],[4.26497,39.980732],[4.264967,39.980709],[4.26496,39.980687],[4.264944,39.980671],[4.264924,39.980664],[4.264895,39.980657],[4.264866,39.980655],[4.264836,39.980651],[4.264807,39.980643],[4.264778,39.980636],[4.264751,39.980624],[4.264733,39.980607],[4.264713,39.98059],[4.264694,39.980572],[4.264683,39.98055],[4.264678,39.980527],[4.264668,39.980506],[4.264655,39.980484],[4.264638,39.980473],[4.264619,39.980455],[4.264609,39.980434],[4.264603,39.980411],[4.26459,39.980406],[4.264567,39.980405],[4.264538,39.980401],[4.264509,39.980392],[4.264484,39.980381],[4.264456,39.980372],[4.264429,39.980362],[4.264408,39.980346],[4.264385,39.980331],[4.264361,39.980317],[4.26434,39.980301],[4.264333,39.980285],[4.26433,39.980262],[4.264318,39.980241],[4.264319,39.980224],[4.264313,39.980202],[4.264302,39.980197],[4.264275,39.980187],[4.264266,39.980174],[4.26427,39.980163],[4.264278,39.980141],[4.264272,39.980128],[4.264261,39.980127],[4.264235,39.980132],[4.264207,39.98014],[4.264183,39.980138],[4.264155,39.980131],[4.264126,39.980124],[4.264096,39.980119],[4.264067,39.980119],[4.26404,39.980111],[4.264027,39.980099],[4.264003,39.980089],[4.263991,39.980093],[4.263984,39.980104],[4.263973,39.980126],[4.263959,39.980134],[4.263943,39.980132],[4.263912,39.980127],[4.263884,39.98012],[4.263856,39.980111],[4.263827,39.980101],[4.2638,39.980092],[4.263778,39.980076],[4.263776,39.980064],[4.263783,39.980044],[4.263795,39.980022],[4.263794,39.980003],[4.263783,39.979988],[4.263764,39.97997],[4.263742,39.979961],[4.263728,39.979965],[4.263724,39.979974],[4.263728,39.979993],[4.263738,39.980014],[4.26374,39.980037],[4.26373,39.980044],[4.26371,39.980046],[4.263679,39.980045],[4.26365,39.98004],[4.26362,39.980034],[4.26359,39.980029],[4.263562,39.980022],[4.263535,39.980011],[4.263508,39.98],[4.263499,39.979988],[4.263507,39.979983],[4.263531,39.979969],[4.26355,39.97995],[4.263555,39.979931],[4.263547,39.97992],[4.263525,39.979905],[4.263499,39.979893],[4.263475,39.979891],[4.263463,39.979898],[4.263454,39.979912],[4.263447,39.979935],[4.263433,39.979945],[4.263416,39.979947],[4.263394,39.979942],[4.263394,39.979933],[4.263384,39.979917],[4.263368,39.979912],[4.263339,39.979908],[4.263308,39.979904],[4.26328,39.979896],[4.263271,39.979884],[4.263263,39.979862],[4.26327,39.979854],[4.263293,39.97984],[4.263294,39.979829],[4.263284,39.979817],[4.263264,39.979798],[4.263246,39.97978],[4.263233,39.979759],[4.263231,39.979737],[4.26324,39.979726],[4.263261,39.979716],[4.26329,39.979711],[4.26332,39.979707],[4.263348,39.979696],[4.263356,39.979683],[4.263362,39.97966],[4.263362,39.979636],[4.263354,39.979614],[4.263341,39.979612],[4.263324,39.979617],[4.263303,39.979633],[4.263276,39.979641],[4.26327,39.979633],[4.263268,39.979615],[4.263269,39.979592],[4.263258,39.979581],[4.263248,39.979584],[4.263223,39.979597],[4.263196,39.979605],[4.263172,39.979604],[4.263158,39.979595],[4.263143,39.979577],[4.263122,39.979561],[4.263105,39.97956],[4.263097,39.979567],[4.263095,39.97958],[4.263082,39.979598],[4.263064,39.979606],[4.263047,39.979604],[4.26302,39.979595],[4.263001,39.97958],[4.262992,39.979561],[4.262982,39.979539],[4.262966,39.979519],[4.262948,39.979499],[4.262928,39.979483],[4.262908,39.979464],[4.262885,39.979449],[4.262862,39.979434],[4.262836,39.979422],[4.262811,39.979409],[4.262787,39.979396],[4.26276,39.979384],[4.262731,39.979377],[4.262702,39.979371],[4.262675,39.979361],[4.262648,39.979351],[4.262627,39.979352],[4.262597,39.979355],[4.262567,39.979354],[4.262539,39.979346],[4.26251,39.979345],[4.262479,39.979345],[4.262449,39.979344],[4.262419,39.979343],[4.262389,39.979343],[4.262358,39.97934],[4.262329,39.979339],[4.262297,39.979336],[4.262268,39.979329],[4.26224,39.979321],[4.262214,39.979309],[4.26219,39.979295],[4.262151,39.979281],[4.262123,39.979271],[4.262091,39.979273],[4.26206,39.979279],[4.262028,39.979288],[4.261999,39.979298],[4.261971,39.979308],[4.261941,39.979318],[4.261913,39.979327],[4.261884,39.979336],[4.261851,39.979345],[4.261821,39.979352],[4.261789,39.97936],[4.261761,39.979367],[4.261732,39.979375],[4.261701,39.979383],[4.26167,39.97939],[4.26164,39.979398],[4.26161,39.979405],[4.261581,39.979412],[4.261551,39.979419],[4.261519,39.979426],[4.261488,39.979432],[4.261455,39.979438],[4.261422,39.97944],[4.261392,39.979438],[4.261362,39.979434],[4.261331,39.979429],[4.261298,39.979425],[4.261267,39.979426],[4.261237,39.979434],[4.261207,39.979444],[4.26118,39.979455],[4.26115,39.979468],[4.261124,39.979478],[4.261093,39.97949],[4.261065,39.9795],[4.261035,39.979511],[4.261007,39.97952],[4.260977,39.97953],[4.260945,39.979539],[4.260915,39.979545],[4.260882,39.979549],[4.260851,39.979547],[4.260819,39.979544],[4.260787,39.979539],[4.260755,39.979533],[4.260724,39.979524],[4.260696,39.979514],[4.26067,39.979501],[4.260648,39.979485],[4.260624,39.979469],[4.2606,39.979455],[4.260573,39.979442],[4.260543,39.979428],[4.260516,39.979415],[4.260487,39.979404],[4.260458,39.979395],[4.260429,39.979389],[4.260395,39.979385],[4.260366,39.979382],[4.260332,39.97938],[4.260298,39.979378],[4.260266,39.979376],[4.260231,39.979374],[4.2602,39.979371],[4.260164,39.979367],[4.260127,39.979363],[4.260097,39.979358],[4.260069,39.979353],[4.260036,39.979345],[4.260003,39.979337],[4.259972,39.979328],[4.259944,39.979321],[4.25991,39.979311],[4.259882,39.979303],[4.259849,39.979292],[4.259819,39.979281],[4.25979,39.979269],[4.259763,39.979257],[4.259732,39.979244],[4.259703,39.979232],[4.259673,39.979218],[4.259648,39.979204],[4.259623,39.979187],[4.259601,39.979171],[4.259598,39.979168],[4.259581,39.979153],[4.259561,39.979134],[4.259543,39.979113],[4.259532,39.979091],[4.25953,39.97908],[4.259528,39.979067],[4.259529,39.979044],[4.259533,39.979019],[4.259535,39.978996],[4.259535,39.978973],[4.259524,39.978957],[4.259509,39.978952],[4.259478,39.978948],[4.259468,39.978937],[4.259457,39.978914],[4.259439,39.978902],[4.25942,39.978901],[4.259396,39.978907],[4.259371,39.97892],[4.259352,39.978938],[4.259339,39.978961],[4.259332,39.978985],[4.259325,39.979009],[4.259312,39.979015],[4.259302,39.979018],[4.259219,39.978994],[4.25919,39.978974],[4.25917,39.978956],[4.259149,39.978936],[4.259128,39.978918],[4.259108,39.9789],[4.25909,39.978882],[4.259073,39.978861],[4.259057,39.978842],[4.259045,39.978821],[4.259034,39.978799],[4.259023,39.978775],[4.259004,39.978717],[4.259013,39.978708],[4.25903,39.978688],[4.259034,39.978668],[4.259027,39.978657],[4.259029,39.97864],[4.25904,39.978634],[4.259068,39.978625],[4.259085,39.97861],[4.259083,39.978601],[4.259068,39.978588],[4.259042,39.978575],[4.259022,39.978558],[4.259019,39.978543],[4.259021,39.978518],[4.259023,39.978492],[4.259027,39.978468],[4.259034,39.978443],[4.259042,39.978421],[4.259054,39.978401],[4.259067,39.97838],[4.259081,39.978359],[4.259099,39.978338],[4.259116,39.978318],[4.259132,39.978298],[4.259144,39.978277],[4.25915,39.978252],[4.259151,39.978229],[4.259154,39.978204],[4.25916,39.97818],[4.259169,39.978156],[4.259181,39.978134],[4.259195,39.978112],[4.25921,39.978092],[4.259229,39.97807],[4.259248,39.978052],[4.259267,39.978035],[4.259288,39.978017],[4.259311,39.978001],[4.259338,39.97799],[4.259369,39.977986],[4.259401,39.977984],[4.25943,39.977975],[4.259457,39.977963],[4.259482,39.977949],[4.259509,39.977935],[4.259536,39.97793],[4.259558,39.977935],[4.259589,39.977946],[4.259619,39.977958],[4.259646,39.977972],[4.259674,39.977985],[4.259705,39.977995],[4.259735,39.978005],[4.259765,39.978011],[4.259795,39.97801],[4.259825,39.978003],[4.259849,39.977989],[4.259866,39.97797],[4.259877,39.977946],[4.259895,39.977926],[4.259919,39.977913],[4.259949,39.977905],[4.259979,39.977902],[4.26001,39.977895],[4.26004,39.977885],[4.260071,39.977884],[4.260084,39.977893],[4.260102,39.977911],[4.260128,39.977926],[4.260158,39.977931],[4.26019,39.97793],[4.26022,39.977925],[4.260243,39.977912],[4.260247,39.977899],[4.260238,39.977882],[4.260219,39.977865],[4.260193,39.977849],[4.260169,39.977835],[4.260153,39.977816],[4.26016,39.977807],[4.260175,39.977803],[4.260198,39.977804],[4.260227,39.977813],[4.260255,39.977825],[4.260281,39.977836],[4.260303,39.977834],[4.26031,39.977825],[4.260307,39.97781],[4.260293,39.977793],[4.260268,39.977777],[4.260244,39.977764],[4.260218,39.977749],[4.260201,39.977729],[4.260203,39.977715],[4.260212,39.977691],[4.260207,39.977677],[4.260192,39.977667],[4.260169,39.977663],[4.260137,39.977665],[4.260107,39.977667],[4.260088,39.977659],[4.260082,39.977647],[4.260087,39.97763],[4.260104,39.977615],[4.260124,39.977597],[4.260135,39.977576],[4.260135,39.977552],[4.260128,39.977527],[4.260112,39.977507],[4.260098,39.977486],[4.260102,39.977476],[4.260118,39.977465],[4.260147,39.977455],[4.26018,39.977453],[4.260209,39.977456],[4.260238,39.977462],[4.260266,39.977469],[4.260297,39.977479],[4.260326,39.97749],[4.260354,39.977502],[4.260382,39.977514],[4.260411,39.977525],[4.26044,39.977536],[4.260472,39.977544],[4.2605,39.977542],[4.260511,39.977533],[4.260511,39.977521],[4.2605,39.977508],[4.260474,39.977491],[4.260447,39.977479],[4.260416,39.977467],[4.260387,39.977455],[4.260356,39.977442],[4.260328,39.977429],[4.260301,39.977415],[4.260277,39.9774],[4.260255,39.977383],[4.260248,39.977365],[4.260241,39.977343],[4.260228,39.977321],[4.260209,39.977301],[4.260189,39.977285],[4.260164,39.977269],[4.260141,39.977255],[4.260115,39.977241],[4.260091,39.977226],[4.260071,39.977208],[4.260074,39.977197],[4.260088,39.977189],[4.26011,39.977186],[4.260142,39.977189],[4.260171,39.977197],[4.260197,39.977208],[4.260224,39.97722],[4.260255,39.977233],[4.260284,39.977245],[4.260315,39.977256],[4.260344,39.977265],[4.260374,39.977271],[4.260404,39.977271],[4.26042,39.977263],[4.260443,39.977248],[4.260464,39.977246],[4.260494,39.977248],[4.260525,39.977248],[4.260546,39.977239],[4.260555,39.977226],[4.26055,39.977212],[4.260533,39.977193],[4.26051,39.977177],[4.260487,39.977161],[4.260464,39.977146],[4.260439,39.977131],[4.260412,39.977116],[4.260387,39.977101],[4.260361,39.977086],[4.260334,39.977069],[4.260308,39.977052],[4.260283,39.977038],[4.260256,39.977024],[4.260226,39.977018],[4.260208,39.977024],[4.260189,39.97704],[4.260171,39.977061],[4.26015,39.977078],[4.260124,39.977088],[4.260098,39.977088],[4.260067,39.977085],[4.260038,39.977075],[4.260022,39.97706],[4.260023,39.977046],[4.260033,39.977034],[4.260054,39.977025],[4.260083,39.97702],[4.260115,39.977016],[4.260142,39.977006],[4.260149,39.976994],[4.260142,39.976984],[4.260122,39.976974],[4.260092,39.97697],[4.260061,39.976967],[4.260047,39.976958],[4.260054,39.97695],[4.260073,39.976945],[4.260102,39.976939],[4.26013,39.976931],[4.260147,39.976918],[4.260146,39.976908],[4.260145,39.976884],[4.260156,39.976871],[4.260179,39.976856],[4.260198,39.976838],[4.260194,39.976829],[4.26018,39.976823],[4.26015,39.976819],[4.260117,39.97682],[4.260088,39.976815],[4.260071,39.976803],[4.26007,39.976791],[4.260075,39.976767],[4.26007,39.976745],[4.260056,39.97673],[4.260052,39.976712],[4.260042,39.97669],[4.260022,39.976677],[4.259994,39.976667],[4.259965,39.976661],[4.259933,39.976657],[4.2599,39.976656],[4.25987,39.976658],[4.25984,39.976659],[4.259826,39.97665],[4.259826,39.976639],[4.259838,39.976627],[4.259855,39.976608],[4.25985,39.976599],[4.259831,39.976585],[4.259803,39.976576],[4.259771,39.976576],[4.259738,39.976574],[4.259708,39.976571],[4.259678,39.976565],[4.25965,39.976558],[4.259621,39.976546],[4.259597,39.976531],[4.259574,39.976514],[4.259551,39.976494],[4.25953,39.976477],[4.259512,39.976457],[4.259497,39.976436],[4.259481,39.976417],[4.259462,39.976398],[4.259441,39.976378],[4.259424,39.976358],[4.259407,39.976336],[4.259391,39.976314],[4.259381,39.976292],[4.259371,39.976268],[4.259363,39.976242],[4.25936,39.976218],[4.259358,39.976195],[4.259358,39.976168],[4.259358,39.976144],[4.259358,39.976121],[4.259355,39.976095],[4.259351,39.976071],[4.259347,39.976046],[4.259343,39.976021],[4.259338,39.975994],[4.259333,39.975968],[4.259329,39.975942],[4.259323,39.975916],[4.259317,39.975893],[4.259308,39.975869],[4.2593,39.975845],[4.259296,39.975822],[4.2593,39.975799],[4.259314,39.975775],[4.25933,39.975754],[4.259347,39.975735],[4.259366,39.975714],[4.259383,39.975693],[4.259399,39.975674],[4.259415,39.975653],[4.25943,39.975632],[4.259447,39.97561],[4.259463,39.975589],[4.25948,39.975567],[4.259496,39.975544],[4.259512,39.975522],[4.259527,39.975498],[4.259541,39.975477],[4.259555,39.975454],[4.259566,39.975432],[4.259578,39.975408],[4.259587,39.975385],[4.259595,39.975361],[4.259606,39.975335],[4.259614,39.975313],[4.259622,39.975287],[4.259624,39.975264],[4.259624,39.975238],[4.259622,39.975213],[4.259618,39.97519],[4.259613,39.975167],[4.259607,39.975142],[4.259599,39.975119],[4.25959,39.975095],[4.259578,39.975071],[4.259568,39.975049],[4.259557,39.975025],[4.259547,39.975],[4.259537,39.974977],[4.25953,39.974954],[4.259528,39.974928],[4.259531,39.974903],[4.25954,39.974879],[4.259555,39.974867],[4.259569,39.974867],[4.25959,39.974874],[4.259616,39.974889],[4.25964,39.974902],[4.259669,39.97491],[4.259696,39.974909],[4.259729,39.974906],[4.259758,39.974905],[4.259789,39.97491],[4.259819,39.97492],[4.259847,39.974933],[4.259874,39.974947],[4.259901,39.97496],[4.259928,39.974972],[4.259958,39.974978],[4.259991,39.974978],[4.260019,39.974974],[4.260049,39.974977],[4.260076,39.974986],[4.260106,39.974997],[4.260134,39.975007],[4.260161,39.975017],[4.260189,39.975027],[4.260217,39.975037],[4.260244,39.975046],[4.260275,39.975052],[4.260306,39.975053],[4.260332,39.975045],[4.260358,39.975032],[4.260389,39.975025],[4.260419,39.97502],[4.260447,39.975009],[4.260454,39.974996],[4.260452,39.974981],[4.260438,39.974961],[4.260416,39.974944],[4.260389,39.974933],[4.260357,39.974928],[4.26033,39.974932],[4.260312,39.974943],[4.260295,39.974962],[4.260275,39.97498],[4.260255,39.974985],[4.260231,39.974982],[4.260204,39.974971],[4.260177,39.97496],[4.260151,39.97495],[4.260126,39.974937],[4.260101,39.974921],[4.260075,39.974909],[4.260046,39.974899],[4.260016,39.974892],[4.259984,39.974889],[4.259952,39.974884],[4.25993,39.974872],[4.259929,39.974862],[4.259938,39.974856],[4.259961,39.974852],[4.259989,39.974856],[4.260021,39.974864],[4.260053,39.974872],[4.260081,39.974878],[4.260112,39.974883],[4.260144,39.974886],[4.260178,39.974886],[4.26021,39.974886],[4.260242,39.974882],[4.26027,39.974872],[4.260283,39.974857],[4.260279,39.974847],[4.260263,39.974833],[4.260237,39.974819],[4.26021,39.974806],[4.260185,39.974792],[4.260172,39.974774],[4.260157,39.974752],[4.260136,39.97474],[4.260108,39.974727],[4.260081,39.974717],[4.260054,39.974707],[4.260026,39.974698],[4.259998,39.974688],[4.259966,39.974677],[4.259937,39.974666],[4.25991,39.974657],[4.259881,39.974654],[4.25985,39.974655],[4.259822,39.974661],[4.259792,39.974669],[4.25976,39.974668],[4.259728,39.974663],[4.259697,39.974655],[4.259668,39.974647],[4.259639,39.974639],[4.259612,39.974629],[4.25961,39.974619],[4.259621,39.974612],[4.259644,39.974607],[4.259678,39.974608],[4.259712,39.974612],[4.259745,39.974612],[4.259776,39.974609],[4.259804,39.974599],[4.259821,39.974584],[4.259822,39.974571],[4.259813,39.974562],[4.259787,39.974548],[4.259781,39.974533],[4.259789,39.974523],[4.25981,39.974506],[4.259826,39.974485],[4.25983,39.974465],[4.259823,39.974445],[4.259807,39.974425],[4.259789,39.974407],[4.259771,39.974387],[4.25976,39.974366],[4.259759,39.974343],[4.259764,39.974321],[4.259768,39.974297],[4.259758,39.974283],[4.259739,39.974266],[4.259716,39.974249],[4.259693,39.974231],[4.259671,39.974216],[4.259647,39.974199],[4.259622,39.97418],[4.259602,39.974164],[4.259578,39.974148],[4.259552,39.974132],[4.259524,39.974119],[4.259499,39.974107],[4.259469,39.974098],[4.259438,39.974091],[4.259408,39.974083],[4.259379,39.974073],[4.259353,39.974059],[4.259338,39.974039],[4.259339,39.974021],[4.25935,39.974],[4.259365,39.97398],[4.259381,39.973961],[4.25939,39.973939],[4.259387,39.973922],[4.259374,39.973908],[4.259356,39.973901],[4.259327,39.973899],[4.259295,39.973898],[4.259273,39.973889],[4.259249,39.973872],[4.259228,39.973852],[4.259211,39.973834],[4.259194,39.973814],[4.259179,39.973792],[4.259169,39.973771],[4.25916,39.973748],[4.259152,39.973722],[4.259142,39.9737],[4.25913,39.973674],[4.259119,39.973649],[4.259114,39.973624],[4.259118,39.973599],[4.259128,39.973574],[4.25914,39.973554],[4.259156,39.973534],[4.259175,39.973517],[4.259197,39.973499],[4.259218,39.97348],[4.259236,39.973458],[4.25925,39.973438],[4.259268,39.97342],[4.25929,39.9734],[4.25931,39.973382],[4.259326,39.973362],[4.259333,39.973339],[4.259327,39.97332],[4.259311,39.9733],[4.259288,39.973282],[4.259267,39.973265],[4.259246,39.973246],[4.259233,39.973226],[4.259232,39.973206],[4.259241,39.973189],[4.259262,39.973174],[4.25927,39.973155],[4.259262,39.973142],[4.259242,39.973123],[4.259217,39.973103],[4.259195,39.973086],[4.259175,39.97307],[4.259154,39.973053],[4.259131,39.973036],[4.25911,39.97302],[4.259087,39.973005],[4.259059,39.972991],[4.25903,39.972978],[4.259,39.972969],[4.258972,39.97296],[4.258943,39.972949],[4.258917,39.972936],[4.258892,39.972923],[4.258868,39.972908],[4.258844,39.972888],[4.258824,39.97287],[4.258801,39.97285],[4.25878,39.972829],[4.258762,39.97281],[4.258746,39.972789],[4.258727,39.972765],[4.258709,39.972745],[4.258688,39.972723],[4.258666,39.972704],[4.258644,39.972689],[4.258618,39.972671],[4.258592,39.972655],[4.258562,39.97264],[4.258534,39.972627],[4.258505,39.972613],[4.258479,39.972601],[4.258447,39.97258],[4.25842,39.972565],[4.258391,39.972555],[4.258362,39.972547],[4.258333,39.972545],[4.258301,39.972547],[4.258269,39.97255],[4.258236,39.972554],[4.258204,39.972557],[4.258175,39.972554],[4.258144,39.972547],[4.258114,39.97254],[4.258085,39.972533],[4.258055,39.972525],[4.258028,39.972516],[4.258,39.972507],[4.257974,39.972494],[4.25795,39.972481],[4.257927,39.972466],[4.257905,39.972447],[4.257884,39.972428],[4.257863,39.972407],[4.257844,39.972386],[4.257826,39.972365],[4.257806,39.972344],[4.257787,39.972326],[4.257766,39.972308],[4.257745,39.972292],[4.257723,39.972276],[4.257702,39.972258],[4.257682,39.97224],[4.257664,39.972222],[4.257644,39.9722],[4.257625,39.972182],[4.257604,39.972163],[4.257586,39.972144],[4.25757,39.972123],[4.257555,39.972099],[4.257545,39.972076],[4.257541,39.972053],[4.257541,39.972028],[4.257544,39.972004],[4.257548,39.971977],[4.257554,39.971952],[4.257562,39.971929],[4.257571,39.971905],[4.257582,39.971883],[4.257594,39.97186],[4.257611,39.971839],[4.257634,39.97182],[4.257659,39.971803],[4.257684,39.971788],[4.25771,39.971775],[4.25774,39.971765],[4.257771,39.971761],[4.257804,39.971764],[4.257837,39.971765],[4.257869,39.971765],[4.2579,39.971764],[4.25793,39.971755],[4.257956,39.971744],[4.257984,39.971735],[4.258011,39.971734],[4.258038,39.971742],[4.258065,39.971752],[4.258095,39.971761],[4.258126,39.971768],[4.258157,39.971769],[4.258186,39.971762],[4.258213,39.971746],[4.258233,39.971728],[4.258249,39.971709],[4.258262,39.971687],[4.258268,39.971663],[4.258269,39.97164],[4.258273,39.971618],[4.258287,39.971597],[4.258307,39.97158],[4.258332,39.971567],[4.258364,39.97156],[4.258394,39.971561],[4.258424,39.971565],[4.258456,39.971569],[4.258486,39.971567],[4.258507,39.971557],[4.258508,39.971547],[4.258497,39.971535],[4.258473,39.971518],[4.258448,39.971506],[4.258421,39.971491],[4.2584,39.971472],[4.258388,39.971451],[4.258389,39.971432],[4.258401,39.971411],[4.258418,39.971392],[4.258433,39.97137],[4.258435,39.97135],[4.258426,39.971337],[4.258408,39.971318],[4.258399,39.971296],[4.258408,39.971286],[4.258432,39.971271],[4.258456,39.971256],[4.258468,39.971238],[4.258469,39.97122],[4.258458,39.971202],[4.258435,39.971184],[4.258411,39.971169],[4.258389,39.971154],[4.258386,39.971141],[4.258394,39.971128],[4.258413,39.971117],[4.258438,39.971112],[4.258471,39.971114],[4.258502,39.971113],[4.258529,39.971104],[4.258536,39.971093],[4.258531,39.97108],[4.258515,39.97107],[4.258487,39.971062],[4.258458,39.971056],[4.258428,39.971052],[4.258398,39.971049],[4.258365,39.971045],[4.258333,39.971041],[4.258303,39.971035],[4.258276,39.971023],[4.25827,39.97101],[4.258277,39.971003],[4.258298,39.970994],[4.258327,39.970986],[4.258359,39.97098],[4.258388,39.970971],[4.258396,39.97096],[4.258389,39.970951],[4.258369,39.970939],[4.25834,39.97093],[4.258322,39.970916],[4.258328,39.970908],[4.258348,39.970896],[4.258376,39.970886],[4.258404,39.970877],[4.258415,39.970863],[4.25841,39.970853],[4.258393,39.970842],[4.258364,39.970831],[4.258334,39.970821],[4.258307,39.970812],[4.258276,39.970801],[4.258245,39.970792],[4.258217,39.970782],[4.258191,39.970768],[4.258173,39.970748],[4.258173,39.970733],[4.258184,39.970713],[4.258184,39.970691],[4.258173,39.970678],[4.258157,39.970659],[4.258164,39.970652],[4.258189,39.97064],[4.258214,39.970628],[4.258225,39.970611],[4.258225,39.970593],[4.258236,39.970574],[4.258253,39.970565],[4.25828,39.97056],[4.258313,39.970559],[4.258342,39.970557],[4.258373,39.970554],[4.258408,39.97055],[4.25844,39.970542],[4.258465,39.970528],[4.258472,39.970514],[4.258468,39.970501],[4.258453,39.97049],[4.258423,39.97048],[4.258392,39.970475],[4.258359,39.970473],[4.258326,39.970472],[4.258296,39.970476],[4.258265,39.970485],[4.258236,39.970492],[4.258204,39.970492],[4.258176,39.970486],[4.258147,39.970479],[4.258117,39.970471],[4.258088,39.970463],[4.258057,39.970457],[4.258025,39.970451],[4.257996,39.970448],[4.257964,39.970446],[4.257935,39.970443],[4.257909,39.970432],[4.257898,39.970417],[4.257889,39.970395],[4.257883,39.970371],[4.257871,39.970349],[4.257861,39.970326],[4.257868,39.970315],[4.257888,39.970297],[4.257908,39.970279],[4.25793,39.970261],[4.257956,39.970249],[4.257978,39.970234],[4.257977,39.970223],[4.257966,39.970216],[4.257945,39.970212],[4.257918,39.970217],[4.257888,39.970224],[4.257859,39.97023],[4.257826,39.970233],[4.257795,39.970229],[4.257766,39.970218],[4.25774,39.970204],[4.257714,39.970188],[4.257692,39.970173],[4.257666,39.97016],[4.257637,39.970156],[4.257613,39.970161],[4.257581,39.970167],[4.257549,39.970165],[4.25753,39.970155],[4.257509,39.970139],[4.257484,39.970125],[4.257457,39.970114],[4.257429,39.970104],[4.2574,39.970092],[4.257376,39.970076],[4.257362,39.970056],[4.257361,39.970037],[4.25737,39.970017],[4.257384,39.969995],[4.257394,39.969973],[4.257393,39.969951],[4.25738,39.969928],[4.257359,39.969913],[4.257341,39.96991],[4.257315,39.969915],[4.257288,39.969924],[4.25726,39.969935],[4.257232,39.969946],[4.257202,39.969954],[4.257169,39.969958],[4.25714,39.969958],[4.257111,39.969952],[4.257082,39.969942],[4.257053,39.969928],[4.257029,39.969911],[4.257011,39.969893],[4.256992,39.969873],[4.256969,39.969854],[4.256947,39.969839],[4.256923,39.969823],[4.256896,39.969811],[4.256865,39.969806],[4.256832,39.969808],[4.256801,39.969812],[4.256768,39.969811],[4.256737,39.969803],[4.256709,39.969793],[4.256679,39.96978],[4.256654,39.969767],[4.256629,39.969752],[4.256605,39.969738],[4.256578,39.969722],[4.256552,39.969709],[4.256526,39.969695],[4.2565,39.969682],[4.256475,39.96967],[4.256448,39.969659],[4.256393,39.969631],[4.256365,39.969622],[4.256337,39.969615],[4.256309,39.969605],[4.25629,39.969597],[4.256263,39.969588],[4.256236,39.969571],[4.256217,39.969552],[4.256199,39.969533],[4.256184,39.969513],[4.256175,39.969491],[4.25617,39.969467],[4.256165,39.969444],[4.256159,39.969419],[4.256152,39.969397],[4.256143,39.969373],[4.256131,39.96935],[4.256118,39.969328],[4.256105,39.969307],[4.256091,39.969285],[4.25608,39.96926],[4.25608,39.969252],[4.25609,39.96923],[4.2561,39.969209],[4.256109,39.969186],[4.256111,39.969162],[4.256114,39.969139],[4.256126,39.969123],[4.25615,39.969108],[4.256174,39.969102],[4.256203,39.969094],[4.256211,39.969083],[4.25621,39.96907],[4.256197,39.96905],[4.256175,39.969035],[4.256151,39.969018],[4.256133,39.968999],[4.256115,39.968979],[4.256096,39.96896],[4.25608,39.968938],[4.256065,39.968918],[4.256043,39.968902],[4.256015,39.96889],[4.255992,39.968876],[4.255979,39.968858],[4.255971,39.968835],[4.255969,39.96881],[4.255962,39.968786],[4.255948,39.968766],[4.255932,39.968745],[4.255921,39.968721],[4.255916,39.968697],[4.255914,39.968674],[4.255915,39.968651],[4.255919,39.968624],[4.255925,39.968598],[4.255934,39.968575],[4.255943,39.968553],[4.255955,39.96853],[4.255969,39.968506],[4.255982,39.968485],[4.255995,39.968464],[4.256008,39.968441],[4.256021,39.968418],[4.256034,39.968393],[4.256045,39.96837],[4.256054,39.968352],[4.256056,39.968348],[4.256065,39.968324],[4.256074,39.9683],[4.256082,39.968276],[4.25609,39.968251],[4.256099,39.968226],[4.256111,39.968206],[4.256125,39.968184],[4.256142,39.968161],[4.25616,39.968137],[4.256173,39.968116],[4.256185,39.968095],[4.256194,39.968072],[4.256203,39.968047],[4.256208,39.968024],[4.256216,39.968001],[4.256231,39.96798],[4.256254,39.967964],[4.25628,39.967952],[4.256296,39.967953],[4.256317,39.967963],[4.256339,39.967962],[4.256353,39.967953],[4.256365,39.967933],[4.256366,39.967914],[4.25636,39.967889],[4.256346,39.967867],[4.256332,39.967846],[4.256319,39.967824],[4.256307,39.967803],[4.2563,39.96778],[4.256298,39.967757],[4.2563,39.967733],[4.256294,39.96771],[4.256279,39.967692],[4.256256,39.967675],[4.256227,39.967662],[4.256199,39.96765],[4.25617,39.967638],[4.256142,39.967627],[4.256113,39.967615],[4.256087,39.967602],[4.25606,39.967587],[4.256032,39.967574],[4.256004,39.967564],[4.255976,39.967556],[4.255945,39.967548],[4.255913,39.96754],[4.255884,39.967531],[4.255856,39.967523],[4.255828,39.967515],[4.255799,39.967506],[4.255769,39.967496],[4.255739,39.967486],[4.255712,39.967475],[4.255683,39.967461],[4.255656,39.967447],[4.255636,39.967429],[4.255624,39.967407],[4.255613,39.967385],[4.255597,39.967374],[4.255574,39.96737],[4.255545,39.967374],[4.255517,39.967379],[4.255471,39.967394],[4.255404,39.967342],[4.255372,39.96731],[4.255354,39.967288],[4.255337,39.967266],[4.255322,39.967244],[4.255308,39.967223],[4.255296,39.967199],[4.255286,39.967176],[4.255277,39.967152],[4.255271,39.967126],[4.255268,39.967101],[4.255265,39.967075],[4.255264,39.967048],[4.255264,39.967026],[4.255267,39.967],[4.255269,39.966977],[4.255274,39.96695],[4.25528,39.966927],[4.25529,39.966902],[4.2553,39.96688],[4.255313,39.966856],[4.255325,39.966834],[4.25534,39.96681],[4.255352,39.966789],[4.255368,39.966765],[4.255383,39.966744],[4.255402,39.966721],[4.255421,39.966698],[4.255439,39.966679],[4.255456,39.96666],[4.255474,39.966638],[4.255491,39.966617],[4.255519,39.966592],[4.255554,39.966607],[4.255582,39.966612],[4.255604,39.966607],[4.255635,39.966604],[4.255654,39.966611],[4.255682,39.966624],[4.255708,39.966635],[4.255737,39.966642],[4.255767,39.966642],[4.255798,39.966639],[4.255823,39.966645],[4.255849,39.966658],[4.255871,39.966677],[4.255887,39.966698],[4.255901,39.966721],[4.255918,39.966742],[4.255942,39.966758],[4.255962,39.966762],[4.255982,39.966757],[4.256,39.966743],[4.256006,39.966728],[4.256003,39.966704],[4.255994,39.966681],[4.25598,39.966656],[4.255966,39.966636],[4.255952,39.966615],[4.255935,39.966594],[4.255918,39.966575],[4.255899,39.966555],[4.255878,39.966535],[4.255858,39.966516],[4.25584,39.966495],[4.255827,39.966475],[4.255816,39.966452],[4.255812,39.966429],[4.255802,39.966408],[4.255785,39.966395],[4.255758,39.966385],[4.25573,39.966379],[4.255708,39.966366],[4.2557,39.966351],[4.255698,39.966328],[4.255699,39.966305],[4.255694,39.966281],[4.255683,39.966259],[4.255669,39.966238],[4.255652,39.966217],[4.255636,39.966195],[4.255623,39.966174],[4.255615,39.966151],[4.25561,39.966127],[4.255608,39.966104],[4.255609,39.966081],[4.255612,39.966055],[4.255618,39.966033],[4.255627,39.966011],[4.255642,39.965988],[4.255664,39.965968],[4.255685,39.965953],[4.255711,39.96594],[4.255742,39.965934],[4.255772,39.965937],[4.255803,39.965942],[4.25583,39.965938],[4.255845,39.965927],[4.255857,39.965907],[4.255866,39.965883],[4.25587,39.965861],[4.255873,39.965836],[4.255885,39.965817],[4.255906,39.9658],[4.255917,39.965779],[4.255917,39.965757],[4.255912,39.965735],[4.255904,39.965712],[4.255898,39.965688],[4.255898,39.965662],[4.2559,39.965639],[4.255905,39.965614],[4.255915,39.965591],[4.255924,39.965567],[4.255926,39.965543],[4.255928,39.96552],[4.255938,39.965497],[4.255957,39.965478],[4.255977,39.965471],[4.255999,39.965473],[4.256027,39.965484],[4.256056,39.965498],[4.256082,39.965511],[4.256106,39.965524],[4.256135,39.965538],[4.256161,39.965549],[4.25619,39.965551],[4.2562,39.965542],[4.256217,39.965523],[4.256238,39.965507],[4.256247,39.965488],[4.256244,39.965469],[4.256246,39.965446],[4.256257,39.965434],[4.256267,39.965412],[4.256265,39.965394],[4.256255,39.96537],[4.256238,39.96535],[4.256218,39.965342],[4.256204,39.965344],[4.25619,39.965355],[4.256175,39.965377],[4.256156,39.965395],[4.256143,39.965395],[4.256124,39.965386],[4.2561,39.96537],[4.256078,39.965352],[4.256056,39.965333],[4.256035,39.965317],[4.256007,39.965305],[4.255982,39.965304],[4.255954,39.965297],[4.255938,39.965284],[4.255924,39.965263],[4.255912,39.965242],[4.255899,39.96522],[4.255885,39.9652],[4.255864,39.96518],[4.255839,39.96517],[4.255813,39.965168],[4.255782,39.965168],[4.255751,39.965165],[4.255724,39.965154],[4.255701,39.965139],[4.25568,39.965122],[4.255658,39.965106],[4.255633,39.965091],[4.255603,39.96508],[4.255574,39.965073],[4.255544,39.965065],[4.255513,39.965057],[4.255487,39.965044],[4.255465,39.965025],[4.255449,39.965005],[4.255427,39.964995],[4.255397,39.96499],[4.255367,39.96499],[4.255336,39.964996],[4.255305,39.965],[4.255282,39.964995],[4.255251,39.964984],[4.255223,39.964975],[4.255191,39.964966],[4.255162,39.964958],[4.255131,39.96495],[4.255099,39.96494],[4.25507,39.964932],[4.255039,39.964922],[4.255008,39.964912],[4.25498,39.964902],[4.254954,39.964889],[4.254932,39.964872],[4.254919,39.964852],[4.254905,39.964832],[4.254889,39.964825],[4.254859,39.964816],[4.254827,39.964809],[4.254796,39.964804],[4.254764,39.964798],[4.254735,39.964792],[4.254707,39.964787],[4.254677,39.964781],[4.254646,39.964774],[4.254617,39.964765],[4.254589,39.964751],[4.254564,39.964736],[4.254541,39.964718],[4.254522,39.9647],[4.254465,39.964624],[4.254448,39.964577],[4.25444,39.964554],[4.254433,39.964529],[4.254428,39.964507],[4.254421,39.964482],[4.254409,39.964459],[4.254391,39.964441],[4.25438,39.964418],[4.254378,39.964394],[4.254378,39.96437],[4.254381,39.964344],[4.254383,39.964318],[4.254385,39.964294],[4.254389,39.964271],[4.254392,39.964246],[4.254396,39.964222],[4.2544,39.964198],[4.254404,39.964171],[4.254408,39.964146],[4.254414,39.96412],[4.25442,39.964095],[4.254426,39.964068],[4.254432,39.964043],[4.254439,39.964021],[4.254446,39.963999],[4.254456,39.963973],[4.254465,39.963952],[4.254476,39.963926],[4.254486,39.963904],[4.254497,39.963882],[4.254511,39.963856],[4.254524,39.963833],[4.254537,39.963813],[4.254551,39.963791],[4.254567,39.96377],[4.254587,39.963746],[4.254606,39.963725],[4.254624,39.963705],[4.254642,39.963687],[4.254661,39.963668],[4.254684,39.963646],[4.254703,39.963628],[4.254722,39.963611],[4.254746,39.963591],[4.254767,39.963574],[4.254792,39.963555],[4.254815,39.963538],[4.254838,39.963521],[4.254865,39.963503],[4.254889,39.963489],[4.254917,39.963472],[4.254941,39.963458],[4.254966,39.963445],[4.254997,39.96343],[4.255024,39.963419],[4.255057,39.963405],[4.255086,39.963394],[4.255114,39.963383],[4.255147,39.963371],[4.255175,39.963361],[4.255208,39.963351],[4.255235,39.963343],[4.255263,39.963335],[4.255291,39.963326],[4.255319,39.963318],[4.255421,39.963307],[4.25547,39.963307],[4.255502,39.963308],[4.255534,39.96331],[4.255564,39.963312],[4.255597,39.963315],[4.255631,39.96332],[4.255662,39.963325],[4.25569,39.963331],[4.255721,39.963339],[4.255748,39.963347],[4.255776,39.963358],[4.255804,39.963369],[4.25583,39.963383],[4.255854,39.963397],[4.255877,39.963411],[4.255905,39.963424],[4.255935,39.963432],[4.255966,39.963438],[4.255992,39.96345],[4.256014,39.963467],[4.256034,39.963484],[4.256052,39.963502],[4.256071,39.96352],[4.256076,39.963538],[4.256085,39.963561],[4.256093,39.963584],[4.256104,39.963606],[4.256119,39.963627],[4.256139,39.963644],[4.256159,39.96365],[4.256184,39.963649],[4.256214,39.963651],[4.256239,39.96366],[4.256265,39.963674],[4.256285,39.963693],[4.256303,39.96371],[4.256327,39.963725],[4.25635,39.963729],[4.256415,39.963731],[4.256431,39.963733],[4.256461,39.963735],[4.256491,39.963737],[4.256523,39.96374],[4.256554,39.963744],[4.256585,39.963751],[4.256616,39.96376],[4.256646,39.96377],[4.256674,39.96378],[4.256703,39.96379],[4.256732,39.963793],[4.256764,39.963789],[4.256793,39.963785],[4.256824,39.963787],[4.256848,39.963798],[4.256848,39.963808],[4.256837,39.963826],[4.256825,39.963848],[4.256824,39.963868],[4.256833,39.963886],[4.256848,39.963894],[4.256862,39.963892],[4.256876,39.963882],[4.256889,39.963861],[4.256903,39.963857],[4.25692,39.96386],[4.256935,39.96387],[4.256938,39.963883],[4.256953,39.963905],[4.256968,39.963909],[4.256998,39.963909],[4.257029,39.963905],[4.257061,39.963903],[4.257083,39.963911],[4.257113,39.963918],[4.257138,39.963916],[4.257161,39.963906],[4.257181,39.963889],[4.257207,39.963876],[4.257237,39.96387],[4.257267,39.963868],[4.257296,39.963866],[4.257327,39.963862],[4.257355,39.963867],[4.257379,39.963879],[4.257406,39.963889],[4.257435,39.96389],[4.257449,39.963882],[4.257457,39.963869],[4.257452,39.963857],[4.257454,39.963836],[4.257466,39.963823],[4.257466,39.963809],[4.257461,39.963785],[4.257467,39.963766],[4.257473,39.963742],[4.257472,39.963718],[4.257466,39.963694],[4.25745,39.963673],[4.257432,39.963656],[4.257407,39.963643],[4.25739,39.963643],[4.257362,39.963652],[4.257333,39.963656],[4.257291,39.963654],[4.25729,39.963648],[4.25729,39.963625],[4.257291,39.963602],[4.257293,39.963578],[4.257296,39.963553],[4.257302,39.963531],[4.257311,39.963506],[4.257322,39.963484],[4.257333,39.963461],[4.257349,39.963439],[4.257368,39.963421],[4.257391,39.963407],[4.257418,39.963393],[4.257445,39.963381],[4.257475,39.963372],[4.257505,39.963364],[4.257535,39.963359],[4.257567,39.963355],[4.257598,39.963354],[4.257628,39.963354],[4.257648,39.963355],[4.257679,39.963355],[4.257708,39.963356],[4.257739,39.963356],[4.257769,39.963353],[4.2578,39.963345],[4.257826,39.963334],[4.25785,39.963317],[4.257867,39.963295],[4.257878,39.963272],[4.257887,39.963248],[4.257893,39.963224],[4.257896,39.9632],[4.2579,39.963177],[4.257903,39.963154],[4.257907,39.963129],[4.257913,39.963107],[4.257921,39.963081],[4.25793,39.963059],[4.257941,39.963038],[4.257956,39.963015],[4.257974,39.962996],[4.257995,39.962979],[4.258019,39.962964],[4.258046,39.962952],[4.258075,39.962945],[4.258107,39.96294],[4.258141,39.962937],[4.258156,39.962936],[4.258173,39.962935],[4.258204,39.962936],[4.258233,39.962937],[4.258263,39.962939],[4.258293,39.962942],[4.258323,39.962944],[4.258354,39.962945],[4.258386,39.962946],[4.258416,39.962946],[4.258446,39.962947],[4.258476,39.962948],[4.258505,39.96295],[4.258537,39.962951],[4.258568,39.962952],[4.2586,39.962954],[4.258632,39.962957],[4.258665,39.96296],[4.258695,39.962963],[4.258728,39.962966],[4.258762,39.96297],[4.258792,39.962974],[4.258821,39.96298],[4.258854,39.962986],[4.258884,39.962992],[4.258914,39.963],[4.258943,39.963007],[4.258972,39.963014],[4.259,39.96302],[4.259031,39.963025],[4.259062,39.96303],[4.259097,39.963033],[4.259127,39.963037],[4.259156,39.963042],[4.259184,39.963048],[4.259215,39.963055],[4.259247,39.963062],[4.259276,39.963071],[4.259305,39.96308],[4.259336,39.96309],[4.259366,39.9631],[4.259394,39.963109],[4.259423,39.963118],[4.259452,39.963127],[4.259481,39.963139],[4.259509,39.963152],[4.259534,39.963167],[4.259557,39.963182],[4.259583,39.963198],[4.259609,39.963213],[4.259632,39.96323],[4.259652,39.963249],[4.259671,39.963269],[4.259687,39.963292],[4.259696,39.963315],[4.259703,39.963339],[4.25971,39.963361],[4.259708,39.963386],[4.259701,39.963408],[4.259695,39.963431],[4.259683,39.963451],[4.259668,39.963472],[4.259654,39.963493],[4.259638,39.963514],[4.25962,39.963533],[4.2596,39.963551],[4.259581,39.96357],[4.259565,39.96359],[4.259549,39.963611],[4.259535,39.963631],[4.259522,39.963653],[4.259507,39.963673],[4.259497,39.963695],[4.259481,39.963715],[4.259462,39.963733],[4.259445,39.963752],[4.259428,39.963771],[4.259411,39.96379],[4.259392,39.963808],[4.259373,39.963826],[4.259353,39.963844],[4.259333,39.963862],[4.259319,39.963882],[4.259306,39.963903],[4.259291,39.963923],[4.259273,39.963941],[4.259254,39.963958],[4.259235,39.963976],[4.259212,39.963987],[4.2592,39.963983],[4.259194,39.963973],[4.259173,39.963955],[4.259155,39.963952],[4.259124,39.963947],[4.259095,39.96394],[4.259064,39.963934],[4.259035,39.963928],[4.259007,39.963924],[4.258979,39.963916],[4.25895,39.963908],[4.25892,39.963905],[4.258891,39.9639],[4.258862,39.963893],[4.258835,39.963885],[4.258809,39.963874],[4.258786,39.96386],[4.258766,39.963841],[4.258748,39.963824],[4.258736,39.963803],[4.258727,39.96378],[4.258722,39.963758],[4.258718,39.963735],[4.258709,39.963713],[4.258693,39.963699],[4.258671,39.963683],[4.258646,39.963671],[4.258617,39.963663],[4.258587,39.963661],[4.258558,39.963662],[4.258537,39.963671],[4.258516,39.963687],[4.258498,39.963706],[4.258501,39.963716],[4.258502,39.96374],[4.258497,39.963763],[4.258492,39.963785],[4.258483,39.963808],[4.258479,39.963831],[4.258482,39.963855],[4.258489,39.963877],[4.258496,39.963899],[4.258502,39.963922],[4.258504,39.963946],[4.258503,39.963969],[4.258508,39.963992],[4.25852,39.964004],[4.258534,39.964006],[4.258547,39.964015],[4.258553,39.96403],[4.258559,39.964052],[4.258575,39.964072],[4.258593,39.96409],[4.258616,39.964106],[4.258642,39.96412],[4.258667,39.964132],[4.258693,39.964146],[4.258719,39.964158],[4.258746,39.96417],[4.258773,39.964182],[4.258799,39.964192],[4.258827,39.964202],[4.258855,39.964211],[4.258883,39.964219],[4.258911,39.964227],[4.25894,39.964235],[4.25897,39.964241],[4.258998,39.964249],[4.259021,39.964246],[4.259051,39.964244],[4.259081,39.964241],[4.259111,39.964238],[4.259115,39.964246],[4.259116,39.964268],[4.259114,39.964291],[4.259124,39.964309],[4.259138,39.964315],[4.259149,39.96433],[4.259142,39.964336],[4.25912,39.964351],[4.259116,39.964366],[4.259113,39.964389],[4.259117,39.964411],[4.259126,39.964433],[4.259143,39.964449],[4.259164,39.964465],[4.259184,39.964469],[4.259214,39.964469],[4.25924,39.964477],[4.259268,39.964486],[4.259297,39.964496],[4.259325,39.964505],[4.259355,39.964509],[4.259385,39.964507],[4.259398,39.964498],[4.2594,39.964486],[4.259392,39.964469],[4.259398,39.964457],[4.25941,39.964454],[4.259425,39.964459],[4.259452,39.96447],[4.259471,39.964469],[4.2595,39.964462],[4.259529,39.964455],[4.259556,39.964446],[4.259581,39.964434],[4.259608,39.964424],[4.259636,39.964419],[4.259665,39.96441],[4.259692,39.964402],[4.259721,39.964396],[4.259751,39.964392],[4.259782,39.964392],[4.259812,39.964394],[4.259842,39.964397],[4.259869,39.964408],[4.259882,39.964422],[4.259891,39.964443],[4.259889,39.964466],[4.259884,39.964489],[4.259884,39.964512],[4.259895,39.964533],[4.259912,39.964544],[4.259938,39.964551],[4.259958,39.964547],[4.259985,39.964535],[4.260014,39.96453],[4.260037,39.964517],[4.260059,39.964502],[4.260075,39.964501],[4.260085,39.964508],[4.260099,39.964507],[4.260123,39.964514],[4.260118,39.964523],[4.260106,39.964544],[4.260107,39.964561],[4.260119,39.964573],[4.260137,39.964577],[4.260164,39.964576],[4.260193,39.964569],[4.260219,39.964571],[4.260222,39.964579],[4.260215,39.964589],[4.260212,39.96461],[4.260223,39.964612],[4.260251,39.964618],[4.260277,39.964632],[4.260306,39.96464],[4.260335,39.964639],[4.260365,39.964635],[4.260392,39.964624],[4.260401,39.96461],[4.260402,39.964594],[4.260392,39.96458],[4.260373,39.96457],[4.260347,39.964559],[4.260338,39.964546],[4.260338,39.96453],[4.260348,39.964508],[4.260361,39.964502],[4.260384,39.9645],[4.260415,39.9645],[4.260445,39.964496],[4.260475,39.964496],[4.260505,39.964501],[4.260535,39.964506],[4.260565,39.964512],[4.260595,39.964519],[4.260626,39.964525],[4.260656,39.964529],[4.260685,39.964535],[4.260715,39.964541],[4.260744,39.96455],[4.26077,39.964561],[4.260797,39.964572],[4.260826,39.964581],[4.260849,39.964596],[4.260869,39.964614],[4.260894,39.964628],[4.260923,39.964636],[4.260954,39.964641],[4.260982,39.96465],[4.261011,39.964657],[4.26104,39.964664],[4.261069,39.96467],[4.261099,39.964673],[4.261126,39.964683],[4.26114,39.964697],[4.261152,39.964719],[4.261171,39.964732],[4.261194,39.964747],[4.261216,39.964763],[4.261234,39.964782],[4.261247,39.964803],[4.261259,39.964825],[4.261274,39.964846],[4.261294,39.964864],[4.261313,39.964883],[4.261336,39.964898],[4.261363,39.964905],[4.261394,39.964907],[4.261417,39.964916],[4.261443,39.96493],[4.261467,39.964944],[4.261488,39.964959],[4.261512,39.964975],[4.261538,39.964987],[4.261565,39.964997],[4.261594,39.965005],[4.261623,39.965006],[4.261639,39.964998],[4.261641,39.964988],[4.261636,39.964967],[4.261622,39.964953],[4.261598,39.96494],[4.261571,39.964928],[4.261544,39.964916],[4.261521,39.964902],[4.261502,39.964883],[4.261496,39.964866],[4.261507,39.964863],[4.261535,39.964863],[4.261563,39.964872],[4.261592,39.964881],[4.261619,39.96489],[4.261646,39.964902],[4.261672,39.964916],[4.261699,39.964927],[4.261725,39.964938],[4.26175,39.964952],[4.261775,39.964965],[4.261801,39.964978],[4.261827,39.964989],[4.261852,39.965002],[4.261879,39.96501],[4.261907,39.965018],[4.261936,39.965024],[4.261966,39.965028],[4.261995,39.965025],[4.262,39.965017],[4.261994,39.965008],[4.261976,39.964997],[4.26195,39.964986],[4.261924,39.964974],[4.261898,39.964963],[4.26187,39.96495],[4.261844,39.964938],[4.261819,39.964926],[4.261793,39.964915],[4.261767,39.964904],[4.261746,39.964888],[4.261754,39.964882],[4.261773,39.96488],[4.261804,39.964882],[4.261833,39.964885],[4.261862,39.964892],[4.261892,39.964898],[4.261919,39.964908],[4.261945,39.964919],[4.261974,39.964926],[4.262004,39.964931],[4.262034,39.964933],[4.262063,39.96494],[4.262092,39.964943],[4.262122,39.964943],[4.262153,39.964939],[4.26218,39.964929],[4.262176,39.964922],[4.262176,39.964902],[4.262187,39.964889],[4.262205,39.964882],[4.262223,39.964884],[4.262253,39.96489],[4.262283,39.964892],[4.262314,39.964888],[4.262339,39.964876],[4.262345,39.964864],[4.262339,39.964853],[4.262325,39.964846],[4.262297,39.964835],[4.262267,39.964827],[4.262238,39.964821],[4.26221,39.964813],[4.262199,39.964801],[4.262196,39.964785],[4.262188,39.964763],[4.262175,39.964756],[4.262152,39.964741],[4.262141,39.964724],[4.262149,39.964718],[4.262165,39.964718],[4.262186,39.964726],[4.262212,39.964738],[4.262238,39.964749],[4.262257,39.964747],[4.262274,39.964739],[4.262295,39.964723],[4.262308,39.964703],[4.2623,39.964697],[4.262274,39.964685],[4.262247,39.964676],[4.26222,39.964666],[4.262194,39.964653],[4.262175,39.964635],[4.262177,39.964624],[4.262188,39.964603],[4.262206,39.964591],[4.262234,39.964579],[4.262258,39.964565],[4.262283,39.964553],[4.262291,39.964541],[4.262288,39.964528],[4.262273,39.964513],[4.262251,39.964503],[4.262222,39.9645],[4.262203,39.964507],[4.262174,39.964509],[4.262163,39.964502],[4.262154,39.964484],[4.262151,39.96446],[4.262149,39.964436],[4.262152,39.964412],[4.262155,39.964389],[4.262157,39.964366],[4.262157,39.964343],[4.262152,39.964321],[4.262144,39.964297],[4.262135,39.964275],[4.262124,39.964254],[4.262113,39.96423],[4.262105,39.964208],[4.262099,39.964185],[4.262093,39.964163],[4.262085,39.964141],[4.262077,39.96412],[4.262075,39.964097],[4.262074,39.964074],[4.26207,39.964051],[4.262064,39.964028],[4.262052,39.964006],[4.262038,39.963986],[4.262021,39.963965],[4.262004,39.963946],[4.261983,39.963929],[4.261966,39.96391],[4.26196,39.963888],[4.261964,39.963865],[4.26197,39.963843],[4.261978,39.963821],[4.261987,39.963798],[4.261998,39.963775],[4.26201,39.963752],[4.262021,39.963731],[4.262031,39.96371],[4.262042,39.963688],[4.262055,39.963667],[4.262069,39.963645],[4.262084,39.963624],[4.262103,39.963607],[4.262124,39.963589],[4.26214,39.963568],[4.262158,39.963549],[4.262179,39.963541],[4.262208,39.963534],[4.262226,39.963538],[4.26224,39.96355],[4.262267,39.96356],[4.262283,39.963558],[4.262301,39.963546],[4.262307,39.963531],[4.262316,39.963509],[4.262331,39.963496],[4.262357,39.963484],[4.26238,39.963481],[4.26241,39.963485],[4.26244,39.963481],[4.262451,39.963471],[4.262458,39.963451],[4.262459,39.963427],[4.262453,39.963405],[4.262457,39.963382],[4.262469,39.963371],[4.262494,39.963358],[4.262521,39.963348],[4.262544,39.963333],[4.262569,39.96332],[4.262571,39.963309],[4.262564,39.963296],[4.262562,39.963274],[4.262571,39.963259],[4.262587,39.963239],[4.26261,39.963225],[4.262634,39.963211],[4.262649,39.963194],[4.262646,39.963182],[4.262631,39.96317],[4.262607,39.963154],[4.262599,39.963136],[4.26259,39.963113],[4.262578,39.963092],[4.26256,39.963074],[4.262562,39.963063],[4.262573,39.963052],[4.262596,39.963036],[4.262611,39.963016],[4.262617,39.962993],[4.26263,39.962981],[4.262655,39.962967],[4.262677,39.962952],[4.262694,39.962932],[4.262707,39.96291],[4.262719,39.962889],[4.262727,39.962866],[4.262731,39.962843],[4.262741,39.962821],[4.262759,39.962802],[4.262783,39.962788],[4.262796,39.96279],[4.262808,39.962801],[4.262826,39.962819],[4.262847,39.962835],[4.262872,39.962848],[4.2629,39.962861],[4.262926,39.962871],[4.262954,39.962877],[4.262983,39.962883],[4.263014,39.962886],[4.263045,39.962886],[4.263075,39.962882],[4.263102,39.96287],[4.263116,39.962855],[4.263111,39.962847],[4.263097,39.962826],[4.263098,39.962813],[4.26311,39.962799],[4.263131,39.962786],[4.263145,39.962788],[4.263165,39.962799],[4.263187,39.962814],[4.263204,39.962816],[4.263223,39.96281],[4.263248,39.962796],[4.263274,39.962784],[4.263288,39.962787],[4.26331,39.962784],[4.263334,39.962774],[4.263359,39.962761],[4.26338,39.96276],[4.263391,39.962768],[4.263412,39.962784],[4.263437,39.962797],[4.263448,39.962793],[4.26347,39.962778],[4.263495,39.962771],[4.263514,39.962774],[4.26354,39.962786],[4.263565,39.9628],[4.263583,39.9628],[4.263605,39.962793],[4.263618,39.96278],[4.263614,39.962772],[4.263604,39.962751],[4.263613,39.962745],[4.263634,39.962742],[4.263653,39.962747],[4.263682,39.962757],[4.263711,39.962762],[4.263741,39.96276],[4.263753,39.962752],[4.26378,39.962742],[4.263797,39.962746],[4.263824,39.962757],[4.263846,39.962772],[4.26387,39.962787],[4.263898,39.962795],[4.263929,39.962798],[4.26396,39.9628],[4.263991,39.962802],[4.264023,39.962802],[4.264055,39.962801],[4.264085,39.962797],[4.264115,39.962793],[4.264145,39.96279],[4.264176,39.962789],[4.264207,39.962792],[4.264236,39.962798],[4.264261,39.96281],[4.264275,39.962827],[4.264277,39.962843],[4.264279,39.962867],[4.264291,39.96288],[4.264315,39.962895],[4.264327,39.962912],[4.264344,39.962931],[4.264366,39.962947],[4.264392,39.962961],[4.264419,39.962974],[4.264446,39.962985],[4.264473,39.962996],[4.264497,39.96301],[4.264518,39.963028],[4.264541,39.963043],[4.264569,39.963053],[4.264598,39.96306],[4.264615,39.963062],[4.264642,39.963071],[4.264668,39.963083],[4.264694,39.963093],[4.264722,39.963101],[4.264752,39.963106],[4.264783,39.96311],[4.264811,39.963119],[4.264827,39.963132],[4.26484,39.963153],[4.26485,39.963177],[4.264859,39.963199],[4.264875,39.963219],[4.264896,39.963229],[4.264924,39.963237],[4.264953,39.963247],[4.264978,39.963262],[4.265001,39.963276],[4.265027,39.96329],[4.265056,39.963299],[4.265074,39.963296],[4.265103,39.963288],[4.265121,39.963291],[4.265147,39.963302],[4.265176,39.963306],[4.265207,39.963307],[4.265236,39.963305],[4.26526,39.963296],[4.265283,39.96328],[4.265299,39.963261],[4.265295,39.963251],[4.265281,39.963246],[4.265252,39.963237],[4.265224,39.963228],[4.265196,39.963217],[4.265169,39.963204],[4.265145,39.96319],[4.265122,39.963175],[4.265108,39.963155],[4.265109,39.96314],[4.265111,39.963116],[4.265102,39.963097],[4.265087,39.963077],[4.265086,39.96306],[4.265096,39.963052],[4.265115,39.963048],[4.265138,39.963051],[4.265167,39.963058],[4.265195,39.963067],[4.265224,39.963075],[4.265254,39.963081],[4.265285,39.963083],[4.265314,39.963083],[4.265344,39.963082],[4.265375,39.963082],[4.265406,39.963081],[4.265436,39.963079],[4.265466,39.963076],[4.265497,39.963074],[4.265528,39.963076],[4.26556,39.963079],[4.265588,39.96309],[4.265612,39.963106],[4.265635,39.963119],[4.265656,39.963134],[4.265682,39.963147],[4.265711,39.963153],[4.265742,39.963151],[4.265756,39.963142],[4.265767,39.963126],[4.265788,39.963109],[4.265804,39.963109],[4.265831,39.963116],[4.265857,39.963126],[4.265884,39.963136],[4.265909,39.963149],[4.265936,39.96316],[4.265966,39.963163],[4.265979,39.963156],[4.265981,39.963146],[4.265974,39.963135],[4.265958,39.963116],[4.26594,39.963097],[4.265921,39.963078],[4.265902,39.963061],[4.265882,39.963043],[4.265859,39.963024],[4.265834,39.963008],[4.265811,39.962992],[4.265787,39.962975],[4.265765,39.962957],[4.265745,39.96294],[4.26572,39.962925],[4.265694,39.962913],[4.26567,39.9629],[4.265647,39.962885],[4.265639,39.962869],[4.265646,39.962858],[4.265661,39.962839],[4.265678,39.962833],[4.2657,39.962833],[4.265719,39.962842],[4.265731,39.962857],[4.265751,39.962874],[4.265763,39.962874],[4.265768,39.962865],[4.265771,39.962842],[4.265777,39.962819],[4.265787,39.962797],[4.265803,39.962783],[4.265819,39.96278],[4.265825,39.962788],[4.265831,39.962808],[4.265845,39.96282],[4.265859,39.962819],[4.265868,39.962809],[4.26587,39.962795],[4.265865,39.962773],[4.265858,39.96275],[4.265862,39.962729],[4.265873,39.962721],[4.265891,39.962703],[4.265894,39.962688],[4.265884,39.962679],[4.265862,39.962671],[4.265843,39.962655],[4.265847,39.962646],[4.265865,39.962629],[4.265867,39.962615],[4.265859,39.962602],[4.265839,39.962587],[4.265813,39.962574],[4.2658,39.962559],[4.265803,39.962548],[4.265815,39.962543],[4.265837,39.962542],[4.265868,39.962548],[4.265896,39.962557],[4.265924,39.962563],[4.265948,39.96256],[4.265958,39.96255],[4.265958,39.962539],[4.265946,39.962533],[4.265918,39.962523],[4.265889,39.962517],[4.265859,39.96251],[4.265831,39.962499],[4.265804,39.962488],[4.265784,39.96247],[4.265771,39.962449],[4.265751,39.962431],[4.265724,39.96242],[4.265696,39.96241],[4.265677,39.962392],[4.265658,39.962374],[4.26566,39.962363],[4.265671,39.962354],[4.265689,39.962336],[4.265703,39.962315],[4.265714,39.962293],[4.265717,39.96227],[4.265723,39.962247],[4.265738,39.962228],[4.265752,39.962225],[4.265766,39.96223],[4.26579,39.96223],[4.265814,39.962222],[4.26584,39.962208],[4.265862,39.962193],[4.265884,39.962177],[4.265904,39.962158],[4.265912,39.962137],[4.265908,39.962118],[4.265903,39.962096],[4.265903,39.962073],[4.265913,39.962051],[4.265932,39.962034],[4.265957,39.962024],[4.265985,39.962019],[4.266012,39.962007],[4.266031,39.96199],[4.26604,39.961969],[4.266041,39.961946],[4.266041,39.961923],[4.266041,39.961899],[4.266052,39.96188],[4.266067,39.96186],[4.266085,39.96185],[4.266115,39.961845],[4.266143,39.961836],[4.266166,39.96182],[4.266185,39.961803],[4.266204,39.961784],[4.266219,39.961763],[4.266242,39.961748],[4.266264,39.961733],[4.26629,39.961719],[4.266317,39.961706],[4.266341,39.961693],[4.266362,39.961677],[4.266369,39.96166],[4.266367,39.961642],[4.266354,39.961624],[4.266338,39.961617],[4.266308,39.96161],[4.266278,39.961605],[4.266264,39.961612],[4.266257,39.961625],[4.266249,39.961647],[4.266241,39.961669],[4.266226,39.96168],[4.266211,39.961679],[4.266206,39.961672],[4.266205,39.96165],[4.266211,39.961628],[4.266222,39.961606],[4.266223,39.961583],[4.266213,39.961578],[4.266196,39.961579],[4.266177,39.961588],[4.266156,39.961604],[4.266129,39.961613],[4.266111,39.961611],[4.266084,39.961601],[4.266067,39.961586],[4.266068,39.961575],[4.26608,39.961565],[4.266103,39.96155],[4.266113,39.961534],[4.26611,39.96152],[4.266097,39.961511],[4.266074,39.961506],[4.266044,39.961506],[4.266016,39.961514],[4.265992,39.961529],[4.265989,39.961541],[4.265996,39.96155],[4.266015,39.961568],[4.266024,39.96159],[4.266016,39.961597],[4.266001,39.961599],[4.265987,39.961593],[4.265977,39.961579],[4.265963,39.961559],[4.265945,39.96154],[4.265924,39.961525],[4.265897,39.961513],[4.265881,39.961515],[4.26586,39.961526],[4.265839,39.961543],[4.26582,39.96156],[4.265802,39.961579],[4.265787,39.961599],[4.265781,39.961623],[4.265787,39.961637],[4.265784,39.96166],[4.265773,39.961665],[4.265743,39.961673],[4.265716,39.961682],[4.265691,39.961695],[4.265667,39.961708],[4.265643,39.961723],[4.265622,39.961741],[4.265604,39.96176],[4.265589,39.96178],[4.265575,39.961801],[4.265563,39.961822],[4.265548,39.961842],[4.265534,39.961863],[4.265519,39.961884],[4.265497,39.961899],[4.265472,39.961912],[4.265446,39.961925],[4.26542,39.961935],[4.265392,39.961946],[4.265364,39.961955],[4.265335,39.961962],[4.265305,39.961968],[4.265275,39.961974],[4.265245,39.961976],[4.265227,39.961969],[4.265211,39.961954],[4.265185,39.96194],[4.265162,39.961937],[4.265145,39.961943],[4.265125,39.961961],[4.265109,39.961981],[4.265095,39.962001],[4.265078,39.962021],[4.265058,39.962039],[4.265035,39.962048],[4.265007,39.962051],[4.264976,39.962048],[4.264951,39.962037],[4.264928,39.962021],[4.264908,39.962004],[4.264887,39.961987],[4.264866,39.96197],[4.264838,39.961958],[4.264808,39.96195],[4.264776,39.961946],[4.264746,39.961942],[4.264717,39.961938],[4.264688,39.961934],[4.264657,39.961929],[4.264627,39.961924],[4.264597,39.961919],[4.264568,39.961914],[4.264538,39.961905],[4.26451,39.961897],[4.264478,39.961892],[4.264449,39.96189],[4.264421,39.961896],[4.264395,39.961909],[4.264369,39.961921],[4.264341,39.961928],[4.26431,39.96193],[4.26428,39.961934],[4.264265,39.961944],[4.264264,39.961956],[4.26425,39.961972],[4.264234,39.961974],[4.264203,39.961982],[4.264184,39.961995],[4.264175,39.962011],[4.26417,39.962033],[4.264171,39.962056],[4.26417,39.96208],[4.26416,39.962097],[4.264144,39.962103],[4.264115,39.962108],[4.264083,39.962112],[4.264054,39.962119],[4.264024,39.962127],[4.263997,39.962138],[4.263968,39.962144],[4.263937,39.962147],[4.263906,39.962144],[4.263877,39.962138],[4.263847,39.962131],[4.263817,39.962125],[4.26379,39.962113],[4.263768,39.962099],[4.263746,39.962081],[4.263728,39.962063],[4.263709,39.962046],[4.263688,39.96203],[4.263665,39.962015],[4.26364,39.962001],[4.263615,39.961986],[4.263594,39.961969],[4.263578,39.961948],[4.26357,39.961925],[4.263571,39.961902],[4.263562,39.961883],[4.263543,39.961867],[4.26352,39.961851],[4.263505,39.961832],[4.263507,39.961818],[4.263515,39.961794],[4.263511,39.961774],[4.263519,39.961761],[4.263537,39.961751],[4.263564,39.961739],[4.263591,39.961729],[4.26362,39.961722],[4.263648,39.961713],[4.26366,39.9617],[4.263652,39.961695],[4.263632,39.961693],[4.263604,39.961699],[4.263575,39.961707],[4.263547,39.961713],[4.263533,39.961707],[4.263535,39.961698],[4.26355,39.961679],[4.263561,39.961658],[4.263561,39.961638],[4.263558,39.961619],[4.263565,39.961596],[4.263587,39.96158],[4.263611,39.961566],[4.263631,39.961547],[4.263643,39.961525],[4.263653,39.961504],[4.263666,39.961483],[4.263685,39.961465],[4.263699,39.961464],[4.263722,39.961469],[4.26375,39.961479],[4.263768,39.961477],[4.263776,39.961467],[4.263774,39.961454],[4.26376,39.961435],[4.263751,39.961413],[4.263742,39.96139],[4.263725,39.96137],[4.263707,39.961363],[4.263679,39.961354],[4.263654,39.961355],[4.263624,39.961363],[4.263595,39.961371],[4.263565,39.961377],[4.263538,39.961386],[4.263516,39.961402],[4.263494,39.961417],[4.263476,39.961418],[4.263453,39.961411],[4.26344,39.961399],[4.263433,39.96138],[4.263419,39.961359],[4.263399,39.961347],[4.263371,39.961339],[4.263342,39.961338],[4.263312,39.96134],[4.263282,39.961345],[4.263251,39.961348],[4.263221,39.961347],[4.263189,39.961346],[4.26316,39.961345],[4.263129,39.96134],[4.2631,39.961339],[4.26307,39.961341],[4.26304,39.961344],[4.263011,39.961341],[4.263004,39.961332],[4.262987,39.961328],[4.262965,39.96133],[4.262936,39.961336],[4.262916,39.961331],[4.262905,39.96132],[4.262897,39.9613],[4.26288,39.961281],[4.262857,39.961267],[4.262834,39.96125],[4.262821,39.96123],[4.262809,39.961209],[4.262791,39.96119],[4.262781,39.961168],[4.26278,39.961146],[4.262785,39.961123],[4.262798,39.961107],[4.262812,39.961087],[4.262826,39.961067],[4.262831,39.961045],[4.26283,39.961022],[4.262828,39.960999],[4.26283,39.960976],[4.262837,39.960954],[4.262848,39.960932],[4.262862,39.960912],[4.262882,39.960894],[4.262902,39.960876],[4.262918,39.960856],[4.26293,39.960835],[4.262944,39.960814],[4.262963,39.960795],[4.262976,39.960774],[4.262997,39.960758],[4.263023,39.960747],[4.263051,39.96074],[4.263081,39.96074],[4.263103,39.960748],[4.263131,39.960754],[4.263162,39.960756],[4.263192,39.960758],[4.263222,39.960757],[4.263247,39.960765],[4.263252,39.960775],[4.263263,39.960797],[4.263279,39.960808],[4.263298,39.960809],[4.263327,39.960804],[4.263351,39.960791],[4.263379,39.960783],[4.263405,39.96077],[4.263433,39.960762],[4.263458,39.960749],[4.263465,39.960735],[4.263464,39.960717],[4.263462,39.960694],[4.26347,39.960681],[4.263489,39.960671],[4.263515,39.960666],[4.263523,39.960673],[4.263529,39.960689],[4.263532,39.960713],[4.263537,39.960736],[4.26355,39.960744],[4.26356,39.960741],[4.263586,39.960727],[4.263606,39.96071],[4.26363,39.960701],[4.263648,39.960703],[4.263675,39.960713],[4.263688,39.960727],[4.263687,39.960738],[4.263694,39.960756],[4.263709,39.960768],[4.263736,39.96078],[4.263764,39.960786],[4.263791,39.960784],[4.263809,39.960774],[4.263833,39.960762],[4.263861,39.960758],[4.263872,39.960765],[4.263889,39.960785],[4.263907,39.960803],[4.263923,39.960823],[4.26394,39.960842],[4.263952,39.960864],[4.263969,39.960884],[4.263989,39.960895],[4.264006,39.960912],[4.264012,39.960933],[4.264008,39.960952],[4.263995,39.960966],[4.263993,39.960981],[4.264002,39.96099],[4.264024,39.961],[4.264053,39.96101],[4.264083,39.961017],[4.264113,39.961023],[4.264143,39.961021],[4.264155,39.961012],[4.264172,39.960993],[4.264194,39.960983],[4.264218,39.960981],[4.264248,39.960985],[4.264278,39.960985],[4.264308,39.960985],[4.264337,39.960979],[4.264367,39.960972],[4.264397,39.960965],[4.264426,39.960959],[4.264456,39.960955],[4.264486,39.960955],[4.264516,39.960955],[4.264546,39.960954],[4.264576,39.960954],[4.264606,39.960952],[4.264636,39.96095],[4.264665,39.96095],[4.264694,39.960945],[4.264696,39.960937],[4.264686,39.96093],[4.264658,39.960921],[4.264632,39.960911],[4.264604,39.960902],[4.264584,39.960886],[4.264574,39.960867],[4.264578,39.960852],[4.264592,39.960839],[4.264611,39.96082],[4.264613,39.960805],[4.264603,39.960797],[4.264577,39.960785],[4.264549,39.960778],[4.26452,39.960772],[4.264491,39.960765],[4.264464,39.960755],[4.264453,39.960742],[4.264431,39.960726],[4.264417,39.960727],[4.264387,39.960723],[4.264375,39.960713],[4.264372,39.9607],[4.26438,39.960688],[4.264401,39.960674],[4.264429,39.960663],[4.264454,39.96065],[4.264459,39.960638],[4.264453,39.960626],[4.264436,39.960615],[4.264415,39.960612],[4.264388,39.960616],[4.264361,39.960628],[4.264334,39.960638],[4.264307,39.96064],[4.264285,39.960633],[4.264269,39.96062],[4.264268,39.960607],[4.264277,39.960592],[4.264292,39.960572],[4.26431,39.960554],[4.264334,39.960539],[4.264358,39.960525],[4.264364,39.960511],[4.264358,39.960499],[4.264339,39.96048],[4.264317,39.960465],[4.264292,39.960451],[4.264262,39.960445],[4.264231,39.960444],[4.264202,39.960449],[4.264174,39.960458],[4.264145,39.960462],[4.264133,39.960456],[4.264111,39.960453],[4.264094,39.960458],[4.264066,39.960459],[4.264055,39.960451],[4.26406,39.960443],[4.264074,39.960436],[4.264101,39.960426],[4.264116,39.960412],[4.264113,39.960402],[4.2641,39.960394],[4.264073,39.960386],[4.264045,39.960378],[4.264045,39.960368],[4.264056,39.960358],[4.264071,39.960338],[4.264064,39.960331],[4.264041,39.960316],[4.264021,39.960299],[4.26401,39.960279],[4.264013,39.960264],[4.264026,39.960252],[4.264037,39.960231],[4.264038,39.960209],[4.264028,39.960188],[4.264016,39.960184],[4.263992,39.960186],[4.263962,39.96019],[4.263932,39.960192],[4.263911,39.960185],[4.263913,39.960177],[4.263925,39.960171],[4.263951,39.960158],[4.263977,39.960146],[4.263983,39.960134],[4.263973,39.960129],[4.263952,39.960129],[4.263924,39.960136],[4.263893,39.960135],[4.263888,39.960125],[4.263889,39.960108],[4.2639,39.960097],[4.263924,39.960083],[4.263932,39.960069],[4.263936,39.960046],[4.263928,39.960039],[4.263903,39.960029],[4.263873,39.960025],[4.263844,39.96002],[4.263815,39.960013],[4.263792,39.959999],[4.263794,39.959991],[4.263807,39.959986],[4.263828,39.959985],[4.263859,39.959982],[4.263888,39.959979],[4.263917,39.959971],[4.263936,39.959974],[4.263963,39.959983],[4.26399,39.959983],[4.264006,39.959975],[4.26402,39.959958],[4.264016,39.959948],[4.264003,39.959938],[4.26398,39.959924],[4.263956,39.95991],[4.263928,39.959904],[4.2639,39.959898],[4.263871,39.959891],[4.263842,39.959884],[4.263811,39.959878],[4.263782,39.959871],[4.263756,39.959859],[4.26374,39.959844],[4.26374,39.959831],[4.263751,39.959821],[4.263774,39.95981],[4.263802,39.959804],[4.263833,39.9598],[4.263863,39.959798],[4.263894,39.959796],[4.263924,39.959792],[4.263953,39.959786],[4.26398,39.959774],[4.264002,39.959758],[4.264017,39.959739],[4.264038,39.959722],[4.264036,39.959712],[4.264023,39.959694],[4.264001,39.959681],[4.263981,39.959664],[4.263964,39.959645],[4.263958,39.959625],[4.263952,39.959602],[4.26394,39.959581],[4.263923,39.959567],[4.263901,39.959551],[4.263892,39.959533],[4.263892,39.959514],[4.263892,39.959491],[4.263882,39.959479],[4.263868,39.959478],[4.263837,39.959481],[4.263809,39.959492],[4.26378,39.959495],[4.263757,39.95949],[4.263731,39.95948],[4.263706,39.959466],[4.263684,39.95945],[4.263661,39.959434],[4.263637,39.959419],[4.263611,39.959407],[4.263586,39.959395],[4.263558,39.959387],[4.26353,39.959379],[4.263505,39.959366],[4.26348,39.959354],[4.26345,39.959347],[4.263419,39.959345],[4.263388,39.959346],[4.263358,39.959353],[4.263329,39.959359],[4.2633,39.959366],[4.26327,39.959373],[4.263242,39.959382],[4.263213,39.959389],[4.263184,39.959393],[4.263154,39.959393],[4.263124,39.959392],[4.263094,39.959391],[4.263064,39.959392],[4.263034,39.959393],[4.263005,39.959392],[4.262975,39.95939],[4.262944,39.959389],[4.262915,39.959384],[4.262888,39.959374],[4.262866,39.959358],[4.26284,39.959346],[4.26282,39.95933],[4.262809,39.959308],[4.262796,39.959287],[4.262786,39.959266],[4.262781,39.959243],[4.262777,39.95922],[4.262784,39.959204],[4.262799,39.959184],[4.2628,39.959165],[4.262798,39.959142],[4.262795,39.959119],[4.262792,39.959096],[4.262781,39.959075],[4.262767,39.959054],[4.262764,39.959033],[4.262768,39.95901],[4.262778,39.958988],[4.262791,39.958967],[4.262805,39.958946],[4.262815,39.958924],[4.26283,39.958917],[4.26284,39.958921],[4.262848,39.958933],[4.262869,39.958947],[4.262883,39.958947],[4.262909,39.958938],[4.262924,39.958924],[4.262948,39.958914],[4.262975,39.958904],[4.262989,39.95889],[4.262992,39.958873],[4.263004,39.958851],[4.263008,39.958828],[4.263,39.958808],[4.262988,39.958788],[4.262971,39.958769],[4.262955,39.958749],[4.26295,39.958727],[4.262947,39.958703],[4.262942,39.958681],[4.262933,39.958658],[4.262922,39.958637],[4.262914,39.958614],[4.262902,39.958592],[4.262892,39.95857],[4.262883,39.958548],[4.262882,39.958525],[4.262893,39.958513],[4.262915,39.958501],[4.262925,39.958485],[4.262928,39.958464],[4.262936,39.958441],[4.262942,39.958418],[4.26294,39.958396],[4.262939,39.958373],[4.262928,39.958357],[4.262907,39.958344],[4.262905,39.958334],[4.262934,39.958331],[4.262959,39.958318],[4.262976,39.958299],[4.262996,39.958282],[4.26302,39.958268],[4.263044,39.958256],[4.263069,39.958241],[4.263092,39.958227],[4.263114,39.958212],[4.263132,39.958193],[4.26315,39.958176],[4.263171,39.958158],[4.263196,39.958145],[4.263219,39.95813],[4.263239,39.958113],[4.263262,39.958096],[4.263284,39.958079],[4.263307,39.958065],[4.26333,39.95805],[4.263353,39.958036],[4.263376,39.958021],[4.263397,39.958004],[4.263419,39.957989],[4.263444,39.957982],[4.263462,39.957985],[4.263485,39.957999],[4.263509,39.958012],[4.263535,39.958025],[4.263562,39.958034],[4.26359,39.958043],[4.263618,39.95805],[4.263645,39.958049],[4.263674,39.958047],[4.263692,39.958055],[4.263719,39.958065],[4.263749,39.958072],[4.26378,39.958072],[4.263809,39.958072],[4.263839,39.958068],[4.263869,39.958067],[4.263899,39.958063],[4.263925,39.958052],[4.263936,39.958039],[4.263937,39.958022],[4.263932,39.957999],[4.263937,39.957979],[4.263951,39.957958],[4.263969,39.95794],[4.263975,39.957939],[4.263983,39.957939],[4.263985,39.957947],[4.263985,39.957971],[4.263989,39.957993],[4.263991,39.958017],[4.263993,39.95804],[4.263996,39.958063],[4.263999,39.958086],[4.264004,39.958108],[4.264016,39.958129],[4.264035,39.958145],[4.264057,39.958161],[4.264083,39.958174],[4.264104,39.958191],[4.264105,39.958202],[4.264117,39.958219],[4.264131,39.958222],[4.264154,39.958219],[4.264183,39.958209],[4.264208,39.958211],[4.26423,39.95822],[4.264255,39.958231],[4.264282,39.958241],[4.264311,39.95825],[4.26434,39.958258],[4.264368,39.958266],[4.264395,39.958277],[4.264419,39.958294],[4.264443,39.95831],[4.264467,39.958326],[4.264481,39.958334],[4.264492,39.95834],[4.264516,39.958355],[4.26454,39.958368],[4.264568,39.95838],[4.264596,39.95839],[4.264625,39.9584],[4.264653,39.958407],[4.264682,39.958412],[4.264712,39.958416],[4.264741,39.958417],[4.264771,39.958416],[4.264801,39.958414],[4.264831,39.958411],[4.26485,39.958418],[4.264872,39.958433],[4.264898,39.958446],[4.264926,39.958455],[4.264948,39.958453],[4.264963,39.958444],[4.264975,39.958425],[4.264997,39.958409],[4.265016,39.95839],[4.265023,39.958369],[4.265025,39.958346],[4.265019,39.958334],[4.265016,39.958329],[4.265015,39.958307],[4.265024,39.958289],[4.265043,39.958275],[4.265055,39.958256],[4.265049,39.958247],[4.265031,39.958229],[4.265009,39.958212],[4.264989,39.958195],[4.264985,39.958178],[4.264991,39.958161],[4.265003,39.95814],[4.265,39.958125],[4.264987,39.958116],[4.264962,39.958102],[4.264939,39.958087],[4.264915,39.958074],[4.264909,39.958061],[4.264914,39.958047],[4.26493,39.958026],[4.264946,39.958007],[4.264967,39.957991],[4.264976,39.957973],[4.264973,39.957958],[4.264958,39.957938],[4.264959,39.957923],[4.264969,39.957908],[4.26499,39.957895],[4.265017,39.957884],[4.265045,39.957877],[4.265075,39.957875],[4.265106,39.957877],[4.265134,39.957886],[4.265149,39.957899],[4.265148,39.95791],[4.265157,39.957933],[4.265173,39.957949],[4.265191,39.957968],[4.265216,39.957979],[4.265229,39.957975],[4.265257,39.957969],[4.265287,39.957961],[4.26531,39.957963],[4.265336,39.957973],[4.265352,39.957988],[4.265357,39.958005],[4.265349,39.958019],[4.26533,39.958033],[4.265304,39.958045],[4.265286,39.958063],[4.265283,39.958079],[4.265285,39.958102],[4.265296,39.958118],[4.265318,39.958133],[4.265339,39.95815],[4.265338,39.95816],[4.265325,39.958178],[4.265305,39.958197],[4.265282,39.958213],[4.265265,39.958233],[4.265263,39.95825],[4.265269,39.958272],[4.265277,39.958295],[4.265291,39.958315],[4.265299,39.958331],[4.265301,39.958334],[4.265313,39.958351],[4.265326,39.958371],[4.265331,39.958394],[4.265332,39.958418],[4.265333,39.95844],[4.265341,39.958462],[4.26535,39.958484],[4.265348,39.958505],[4.265343,39.958527],[4.265351,39.958541],[4.265368,39.958551],[4.265395,39.958563],[4.265415,39.95858],[4.26543,39.958601],[4.265441,39.958622],[4.26546,39.958639],[4.265481,39.958656],[4.265485,39.958672],[4.265479,39.958686],[4.265473,39.958709],[4.265481,39.958714],[4.265508,39.958726],[4.265532,39.958739],[4.265555,39.958755],[4.265583,39.958762],[4.265612,39.958763],[4.265637,39.958756],[4.265662,39.958743],[4.265686,39.958729],[4.265712,39.958717],[4.265733,39.958717],[4.26574,39.958724],[4.265738,39.958738],[4.265726,39.958759],[4.265708,39.958779],[4.265695,39.9588],[4.265694,39.95882],[4.265704,39.958831],[4.265729,39.958843],[4.265757,39.958853],[4.265785,39.958863],[4.265806,39.958879],[4.265807,39.958892],[4.265805,39.958914],[4.265807,39.958937],[4.265805,39.958961],[4.265807,39.958984],[4.265818,39.958994],[4.265834,39.959013],[4.265826,39.95902],[4.265817,39.959038],[4.265823,39.959051],[4.265841,39.959071],[4.265861,39.95908],[4.265888,39.959089],[4.265918,39.959093],[4.265947,39.959093],[4.265976,39.959099],[4.265972,39.959107],[4.265958,39.959111],[4.265928,39.959114],[4.265923,39.959122],[4.265923,39.959137],[4.265935,39.959157],[4.265952,39.959176],[4.265975,39.95919],[4.266,39.959196],[4.266029,39.9592],[4.266038,39.959209],[4.266059,39.959226],[4.266084,39.959235],[4.266114,39.959238],[4.266145,39.959237],[4.266176,39.959239],[4.266206,39.959243],[4.266234,39.959251],[4.26625,39.959263],[4.266274,39.959271],[4.266305,39.959276],[4.266335,39.959281],[4.266364,39.95929],[4.266385,39.959305],[4.266384,39.959316],[4.266373,39.95932],[4.266344,39.959327],[4.266334,39.959338],[4.266337,39.959349],[4.266353,39.959362],[4.266374,39.959368],[4.266402,39.959367],[4.266432,39.959364],[4.266461,39.959359],[4.26649,39.959355],[4.266521,39.959351],[4.266542,39.95934],[4.266565,39.959325],[4.266587,39.959319],[4.266616,39.959321],[4.266643,39.959329],[4.26666,39.959341],[4.266675,39.959361],[4.266685,39.959383],[4.266686,39.959406],[4.266685,39.959429],[4.266673,39.959445],[4.266666,39.959468],[4.266673,39.959482],[4.26669,39.959495],[4.266718,39.959507],[4.266744,39.959518],[4.266766,39.959533],[4.266787,39.959552],[4.266804,39.959571],[4.266819,39.959592],[4.266836,39.959612],[4.266853,39.959631],[4.266871,39.959649],[4.26689,39.959669],[4.266912,39.959687],[4.266925,39.959708],[4.266933,39.959731],[4.26693,39.959753],[4.266934,39.959777],[4.266947,39.959793],[4.266969,39.959808],[4.266995,39.959821],[4.267024,39.959828],[4.267053,39.959833],[4.267083,39.959839],[4.267112,39.959844],[4.267144,39.959848],[4.267173,39.959851],[4.267204,39.959854],[4.267234,39.959858],[4.267262,39.959866],[4.267277,39.959878],[4.267293,39.959898],[4.267308,39.959918],[4.26733,39.959934],[4.267349,39.959938],[4.267371,39.959933],[4.26739,39.959921],[4.267398,39.959905],[4.267397,39.959888],[4.267406,39.959877],[4.267421,39.959872],[4.267442,39.959874],[4.267462,39.959884],[4.267475,39.959901],[4.267496,39.95991],[4.267511,39.959909],[4.267541,39.959905],[4.267563,39.95991],[4.267581,39.959921],[4.2676,39.959939],[4.267619,39.959958],[4.267641,39.959975],[4.26766,39.959993],[4.267664,39.960009],[4.267656,39.960016],[4.26764,39.960036],[4.267646,39.960046],[4.267663,39.960058],[4.267688,39.960071],[4.267697,39.960086],[4.267713,39.960106],[4.267731,39.960116],[4.267758,39.960126],[4.267785,39.960137],[4.26781,39.96015],[4.267838,39.960155],[4.267864,39.960152],[4.267887,39.96014],[4.267895,39.960126],[4.267894,39.96011],[4.267885,39.960087],[4.267883,39.960063],[4.267882,39.960039],[4.267873,39.960015],[4.26786,39.959994],[4.267846,39.959973],[4.267846,39.959955],[4.267856,39.959939],[4.267872,39.959929],[4.267892,39.959927],[4.267923,39.959929],[4.267951,39.959934],[4.267981,39.959937],[4.268011,39.959935],[4.268038,39.959925],[4.268067,39.959917],[4.268096,39.959912],[4.268121,39.959915],[4.268148,39.959926],[4.268169,39.959944],[4.26819,39.959948],[4.268221,39.959949],[4.268252,39.959949],[4.268282,39.959946],[4.268312,39.959943],[4.268332,39.959949],[4.268359,39.95996],[4.268386,39.959969],[4.268412,39.959969],[4.26844,39.959963],[4.268467,39.959953],[4.268491,39.959953],[4.268512,39.959961],[4.268531,39.959977],[4.268534,39.959992],[4.268537,39.960014],[4.268548,39.960024],[4.268574,39.960037],[4.268603,39.960047],[4.268627,39.960061],[4.268631,39.960073],[4.268643,39.960094],[4.268661,39.960104],[4.268689,39.960114],[4.268718,39.960122],[4.268745,39.960121],[4.268754,39.960112],[4.268758,39.960096],[4.268761,39.960073],[4.26876,39.96005],[4.268751,39.960028],[4.268741,39.960005],[4.268731,39.959982],[4.268721,39.95996],[4.268704,39.959945],[4.268679,39.959929],[4.268655,39.959914],[4.26863,39.959898],[4.268612,39.959879],[4.268607,39.959861],[4.268602,39.959838],[4.268608,39.959815],[4.268619,39.959814],[4.26865,39.959816],[4.26868,39.959823],[4.268709,39.959824],[4.26874,39.959816],[4.268769,39.95981],[4.268798,39.959803],[4.268819,39.95979],[4.268824,39.959776],[4.268816,39.959766],[4.268791,39.959751],[4.268766,39.959739],[4.268738,39.959727],[4.26871,39.959713],[4.268682,39.959703],[4.268654,39.959695],[4.268626,39.959685],[4.268603,39.959669],[4.268589,39.959648],[4.26857,39.95963],[4.268553,39.959627],[4.268524,39.959621],[4.268497,39.95961],[4.268477,39.959592],[4.268461,39.959572],[4.268447,39.959552],[4.268438,39.959529],[4.26843,39.959506],[4.26843,39.959483],[4.268435,39.95946],[4.268443,39.959438],[4.268457,39.959415],[4.268473,39.959396],[4.268493,39.959379],[4.268518,39.959363],[4.268542,39.959349],[4.268568,39.959334],[4.268595,39.959322],[4.268623,39.959319],[4.268653,39.959322],[4.268682,39.959327],[4.26871,39.959336],[4.268738,39.959346],[4.268767,39.959353],[4.268797,39.959354],[4.268826,39.959349],[4.268852,39.959338],[4.268879,39.959326],[4.268908,39.959315],[4.268938,39.95931],[4.268968,39.959309],[4.268998,39.959314],[4.269025,39.959327],[4.269048,39.959343],[4.269072,39.959358],[4.269097,39.959363],[4.269126,39.95937],[4.269154,39.959377],[4.26918,39.959389],[4.269203,39.959405],[4.269221,39.959423],[4.269231,39.959445],[4.269228,39.959463],[4.269216,39.959471],[4.269188,39.959481],[4.269165,39.959496],[4.269148,39.959515],[4.269143,39.959533],[4.26915,39.959549],[4.269169,39.959567],[4.269192,39.959584],[4.269213,39.959601],[4.269235,39.959618],[4.269256,39.959633],[4.269281,39.95965],[4.269304,39.959664],[4.269327,39.959678],[4.269346,39.959696],[4.269367,39.959714],[4.269388,39.959732],[4.269409,39.959748],[4.269432,39.959763],[4.269459,39.959773],[4.269483,39.959773],[4.269496,39.959765],[4.269513,39.959746],[4.269518,39.959728],[4.26951,39.95972],[4.269488,39.959711],[4.269462,39.959699],[4.269444,39.959681],[4.269449,39.959672],[4.269462,39.959667],[4.269492,39.959661],[4.269522,39.959658],[4.269544,39.959663],[4.26957,39.959678],[4.2696,39.959684],[4.269612,39.959678],[4.269618,39.959666],[4.269637,39.959648],[4.269653,39.959646],[4.269682,39.959641],[4.269702,39.95963],[4.269731,39.959622],[4.26975,39.959624],[4.269779,39.959632],[4.269799,39.959628],[4.269826,39.959617],[4.269852,39.959615],[4.269862,39.959622],[4.269882,39.95964],[4.269907,39.95965],[4.269927,39.959649],[4.269943,39.95964],[4.269963,39.959622],[4.269973,39.959601],[4.269981,39.959578],[4.269997,39.959558],[4.270017,39.95954],[4.270035,39.959521],[4.270044,39.959497],[4.270049,39.959475],[4.270052,39.959455],[4.270054,39.959432],[4.270055,39.959408],[4.270056,39.959385],[4.270061,39.959361],[4.270073,39.95934],[4.270075,39.959317],[4.270075,39.959294],[4.270086,39.959276],[4.270103,39.959265],[4.270117,39.959266],[4.270133,39.959275],[4.270153,39.959277],[4.270163,39.959269],[4.270173,39.959249],[4.270178,39.959227],[4.27018,39.959204],[4.270182,39.959181],[4.270186,39.959158],[4.2702,39.959137],[4.270215,39.959118],[4.270223,39.959096],[4.270234,39.959074],[4.270245,39.959051],[4.270251,39.959028],[4.270255,39.959004],[4.270257,39.958981],[4.270258,39.958958],[4.270259,39.958935],[4.270263,39.958911],[4.270269,39.958889],[4.270277,39.958867],[4.270278,39.958844],[4.270271,39.958822],[4.270263,39.958798],[4.270259,39.958774],[4.270254,39.958751],[4.270251,39.958727],[4.270253,39.958704],[4.27026,39.958682],[4.270265,39.95866],[4.270274,39.958638],[4.270278,39.958614],[4.270271,39.958597],[4.270264,39.958574],[4.270258,39.95855],[4.270253,39.958527],[4.270251,39.958503],[4.270242,39.95848],[4.27023,39.958458],[4.270211,39.95844],[4.270198,39.95842],[4.27019,39.958396],[4.270178,39.958376],[4.270157,39.958358],[4.27014,39.958338],[4.270138,39.958333],[4.270128,39.958317],[4.270129,39.958299],[4.270139,39.958289],[4.270162,39.958275],[4.27019,39.958267],[4.27022,39.958266],[4.270249,39.958263],[4.270266,39.958253],[4.270267,39.958243],[4.27026,39.958224],[4.270245,39.958204],[4.270227,39.958185],[4.270208,39.958166],[4.270189,39.958146],[4.270171,39.958128],[4.270151,39.958109],[4.270135,39.958089],[4.270125,39.958066],[4.270111,39.958045],[4.27009,39.958029],[4.270067,39.958014],[4.270045,39.957997],[4.270027,39.957979],[4.270007,39.95796],[4.269986,39.957942],[4.269971,39.957923],[4.269955,39.957902],[4.269936,39.957883],[4.269916,39.957865],[4.269894,39.957848],[4.269869,39.957834],[4.269844,39.95782],[4.269816,39.95781],[4.269787,39.957802],[4.269756,39.957796],[4.269731,39.957784],[4.26971,39.957766],[4.269693,39.957748],[4.269674,39.957728],[4.269657,39.957707],[4.269642,39.957686],[4.269628,39.957665],[4.26962,39.957643],[4.269606,39.957622],[4.269588,39.957604],[4.269569,39.957586],[4.269567,39.957572],[4.269555,39.957554],[4.269536,39.957536],[4.269516,39.957519],[4.269498,39.9575],[4.269481,39.957481],[4.269467,39.95746],[4.269454,39.957439],[4.26944,39.957418],[4.269427,39.957396],[4.269412,39.957375],[4.269395,39.957355],[4.26938,39.957334],[4.269364,39.957314],[4.26935,39.957293],[4.269335,39.957274],[4.26932,39.957254],[4.269304,39.957235],[4.269291,39.957214],[4.269286,39.957191],[4.269287,39.957169],[4.269293,39.957145],[4.269304,39.957124],[4.269311,39.957101],[4.269305,39.957086],[4.269291,39.957074],[4.269271,39.957057],[4.269268,39.957042],[4.269263,39.957019],[4.269256,39.956997],[4.269252,39.956974],[4.269249,39.95695],[4.269247,39.956926],[4.26925,39.956902],[4.269256,39.956879],[4.269264,39.956857],[4.269276,39.956836],[4.269286,39.956813],[4.269294,39.956789],[4.269311,39.956768],[4.269324,39.956747],[4.269329,39.956723],[4.269331,39.956699],[4.269333,39.956676],[4.269337,39.956654],[4.269341,39.95663],[4.26934,39.956607],[4.269338,39.956584],[4.269336,39.956561],[4.269331,39.956538],[4.269325,39.956516],[4.269316,39.956494],[4.269311,39.95647],[4.269314,39.956447],[4.269325,39.956424],[4.269337,39.956401],[4.269346,39.95638],[4.26936,39.956359],[4.269382,39.956344],[4.269407,39.95633],[4.269434,39.956317],[4.26946,39.956306],[4.269485,39.956293],[4.269499,39.956275],[4.269497,39.956264],[4.269483,39.956253],[4.26946,39.95624],[4.269432,39.956227],[4.269404,39.956218],[4.269381,39.956203],[4.269375,39.956188],[4.269376,39.956165],[4.269383,39.956143],[4.2694,39.956125],[4.269408,39.956129],[4.269434,39.956132],[4.269445,39.956126],[4.269444,39.956115],[4.269433,39.956099],[4.269423,39.956077],[4.269427,39.956063],[4.269438,39.956042],[4.269452,39.95602],[4.269471,39.956003],[4.269497,39.95599],[4.269526,39.955982],[4.269553,39.955972],[4.269582,39.955963],[4.269611,39.955955],[4.269638,39.955947],[4.269653,39.955934],[4.269655,39.95592],[4.269648,39.955901],[4.269633,39.955888],[4.269608,39.955875],[4.269585,39.955858],[4.269569,39.955838],[4.269562,39.955815],[4.269563,39.955793],[4.269565,39.955769],[4.269572,39.955747],[4.269578,39.955724],[4.269592,39.955711],[4.26961,39.955707],[4.269632,39.955709],[4.269659,39.955719],[4.269689,39.955723],[4.269708,39.955718],[4.269716,39.955708],[4.269732,39.955688],[4.269752,39.955671],[4.269767,39.955669],[4.269787,39.955676],[4.269811,39.955689],[4.269838,39.955702],[4.269867,39.955708],[4.269897,39.955709],[4.269908,39.955701],[4.269922,39.95568],[4.269935,39.955659],[4.269945,39.955637],[4.269953,39.955615],[4.269961,39.955593],[4.26997,39.95557],[4.269973,39.955547],[4.269974,39.955523],[4.269973,39.9555],[4.269971,39.955476],[4.269973,39.955454],[4.269979,39.955431],[4.269987,39.955409],[4.269997,39.955387],[4.270006,39.955363],[4.270016,39.955342],[4.270027,39.955318],[4.270038,39.955295],[4.27005,39.955274],[4.270064,39.955251],[4.270081,39.955229],[4.270099,39.955211],[4.270115,39.955191],[4.270131,39.955171],[4.270146,39.95515],[4.27016,39.955129],[4.270174,39.955106],[4.270187,39.955086],[4.270199,39.955063],[4.27021,39.955041],[4.27022,39.955019],[4.27023,39.954997],[4.270239,39.954973],[4.270248,39.954951],[4.270257,39.954928],[4.270265,39.954905],[4.270275,39.954884],[4.270286,39.954862],[4.270297,39.954838],[4.270308,39.954817],[4.270319,39.954795],[4.270331,39.954773],[4.270341,39.954749],[4.270346,39.954726],[4.270349,39.954704],[4.270355,39.954681],[4.270357,39.954658],[4.270363,39.954635],[4.270373,39.954613],[4.270389,39.954594],[4.270407,39.954575],[4.270431,39.95456],[4.270457,39.954547],[4.270485,39.954539],[4.270513,39.954533],[4.270541,39.954526],[4.270571,39.95452],[4.270602,39.954514],[4.270634,39.95451],[4.270667,39.954507],[4.270697,39.954505],[4.270729,39.954503],[4.270761,39.954502],[4.27079,39.954502],[4.270821,39.954501],[4.270833,39.954501],[4.270851,39.9545],[4.270882,39.954499],[4.270914,39.954498],[4.270946,39.954499],[4.270979,39.9545],[4.271009,39.954502],[4.271037,39.954509],[4.271057,39.954523],[4.271077,39.954539],[4.271098,39.954556],[4.271123,39.95457],[4.271143,39.954571],[4.271173,39.954567],[4.271202,39.954557],[4.27123,39.954552],[4.271262,39.954554],[4.271289,39.954563],[4.271316,39.954575],[4.271344,39.954586],[4.271374,39.954595],[4.2714,39.954605],[4.271427,39.954616],[4.271452,39.954629],[4.271477,39.954644],[4.271502,39.954659],[4.27153,39.954671],[4.271559,39.954678],[4.271579,39.954675],[4.271594,39.954664],[4.271594,39.954652],[4.271585,39.954633],[4.271575,39.954611],[4.271574,39.954588],[4.271584,39.954573],[4.271602,39.954553],[4.271619,39.954535],[4.271636,39.954515],[4.271655,39.954496],[4.27168,39.954483],[4.271708,39.954478],[4.271739,39.954473],[4.271768,39.954465],[4.271791,39.95445],[4.271807,39.95443],[4.271821,39.954408],[4.27183,39.954386],[4.271848,39.95437],[4.27186,39.954373],[4.27188,39.954386],[4.271899,39.954404],[4.27192,39.954423],[4.271941,39.954439],[4.271969,39.954449],[4.271998,39.954458],[4.272015,39.954472],[4.272035,39.954488],[4.272059,39.954497],[4.272078,39.954494],[4.272087,39.954485],[4.272096,39.954464],[4.272101,39.954441],[4.272105,39.954417],[4.272112,39.954396],[4.272129,39.954376],[4.272151,39.954361],[4.272153,39.954349],[4.272147,39.954329],[4.272131,39.954309],[4.272118,39.954289],[4.272125,39.954281],[4.272141,39.954276],[4.272169,39.954267],[4.272197,39.954261],[4.272223,39.954248],[4.272244,39.95423],[4.272252,39.954212],[4.272249,39.954191],[4.272236,39.954181],[4.272212,39.954167],[4.272188,39.954153],[4.272165,39.954138],[4.27214,39.954124],[4.27212,39.954107],[4.272099,39.95409],[4.272072,39.954079],[4.272043,39.954074],[4.272016,39.954078],[4.271989,39.954087],[4.271961,39.954097],[4.271931,39.954098],[4.27192,39.954091],[4.271919,39.954081],[4.271908,39.954058],[4.271889,39.95404],[4.271869,39.954022],[4.271844,39.954012],[4.271822,39.954013],[4.271798,39.954021],[4.27177,39.954031],[4.271746,39.954046],[4.271735,39.954062],[4.271741,39.954071],[4.271759,39.954085],[4.271783,39.9541],[4.271803,39.954117],[4.271818,39.954138],[4.271837,39.954155],[4.271839,39.95417],[4.27183,39.954181],[4.271808,39.954194],[4.271784,39.954208],[4.271779,39.954221],[4.271768,39.954242],[4.271752,39.954251],[4.271725,39.954257],[4.271695,39.954261],[4.271664,39.954268],[4.271635,39.954276],[4.271611,39.954274],[4.271599,39.954264],[4.271587,39.954244],[4.271578,39.954222],[4.271576,39.954199],[4.271575,39.954175],[4.271564,39.954161],[4.271544,39.954152],[4.271516,39.954144],[4.271485,39.954143],[4.271457,39.954134],[4.271434,39.95412],[4.271405,39.95411],[4.271376,39.954102],[4.271345,39.954097],[4.271315,39.954096],[4.271286,39.954098],[4.271259,39.954108],[4.271238,39.954107],[4.271234,39.954098],[4.27122,39.954077],[4.271207,39.954076],[4.271177,39.954079],[4.271147,39.954085],[4.271117,39.954092],[4.271088,39.954102],[4.271062,39.954114],[4.271035,39.954123],[4.271005,39.954131],[4.270976,39.954132],[4.270962,39.954124],[4.270954,39.95411],[4.270959,39.954097],[4.270971,39.954091],[4.270998,39.95408],[4.271027,39.954072],[4.271054,39.954061],[4.271081,39.954059],[4.27111,39.954055],[4.271134,39.954043],[4.271133,39.954033],[4.27112,39.954013],[4.271116,39.95399],[4.271125,39.95398],[4.271142,39.953961],[4.271142,39.953946],[4.271131,39.95393],[4.271114,39.95392],[4.271084,39.953912],[4.271052,39.95391],[4.271019,39.95391],[4.27099,39.953911],[4.27096,39.953909],[4.27093,39.953911],[4.270901,39.953917],[4.270873,39.953927],[4.270843,39.953937],[4.270833,39.95394],[4.270816,39.953946],[4.270787,39.953954],[4.270759,39.953963],[4.270731,39.953972],[4.270706,39.953986],[4.270698,39.953997],[4.270697,39.954013],[4.270701,39.954036],[4.270715,39.954054],[4.270735,39.954072],[4.270759,39.954088],[4.270781,39.954104],[4.270788,39.95412],[4.270783,39.954132],[4.270769,39.954153],[4.270748,39.954166],[4.270723,39.954178],[4.270699,39.95418],[4.270692,39.954173],[4.270684,39.95415],[4.270677,39.954128],[4.27066,39.954108],[4.270637,39.954092],[4.270613,39.954077],[4.270592,39.954059],[4.270571,39.954043],[4.270556,39.954023],[4.270541,39.954003],[4.270535,39.953981],[4.270524,39.95396],[4.27051,39.953939],[4.27049,39.953921],[4.270481,39.953901],[4.270488,39.953893],[4.270505,39.953873],[4.270505,39.953859],[4.270495,39.953846],[4.270473,39.95383],[4.270457,39.95381],[4.270439,39.953802],[4.270427,39.953787],[4.270427,39.953772],[4.270432,39.95375],[4.270447,39.953737],[4.270472,39.953726],[4.270501,39.953718],[4.270529,39.953709],[4.270543,39.953696],[4.270544,39.953682],[4.270535,39.953669],[4.270515,39.953651],[4.270494,39.953635],[4.270474,39.953618],[4.270454,39.953601],[4.270434,39.953583],[4.270412,39.953568],[4.270389,39.953553],[4.270367,39.953538],[4.270343,39.953523],[4.270317,39.953512],[4.270287,39.953505],[4.270258,39.953501],[4.27023,39.95349],[4.270207,39.953475],[4.270181,39.953465],[4.270164,39.953466],[4.270142,39.953476],[4.270116,39.953479],[4.270106,39.953472],[4.270087,39.953454],[4.270068,39.953448],[4.270038,39.953444],[4.270008,39.953445],[4.269979,39.953441],[4.269957,39.95343],[4.26993,39.953421],[4.269899,39.953418],[4.269868,39.953416],[4.269838,39.95341],[4.269812,39.953398],[4.269789,39.953382],[4.269765,39.953369],[4.269737,39.95336],[4.269707,39.953354],[4.269677,39.953357],[4.269647,39.953362],[4.269616,39.953362],[4.269585,39.953361],[4.269554,39.953357],[4.269523,39.953354],[4.269493,39.95335],[4.269466,39.953341],[4.26944,39.953328],[4.26941,39.953322],[4.26938,39.953317],[4.26935,39.953314],[4.269321,39.953313],[4.269302,39.953304],[4.269293,39.953291],[4.269283,39.953269],[4.269266,39.953251],[4.269247,39.953245],[4.269224,39.953246],[4.269198,39.953256],[4.269182,39.95327],[4.269165,39.95329],[4.26915,39.953309],[4.269132,39.953328],[4.269111,39.953344],[4.269088,39.953361],[4.269064,39.953374],[4.269038,39.953384],[4.269011,39.953393],[4.268983,39.953405],[4.268953,39.95341],[4.268922,39.953414],[4.268891,39.953417],[4.26886,39.953419],[4.268829,39.953421],[4.2688,39.953426],[4.26877,39.953428],[4.26874,39.953428],[4.26871,39.95343],[4.26868,39.953434],[4.26865,39.953433],[4.268621,39.953431],[4.26859,39.953428],[4.268561,39.953425],[4.26853,39.953425],[4.2685,39.953427],[4.26847,39.953433],[4.268444,39.953443],[4.268418,39.953455],[4.268392,39.953469],[4.268371,39.953485],[4.268345,39.953499],[4.268322,39.953503],[4.268292,39.953508],[4.268261,39.953512],[4.268231,39.953517],[4.268201,39.953524],[4.268176,39.953538],[4.268169,39.953551],[4.26817,39.953571],[4.268166,39.953594],[4.268152,39.953615],[4.268131,39.953629],[4.268107,39.953642],[4.268079,39.953654],[4.268052,39.953665],[4.268025,39.953676],[4.267999,39.95369],[4.267973,39.953703],[4.267946,39.953711],[4.267916,39.953711],[4.267887,39.953706],[4.267857,39.9537],[4.267828,39.953694],[4.267797,39.953693],[4.267767,39.953694],[4.267738,39.953697],[4.267715,39.953707],[4.267693,39.953723],[4.267683,39.953741],[4.267673,39.953764],[4.267672,39.953786],[4.267673,39.953809],[4.267682,39.953831],[4.267681,39.953841],[4.267651,39.953846],[4.26762,39.953849],[4.267592,39.953857],[4.267566,39.953868],[4.267539,39.953871],[4.26751,39.953866],[4.267482,39.953858],[4.267453,39.953848],[4.267428,39.953836],[4.267402,39.953824],[4.267376,39.953812],[4.267349,39.953801],[4.26732,39.953792],[4.26729,39.953787],[4.267265,39.953775],[4.267242,39.95376],[4.267218,39.953746],[4.267199,39.953727],[4.267184,39.953706],[4.267163,39.953688],[4.267141,39.953672],[4.267122,39.953652],[4.267102,39.953636],[4.267081,39.953619],[4.26706,39.953603],[4.267038,39.953585],[4.26702,39.953566],[4.266998,39.953548],[4.266973,39.953531],[4.266948,39.953518],[4.266922,39.953505],[4.266894,39.953492],[4.26687,39.953479],[4.266842,39.953466],[4.266811,39.953456],[4.266782,39.953448],[4.266755,39.953438],[4.266727,39.953429],[4.266696,39.95342],[4.266667,39.953411],[4.266641,39.953398],[4.266616,39.953384],[4.266591,39.953368],[4.266564,39.953357],[4.266537,39.953348],[4.266508,39.953341],[4.266478,39.953332],[4.26645,39.953322],[4.266421,39.953311],[4.266392,39.953301],[4.266364,39.953292],[4.266334,39.953285],[4.266303,39.953279],[4.266273,39.953271],[4.266247,39.95326],[4.266219,39.95325],[4.266195,39.953236],[4.26617,39.953223],[4.266159,39.953209],[4.266147,39.953187],[4.266139,39.953165],[4.26613,39.953143],[4.266117,39.953123],[4.266102,39.953104],[4.266086,39.953084],[4.266083,39.953066],[4.266083,39.953042],[4.266084,39.953019],[4.266084,39.952995],[4.266091,39.952973],[4.266099,39.952951],[4.266098,39.952928],[4.266088,39.952911],[4.266068,39.952898],[4.266044,39.952884],[4.266017,39.952878],[4.265999,39.952883],[4.265974,39.952896],[4.265951,39.952913],[4.265935,39.952932],[4.265928,39.952954],[4.265924,39.952977],[4.265922,39.953],[4.265921,39.953023],[4.265917,39.953046],[4.265904,39.953059],[4.26588,39.953072],[4.265871,39.953085],[4.265865,39.953108],[4.265864,39.95313],[4.26586,39.953153],[4.265848,39.953166],[4.265829,39.953174],[4.265799,39.953177],[4.265784,39.953187],[4.265763,39.953189],[4.265746,39.953183],[4.265719,39.953172],[4.265692,39.953162],[4.265668,39.95315],[4.265642,39.953136],[4.265618,39.953123],[4.265595,39.953108],[4.265572,39.953091],[4.265557,39.953072],[4.265559,39.95306],[4.26557,39.953037],[4.265589,39.95302],[4.265611,39.953004],[4.265614,39.95299],[4.265608,39.952976],[4.265592,39.952965],[4.265573,39.952963],[4.265568,39.95297],[4.265558,39.952992],[4.26554,39.953005],[4.26553,39.953001],[4.265528,39.952992],[4.265535,39.952978],[4.265544,39.952956],[4.265546,39.952933],[4.265538,39.95291],[4.265525,39.952901],[4.265498,39.95289],[4.265469,39.952884],[4.265438,39.952886],[4.265409,39.952885],[4.265386,39.952876],[4.265361,39.952864],[4.265347,39.952867],[4.265335,39.952878],[4.265308,39.952888],[4.265298,39.952883],[4.265277,39.952866],[4.26526,39.952847],[4.265258,39.952831],[4.265268,39.952821],[4.265287,39.952814],[4.265304,39.952798],[4.265314,39.952777],[4.265312,39.952758],[4.265301,39.952737],[4.265286,39.952716],[4.265282,39.952694],[4.265283,39.952671],[4.265288,39.952648],[4.265302,39.952628],[4.265324,39.952611],[4.265343,39.952593],[4.265353,39.952571],[4.265353,39.952548],[4.265348,39.952525],[4.265334,39.952505],[4.265318,39.952499],[4.265288,39.952497],[4.26526,39.952503],[4.265234,39.952516],[4.265219,39.952532],[4.26521,39.952554],[4.265201,39.952576],[4.265189,39.952579],[4.26517,39.952575],[4.265162,39.952566],[4.265144,39.952559],[4.265117,39.952549],[4.265089,39.95254],[4.265069,39.952541],[4.265043,39.952551],[4.265022,39.952567],[4.264996,39.952578],[4.264967,39.952582],[4.264937,39.952583],[4.264914,39.952576],[4.264887,39.952567],[4.264857,39.952563],[4.264825,39.952563],[4.264796,39.952565],[4.264765,39.95257],[4.264734,39.952576],[4.264704,39.952582],[4.264675,39.952591],[4.264647,39.952599],[4.264619,39.952609],[4.264591,39.952619],[4.264567,39.952634],[4.264542,39.952646],[4.264529,39.95266],[4.264518,39.952681],[4.264508,39.952703],[4.264494,39.95271],[4.264473,39.95271],[4.264443,39.95271],[4.264413,39.952711],[4.264382,39.952708],[4.264359,39.952698],[4.264337,39.952682],[4.264316,39.952665],[4.264295,39.952648],[4.264275,39.952631],[4.26426,39.952611],[4.26424,39.952593],[4.264224,39.952572],[4.264206,39.952554],[4.264185,39.952538],[4.264159,39.952529],[4.264135,39.952515],[4.264117,39.952501],[4.264112,39.952479],[4.264105,39.952455],[4.264097,39.952433],[4.264091,39.95241],[4.264087,39.952386],[4.264084,39.952363],[4.264082,39.95234],[4.26408,39.952317],[4.264077,39.952293],[4.264076,39.952269],[4.264076,39.952247],[4.264077,39.952223],[4.264081,39.9522],[4.264085,39.952177],[4.26409,39.952154],[4.264092,39.95213],[4.264096,39.952108],[4.264099,39.952085],[4.264104,39.952062],[4.264113,39.952039],[4.26412,39.952016],[4.264125,39.951994],[4.26413,39.95197],[4.264133,39.951948],[4.264139,39.951924],[4.264148,39.951901],[4.26416,39.951879],[4.264175,39.951859],[4.264195,39.951841],[4.264221,39.951827],[4.264233,39.95181],[4.264241,39.951788],[4.264246,39.951765],[4.264256,39.951743],[4.264265,39.951725],[4.264289,39.95171],[4.264317,39.951717],[4.264346,39.95172],[4.264364,39.951715],[4.264383,39.9517],[4.264406,39.951685],[4.264434,39.951676],[4.264454,39.951679],[4.264478,39.95169],[4.264502,39.951706],[4.264528,39.951717],[4.264556,39.951724],[4.264587,39.951728],[4.264616,39.951731],[4.264646,39.951737],[4.264675,39.951742],[4.264705,39.951741],[4.264735,39.951739],[4.264766,39.951739],[4.264796,39.951737],[4.264827,39.951734],[4.264857,39.951732],[4.264888,39.951728],[4.264917,39.951723],[4.264943,39.951713],[4.264956,39.951699],[4.264958,39.951682],[4.26495,39.951667],[4.264937,39.951646],[4.264936,39.951623],[4.26494,39.9516],[4.264954,39.951579],[4.264967,39.951559],[4.264986,39.95154],[4.265004,39.951522],[4.265014,39.9515],[4.265012,39.95148],[4.265002,39.951457],[4.264984,39.951441],[4.26496,39.951426],[4.264936,39.95141],[4.264912,39.951396],[4.264884,39.951383],[4.264857,39.951372],[4.26483,39.951362],[4.2648,39.951354],[4.264771,39.951347],[4.264744,39.951335],[4.264718,39.951325],[4.264687,39.951321],[4.264657,39.951319],[4.264628,39.951319],[4.264599,39.951322],[4.26457,39.951329],[4.264545,39.951341],[4.264522,39.951356],[4.264498,39.95137],[4.264473,39.951384],[4.264445,39.951391],[4.264418,39.951399],[4.264388,39.951406],[4.264359,39.951409],[4.264329,39.951409],[4.264308,39.951406],[4.264295,39.951386],[4.264281,39.951365],[4.264268,39.951343],[4.264256,39.951322],[4.264246,39.9513],[4.264235,39.951278],[4.264226,39.951255],[4.264214,39.951233],[4.264201,39.951211],[4.26419,39.951189],[4.264182,39.951167],[4.264175,39.951143],[4.264173,39.951119],[4.26417,39.951097],[4.264168,39.951073],[4.264168,39.951051],[4.26417,39.951027],[4.264173,39.951003],[4.264178,39.950981],[4.264187,39.950958],[4.264199,39.950937],[4.264213,39.950916],[4.264232,39.950905],[4.264254,39.95089],[4.264272,39.950871],[4.264286,39.950851],[4.2643,39.95083],[4.264314,39.950808],[4.264325,39.950785],[4.264336,39.950763],[4.264347,39.95074],[4.264355,39.950717],[4.264363,39.950695],[4.264371,39.950674],[4.26438,39.95065],[4.264392,39.950629],[4.264406,39.950608],[4.264422,39.950589],[4.26444,39.95057],[4.264459,39.950551],[4.26448,39.950533],[4.264504,39.950517],[4.264527,39.950502],[4.26455,39.950487],[4.264575,39.950473],[4.264602,39.95046],[4.264627,39.950447],[4.264651,39.950432],[4.264674,39.950415],[4.264697,39.950397],[4.26472,39.95038],[4.264743,39.950362],[4.264763,39.950344],[4.264785,39.950325],[4.264805,39.950308],[4.264829,39.950292],[4.264853,39.950278],[4.264877,39.950263],[4.264899,39.950248],[4.264922,39.950233],[4.264949,39.95022],[4.264974,39.950208],[4.264999,39.950196],[4.265023,39.950182],[4.265048,39.950168],[4.265075,39.950157],[4.265102,39.950146],[4.265127,39.950132],[4.265153,39.950118],[4.265178,39.950104],[4.265202,39.950089],[4.265228,39.950075],[4.265254,39.950062],[4.26528,39.950051],[4.265306,39.950038],[4.26533,39.950024],[4.265354,39.950009],[4.265382,39.949998],[4.265412,39.949989],[4.265442,39.949983],[4.265472,39.949977],[4.265499,39.949969],[4.265527,39.949959],[4.265552,39.949947],[4.265578,39.949936],[4.265606,39.949927],[4.265635,39.949919],[4.265664,39.949915],[4.265693,39.949909],[4.26572,39.9499],[4.265746,39.949887],[4.265764,39.94987],[4.265784,39.949852],[4.265808,39.949838],[4.265833,39.949825],[4.265859,39.949814],[4.265885,39.949803],[4.265912,39.949789],[4.265941,39.949778],[4.26597,39.949768],[4.265999,39.94976],[4.266026,39.949751],[4.266054,39.949738],[4.266077,39.949724],[4.266101,39.949709],[4.266126,39.949694],[4.266153,39.949681],[4.266179,39.949668],[4.266206,39.949657],[4.266232,39.949646],[4.266259,39.949636],[4.266289,39.949627],[4.266318,39.94962],[4.266346,39.949612],[4.266376,39.949605],[4.266404,39.949597],[4.266432,39.949587],[4.266459,39.949578],[4.266489,39.94957],[4.26652,39.949563],[4.266549,39.949558],[4.266578,39.949552],[4.266606,39.949542],[4.266634,39.949533],[4.266661,39.949524],[4.26669,39.949515],[4.26672,39.949508],[4.26675,39.949503],[4.266779,39.949501],[4.266809,39.949496],[4.266838,39.949489],[4.266858,39.949477],[4.266874,39.949457],[4.266896,39.949444],[4.266903,39.94945],[4.26692,39.949469],[4.266934,39.949489],[4.266956,39.949506],[4.266983,39.949517],[4.267014,39.949525],[4.267042,39.949531],[4.267071,39.949536],[4.267101,39.949543],[4.26713,39.94955],[4.267161,39.949558],[4.267189,39.949565],[4.26722,39.949573],[4.267249,39.949577],[4.267279,39.949578],[4.26731,39.94958],[4.267342,39.949581],[4.267374,39.949582],[4.267406,39.949584],[4.267436,39.949587],[4.267466,39.949591],[4.267495,39.949596],[4.267522,39.949604],[4.26755,39.949612],[4.267579,39.949618],[4.267608,39.949626],[4.267635,39.949636],[4.267659,39.949651],[4.267677,39.94967],[4.267691,39.949692],[4.267704,39.949713],[4.267719,39.949733],[4.267734,39.949754],[4.267739,39.94976],[4.267749,39.949773],[4.267767,39.949793],[4.267785,39.949812],[4.267801,39.949832],[4.267808,39.949855],[4.267803,39.94987],[4.267793,39.949892],[4.26779,39.949915],[4.267787,39.949938],[4.267785,39.949955],[4.267784,39.949961],[4.26778,39.949984],[4.267767,39.950001],[4.267743,39.950016],[4.267721,39.950032],[4.267708,39.950051],[4.267699,39.950075],[4.267695,39.950098],[4.267692,39.950121],[4.267689,39.950144],[4.267687,39.950167],[4.267688,39.95019],[4.267695,39.950212],[4.267705,39.950234],[4.267703,39.950254],[4.267691,39.950275],[4.267695,39.950289],[4.26771,39.950306],[4.267731,39.950321],[4.267749,39.95034],[4.267765,39.950359],[4.267779,39.95038],[4.267791,39.950401],[4.267807,39.95042],[4.267814,39.950441],[4.267817,39.950465],[4.267829,39.950473],[4.26785,39.950477],[4.26788,39.950478],[4.26791,39.95048],[4.26794,39.950483],[4.267968,39.950494],[4.267974,39.950505],[4.267973,39.950527],[4.267979,39.950549],[4.267993,39.950568],[4.268017,39.950581],[4.268043,39.950591],[4.268072,39.950598],[4.268103,39.950602],[4.268134,39.950602],[4.268165,39.950602],[4.268196,39.950597],[4.268223,39.950589],[4.268253,39.950586],[4.268283,39.950584],[4.26831,39.950574],[4.268323,39.950561],[4.268334,39.95054],[4.268339,39.950517],[4.268339,39.950494],[4.26834,39.950471],[4.268348,39.950449],[4.26836,39.950428],[4.26837,39.950405],[4.268379,39.950383],[4.268396,39.950369],[4.268406,39.950374],[4.268409,39.950385],[4.268407,39.950408],[4.2684,39.950431],[4.268391,39.950454],[4.268381,39.950476],[4.268371,39.950497],[4.268368,39.95052],[4.268377,39.950534],[4.268396,39.950546],[4.268423,39.950558],[4.26844,39.950574],[4.268442,39.950588],[4.268443,39.950599],[4.26846,39.950603],[4.268462,39.950606],[4.268462,39.950606],[4.268421,39.950721],[4.268405,39.950751],[4.268402,39.95076],[4.268567,39.950801],[4.268622,39.950771],[4.268775,39.950808],[4.268744,39.950875],[4.268754,39.950878],[4.268777,39.950838],[4.268794,39.950841],[4.268807,39.950819],[4.268827,39.950825],[4.268961,39.9509],[4.269007,39.950947],[4.269006,39.950968],[4.268942,39.951023],[4.268954,39.951031],[4.268992,39.951053],[4.269006,39.95106],[4.269095,39.95104],[4.269198,39.951088],[4.269232,39.951091],[4.269231,39.951115],[4.26923,39.951127],[4.269504,39.95115],[4.269533,39.951114],[4.269594,39.951117],[4.269595,39.951106],[4.269517,39.951103],[4.269526,39.951068],[4.269633,39.951034],[4.269613,39.95099],[4.269609,39.95098],[4.269609,39.95098],[4.269642,39.950963],[4.269668,39.950959],[4.269753,39.950952],[4.269835,39.950956],[4.269876,39.95096],[4.269877,39.950984],[4.269853,39.950983],[4.269853,39.951011],[4.269853,39.951095],[4.269805,39.951094],[4.269798,39.951102],[4.269796,39.951101],[4.269796,39.951101],[4.269784,39.951103],[4.269787,39.951126],[4.269797,39.951147],[4.269801,39.95117],[4.269793,39.951186],[4.269795,39.951207],[4.269806,39.951219],[4.269829,39.951235],[4.269854,39.951246],[4.269883,39.951254],[4.269911,39.951261],[4.269938,39.951271],[4.269965,39.951283],[4.269983,39.9513],[4.270003,39.951317],[4.270016,39.951315],[4.270035,39.951305],[4.270056,39.951288],[4.270083,39.951277],[4.270111,39.951275],[4.270142,39.951276],[4.270171,39.951279],[4.270187,39.95128],[4.270202,39.951282],[4.270234,39.951284],[4.270265,39.951284],[4.270296,39.951283],[4.270326,39.951281],[4.270357,39.951276],[4.270387,39.951269],[4.270416,39.951263],[4.270447,39.951265],[4.270476,39.951267],[4.270507,39.95127],[4.270537,39.951272],[4.270567,39.951271],[4.270595,39.951263],[4.270612,39.95125],[4.270614,39.951237],[4.270627,39.95122],[4.270643,39.951217],[4.270672,39.95121],[4.2707,39.951203],[4.270727,39.951195],[4.270742,39.951181],[4.270743,39.951167],[4.270734,39.951152],[4.270716,39.951141],[4.270694,39.951125],[4.270679,39.951105],[4.270682,39.951093],[4.270694,39.951073],[4.270704,39.951051],[4.270697,39.951043],[4.270689,39.95102],[4.270691,39.950997],[4.270683,39.950976],[4.270668,39.950967],[4.270651,39.950947],[4.270653,39.950936],[4.270666,39.950921],[4.270677,39.950922],[4.270683,39.95093],[4.270689,39.950952],[4.270703,39.950964],[4.270721,39.950969],[4.270736,39.950964],[4.270754,39.95095],[4.270761,39.950933],[4.270771,39.950911],[4.270778,39.950889],[4.270783,39.950867],[4.270785,39.950844],[4.270793,39.950822],[4.270809,39.950805],[4.270822,39.950805],[4.270833,39.95081],[4.270839,39.950813],[4.270855,39.95083],[4.270857,39.950846],[4.270856,39.950868],[4.270865,39.95089],[4.270879,39.950897],[4.270908,39.950902],[4.270938,39.950901],[4.270969,39.950899],[4.270998,39.950897],[4.271029,39.950896],[4.271059,39.950896],[4.271083,39.950888],[4.271107,39.950874],[4.271136,39.950866],[4.271165,39.95086],[4.271194,39.950856],[4.271226,39.950856],[4.271257,39.95086],[4.271287,39.950868],[4.271314,39.950876],[4.271341,39.950885],[4.271371,39.950893],[4.2714,39.950901],[4.271429,39.950908],[4.271458,39.950913],[4.271488,39.950916],[4.27152,39.950921],[4.271549,39.950925],[4.271579,39.950929],[4.271608,39.950935],[4.271641,39.95094],[4.271673,39.950945],[4.271704,39.950949],[4.271734,39.950955],[4.271751,39.950966],[4.27176,39.950983],[4.271781,39.950998],[4.271808,39.951012],[4.271836,39.951022],[4.271865,39.951028],[4.271894,39.951034],[4.271926,39.951037],[4.271957,39.951036],[4.271988,39.951034],[4.272019,39.951028],[4.272047,39.951021],[4.272077,39.951013],[4.272105,39.951005],[4.272134,39.950995],[4.272163,39.950988],[4.272193,39.95098],[4.272223,39.950973],[4.272253,39.950969],[4.272284,39.950965],[4.272312,39.950958],[4.272341,39.950959],[4.272369,39.950968],[4.272393,39.950982],[4.272421,39.950991],[4.272451,39.950994],[4.272481,39.950993],[4.272512,39.950988],[4.272542,39.950978],[4.272569,39.950967],[4.272595,39.950956],[4.272621,39.950943],[4.272645,39.950929],[4.272667,39.950913],[4.272689,39.950897],[4.27271,39.95088],[4.272731,39.950863],[4.272752,39.950846],[4.272771,39.950826],[4.272787,39.950804],[4.272794,39.950781],[4.272798,39.950759],[4.272796,39.950735],[4.272791,39.950713],[4.272787,39.95069],[4.272774,39.950669],[4.272753,39.950652],[4.272731,39.950637],[4.272708,39.95062],[4.272687,39.950604],[4.272671,39.950584],[4.272678,39.950578],[4.272695,39.950575],[4.272726,39.950576],[4.272757,39.950577],[4.272787,39.950579],[4.272804,39.950572],[4.272807,39.950561],[4.272808,39.950538],[4.272819,39.950527],[4.27284,39.950519],[4.272868,39.950517],[4.2729,39.950517],[4.27293,39.950513],[4.272959,39.950505],[4.272987,39.950495],[4.273011,39.950481],[4.273032,39.950464],[4.273052,39.950445],[4.273076,39.950432],[4.273092,39.950434],[4.273122,39.950443],[4.273153,39.950445],[4.273182,39.95044],[4.27321,39.950433],[4.273234,39.950418],[4.273243,39.950402],[4.273244,39.950381],[4.273249,39.950359],[4.273259,39.950337],[4.273272,39.950316],[4.27329,39.950297],[4.273315,39.950283],[4.273342,39.950272],[4.273371,39.950266],[4.2734,39.950258],[4.273429,39.950255],[4.273457,39.950248],[4.273462,39.950238],[4.273466,39.950216],[4.273456,39.950207],[4.273432,39.950192],[4.273408,39.950179],[4.273383,39.950166],[4.273372,39.950151],[4.273376,39.950142],[4.273395,39.950127],[4.273392,39.950116],[4.273379,39.950109],[4.27335,39.950102],[4.273322,39.950094],[4.273292,39.950085],[4.273265,39.950074],[4.27324,39.950062],[4.273213,39.950053],[4.273181,39.950049],[4.273152,39.950045],[4.273121,39.950039],[4.273094,39.950028],[4.273069,39.950015],[4.273045,39.95],[4.273027,39.949981],[4.27301,39.949962],[4.272993,39.949942],[4.272977,39.949921],[4.272963,39.9499],[4.27295,39.949879],[4.272936,39.949859],[4.272926,39.949837],[4.272926,39.949816],[4.272932,39.949793],[4.272941,39.94977],[4.272951,39.949749],[4.272965,39.949729],[4.272982,39.94972],[4.273,39.949721],[4.27303,39.949725],[4.273059,39.94973],[4.27309,39.949738],[4.273118,39.949745],[4.273148,39.949754],[4.273179,39.949761],[4.27321,39.949764],[4.27324,39.949768],[4.27327,39.949773],[4.273297,39.94978],[4.273327,39.949787],[4.273358,39.949788],[4.273388,39.94979],[4.273417,39.949796],[4.273427,39.949805],[4.27342,39.949813],[4.273397,39.949822],[4.273374,39.949835],[4.273372,39.949846],[4.273381,39.949854],[4.273405,39.949861],[4.273426,39.949876],[4.273428,39.949889],[4.27343,39.949913],[4.273443,39.949935],[4.273462,39.949948],[4.27349,39.949957],[4.27352,39.949963],[4.27355,39.949969],[4.273578,39.949979],[4.273606,39.94999],[4.273634,39.950001],[4.273663,39.950005],[4.273694,39.950003],[4.273723,39.949999],[4.273752,39.949994],[4.273779,39.949985],[4.273803,39.949972],[4.27383,39.949963],[4.273852,39.949966],[4.273881,39.949971],[4.273912,39.949977],[4.273941,39.949981],[4.27397,39.949982],[4.273999,39.949976],[4.274018,39.949963],[4.274041,39.949949],[4.274067,39.949937],[4.274093,39.949926],[4.274115,39.949911],[4.274124,39.949894],[4.274132,39.949871],[4.274145,39.949849],[4.274165,39.949831],[4.274185,39.949824],[4.274213,39.949815],[4.274228,39.949803],[4.274228,39.949791],[4.274226,39.949768],[4.274234,39.949755],[4.274252,39.949736],[4.274257,39.949717],[4.274259,39.949694],[4.274268,39.949672],[4.274283,39.949662],[4.274303,39.949646],[4.27431,39.949629],[4.274313,39.949605],[4.274306,39.949584],[4.274289,39.949566],[4.274275,39.949545],[4.274257,39.949527],[4.274237,39.94951],[4.274236,39.949509],[4.274215,39.949495],[4.274198,39.949477],[4.274181,39.949457],[4.274171,39.949435],[4.274165,39.949412],[4.27417,39.949393],[4.274184,39.94938],[4.274208,39.949366],[4.274234,39.949353],[4.274261,39.949346],[4.27429,39.94934],[4.274318,39.949331],[4.274347,39.949326],[4.274374,39.949315],[4.274396,39.9493],[4.274401,39.949287],[4.274416,39.949266],[4.274426,39.949269],[4.274436,39.94928],[4.274441,39.9493],[4.274435,39.949316],[4.274418,39.949333],[4.274393,39.949344],[4.274364,39.94935],[4.274335,39.949358],[4.274307,39.949365],[4.27428,39.949374],[4.274276,39.949383],[4.274276,39.949406],[4.274274,39.949429],[4.274279,39.949452],[4.27429,39.949474],[4.274306,39.949485],[4.274332,39.949499],[4.274358,39.94951],[4.274386,39.949521],[4.274414,39.949528],[4.274444,39.949535],[4.274469,39.949549],[4.274477,39.949562],[4.274499,39.949579],[4.274528,39.949589],[4.274559,39.949594],[4.27459,39.949597],[4.274623,39.949598],[4.274652,39.949599],[4.274684,39.949601],[4.274715,39.949604],[4.274744,39.949605],[4.274773,39.9496],[4.274803,39.949597],[4.274814,39.949601],[4.274817,39.949603],[4.274821,39.949614],[4.274813,39.949624],[4.274792,39.949637],[4.274766,39.949643],[4.274738,39.949649],[4.274709,39.949659],[4.274692,39.949673],[4.274688,39.949687],[4.274684,39.94971],[4.274683,39.949733],[4.274685,39.949757],[4.274693,39.949778],[4.27471,39.949797],[4.274734,39.949809],[4.274756,39.949825],[4.27477,39.949844],[4.274783,39.949865],[4.274783,39.949884],[4.274778,39.949907],[4.274763,39.949924],[4.274741,39.949939],[4.274717,39.949952],[4.274706,39.949968],[4.274694,39.949989],[4.274683,39.950011],[4.274685,39.95003],[4.274691,39.950053],[4.274693,39.950075],[4.274687,39.950098],[4.274673,39.950111],[4.274648,39.950122],[4.27462,39.950129],[4.274592,39.950136],[4.274562,39.950143],[4.274533,39.95015],[4.274506,39.950162],[4.274484,39.950179],[4.27447,39.9502],[4.274462,39.950222],[4.274465,39.950244],[4.274476,39.950253],[4.274501,39.950265],[4.27452,39.950283],[4.274521,39.950296],[4.274512,39.950307],[4.274489,39.950319],[4.274463,39.95033],[4.27444,39.950345],[4.274428,39.950363],[4.27443,39.950378],[4.274442,39.950394],[4.274456,39.950415],[4.274472,39.950435],[4.274491,39.950453],[4.27451,39.950471],[4.274532,39.950486],[4.274556,39.950501],[4.274579,39.950515],[4.274605,39.950528],[4.274633,39.950541],[4.274658,39.950556],[4.27468,39.950573],[4.274703,39.950588],[4.274729,39.950602],[4.274753,39.950616],[4.274771,39.950635],[4.274778,39.950657],[4.274783,39.95068],[4.274792,39.950702],[4.274801,39.950724],[4.274812,39.950745],[4.274828,39.950764],[4.274851,39.95078],[4.274874,39.950795],[4.274888,39.950814],[4.27488,39.950819],[4.27486,39.95082],[4.27483,39.950821],[4.274813,39.95083],[4.274811,39.950841],[4.274819,39.950855],[4.274838,39.95087],[4.274864,39.950884],[4.27489,39.950896],[4.274907,39.950913],[4.274917,39.950917],[4.27493,39.950923],[4.274945,39.950938],[4.274942,39.950948],[4.274926,39.950967],[4.274913,39.950988],[4.274915,39.951002],[4.274924,39.951024],[4.274938,39.951034],[4.274962,39.951047],[4.274988,39.951058],[4.275018,39.951067],[4.275046,39.951073],[4.275076,39.951081],[4.275106,39.951088],[4.275136,39.951094],[4.275165,39.951099],[4.275197,39.951104],[4.275225,39.951111],[4.275254,39.951116],[4.275281,39.951127],[4.27529,39.95114],[4.275294,39.951163],[4.2753,39.951186],[4.275316,39.951203],[4.275337,39.951213],[4.275367,39.951218],[4.275398,39.951219],[4.275428,39.951217],[4.275458,39.95122],[4.275486,39.951229],[4.275512,39.95124],[4.275534,39.951256],[4.275544,39.95126],[4.275562,39.951267],[4.275589,39.951278],[4.275604,39.951292],[4.275609,39.95131],[4.275605,39.951334],[4.275615,39.951342],[4.275634,39.951346],[4.275665,39.951351],[4.275695,39.951356],[4.275719,39.951368],[4.275728,39.951382],[4.275746,39.9514],[4.275763,39.951405],[4.275794,39.951405],[4.275823,39.951408],[4.275853,39.951416],[4.275882,39.951426],[4.275911,39.951436],[4.275941,39.951446],[4.275968,39.951454],[4.275999,39.951463],[4.276029,39.951469],[4.276056,39.951467],[4.276071,39.951457],[4.276075,39.951444],[4.276068,39.95143],[4.27605,39.951411],[4.276026,39.951396],[4.276003,39.951381],[4.275981,39.951365],[4.27597,39.951346],[4.275978,39.951338],[4.275998,39.951329],[4.276023,39.951317],[4.276049,39.951306],[4.276078,39.951298],[4.276106,39.951289],[4.276131,39.951277],[4.276159,39.951272],[4.276182,39.951276],[4.27621,39.951284],[4.276222,39.951279],[4.276222,39.95127],[4.276211,39.951262],[4.27621,39.95125],[4.27622,39.951246],[4.276233,39.951232],[4.276229,39.951223],[4.276211,39.951204],[4.276195,39.951185],[4.276181,39.951164],[4.27618,39.951145],[4.276189,39.951122],[4.276206,39.951107],[4.276221,39.951107],[4.276244,39.951114],[4.276269,39.951126],[4.276297,39.951136],[4.276326,39.951148],[4.276353,39.951157],[4.276381,39.951165],[4.276409,39.951173],[4.276439,39.951178],[4.276468,39.951182],[4.276497,39.951187],[4.276526,39.951192],[4.276555,39.951196],[4.276585,39.951204],[4.276617,39.951212],[4.276648,39.951219],[4.276678,39.951224],[4.27671,39.951227],[4.276739,39.95123],[4.276771,39.951232],[4.276801,39.951235],[4.276831,39.951236],[4.27686,39.951237],[4.276891,39.951236],[4.276921,39.951231],[4.276947,39.951219],[4.27697,39.951202],[4.276984,39.951182],[4.276986,39.951164],[4.276977,39.951151],[4.276958,39.951134],[4.276932,39.95112],[4.276908,39.951107],[4.27689,39.951089],[4.276889,39.951075],[4.276897,39.951056],[4.276904,39.951032],[4.276908,39.951009],[4.276911,39.950985],[4.276913,39.950962],[4.276917,39.95094],[4.27693,39.950926],[4.276947,39.950922],[4.276969,39.950926],[4.276996,39.950937],[4.277023,39.950948],[4.277051,39.950956],[4.277081,39.950964],[4.277109,39.950973],[4.277139,39.950979],[4.277169,39.950979],[4.277201,39.950978],[4.27723,39.950971],[4.277247,39.950958],[4.277262,39.950937],[4.27727,39.950915],[4.277266,39.950896],[4.277256,39.950875],[4.277247,39.950853],[4.27724,39.95083],[4.277239,39.950807],[4.277246,39.950783],[4.277262,39.950768],[4.277287,39.950755],[4.277314,39.950744],[4.277344,39.950739],[4.277374,39.950739],[4.277406,39.950736],[4.277435,39.950732],[4.277463,39.950726],[4.277493,39.950716],[4.277519,39.950705],[4.277546,39.950695],[4.277568,39.950679],[4.277579,39.95066],[4.277577,39.950645],[4.27757,39.950622],[4.277563,39.950598],[4.277557,39.950576],[4.27755,39.950552],[4.277547,39.950529],[4.277546,39.950506],[4.277547,39.950483],[4.277543,39.950459],[4.27754,39.950435],[4.277542,39.950412],[4.277548,39.950389],[4.277559,39.950367],[4.277577,39.95035],[4.277589,39.950352],[4.2776,39.950362],[4.277605,39.950378],[4.277605,39.950402],[4.277605,39.950425],[4.277607,39.950448],[4.277614,39.950471],[4.277621,39.950494],[4.277633,39.950515],[4.277648,39.950536],[4.277654,39.950559],[4.277657,39.950583],[4.277657,39.950606],[4.277658,39.950629],[4.277668,39.950649],[4.277689,39.950668],[4.277709,39.950687],[4.277727,39.950706],[4.277748,39.950722],[4.277774,39.950736],[4.277797,39.95075],[4.277815,39.950769],[4.277825,39.950791],[4.27782,39.950804],[4.277802,39.950823],[4.277789,39.950844],[4.277783,39.950866],[4.277787,39.950889],[4.277799,39.950911],[4.277811,39.950932],[4.277826,39.950951],[4.277844,39.950971],[4.277864,39.950991],[4.277887,39.951007],[4.277913,39.951018],[4.277942,39.951024],[4.277972,39.951027],[4.278003,39.951029],[4.278035,39.95103],[4.278065,39.951031],[4.278096,39.951032],[4.278126,39.95103],[4.278156,39.951026],[4.278186,39.951021],[4.278216,39.951019],[4.278235,39.951026],[4.278258,39.95104],[4.278284,39.951053],[4.278308,39.951066],[4.278333,39.951079],[4.27836,39.951091],[4.278381,39.951092],[4.27839,39.951084],[4.278396,39.951065],[4.278393,39.951044],[4.278386,39.951021],[4.278376,39.950998],[4.278368,39.950975],[4.278364,39.950953],[4.278363,39.95093],[4.278352,39.950909],[4.278338,39.950886],[4.278331,39.950864],[4.278326,39.95084],[4.278323,39.950818],[4.278319,39.950795],[4.278313,39.950772],[4.278311,39.950749],[4.278321,39.950744],[4.278331,39.950748],[4.278337,39.950759],[4.278345,39.950781],[4.278359,39.950801],[4.278373,39.950822],[4.278386,39.950845],[4.278397,39.950866],[4.278411,39.950888],[4.278426,39.95091],[4.278441,39.95093],[4.278455,39.95095],[4.278471,39.950969],[4.278486,39.950989],[4.278507,39.951001],[4.278522,39.951001],[4.278533,39.950992],[4.278545,39.950972],[4.278566,39.950956],[4.278589,39.950949],[4.278616,39.950936],[4.278622,39.950923],[4.278616,39.950915],[4.278592,39.950901],[4.278575,39.950882],[4.278562,39.950861],[4.278554,39.950838],[4.27854,39.950817],[4.278521,39.950805],[4.278494,39.950793],[4.278483,39.950778],[4.278485,39.950766],[4.278487,39.950744],[4.27849,39.950721],[4.278494,39.950698],[4.278489,39.950676],[4.278476,39.95066],[4.278452,39.950648],[4.278426,39.950644],[4.278397,39.950647],[4.278367,39.950654],[4.278338,39.95066],[4.278307,39.950658],[4.278277,39.950651],[4.278247,39.950649],[4.278224,39.950655],[4.278194,39.950662],[4.278166,39.950669],[4.278153,39.950663],[4.278153,39.950653],[4.278152,39.95063],[4.278152,39.950607],[4.278153,39.950584],[4.278161,39.950562],[4.27817,39.950541],[4.278183,39.950519],[4.278202,39.950501],[4.278222,39.950484],[4.278244,39.95047],[4.278266,39.950466],[4.278291,39.950469],[4.278318,39.950478],[4.278324,39.950489],[4.278343,39.950507],[4.278358,39.950509],[4.278389,39.950509],[4.278418,39.950516],[4.278436,39.950529],[4.278459,39.950544],[4.278481,39.950558],[4.278509,39.950567],[4.278538,39.950573],[4.278568,39.950576],[4.278599,39.950578],[4.278628,39.950575],[4.278639,39.950565],[4.278638,39.950554],[4.278628,39.950544],[4.278608,39.950525],[4.278606,39.95051],[4.278596,39.950488],[4.278601,39.950475],[4.278614,39.950469],[4.278641,39.950459],[4.278653,39.950446],[4.278651,39.950432],[4.278639,39.950421],[4.278616,39.950411],[4.278587,39.950407],[4.278557,39.950401],[4.278542,39.95039],[4.278529,39.950369],[4.278531,39.950355],[4.278539,39.950333],[4.278553,39.950319],[4.278579,39.950307],[4.278606,39.950297],[4.278635,39.950289],[4.278664,39.950283],[4.278686,39.950286],[4.278716,39.950285],[4.278737,39.950277],[4.278751,39.950263],[4.278753,39.95026],[4.278767,39.950243],[4.278784,39.950225],[4.278809,39.950211],[4.278823,39.950212],[4.278837,39.950221],[4.278853,39.95024],[4.278874,39.950257],[4.278899,39.95027],[4.278926,39.950276],[4.278951,39.950273],[4.278961,39.950264],[4.278972,39.950243],[4.278991,39.950226],[4.279012,39.950218],[4.279028,39.950222],[4.279054,39.950233],[4.279075,39.950251],[4.279089,39.950273],[4.279108,39.950292],[4.279129,39.95031],[4.279153,39.950324],[4.279175,39.950327],[4.279203,39.950321],[4.279228,39.950308],[4.279243,39.950291],[4.279244,39.950275],[4.279234,39.950254],[4.279226,39.95023],[4.27922,39.950206],[4.279225,39.950183],[4.279232,39.95016],[4.279241,39.950138],[4.279255,39.950118],[4.279274,39.950099],[4.279293,39.950081],[4.279311,39.950063],[4.279315,39.950046],[4.279312,39.950023],[4.279316,39.949999],[4.279322,39.949976],[4.279328,39.949952],[4.279331,39.949928],[4.279336,39.949904],[4.279343,39.949881],[4.279353,39.949859],[4.279366,39.949838],[4.279377,39.949816],[4.279381,39.949792],[4.279376,39.94977],[4.279367,39.949747],[4.279367,39.949725],[4.279364,39.949701],[4.279357,39.949678],[4.279346,39.949656],[4.279327,39.949637],[4.279307,39.949619],[4.27929,39.9496],[4.279287,39.94958],[4.279289,39.949557],[4.279286,39.949534],[4.27928,39.94951],[4.279268,39.949488],[4.279269,39.949468],[4.279276,39.949445],[4.279278,39.949421],[4.279277,39.949398],[4.27927,39.949376],[4.27926,39.949353],[4.279251,39.949331],[4.279243,39.949309],[4.279235,39.949287],[4.279231,39.949265],[4.279232,39.949242],[4.279231,39.949218],[4.279235,39.949196],[4.279244,39.949173],[4.279258,39.949151],[4.279275,39.949132],[4.279286,39.949111],[4.279301,39.949091],[4.279302,39.949074],[4.279292,39.949063],[4.279272,39.949053],[4.279244,39.949044],[4.279216,39.949038],[4.279216,39.94903],[4.279226,39.94902],[4.279248,39.949012],[4.279277,39.949003],[4.2793,39.948988],[4.279322,39.948972],[4.279339,39.948972],[4.279362,39.948979],[4.279388,39.948991],[4.279415,39.949005],[4.279441,39.949017],[4.279471,39.949025],[4.2795,39.949029],[4.279529,39.94903],[4.279561,39.949031],[4.279592,39.949031],[4.279623,39.949029],[4.279653,39.949025],[4.279683,39.949024],[4.279714,39.949025],[4.279745,39.949023],[4.279774,39.94902],[4.279804,39.949016],[4.279834,39.949011],[4.279863,39.949002],[4.279891,39.948994],[4.279922,39.94899],[4.279951,39.948989],[4.279982,39.948988],[4.280012,39.948984],[4.280031,39.948974],[4.280032,39.948964],[4.280022,39.948951],[4.280004,39.948943],[4.279975,39.948937],[4.279945,39.948932],[4.279915,39.948929],[4.279886,39.948926],[4.279856,39.948923],[4.279826,39.948922],[4.279796,39.94892],[4.279765,39.948917],[4.279735,39.948915],[4.279706,39.948911],[4.279688,39.948901],[4.279689,39.948892],[4.2797,39.948882],[4.279722,39.948874],[4.27975,39.948863],[4.279776,39.948852],[4.279804,39.948842],[4.279831,39.948833],[4.279854,39.948817],[4.279874,39.9488],[4.279877,39.948786],[4.279868,39.94878],[4.279846,39.948775],[4.279816,39.948772],[4.279787,39.948767],[4.279758,39.948763],[4.279727,39.94876],[4.279697,39.948755],[4.279667,39.948748],[4.279638,39.94874],[4.279608,39.948735],[4.279579,39.948732],[4.279548,39.948731],[4.279515,39.94873],[4.279483,39.948727],[4.279452,39.948724],[4.279419,39.948723],[4.279388,39.948723],[4.279358,39.948723],[4.279328,39.948725],[4.279299,39.948733],[4.279285,39.948746],[4.279284,39.948759],[4.279274,39.948768],[4.279258,39.948769],[4.279246,39.948761],[4.279233,39.948742],[4.27923,39.948723],[4.279218,39.948703],[4.279198,39.948692],[4.279173,39.948679],[4.279145,39.948669],[4.279114,39.948663],[4.279081,39.948659],[4.279049,39.948654],[4.279019,39.948649],[4.278987,39.948645],[4.278957,39.948641],[4.278926,39.948637],[4.278897,39.948633],[4.278866,39.94863],[4.278836,39.948626],[4.278809,39.948616],[4.27878,39.94861],[4.278757,39.948613],[4.278753,39.948622],[4.278758,39.948634],[4.27875,39.948645],[4.278736,39.948647],[4.278707,39.948645],[4.278693,39.948635],[4.278687,39.948621],[4.278673,39.948614],[4.278644,39.948608],[4.278614,39.948602],[4.278583,39.948596],[4.278553,39.948592],[4.278523,39.948592],[4.278491,39.948597],[4.278462,39.948603],[4.278433,39.948609],[4.278404,39.948613],[4.278371,39.948618],[4.278341,39.948623],[4.278311,39.948631],[4.278283,39.948641],[4.278254,39.94865],[4.278225,39.948656],[4.278197,39.948664],[4.278167,39.948663],[4.278165,39.948655],[4.278166,39.948631],[4.27817,39.948608],[4.278176,39.948585],[4.278183,39.948562],[4.278182,39.948539],[4.278172,39.948517],[4.278165,39.948495],[4.278162,39.948472],[4.278163,39.948448],[4.27817,39.948424],[4.278184,39.948402],[4.278203,39.948384],[4.278221,39.948364],[4.27823,39.948342],[4.278232,39.948318],[4.27823,39.948294],[4.278227,39.94827],[4.278218,39.948247],[4.278203,39.948227],[4.278183,39.94821],[4.278159,39.948193],[4.278139,39.948177],[4.278121,39.948159],[4.278109,39.948137],[4.2781,39.948114],[4.278083,39.948093],[4.278062,39.948077],[4.278041,39.948061],[4.278022,39.948044],[4.278009,39.948023],[4.278013,39.948011],[4.278024,39.947989],[4.278025,39.947965],[4.278018,39.947942],[4.278003,39.947925],[4.27798,39.947909],[4.277965,39.94789],[4.277962,39.94787],[4.27795,39.947849],[4.277935,39.947828],[4.277921,39.947808],[4.277908,39.947787],[4.277895,39.947766],[4.277876,39.947754],[4.277848,39.947744],[4.27782,39.947735],[4.277808,39.947724],[4.277803,39.947705],[4.277806,39.947683],[4.277819,39.947665],[4.277838,39.947648],[4.27786,39.947631],[4.277881,39.947612],[4.277903,39.947597],[4.277923,39.947596],[4.277953,39.947598],[4.277983,39.947599],[4.278014,39.947599],[4.278044,39.947601],[4.278074,39.947603],[4.278105,39.947603],[4.278135,39.947601],[4.278158,39.947591],[4.278164,39.947579],[4.278163,39.947559],[4.278161,39.947535],[4.278171,39.947513],[4.278189,39.947493],[4.278212,39.947479],[4.278238,39.947473],[4.278268,39.947473],[4.278297,39.947478],[4.278313,39.947488],[4.278315,39.9475],[4.278307,39.947511],[4.278298,39.947534],[4.278303,39.947547],[4.27832,39.947565],[4.278343,39.94758],[4.278372,39.94759],[4.278396,39.947589],[4.278427,39.947585],[4.278457,39.947584],[4.278487,39.947582],[4.278518,39.947578],[4.278548,39.947573],[4.278577,39.947566],[4.278605,39.947559],[4.278634,39.947554],[4.278662,39.947547],[4.278688,39.947536],[4.278716,39.947527],[4.278746,39.947519],[4.278775,39.947512],[4.27879,39.947499],[4.278795,39.947483],[4.278789,39.947468],[4.278781,39.947445],[4.278785,39.947427],[4.278799,39.947417],[4.278821,39.947413],[4.278839,39.947417],[4.278864,39.947429],[4.278887,39.947446],[4.278909,39.947463],[4.278933,39.947476],[4.278961,39.947484],[4.278992,39.947488],[4.279024,39.94749],[4.279053,39.947495],[4.279083,39.9475],[4.279113,39.947505],[4.279142,39.947512],[4.279173,39.947518],[4.279202,39.947516],[4.279227,39.947507],[4.279257,39.947501],[4.279285,39.947504],[4.279315,39.94751],[4.279345,39.947515],[4.279377,39.947518],[4.279409,39.947518],[4.27944,39.947518],[4.279468,39.947514],[4.279485,39.947504],[4.279504,39.947487],[4.279507,39.947472],[4.279501,39.94745],[4.279492,39.947428],[4.279489,39.947406],[4.279488,39.947383],[4.279476,39.947363],[4.279461,39.947343],[4.27944,39.947327],[4.279434,39.947311],[4.279441,39.947301],[4.279454,39.947299],[4.279482,39.947303],[4.27951,39.947311],[4.279539,39.94732],[4.27957,39.947328],[4.279599,39.947333],[4.279629,39.947336],[4.27966,39.947342],[4.27969,39.947347],[4.279721,39.947352],[4.279751,39.94735],[4.279781,39.947345],[4.27979,39.947334],[4.279784,39.947325],[4.279763,39.947309],[4.279766,39.947299],[4.279778,39.947293],[4.279807,39.947287],[4.279836,39.947283],[4.279865,39.947273],[4.279871,39.947262],[4.279863,39.947254],[4.279836,39.947243],[4.279808,39.947239],[4.279777,39.947237],[4.279746,39.947236],[4.279714,39.947235],[4.279682,39.947234],[4.279652,39.947233],[4.27962,39.947231],[4.279587,39.947228],[4.279556,39.947225],[4.279524,39.947223],[4.279494,39.947224],[4.279465,39.947232],[4.279444,39.947246],[4.279422,39.947261],[4.279404,39.947262],[4.279375,39.947259],[4.279346,39.947252],[4.279317,39.947245],[4.279286,39.94724],[4.279257,39.947234],[4.279246,39.947223],[4.279251,39.947215],[4.27927,39.947196],[4.279283,39.947175],[4.2793,39.947155],[4.279324,39.947139],[4.279351,39.947128],[4.279379,39.94712],[4.279403,39.947106],[4.279408,39.947093],[4.279406,39.94707],[4.279393,39.947051],[4.279373,39.947033],[4.279353,39.947016],[4.279332,39.946999],[4.279307,39.946987],[4.27928,39.946983],[4.27925,39.946987],[4.27922,39.946991],[4.279189,39.946989],[4.279159,39.946985],[4.279137,39.946974],[4.279128,39.946961],[4.279133,39.94695],[4.279149,39.946938],[4.279174,39.946923],[4.279199,39.94691],[4.279225,39.946899],[4.279243,39.946883],[4.279249,39.946866],[4.279244,39.94685],[4.279227,39.946834],[4.279209,39.946831],[4.279179,39.94683],[4.279149,39.946832],[4.27912,39.946837],[4.27909,39.946842],[4.27906,39.946848],[4.27903,39.946852],[4.279,39.946853],[4.27897,39.946853],[4.278947,39.946845],[4.278955,39.946839],[4.278977,39.946834],[4.279008,39.946831],[4.279039,39.946827],[4.279068,39.946822],[4.279099,39.946815],[4.279129,39.946809],[4.279159,39.946804],[4.279185,39.946794],[4.279184,39.946785],[4.279172,39.946771],[4.279149,39.946757],[4.279123,39.946745],[4.279096,39.946732],[4.279069,39.946721],[4.279043,39.946709],[4.279017,39.946699],[4.279004,39.946685],[4.279011,39.946678],[4.279029,39.946674],[4.279053,39.946677],[4.279083,39.946685],[4.279111,39.946694],[4.279139,39.946703],[4.279167,39.946713],[4.279194,39.946721],[4.279226,39.946728],[4.279255,39.946737],[4.279284,39.946747],[4.279311,39.946758],[4.279337,39.946771],[4.279364,39.946782],[4.279392,39.946793],[4.279424,39.946802],[4.279455,39.946809],[4.279483,39.946815],[4.279511,39.946822],[4.279542,39.946829],[4.279571,39.946837],[4.279601,39.946845],[4.279632,39.946851],[4.279664,39.946857],[4.279694,39.946863],[4.279725,39.946869],[4.279754,39.946876],[4.279784,39.946882],[4.279813,39.946881],[4.279844,39.946873],[4.279873,39.946866],[4.279903,39.946859],[4.279931,39.946851],[4.27995,39.946837],[4.27995,39.946825],[4.27994,39.946818],[4.279921,39.946815],[4.279891,39.946815],[4.27986,39.946815],[4.279829,39.946814],[4.279797,39.946813],[4.279765,39.946812],[4.279733,39.94681],[4.279703,39.946808],[4.279674,39.946806],[4.279644,39.946802],[4.279613,39.946796],[4.279586,39.946785],[4.279565,39.946769],[4.27956,39.946755],[4.279569,39.946747],[4.27959,39.946742],[4.279616,39.946743],[4.279645,39.946745],[4.279675,39.94675],[4.279705,39.946753],[4.279716,39.946747],[4.279728,39.94673],[4.279731,39.946707],[4.279744,39.946691],[4.279743,39.946676],[4.279733,39.946666],[4.279714,39.946648],[4.2797,39.946647],[4.27968,39.946654],[4.279653,39.946665],[4.279625,39.94667],[4.279594,39.94667],[4.279577,39.946663],[4.279564,39.946648],[4.279541,39.946632],[4.279537,39.946617],[4.279545,39.946611],[4.279572,39.946603],[4.279597,39.946603],[4.279626,39.946597],[4.279637,39.946586],[4.279636,39.946573],[4.279625,39.946566],[4.279608,39.946565],[4.279579,39.946567],[4.279549,39.946566],[4.279526,39.946557],[4.279516,39.946545],[4.279512,39.946524],[4.279522,39.94652],[4.279547,39.946519],[4.279576,39.946524],[4.279607,39.946526],[4.279621,39.946518],[4.27962,39.946509],[4.279609,39.946499],[4.279592,39.946481],[4.279589,39.946463],[4.279576,39.946452],[4.279563,39.946451],[4.279532,39.946453],[4.279503,39.946448],[4.2795,39.946439],[4.279487,39.946431],[4.279459,39.946423],[4.279446,39.946411],[4.279456,39.946407],[4.279484,39.946398],[4.2795,39.946383],[4.279498,39.946371],[4.279485,39.946358],[4.279463,39.946349],[4.279437,39.946348],[4.279407,39.94635],[4.279378,39.946355],[4.279349,39.946364],[4.279336,39.946359],[4.279314,39.946344],[4.279288,39.946337],[4.279259,39.946335],[4.27923,39.946331],[4.279235,39.946324],[4.279248,39.94632],[4.279277,39.946312],[4.279297,39.946299],[4.279296,39.946288],[4.279285,39.946278],[4.279259,39.946266],[4.27923,39.94626],[4.279201,39.946257],[4.279171,39.946255],[4.279142,39.946252],[4.279112,39.946249],[4.279081,39.946246],[4.279051,39.946247],[4.27902,39.946248],[4.278989,39.946244],[4.278958,39.94624],[4.278929,39.946237],[4.2789,39.946232],[4.278871,39.946228],[4.278843,39.946221],[4.278817,39.946211],[4.278788,39.946202],[4.278764,39.946186],[4.278746,39.946167],[4.278746,39.946152],[4.278756,39.946141],[4.278775,39.946133],[4.278802,39.94613],[4.278832,39.946129],[4.278861,39.946127],[4.27889,39.946125],[4.278919,39.946117],[4.27893,39.946106],[4.278928,39.946095],[4.278916,39.946086],[4.278895,39.94608],[4.278886,39.946069],[4.278886,39.946054],[4.278891,39.946031],[4.278902,39.946026],[4.278923,39.946025],[4.278953,39.946028],[4.278984,39.946028],[4.279013,39.946021],[4.279022,39.94601],[4.279031,39.945989],[4.279027,39.945972],[4.279013,39.945958],[4.278989,39.945944],[4.278964,39.94593],[4.278938,39.94592],[4.278909,39.945912],[4.278879,39.945906],[4.27885,39.945901],[4.27882,39.945899],[4.278789,39.9459],[4.278759,39.945904],[4.278729,39.945906],[4.278701,39.945912],[4.278671,39.945919],[4.278642,39.945926],[4.27863,39.945921],[4.278622,39.945908],[4.278616,39.945884],[4.278619,39.945861],[4.278625,39.945839],[4.278642,39.945819],[4.278657,39.945816],[4.278678,39.94582],[4.278705,39.94583],[4.278731,39.945841],[4.278761,39.945847],[4.27879,39.94585],[4.278819,39.945851],[4.278849,39.94585],[4.27888,39.94585],[4.27891,39.945844],[4.278937,39.945832],[4.278957,39.945814],[4.278958,39.945799],[4.278948,39.945783],[4.278931,39.945762],[4.278909,39.945745],[4.278885,39.945729],[4.278858,39.945719],[4.278829,39.945716],[4.278799,39.945721],[4.27877,39.94573],[4.278746,39.945742],[4.278726,39.945759],[4.278711,39.945779],[4.27869,39.945789],[4.278671,39.945788],[4.278642,39.945782],[4.278616,39.94577],[4.27859,39.945757],[4.278565,39.945745],[4.27854,39.945731],[4.278517,39.945716],[4.278496,39.945699],[4.278473,39.945682],[4.278449,39.945666],[4.278425,39.945652],[4.278399,39.945639],[4.278373,39.945625],[4.278347,39.94561],[4.278325,39.945594],[4.278319,39.945585],[4.27831,39.945573],[4.278303,39.94555],[4.278308,39.945531],[4.27832,39.94551],[4.278338,39.945494],[4.278362,39.945487],[4.278393,39.945486],[4.278422,39.945483],[4.278449,39.945475],[4.278474,39.945462],[4.278491,39.945444],[4.278493,39.945428],[4.278487,39.945405],[4.278472,39.945388],[4.278451,39.945371],[4.278454,39.945361],[4.278468,39.945349],[4.278493,39.945341],[4.278508,39.945345],[4.278521,39.945357],[4.278531,39.945379],[4.27854,39.945402],[4.27855,39.945424],[4.278565,39.945432],[4.278593,39.945439],[4.278623,39.945441],[4.278653,39.945437],[4.278683,39.945435],[4.278714,39.945434],[4.278745,39.945438],[4.278772,39.945447],[4.278798,39.945457],[4.278824,39.945471],[4.278853,39.945478],[4.278884,39.94548],[4.278914,39.945475],[4.278943,39.945468],[4.278974,39.945463],[4.279004,39.945459],[4.279033,39.945452],[4.279057,39.945439],[4.279068,39.945422],[4.279072,39.945399],[4.279067,39.945376],[4.279058,39.945353],[4.279046,39.945332],[4.279049,39.945317],[4.279059,39.945318],[4.27909,39.945323],[4.279121,39.945323],[4.279151,39.945326],[4.279183,39.945329],[4.279215,39.945333],[4.279246,39.945337],[4.279275,39.945336],[4.279302,39.945327],[4.279309,39.945316],[4.279309,39.945299],[4.279301,39.945277],[4.279283,39.945256],[4.279259,39.945241],[4.279235,39.945227],[4.279211,39.94521],[4.279198,39.945188],[4.279201,39.945176],[4.279197,39.945153],[4.279183,39.945138],[4.279163,39.945122],[4.279141,39.945105],[4.279119,39.945089],[4.279097,39.945074],[4.279077,39.945056],[4.279059,39.945038],[4.279044,39.945018],[4.279029,39.944996],[4.279016,39.944973],[4.279015,39.944949],[4.279024,39.944931],[4.279044,39.944912],[4.279066,39.944896],[4.27909,39.944882],[4.279115,39.944869],[4.279141,39.944859],[4.279168,39.944848],[4.279196,39.944838],[4.279224,39.944827],[4.279253,39.944815],[4.279279,39.944804],[4.279309,39.944798],[4.279339,39.944793],[4.279367,39.944788],[4.279395,39.944781],[4.279426,39.944776],[4.279456,39.944773],[4.279486,39.944775],[4.279504,39.944785],[4.279515,39.944801],[4.279513,39.944814],[4.279505,39.944837],[4.279505,39.944861],[4.279516,39.944878],[4.279535,39.94489],[4.279556,39.944893],[4.279578,39.944888],[4.279597,39.944876],[4.279604,39.94486],[4.279599,39.944848],[4.279584,39.944828],[4.279587,39.944813],[4.2796,39.944805],[4.279619,39.944803],[4.279643,39.944809],[4.27967,39.94482],[4.279698,39.944828],[4.279728,39.94483],[4.279757,39.944826],[4.279785,39.944829],[4.279813,39.944838],[4.279842,39.944841],[4.279871,39.944839],[4.279903,39.944837],[4.279933,39.944838],[4.279958,39.944848],[4.279983,39.944864],[4.280007,39.944879],[4.280031,39.944896],[4.280052,39.944913],[4.280077,39.944931],[4.2801,39.944945],[4.280122,39.944961],[4.280145,39.944978],[4.280166,39.944996],[4.280188,39.945015],[4.280208,39.945033],[4.280228,39.945051],[4.280246,39.945071],[4.280262,39.94509],[4.280283,39.945106],[4.280307,39.945119],[4.280334,39.945131],[4.280363,39.945141],[4.280393,39.94515],[4.280421,39.945158],[4.280444,39.945155],[4.280455,39.945147],[4.280476,39.94513],[4.280488,39.94513],[4.280508,39.945139],[4.280515,39.945151],[4.280535,39.945164],[4.280548,39.945162],[4.280573,39.945148],[4.280595,39.945134],[4.280622,39.945124],[4.280651,39.945117],[4.280681,39.945113],[4.280712,39.945113],[4.280744,39.945117],[4.280774,39.945124],[4.280806,39.945128],[4.280837,39.945126],[4.280867,39.945119],[4.280894,39.945107],[4.280921,39.945096],[4.28094,39.945098],[4.280953,39.945108],[4.280967,39.945128],[4.280981,39.94515],[4.280998,39.945171],[4.281012,39.945191],[4.28103,39.945209],[4.281053,39.945226],[4.281079,39.945241],[4.281105,39.945254],[4.281134,39.945261],[4.281163,39.945259],[4.281192,39.945254],[4.281223,39.945245],[4.281252,39.945237],[4.281281,39.945232],[4.281311,39.945229],[4.281341,39.945225],[4.281371,39.945225],[4.281401,39.945231],[4.281428,39.945241],[4.28146,39.945247],[4.28149,39.945249],[4.281519,39.945258],[4.281538,39.945272],[4.281561,39.945287],[4.281591,39.945297],[4.28162,39.9453],[4.281651,39.945296],[4.281671,39.945286],[4.281694,39.94527],[4.281716,39.945255],[4.281735,39.945237],[4.281752,39.945217],[4.281763,39.945195],[4.281765,39.945172],[4.281765,39.945149],[4.281767,39.945125],[4.281775,39.945102],[4.281777,39.945077],[4.281766,39.945058],[4.281746,39.945039],[4.281724,39.945024],[4.2817,39.94501],[4.281675,39.944994],[4.281655,39.944978],[4.281639,39.944958],[4.281635,39.944936],[4.281642,39.944919],[4.28166,39.944898],[4.281664,39.944879],[4.281655,39.944863],[4.281638,39.944843],[4.281627,39.944822],[4.281627,39.944799],[4.281629,39.944776],[4.281631,39.944753],[4.281633,39.94473],[4.281627,39.944707],[4.281618,39.944685],[4.281612,39.944663],[4.281618,39.944644],[4.281633,39.944634],[4.281659,39.944622],[4.281667,39.944609],[4.281679,39.944587],[4.281694,39.944582],[4.281714,39.944584],[4.281727,39.944593],[4.281734,39.944609],[4.281732,39.944629],[4.28173,39.944653],[4.281736,39.944676],[4.28175,39.944699],[4.281767,39.944718],[4.281791,39.944731],[4.281813,39.944732],[4.281829,39.944725],[4.281842,39.944709],[4.281847,39.944688],[4.281852,39.944666],[4.281865,39.944654],[4.281885,39.94465],[4.281908,39.944654],[4.281934,39.944665],[4.281964,39.944674],[4.281997,39.944677],[4.28203,39.944678],[4.282062,39.94468],[4.282094,39.944683],[4.282124,39.944688],[4.282157,39.944695],[4.282186,39.9447],[4.28222,39.944706],[4.282252,39.944712],[4.282282,39.944717],[4.282315,39.944723],[4.282349,39.944728],[4.282379,39.944734],[4.28241,39.944743],[4.28244,39.944752],[4.282469,39.944762],[4.282498,39.944773],[4.28252,39.944789],[4.282538,39.944809],[4.282542,39.944829],[4.282548,39.944851],[4.282561,39.944872],[4.282579,39.944882],[4.2826,39.944883],[4.282624,39.944877],[4.282647,39.944862],[4.282665,39.944861],[4.28268,39.944868],[4.282705,39.944883],[4.282729,39.944895],[4.28276,39.944901],[4.282788,39.944899],[4.2828,39.944905],[4.282819,39.944922],[4.282835,39.944923],[4.282864,39.944918],[4.282894,39.944912],[4.282912,39.944916],[4.282923,39.944928],[4.28295,39.944942],[4.282975,39.944946],[4.283006,39.944947],[4.283036,39.944946],[4.283069,39.944943],[4.283098,39.944938],[4.283129,39.944936],[4.283158,39.944932],[4.283187,39.944928],[4.283219,39.944929],[4.283251,39.944934],[4.28328,39.94494],[4.28331,39.94495],[4.283337,39.944963],[4.283362,39.944977],[4.283389,39.944988],[4.283416,39.944999],[4.283448,39.945004],[4.283478,39.945007],[4.283508,39.94501],[4.283515,39.94501],[4.283538,39.945011],[4.283571,39.945012],[4.2836,39.945014],[4.28363,39.945014],[4.28366,39.945012],[4.283662,39.945012],[4.28369,39.945005],[4.283719,39.944997],[4.283745,39.944984],[4.283745,39.944984],[4.283746,39.945034],[4.284254,39.960746],[4.28425,39.960728],[4.284235,39.960708],[4.28422,39.960703],[4.284191,39.960699],[4.284174,39.960697],[4.284161,39.960696],[4.28413,39.960695],[4.2841,39.960694],[4.28407,39.960693],[4.284069,39.960693],[4.28404,39.960692],[4.284027,39.960683],[4.28403,39.960676],[4.284039,39.960664],[4.284045,39.960656],[4.284048,39.960637],[4.28406,39.96062],[4.284063,39.960599],[4.284053,39.960594],[4.284025,39.960586],[4.283995,39.960581],[4.283965,39.960576],[4.283936,39.960571],[4.283918,39.960568],[4.283907,39.960566],[4.283878,39.96056],[4.283851,39.96055],[4.283851,39.960541],[4.283862,39.960533],[4.283889,39.960522],[4.283919,39.960514],[4.283933,39.960512],[4.283948,39.960509],[4.283978,39.960504],[4.283999,39.960492],[4.284004,39.960478],[4.284001,39.960455],[4.28399,39.96044],[4.283968,39.960428],[4.28394,39.960418],[4.283911,39.960412],[4.28388,39.960407],[4.283849,39.960402],[4.28382,39.960398],[4.283791,39.960394],[4.283762,39.960389],[4.283732,39.960384],[4.283704,39.960378],[4.283676,39.96037],[4.283652,39.960356],[4.283646,39.960342],[4.283653,39.96033],[4.283672,39.960314],[4.283697,39.960303],[4.283717,39.960286],[4.283713,39.960277],[4.283699,39.96027],[4.283669,39.960261],[4.283641,39.960249],[4.283616,39.960234],[4.283607,39.960219],[4.283597,39.960198],[4.283586,39.960175],[4.28358,39.960166],[4.283572,39.960154],[4.283557,39.960133],[4.283557,39.960117],[4.283566,39.960095],[4.283581,39.960076],[4.283598,39.960056],[4.283607,39.960034],[4.283621,39.960013],[4.283639,39.960003],[4.283667,39.959992],[4.283694,39.959981],[4.283722,39.959972],[4.283751,39.959964],[4.283778,39.959954],[4.283804,39.959942],[4.283832,39.959931],[4.283859,39.95992],[4.283886,39.959909],[4.283896,39.959904],[4.283911,39.959897],[4.283935,39.959883],[4.283958,39.959869],[4.28398,39.959854],[4.283991,39.959842],[4.283988,39.959832],[4.283973,39.959813],[4.283979,39.959805],[4.284001,39.95979],[4.284001,39.959778],[4.283992,39.959763],[4.283977,39.959758],[4.283948,39.959748],[4.28392,39.959737],[4.283893,39.959728],[4.28387,39.959714],[4.283862,39.959699],[4.283856,39.959677],[4.28384,39.959657],[4.283818,39.95964],[4.283794,39.959626],[4.283768,39.959616],[4.283746,39.959609],[4.28372,39.959595],[4.283701,39.959578],[4.283694,39.95956],[4.28368,39.95954],[4.28366,39.959529],[4.283631,39.95952],[4.283601,39.959513],[4.283572,39.959508],[4.283542,39.959504],[4.283512,39.959501],[4.283505,39.9595],[4.283483,39.959497],[4.283453,39.959491],[4.283427,39.95948],[4.283414,39.959467],[4.283416,39.959454],[4.283421,39.959443],[4.283427,39.959433],[4.283433,39.95941],[4.283425,39.9594],[4.283403,39.959387],[4.283374,39.959378],[4.283345,39.959371],[4.283316,39.959365],[4.283288,39.959357],[4.283266,39.959343],[4.283261,39.959329],[4.283255,39.959306],[4.283249,39.959283],[4.283237,39.959262],[4.283216,39.959245],[4.283195,39.959229],[4.283169,39.959217],[4.283142,39.959206],[4.283116,39.959195],[4.283114,39.959186],[4.283124,39.959181],[4.283154,39.959175],[4.283161,39.959166],[4.283153,39.959161],[4.283123,39.959154],[4.283094,39.959151],[4.283065,39.959146],[4.283034,39.95914],[4.283005,39.959136],[4.282975,39.959134],[4.282945,39.959134],[4.282915,39.959136],[4.282901,39.959145],[4.282898,39.959158],[4.282905,39.959172],[4.282924,39.95919],[4.282943,39.959209],[4.282961,39.959229],[4.282968,39.959249],[4.282959,39.959254],[4.282937,39.959256],[4.28291,39.95925],[4.282881,39.959242],[4.282852,39.959236],[4.282822,39.959233],[4.282805,39.95924],[4.282802,39.959248],[4.282801,39.95925],[4.282804,39.959271],[4.282815,39.959293],[4.282833,39.959311],[4.282854,39.959319],[4.282884,39.959326],[4.282913,39.959333],[4.282942,39.959342],[4.282952,39.959354],[4.282959,39.959376],[4.282972,39.959384],[4.283,39.959392],[4.283001,39.959401],[4.28299,39.959405],[4.282968,39.959406],[4.282938,39.9594],[4.28291,39.959391],[4.282884,39.959381],[4.28286,39.959366],[4.282837,39.95935],[4.282812,39.959335],[4.282789,39.959321],[4.282772,39.959303],[4.282756,39.959283],[4.282745,39.959261],[4.282742,39.959238],[4.282742,39.959228],[4.282741,39.959215],[4.282737,39.959192],[4.282726,39.959185],[4.282701,39.959172],[4.282682,39.959154],[4.282658,39.959144],[4.28263,39.959135],[4.282607,39.95912],[4.282587,39.959102],[4.282571,39.959082],[4.282561,39.95906],[4.282552,39.959038],[4.282539,39.959016],[4.282519,39.959],[4.282491,39.958988],[4.282462,39.958977],[4.282434,39.958966],[4.282408,39.958953],[4.282384,39.958939],[4.282361,39.958924],[4.282337,39.958908],[4.282315,39.958893],[4.282297,39.958875],[4.282279,39.958855],[4.282259,39.958837],[4.282237,39.958822],[4.282215,39.958804],[4.2822,39.958785],[4.282186,39.958763],[4.282175,39.958742],[4.282164,39.958719],[4.282153,39.958697],[4.282142,39.958675],[4.282126,39.958664],[4.282101,39.958653],[4.282072,39.958645],[4.282044,39.958636],[4.282017,39.958626],[4.281994,39.958612],[4.281983,39.958596],[4.281973,39.958574],[4.281962,39.958552],[4.281952,39.958531],[4.281941,39.958509],[4.281923,39.958494],[4.2819,39.958478],[4.281876,39.958463],[4.281852,39.958448],[4.281824,39.958437],[4.281802,39.958422],[4.281779,39.958405],[4.281757,39.958388],[4.281733,39.958373],[4.281709,39.958359],[4.281691,39.958341],[4.281689,39.958335],[4.281682,39.958318],[4.281672,39.958296],[4.281657,39.958291],[4.281628,39.958285],[4.281599,39.958278],[4.281572,39.958269],[4.281546,39.958257],[4.281521,39.958244],[4.281497,39.958231],[4.281472,39.958216],[4.281449,39.958201],[4.281425,39.958195],[4.2814,39.958182],[4.28139,39.958167],[4.281395,39.958157],[4.281406,39.958135],[4.281401,39.958124],[4.281382,39.958106],[4.28136,39.958089],[4.281341,39.958071],[4.281323,39.958052],[4.281303,39.958034],[4.281286,39.958015],[4.281284,39.95801],[4.281276,39.957992],[4.281272,39.95797],[4.281274,39.957967],[4.28128,39.957959],[4.281298,39.957951],[4.281328,39.957945],[4.281348,39.957932],[4.281354,39.957917],[4.281359,39.957894],[4.281371,39.957884],[4.281389,39.95788],[4.281417,39.957882],[4.281448,39.957882],[4.281476,39.957874],[4.2815,39.95786],[4.281506,39.957846],[4.2815,39.957836],[4.28148,39.957822],[4.281452,39.957811],[4.281424,39.957802],[4.2814,39.957788],[4.281394,39.957774],[4.281397,39.957757],[4.281406,39.957735],[4.28142,39.957714],[4.281437,39.957695],[4.281453,39.957675],[4.281452,39.95766],[4.281442,39.957645],[4.281432,39.957624],[4.281433,39.957619],[4.281435,39.957607],[4.28145,39.957587],[4.281467,39.957579],[4.28149,39.957575],[4.281498,39.957574],[4.281527,39.957574],[4.281557,39.957575],[4.281586,39.957574],[4.2816,39.957566],[4.2816,39.957555],[4.281591,39.957544],[4.281567,39.95753],[4.281567,39.957528],[4.281561,39.957516],[4.281544,39.957503],[4.281519,39.957489],[4.281505,39.957472],[4.281515,39.95747],[4.281539,39.957475],[4.281567,39.957486],[4.281587,39.957503],[4.281604,39.957521],[4.281604,39.957522],[4.281626,39.957537],[4.281653,39.957548],[4.281681,39.957556],[4.281709,39.957565],[4.281734,39.957576],[4.281759,39.95759],[4.281782,39.957593],[4.281793,39.957587],[4.281811,39.957568],[4.281811,39.957554],[4.2818,39.957542],[4.281779,39.957531],[4.281778,39.95753],[4.281756,39.957517],[4.281729,39.957505],[4.281702,39.957494],[4.281676,39.957483],[4.28165,39.957471],[4.281628,39.957456],[4.281634,39.957449],[4.281649,39.957448],[4.281669,39.957453],[4.281696,39.957465],[4.281723,39.957475],[4.281751,39.957485],[4.281779,39.957494],[4.281806,39.957505],[4.281821,39.957518],[4.281826,39.957522],[4.28185,39.957536],[4.281877,39.957545],[4.281907,39.957552],[4.281937,39.957552],[4.281957,39.957545],[4.281955,39.957536],[4.281945,39.957532],[4.281916,39.957526],[4.281889,39.957516],[4.281887,39.957506],[4.281897,39.957498],[4.281911,39.957478],[4.281906,39.957469],[4.281886,39.957451],[4.281867,39.957433],[4.281844,39.957423],[4.281814,39.95742],[4.281784,39.957417],[4.281756,39.957406],[4.281729,39.957395],[4.281702,39.957384],[4.281675,39.957375],[4.281647,39.957366],[4.281617,39.957358],[4.281589,39.95735],[4.28156,39.957343],[4.281531,39.957338],[4.281502,39.957335],[4.281479,39.957331],[4.281473,39.95733],[4.281446,39.957321],[4.281428,39.957307],[4.281426,39.957295],[4.281426,39.957293],[4.281432,39.957276],[4.281446,39.957255],[4.281461,39.957251],[4.28149,39.957243],[4.281507,39.957229],[4.281505,39.95722],[4.281492,39.957211],[4.281465,39.9572],[4.281439,39.95719],[4.281425,39.957176],[4.281429,39.957166],[4.281444,39.957157],[4.28147,39.95715],[4.281499,39.957145],[4.281528,39.95714],[4.281556,39.957131],[4.281584,39.957124],[4.281606,39.95711],[4.281605,39.9571],[4.281593,39.95709],[4.281568,39.957079],[4.281546,39.957079],[4.281517,39.95708],[4.281489,39.957073],[4.281461,39.957062],[4.281437,39.957048],[4.281413,39.957034],[4.281387,39.957023],[4.281359,39.957014],[4.28133,39.957009],[4.281298,39.95701],[4.28127,39.957017],[4.281254,39.957028],[4.281228,39.957041],[4.281211,39.957039],[4.281187,39.957029],[4.281159,39.957021],[4.281132,39.95701],[4.281122,39.956997],[4.281126,39.956986],[4.281126,39.956963],[4.281116,39.956955],[4.281088,39.956945],[4.281061,39.956937],[4.281032,39.956931],[4.281009,39.956934],[4.280988,39.956945],[4.280971,39.956964],[4.280954,39.956984],[4.280935,39.956992],[4.280919,39.956989],[4.280898,39.956976],[4.280884,39.956959],[4.280881,39.956939],[4.280872,39.956917],[4.280856,39.956906],[4.280831,39.956892],[4.280806,39.956879],[4.280781,39.956866],[4.280755,39.956853],[4.280729,39.956841],[4.280704,39.956827],[4.280677,39.956817],[4.280652,39.956817],[4.280622,39.956821],[4.280592,39.956818],[4.280564,39.956811],[4.280536,39.956804],[4.280507,39.956797],[4.280479,39.956791],[4.280469,39.956781],[4.280459,39.956759],[4.280451,39.956736],[4.280442,39.956714],[4.280433,39.956692],[4.280421,39.95667],[4.280406,39.956649],[4.280391,39.95663],[4.280368,39.956612],[4.280344,39.956598],[4.280321,39.956582],[4.280297,39.956567],[4.280275,39.956551],[4.280252,39.956534],[4.28023,39.956519],[4.280204,39.956504],[4.28018,39.956492],[4.280154,39.956479],[4.280127,39.956465],[4.280101,39.956453],[4.280073,39.956442],[4.280047,39.956431],[4.280022,39.956417],[4.279997,39.956402],[4.279974,39.956387],[4.279949,39.956374],[4.279926,39.956359],[4.279901,39.956347],[4.279877,39.956333],[4.279854,39.956315],[4.279832,39.956298],[4.279806,39.956285],[4.279775,39.95628],[4.279743,39.956279],[4.279707,39.956277],[4.279677,39.956277],[4.279646,39.956277],[4.279612,39.956278],[4.279579,39.956281],[4.279548,39.956284],[4.279519,39.956288],[4.279489,39.956292],[4.27946,39.956294],[4.279428,39.956293],[4.279398,39.956291],[4.279366,39.95629],[4.279332,39.956288],[4.279299,39.956286],[4.279266,39.956283],[4.279235,39.95628],[4.279204,39.956278],[4.279172,39.956278],[4.279141,39.956278],[4.279106,39.956278],[4.279074,39.956276],[4.279041,39.956275],[4.27901,39.956272],[4.278977,39.956269],[4.278946,39.956265],[4.278913,39.956261],[4.278884,39.956256],[4.278856,39.956247],[4.278833,39.956232],[4.278826,39.956217],[4.278817,39.956193],[4.278804,39.956171],[4.278783,39.956158],[4.278755,39.956147],[4.278727,39.956138],[4.278699,39.95613],[4.278669,39.956123],[4.278636,39.95612],[4.278604,39.95612],[4.278572,39.956121],[4.278539,39.956123],[4.278509,39.956125],[4.278479,39.956129],[4.278453,39.956141],[4.278443,39.956154],[4.278434,39.956175],[4.27843,39.956198],[4.278415,39.95622],[4.278394,39.956232],[4.278373,39.956234],[4.278342,39.95623],[4.278313,39.956222],[4.278286,39.956211],[4.278256,39.956201],[4.278236,39.956204],[4.27822,39.956215],[4.278217,39.956227],[4.278224,39.956243],[4.27824,39.956263],[4.278242,39.956283],[4.278232,39.95629],[4.278209,39.956295],[4.278179,39.956293],[4.278149,39.956286],[4.278119,39.956281],[4.278089,39.956277],[4.278059,39.956271],[4.278031,39.95626],[4.278009,39.956245],[4.277982,39.956232],[4.27796,39.956231],[4.277935,39.956238],[4.277909,39.956252],[4.277886,39.956267],[4.277862,39.956271],[4.277832,39.956271],[4.277802,39.956268],[4.277778,39.956258],[4.277763,39.956242],[4.277761,39.956227],[4.277764,39.956203],[4.277761,39.95618],[4.277749,39.956173],[4.27773,39.956172],[4.277711,39.956178],[4.277688,39.956193],[4.277679,39.95621],[4.277679,39.956228],[4.277689,39.95625],[4.277707,39.956269],[4.277725,39.956288],[4.27772,39.956295],[4.277719,39.956296],[4.277707,39.956295],[4.277702,39.956294],[4.277679,39.956289],[4.277651,39.956283],[4.277622,39.956277],[4.277591,39.956271],[4.277561,39.956266],[4.277532,39.956257],[4.277504,39.956246],[4.277476,39.956237],[4.277449,39.956225],[4.277426,39.95621],[4.277407,39.956192],[4.277386,39.956175],[4.277364,39.956158],[4.277345,39.956141],[4.277322,39.956126],[4.277296,39.956114],[4.277269,39.956105],[4.277251,39.956091],[4.277257,39.956084],[4.277281,39.956069],[4.277286,39.956056],[4.27728,39.956046],[4.277263,39.956038],[4.27724,39.956037],[4.277211,39.956039],[4.277191,39.956049],[4.277175,39.956065],[4.277173,39.956079],[4.277178,39.956102],[4.277183,39.956124],[4.277181,39.956147],[4.27717,39.956154],[4.277158,39.956151],[4.277149,39.95614],[4.27715,39.956126],[4.27715,39.956103],[4.277139,39.956092],[4.277125,39.956091],[4.277112,39.9561],[4.277104,39.956114],[4.277086,39.956129],[4.277064,39.956139],[4.27706,39.956141],[4.277059,39.956151],[4.27705,39.956172],[4.277041,39.956168],[4.277033,39.956154],[4.277026,39.956131],[4.277026,39.956122],[4.277026,39.956108],[4.277018,39.956085],[4.277004,39.956065],[4.276992,39.956043],[4.276979,39.956022],[4.276959,39.956005],[4.276934,39.95599],[4.276906,39.955982],[4.276888,39.955985],[4.276859,39.955994],[4.276828,39.955998],[4.276804,39.95601],[4.2768,39.956021],[4.276805,39.956037],[4.27682,39.956057],[4.276834,39.956078],[4.276843,39.9561],[4.276857,39.956122],[4.276872,39.956143],[4.276889,39.956162],[4.276895,39.956172],[4.276901,39.956183],[4.276908,39.956205],[4.276903,39.956226],[4.27689,39.956236],[4.276887,39.956238],[4.276865,39.956248],[4.276837,39.956257],[4.276809,39.956264],[4.276779,39.95627],[4.276751,39.956276],[4.276723,39.956274],[4.276694,39.956269],[4.276667,39.956261],[4.27664,39.956251],[4.276627,39.956237],[4.276612,39.956218],[4.276592,39.956207],[4.276572,39.956207],[4.276547,39.956214],[4.27652,39.956223],[4.27651,39.956235],[4.276496,39.956256],[4.276481,39.956276],[4.276466,39.956295],[4.276455,39.956316],[4.276455,39.956338],[4.276465,39.956352],[4.27646,39.956364],[4.276447,39.956373],[4.276427,39.956377],[4.276394,39.956376],[4.276364,39.956373],[4.276335,39.956369],[4.276306,39.956364],[4.276275,39.956359],[4.276247,39.956353],[4.276216,39.956346],[4.276186,39.956341],[4.276155,39.956336],[4.276126,39.956333],[4.276094,39.956332],[4.276062,39.95633],[4.276031,39.95633],[4.276,39.956331],[4.27597,39.956332],[4.275941,39.956339],[4.275915,39.95635],[4.275889,39.956362],[4.275863,39.956373],[4.275837,39.956385],[4.275837,39.956385],[4.275834,39.956385],[4.275808,39.956389],[4.275777,39.956391],[4.275745,39.956393],[4.275715,39.956396],[4.275685,39.956399],[4.275655,39.956401],[4.275626,39.956406],[4.275598,39.956413],[4.275569,39.956418],[4.275538,39.956423],[4.275508,39.956427],[4.275478,39.956431],[4.275447,39.956432],[4.275416,39.956431],[4.275387,39.956431],[4.275357,39.956428],[4.275328,39.956423],[4.275301,39.956413],[4.275273,39.956406],[4.275245,39.956398],[4.275216,39.956389],[4.275189,39.956377],[4.275164,39.956363],[4.27514,39.95635],[4.275117,39.956334],[4.275095,39.956318],[4.275071,39.956304],[4.275043,39.956292],[4.275019,39.956278],[4.274995,39.956265],[4.274969,39.956255],[4.274957,39.95626],[4.274947,39.956273],[4.274935,39.956295],[4.274923,39.956316],[4.274908,39.956321],[4.274894,39.956316],[4.274882,39.956302],[4.274868,39.956282],[4.274848,39.956272],[4.274828,39.956272],[4.274798,39.956275],[4.274773,39.956286],[4.274763,39.956299],[4.274765,39.956312],[4.274776,39.95632],[4.274804,39.95633],[4.274834,39.95634],[4.274859,39.956351],[4.274885,39.956364],[4.274907,39.95638],[4.274906,39.95639],[4.274893,39.956412],[4.274872,39.95643],[4.274853,39.956434],[4.274822,39.956431],[4.274792,39.956427],[4.274764,39.95642],[4.274737,39.956411],[4.274707,39.956403],[4.274678,39.956399],[4.274648,39.956397],[4.274617,39.9564],[4.274588,39.956404],[4.274568,39.956414],[4.274561,39.956427],[4.274561,39.95645],[4.274549,39.95647],[4.274535,39.956473],[4.274515,39.956469],[4.274487,39.95646],[4.274465,39.956462],[4.274448,39.956471],[4.274438,39.956487],[4.274425,39.956509],[4.274409,39.956516],[4.274378,39.956521],[4.274348,39.956522],[4.274318,39.956521],[4.274288,39.95652],[4.274256,39.956519],[4.274227,39.956515],[4.274208,39.956505],[4.274187,39.956488],[4.274161,39.956478],[4.274132,39.95647],[4.274102,39.956471],[4.274079,39.956479],[4.274064,39.956494],[4.274064,39.956507],[4.274074,39.956528],[4.274068,39.956541],[4.274055,39.956546],[4.274025,39.956551],[4.274004,39.956563],[4.273988,39.956582],[4.273972,39.956601],[4.273953,39.956609],[4.273922,39.956614],[4.273892,39.956615],[4.273861,39.956614],[4.273831,39.956612],[4.273801,39.95661],[4.273771,39.956612],[4.27374,39.956615],[4.27371,39.956612],[4.273679,39.95661],[4.273647,39.956608],[4.273614,39.956606],[4.273584,39.956605],[4.273553,39.956608],[4.273526,39.956618],[4.273498,39.956629],[4.27347,39.956638],[4.27344,39.956644],[4.273408,39.956649],[4.273378,39.956656],[4.273348,39.956663],[4.273318,39.956668],[4.273289,39.956671],[4.273261,39.956677],[4.273231,39.956684],[4.273201,39.95669],[4.27317,39.956695],[4.273139,39.9567],[4.27311,39.956703],[4.273078,39.956704],[4.273047,39.956706],[4.273017,39.956707],[4.272987,39.956706],[4.272956,39.956707],[4.272927,39.956708],[4.272897,39.956711],[4.272868,39.956717],[4.272839,39.956725],[4.272813,39.956736],[4.272788,39.956749],[4.272771,39.956767],[4.272763,39.956788],[4.272759,39.956811],[4.272765,39.956834],[4.272774,39.956856],[4.272785,39.956878],[4.272798,39.9569],[4.272809,39.956921],[4.272824,39.956942],[4.272836,39.956964],[4.272847,39.956987],[4.272857,39.957003],[4.27286,39.957008],[4.272862,39.957013],[4.27287,39.957031],[4.27288,39.957053],[4.272889,39.957074],[4.272897,39.957097],[4.272905,39.957119],[4.272919,39.95714],[4.272937,39.957158],[4.272952,39.957177],[4.27296,39.9572],[4.272967,39.957223],[4.272975,39.957244],[4.272989,39.957265],[4.273008,39.957284],[4.273028,39.957302],[4.273052,39.95731],[4.273082,39.957315],[4.273113,39.957317],[4.273143,39.957317],[4.273174,39.957317],[4.273204,39.957311],[4.27323,39.957299],[4.273231,39.957299],[4.27326,39.95729],[4.273277,39.957294],[4.273307,39.957302],[4.273336,39.957311],[4.273366,39.957319],[4.273395,39.957328],[4.273424,39.957336],[4.273452,39.957344],[4.27348,39.957354],[4.273507,39.957365],[4.273509,39.957366],[4.273536,39.957374],[4.273555,39.95738],[4.273566,39.957383],[4.273597,39.95739],[4.273627,39.9574],[4.273657,39.957408],[4.273685,39.957416],[4.273714,39.957425],[4.273744,39.957436],[4.27375,39.957438],[4.273772,39.957447],[4.2738,39.957458],[4.273829,39.957467],[4.273858,39.957473],[4.273887,39.957478],[4.273917,39.957482],[4.273949,39.957485],[4.273975,39.957486],[4.27398,39.957486],[4.27401,39.957487],[4.274043,39.957487],[4.274076,39.957488],[4.274108,39.95749],[4.27414,39.957492],[4.274171,39.957494],[4.274201,39.957495],[4.274231,39.957495],[4.274261,39.957497],[4.274291,39.957499],[4.27432,39.957503],[4.274351,39.957507],[4.274382,39.95751],[4.274401,39.957508],[4.274411,39.957508],[4.27444,39.957499],[4.274449,39.957488],[4.274459,39.957467],[4.274466,39.957451],[4.274468,39.957445],[4.274471,39.957443],[4.274483,39.957444],[4.274501,39.957445],[4.274529,39.957452],[4.274556,39.957462],[4.274581,39.957474],[4.274605,39.957489],[4.274625,39.957505],[4.274642,39.957525],[4.27465,39.957547],[4.274654,39.957569],[4.274668,39.957591],[4.274687,39.95761],[4.274706,39.957629],[4.274724,39.957649],[4.274741,39.95767],[4.274754,39.957692],[4.274764,39.957714],[4.274771,39.957736],[4.274776,39.95776],[4.274779,39.957783],[4.274783,39.957808],[4.274786,39.957831],[4.274787,39.957855],[4.274784,39.957877],[4.274781,39.957901],[4.274779,39.957925],[4.274778,39.957949],[4.27478,39.957972],[4.274784,39.957996],[4.274789,39.95802],[4.274792,39.958044],[4.274793,39.958068],[4.274792,39.958091],[4.274787,39.958115],[4.274779,39.958138],[4.27477,39.958162],[4.274763,39.958186],[4.274757,39.95821],[4.274752,39.958234],[4.274743,39.958257],[4.274729,39.958278],[4.274713,39.958298],[4.274695,39.958317],[4.274674,39.958334],[4.274655,39.958352],[4.274637,39.958368],[4.274618,39.958382],[4.274596,39.958398],[4.27458,39.958418],[4.274579,39.958435],[4.274567,39.958444],[4.274553,39.958444],[4.274525,39.958436],[4.274505,39.958423],[4.2745,39.958408],[4.274496,39.958385],[4.274484,39.958375],[4.274466,39.95837],[4.274452,39.958358],[4.274456,39.958349],[4.274454,39.958334],[4.274453,39.95833],[4.274442,39.958324],[4.274413,39.958315],[4.274385,39.958309],[4.274355,39.958303],[4.274326,39.958296],[4.274297,39.958292],[4.274283,39.958298],[4.274271,39.958311],[4.274259,39.958333],[4.274258,39.958334],[4.274246,39.958354],[4.274235,39.958375],[4.274216,39.958393],[4.274192,39.958408],[4.274166,39.95842],[4.274145,39.958437],[4.274121,39.95845],[4.274091,39.958457],[4.274061,39.958458],[4.274044,39.958466],[4.274019,39.958479],[4.273992,39.958487],[4.273962,39.958493],[4.273931,39.958493],[4.273906,39.958485],[4.273912,39.958478],[4.273932,39.95847],[4.273958,39.958459],[4.273964,39.958446],[4.273958,39.958438],[4.273936,39.958426],[4.273915,39.958425],[4.273887,39.95843],[4.273861,39.958441],[4.273836,39.958454],[4.273832,39.958465],[4.273835,39.958484],[4.273837,39.958508],[4.273829,39.958527],[4.273815,39.958548],[4.273796,39.958565],[4.273781,39.958568],[4.273749,39.958565],[4.273719,39.958561],[4.273689,39.958556],[4.27366,39.958551],[4.273631,39.958553],[4.273626,39.958562],[4.27363,39.958575],[4.273645,39.958595],[4.273654,39.958616],[4.273649,39.958629],[4.273634,39.958649],[4.273619,39.958669],[4.273597,39.958686],[4.27357,39.958697],[4.273541,39.958705],[4.273513,39.958718],[4.273489,39.958731],[4.273469,39.958749],[4.273466,39.958764],[4.273451,39.958784],[4.273433,39.958792],[4.273407,39.958805],[4.2734,39.958818],[4.273404,39.958833],[4.273411,39.958855],[4.273415,39.958877],[4.27342,39.9589],[4.273428,39.958922],[4.273431,39.958945],[4.27344,39.958968],[4.273453,39.958988],[4.273459,39.959011],[4.273451,39.959016],[4.273432,39.959017],[4.273402,39.959018],[4.273396,39.959026],[4.273402,39.959036],[4.273421,39.959048],[4.273445,39.95906],[4.273467,39.959071],[4.27347,39.959072],[4.273486,39.959088],[4.273483,39.959099],[4.273474,39.959117],[4.273472,39.95912],[4.273459,39.959142],[4.273456,39.959166],[4.273466,39.959179],[4.273485,39.959198],[4.273505,39.959217],[4.273508,39.959223],[4.273518,39.959239],[4.273518,39.959243],[4.273517,39.959256],[4.273506,39.959272],[4.273505,39.959291],[4.273515,39.959298],[4.27354,39.95931],[4.273562,39.959326],[4.27357,39.959338],[4.273575,39.959347],[4.273577,39.959351],[4.273584,39.959369],[4.27359,39.959375],[4.273602,39.959388],[4.27362,39.959408],[4.273633,39.959428],[4.273642,39.95945],[4.273635,39.959461],[4.273628,39.959463],[4.273621,39.959466],[4.273591,39.95947],[4.273562,39.959478],[4.273551,39.95949],[4.273553,39.959501],[4.273566,39.959513],[4.273572,39.959533],[4.273562,39.959533],[4.273532,39.95953],[4.273508,39.959536],[4.273512,39.959544],[4.273532,39.959558],[4.27356,39.959568],[4.273588,39.959578],[4.273611,39.959593],[4.273613,39.959605],[4.273604,39.959616],[4.273581,39.959629],[4.273553,39.959638],[4.27354,39.959651],[4.273547,39.959659],[4.273569,39.959675],[4.273597,39.959686],[4.273626,39.959694],[4.273631,39.959696],[4.273656,39.959703],[4.273684,39.959712],[4.27371,39.959723],[4.27373,39.95974],[4.27374,39.95975],[4.273749,39.959758],[4.273767,39.959777],[4.273782,39.959796],[4.273781,39.95981],[4.273769,39.959822],[4.273751,39.959842],[4.273753,39.959854],[4.273766,39.959871],[4.273785,39.959889],[4.273805,39.959906],[4.273825,39.959923],[4.273849,39.95994],[4.273873,39.959956],[4.273902,39.959966],[4.273932,39.95997],[4.273949,39.959971],[4.273962,39.959972],[4.273992,39.959974],[4.27402,39.959983],[4.274029,39.959995],[4.274036,39.960013],[4.274037,39.960017],[4.274046,39.960039],[4.27406,39.960059],[4.274082,39.960077],[4.274104,39.960093],[4.274126,39.960109],[4.274146,39.960126],[4.27416,39.960146],[4.274171,39.960168],[4.274183,39.96019],[4.274195,39.960212],[4.274198,39.960234],[4.27419,39.960253],[4.274181,39.960274],[4.274174,39.960297],[4.274174,39.96032],[4.274173,39.960343],[4.274175,39.960366],[4.274178,39.960389],[4.274183,39.960411],[4.274198,39.960432],[4.274221,39.960448],[4.274248,39.960458],[4.274275,39.960469],[4.274299,39.960482],[4.274322,39.960497],[4.274346,39.960513],[4.274367,39.96053],[4.274387,39.960548],[4.274407,39.960567],[4.274426,39.960587],[4.274445,39.960606],[4.274464,39.960624],[4.274485,39.960641],[4.274506,39.960659],[4.274525,39.960677],[4.274546,39.960695],[4.274567,39.960712],[4.274591,39.960729],[4.274612,39.960747],[4.274632,39.960764],[4.274653,39.960782],[4.274672,39.9608],[4.274692,39.960817],[4.27471,39.960836],[4.274731,39.960852],[4.274757,39.960864],[4.274787,39.960867],[4.274818,39.960865],[4.274836,39.960865],[4.274847,39.960865],[4.274872,39.960872],[4.274889,39.960887],[4.2749,39.960909],[4.274905,39.960922],[4.274909,39.960932],[4.274914,39.960955],[4.274919,39.960978],[4.274919,39.961001],[4.274916,39.961023],[4.274904,39.961045],[4.274895,39.961067],[4.274888,39.961089],[4.274875,39.961111],[4.274862,39.961133],[4.27485,39.961153],[4.274845,39.961175],[4.27485,39.961196],[4.274865,39.961217],[4.274869,39.96124],[4.274859,39.961246],[4.274843,39.961265],[4.274845,39.961278],[4.27485,39.961302],[4.274843,39.961322],[4.274831,39.961343],[4.274815,39.961363],[4.274797,39.961382],[4.274789,39.961404],[4.274786,39.961427],[4.274787,39.961449],[4.274784,39.961473],[4.274777,39.961497],[4.274765,39.961519],[4.274745,39.961537],[4.274727,39.961556],[4.274718,39.961578],[4.274721,39.9616],[4.274728,39.961622],[4.274741,39.961644],[4.274757,39.961664],[4.274775,39.961683],[4.274796,39.9617],[4.274816,39.961717],[4.274831,39.961738],[4.274843,39.961758],[4.274855,39.96178],[4.274869,39.961802],[4.274885,39.961822],[4.274907,39.961839],[4.27493,39.961853],[4.274939,39.961855],[4.274957,39.96186],[4.274982,39.961876],[4.27499,39.961892],[4.274987,39.961908],[4.27498,39.96193],[4.27497,39.961952],[4.274955,39.961972],[4.274953,39.961974],[4.274938,39.96199],[4.274918,39.962008],[4.274895,39.962024],[4.274871,39.962037],[4.274846,39.962051],[4.274818,39.962059],[4.274791,39.962067],[4.274764,39.962078],[4.274735,39.962088],[4.274707,39.962096],[4.274678,39.962101],[4.274645,39.962105],[4.274617,39.962111],[4.274588,39.96212],[4.274561,39.962128],[4.274533,39.962138],[4.274507,39.96215],[4.274478,39.962157],[4.274451,39.962167],[4.274421,39.962172],[4.274391,39.962179],[4.274363,39.962186],[4.274331,39.962187],[4.274303,39.962179],[4.27429,39.962167],[4.274266,39.962153],[4.274239,39.96214],[4.274213,39.962127],[4.274186,39.962116],[4.274155,39.962112],[4.274124,39.962114],[4.274111,39.962123],[4.274098,39.962142],[4.274102,39.962156],[4.274116,39.962175],[4.274131,39.962194],[4.27414,39.962216],[4.274143,39.962239],[4.274134,39.962256],[4.274117,39.962274],[4.274107,39.962295],[4.2741,39.962318],[4.274089,39.962339],[4.274077,39.962361],[4.274064,39.962381],[4.274048,39.962401],[4.27403,39.962421],[4.274011,39.96244],[4.273997,39.96246],[4.273995,39.962481],[4.274003,39.962503],[4.274016,39.96251],[4.274032,39.962509],[4.274059,39.9625],[4.274074,39.962486],[4.274087,39.962465],[4.274106,39.962446],[4.274124,39.962442],[4.274147,39.962446],[4.274167,39.962457],[4.274183,39.962475],[4.274196,39.962496],[4.274201,39.962518],[4.274197,39.962562],[4.274203,39.962585],[4.274217,39.962606],[4.274232,39.962626],[4.274248,39.962645],[4.274264,39.962665],[4.27428,39.962684],[4.274299,39.962704],[4.274314,39.962724],[4.27433,39.962746],[4.274342,39.962769],[4.274348,39.962792],[4.274351,39.962817],[4.274349,39.962841],[4.274358,39.96286],[4.274376,39.962879],[4.274398,39.962898],[4.274423,39.962912],[4.274449,39.962924],[4.274464,39.96293],[4.274477,39.962937],[4.274503,39.96295],[4.274527,39.962966],[4.274543,39.962986],[4.274554,39.963007],[4.274564,39.963032],[4.274569,39.963057],[4.274572,39.96308],[4.274573,39.963082],[4.27458,39.963104],[4.274591,39.963125],[4.27461,39.963141],[4.274622,39.963147],[4.274634,39.963155],[4.274654,39.963172],[4.274673,39.96319],[4.274689,39.96321],[4.274691,39.963226],[4.27468,39.963236],[4.274664,39.963238],[4.274655,39.963235],[4.274647,39.963232],[4.274629,39.963218],[4.274611,39.9632],[4.274589,39.963191],[4.274564,39.96319],[4.274551,39.963197],[4.274547,39.963209],[4.274555,39.963222],[4.274576,39.963237],[4.274586,39.963256],[4.274584,39.963273],[4.274587,39.963296],[4.274598,39.963305],[4.274625,39.963316],[4.274655,39.963325],[4.274686,39.963332],[4.274687,39.963333],[4.274716,39.963341],[4.274746,39.96335],[4.274775,39.963359],[4.274803,39.963369],[4.274831,39.963377],[4.274859,39.963382],[4.27486,39.963398],[4.27486,39.963399],[4.274861,39.963407],[4.274859,39.96343],[4.274853,39.963454],[4.274844,39.963471],[4.274841,39.963477],[4.274828,39.963498],[4.274826,39.963501],[4.274814,39.96352],[4.2748,39.96354],[4.274783,39.96356],[4.274764,39.96358],[4.274746,39.963599],[4.274728,39.963621],[4.274712,39.963643],[4.274694,39.963663],[4.274678,39.963682],[4.27466,39.963704],[4.274643,39.963722],[4.274623,39.963742],[4.274601,39.96376],[4.274577,39.963778],[4.274555,39.963794],[4.27453,39.96381],[4.274505,39.963824],[4.27448,39.96384],[4.274454,39.963854],[4.274429,39.963867],[4.274401,39.963877],[4.274374,39.963887],[4.274346,39.963897],[4.274311,39.963898],[4.274281,39.963891],[4.274251,39.963889],[4.274242,39.963889],[4.274219,39.963891],[4.274191,39.963898],[4.274163,39.963907],[4.274141,39.963906],[4.274113,39.963897],[4.274081,39.963891],[4.27405,39.963886],[4.274021,39.96388],[4.27399,39.963874],[4.273961,39.963867],[4.273932,39.963859],[4.273905,39.963851],[4.273875,39.963847],[4.273844,39.963843],[4.273813,39.963838],[4.273784,39.963831],[4.273754,39.963824],[4.273727,39.963815],[4.273699,39.963805],[4.273669,39.963795],[4.27364,39.963783],[4.273615,39.963769],[4.273589,39.963754],[4.273564,39.96374],[4.273539,39.963726],[4.273514,39.963712],[4.273493,39.963711],[4.27348,39.96372],[4.273474,39.963735],[4.273479,39.96375],[4.273494,39.963768],[4.273512,39.963786],[4.273528,39.963807],[4.273525,39.963819],[4.273514,39.96384],[4.273513,39.963863],[4.273522,39.963885],[4.273526,39.963908],[4.273526,39.963932],[4.273532,39.963954],[4.273547,39.963967],[4.273571,39.963981],[4.273591,39.964],[4.273593,39.964002],[4.273608,39.964019],[4.27361,39.964032],[4.273612,39.964038],[4.27362,39.96406],[4.273633,39.964081],[4.273655,39.964096],[4.273681,39.964107],[4.273682,39.964108],[4.273708,39.96412],[4.273732,39.964136],[4.273753,39.964153],[4.273773,39.964171],[4.273791,39.964191],[4.273801,39.964204],[4.273806,39.96421],[4.273822,39.96423],[4.273841,39.964251],[4.273861,39.964268],[4.273879,39.964287],[4.273889,39.964309],[4.273896,39.964333],[4.273903,39.964357],[4.273911,39.964382],[4.27392,39.964404],[4.273929,39.964427],[4.273933,39.96445],[4.273933,39.964473],[4.273934,39.964497],[4.273937,39.96452],[4.273927,39.96453],[4.273907,39.964538],[4.273878,39.96454],[4.273869,39.964549],[4.273845,39.964562],[4.273826,39.964562],[4.273797,39.964559],[4.273767,39.964557],[4.273737,39.964558],[4.273708,39.964565],[4.273703,39.964574],[4.273706,39.964591],[4.273717,39.964612],[4.273733,39.964631],[4.273752,39.964651],[4.273772,39.964669],[4.273792,39.964687],[4.273812,39.964706],[4.273835,39.964724],[4.273859,39.96474],[4.273883,39.964757],[4.273905,39.964774],[4.27393,39.964792],[4.273954,39.964807],[4.273982,39.96482],[4.274008,39.964834],[4.274036,39.964849],[4.274065,39.964862],[4.274094,39.964872],[4.274095,39.964873],[4.274124,39.964884],[4.274148,39.964896],[4.274176,39.96491],[4.274204,39.964924],[4.27423,39.964935],[4.274257,39.964946],[4.274287,39.964958],[4.274316,39.964972],[4.27434,39.964985],[4.274342,39.964986],[4.274366,39.965],[4.274392,39.965014],[4.274415,39.965029],[4.27444,39.965044],[4.274467,39.965059],[4.274497,39.965071],[4.274524,39.965081],[4.274551,39.965093],[4.274575,39.965107],[4.274589,39.965126],[4.274614,39.965142],[4.274641,39.965149],[4.274671,39.965156],[4.2747,39.965164],[4.274727,39.965174],[4.274749,39.965192],[4.274748,39.965205],[4.274743,39.965228],[4.274752,39.965241],[4.274777,39.965258],[4.274801,39.965273],[4.274826,39.965289],[4.27485,39.965304],[4.274878,39.965314],[4.274908,39.965324],[4.274935,39.965336],[4.274959,39.965349],[4.274983,39.965365],[4.275003,39.965381],[4.275023,39.9654],[4.275043,39.965421],[4.275064,39.96544],[4.275085,39.965457],[4.275099,39.965478],[4.275098,39.965492],[4.275087,39.965512],[4.275072,39.965519],[4.275044,39.965526],[4.275016,39.965535],[4.274998,39.965548],[4.274997,39.96556],[4.274995,39.965583],[4.275005,39.965598],[4.275023,39.965606],[4.275053,39.965614],[4.275083,39.965618],[4.275116,39.96562],[4.275149,39.96562],[4.275179,39.965622],[4.275209,39.965625],[4.27524,39.965628],[4.275269,39.965634],[4.275299,39.965642],[4.27533,39.965647],[4.275361,39.96565],[4.275392,39.965653],[4.275423,39.965654],[4.275454,39.965656],[4.275484,39.965663],[4.275509,39.965678],[4.275523,39.965695],[4.275533,39.965717],[4.275547,39.965739],[4.27556,39.965762],[4.275571,39.965785],[4.275589,39.965805],[4.275611,39.96582],[4.275634,39.965824],[4.275657,39.96582],[4.275686,39.965815],[4.275716,39.965813],[4.275747,39.965815],[4.275776,39.965823],[4.275802,39.965838],[4.275822,39.965854],[4.275845,39.965868],[4.275866,39.965887],[4.275877,39.96591],[4.275884,39.965934],[4.275884,39.965959],[4.275876,39.965981],[4.275868,39.966006],[4.275864,39.96603],[4.275866,39.966055],[4.275871,39.96608],[4.27588,39.966103],[4.275896,39.966124],[4.275916,39.966141],[4.275939,39.966156],[4.275966,39.966164],[4.275995,39.966172],[4.276025,39.966182],[4.276055,39.96619],[4.276085,39.966195],[4.276116,39.9662],[4.276148,39.966203],[4.27618,39.966205],[4.276206,39.966215],[4.27621,39.966228],[4.276205,39.966242],[4.276187,39.966258],[4.276178,39.966279],[4.276182,39.966294],[4.27619,39.966316],[4.276191,39.966339],[4.276181,39.966354],[4.276162,39.966364],[4.27614,39.966365],[4.276109,39.966363],[4.27608,39.966369],[4.276073,39.966379],[4.276072,39.966398],[4.276081,39.96642],[4.276096,39.966431],[4.276122,39.966444],[4.276147,39.966446],[4.276167,39.966439],[4.276191,39.966426],[4.276214,39.966411],[4.27624,39.966398],[4.276258,39.966399],[4.276284,39.966409],[4.276311,39.966424],[4.276339,39.96644],[4.276362,39.966454],[4.276386,39.96647],[4.276408,39.966486],[4.276428,39.966503],[4.27645,39.966519],[4.276473,39.966535],[4.276499,39.966549],[4.276528,39.966556],[4.276559,39.966559],[4.276588,39.966555],[4.276597,39.966545],[4.276593,39.966534],[4.276579,39.966523],[4.276553,39.966509],[4.276527,39.966496],[4.276499,39.966481],[4.276475,39.966468],[4.276454,39.966452],[4.276445,39.966434],[4.276451,39.966421],[4.276468,39.966401],[4.276482,39.96638],[4.276501,39.966368],[4.276522,39.966367],[4.276551,39.966373],[4.276579,39.966382],[4.276608,39.966388],[4.276636,39.966394],[4.276665,39.966401],[4.276695,39.966405],[4.276718,39.966409],[4.276726,39.96641],[4.276753,39.96642],[4.276774,39.966437],[4.276779,39.966442],[4.276792,39.966456],[4.276814,39.966474],[4.276838,39.966489],[4.276861,39.966503],[4.276888,39.966516],[4.276918,39.966526],[4.276946,39.966532],[4.276964,39.966533],[4.27698,39.966535],[4.27701,39.966538],[4.277039,39.966543],[4.277067,39.966557],[4.277081,39.966573],[4.277093,39.966594],[4.277093,39.966601],[4.277095,39.966617],[4.277095,39.966642],[4.277103,39.966664],[4.277119,39.966676],[4.277145,39.966687],[4.277172,39.966698],[4.277202,39.966704],[4.277231,39.966709],[4.277262,39.966714],[4.277291,39.966721],[4.277323,39.966726],[4.277352,39.96673],[4.277381,39.966735],[4.277412,39.966741],[4.277444,39.966748],[4.277475,39.966753],[4.277509,39.966756],[4.277542,39.966758],[4.277574,39.966758],[4.277603,39.966754],[4.277632,39.966746],[4.277662,39.966744],[4.277691,39.966747],[4.277714,39.966757],[4.277722,39.96677],[4.277728,39.966793],[4.277744,39.966813],[4.277766,39.966826],[4.277794,39.966834],[4.277825,39.966838],[4.277856,39.966838],[4.277885,39.966835],[4.277914,39.966828],[4.277936,39.966814],[4.277957,39.966798],[4.277986,39.966786],[4.278016,39.966775],[4.278045,39.966765],[4.278072,39.966751],[4.278096,39.966738],[4.278119,39.966723],[4.278128,39.966703],[4.278129,39.966681],[4.278124,39.966657],[4.278123,39.966634],[4.278128,39.966611],[4.278141,39.966603],[4.278169,39.966597],[4.278201,39.966592],[4.278231,39.966588],[4.27826,39.966578],[4.278277,39.966562],[4.27828,39.966545],[4.278274,39.966527],[4.278258,39.966508],[4.278234,39.966491],[4.278209,39.966475],[4.27818,39.966463],[4.278149,39.966454],[4.278117,39.966445],[4.278086,39.966436],[4.278059,39.966429],[4.27803,39.966425],[4.277996,39.966427],[4.277965,39.966433],[4.277933,39.966434],[4.277907,39.966426],[4.277882,39.966411],[4.277866,39.966392],[4.277854,39.966369],[4.277841,39.966348],[4.277824,39.966328],[4.277806,39.966308],[4.277786,39.966291],[4.277779,39.966271],[4.277772,39.966246],[4.277764,39.966223],[4.277757,39.966201],[4.277752,39.966178],[4.277752,39.966154],[4.277752,39.966131],[4.277762,39.966122],[4.277783,39.966105],[4.277789,39.966087],[4.277784,39.966067],[4.277776,39.966043],[4.277768,39.966021],[4.27776,39.965997],[4.277754,39.965974],[4.277749,39.96595],[4.277744,39.965926],[4.27774,39.965903],[4.277735,39.965878],[4.277729,39.965855],[4.27772,39.965833],[4.277709,39.96581],[4.277694,39.965787],[4.277675,39.965767],[4.277652,39.965751],[4.277625,39.965737],[4.277598,39.965726],[4.277574,39.965709],[4.277566,39.965693],[4.277569,39.965674],[4.277582,39.965657],[4.277602,39.965648],[4.277634,39.965641],[4.277658,39.965628],[4.277657,39.965617],[4.277642,39.965598],[4.277618,39.965582],[4.277596,39.965564],[4.277587,39.965544],[4.277592,39.96553],[4.277609,39.965519],[4.27763,39.965516],[4.277663,39.965521],[4.277692,39.965529],[4.277724,39.965537],[4.277753,39.965545],[4.277773,39.965541],[4.2778,39.965529],[4.277801,39.965519],[4.277791,39.965513],[4.27776,39.965503],[4.277727,39.965496],[4.277696,39.965488],[4.277666,39.96548],[4.277637,39.965469],[4.277608,39.965456],[4.277583,39.965443],[4.277559,39.965427],[4.277542,39.965407],[4.277539,39.96539],[4.277545,39.965365],[4.277555,39.965344],[4.277562,39.965322],[4.277578,39.965302],[4.277598,39.965293],[4.277628,39.965289],[4.277655,39.965278],[4.277666,39.965264],[4.277678,39.965242],[4.277689,39.965219],[4.277705,39.965207],[4.277724,39.965205],[4.277755,39.965206],[4.277784,39.965201],[4.277804,39.965191],[4.277808,39.965179],[4.277801,39.965169],[4.277781,39.965157],[4.277752,39.965149],[4.277723,39.965144],[4.277692,39.965138],[4.27766,39.965129],[4.277633,39.965118],[4.277608,39.965102],[4.277588,39.965084],[4.277569,39.965063],[4.277558,39.965042],[4.277558,39.965021],[4.277547,39.965002],[4.277529,39.964991],[4.277502,39.96498],[4.277475,39.964969],[4.277449,39.964954],[4.277427,39.964937],[4.277407,39.964916],[4.277394,39.964895],[4.277387,39.964873],[4.277381,39.964848],[4.277382,39.964822],[4.277389,39.964798],[4.2774,39.964774],[4.277412,39.964751],[4.277424,39.96473],[4.277439,39.964708],[4.277455,39.964688],[4.277471,39.96467],[4.277474,39.964667],[4.27749,39.964646],[4.277509,39.964628],[4.277535,39.964618],[4.277558,39.964617],[4.27759,39.964615],[4.277616,39.964605],[4.277639,39.964591],[4.277664,39.964578],[4.277692,39.964574],[4.277715,39.964576],[4.277724,39.964577],[4.277755,39.964577],[4.277781,39.964569],[4.277794,39.964556],[4.277802,39.964547],[4.277812,39.964537],[4.277835,39.964522],[4.277864,39.964511],[4.277897,39.964507],[4.277926,39.96451],[4.277955,39.964517],[4.277981,39.964522],[4.277986,39.964523],[4.278018,39.964529],[4.278047,39.964532],[4.278081,39.964531],[4.278112,39.964529],[4.278143,39.964526],[4.278177,39.964523],[4.278207,39.964517],[4.278234,39.964506],[4.278258,39.964491],[4.278259,39.96449],[4.278274,39.964471],[4.278285,39.96445],[4.2783,39.964427],[4.278319,39.964406],[4.278339,39.964389],[4.278363,39.964374],[4.278389,39.96437],[4.278409,39.964376],[4.27843,39.96439],[4.278447,39.964396],[4.278459,39.9644],[4.278473,39.964397],[4.278495,39.964382],[4.278507,39.964363],[4.278506,39.964344],[4.278506,39.964339],[4.278506,39.96432],[4.278515,39.964299],[4.278532,39.964276],[4.278536,39.964271],[4.278552,39.964257],[4.278573,39.96424],[4.278599,39.964226],[4.278629,39.964216],[4.27866,39.964208],[4.27869,39.964201],[4.27872,39.964193],[4.278745,39.964185],[4.27875,39.964184],[4.278779,39.964174],[4.278809,39.96417],[4.278831,39.964174],[4.278843,39.964185],[4.278856,39.964207],[4.278865,39.964229],[4.278881,39.964241],[4.278905,39.964246],[4.278938,39.964252],[4.278967,39.964258],[4.278999,39.964263],[4.279031,39.964264],[4.279063,39.964264],[4.279093,39.964258],[4.27911,39.964245],[4.279129,39.964225],[4.279132,39.964208],[4.279124,39.964191],[4.279107,39.964172],[4.27909,39.964153],[4.279083,39.964132],[4.279089,39.964117],[4.279102,39.964096],[4.279116,39.964076],[4.279138,39.964058],[4.27916,39.964051],[4.279186,39.964053],[4.279217,39.96406],[4.279247,39.96406],[4.279261,39.964051],[4.279275,39.964032],[4.279283,39.96401],[4.279284,39.963986],[4.27928,39.963961],[4.279275,39.963938],[4.279266,39.963913],[4.279253,39.963893],[4.279237,39.96387],[4.279231,39.963857],[4.279226,39.963848],[4.27922,39.963824],[4.27922,39.9638],[4.279226,39.963776],[4.279236,39.963753],[4.279242,39.963729],[4.279244,39.963708],[4.279244,39.963706],[4.279244,39.963682],[4.27924,39.96366],[4.279234,39.963636],[4.279229,39.963612],[4.279225,39.963588],[4.279222,39.963563],[4.279219,39.963538],[4.279213,39.963515],[4.279204,39.963492],[4.279193,39.963471],[4.279179,39.963449],[4.279165,39.963427],[4.279149,39.963407],[4.279129,39.96339],[4.279104,39.963378],[4.279074,39.963368],[4.279048,39.963358],[4.279019,39.963347],[4.278993,39.963336],[4.278964,39.963326],[4.278946,39.96332],[4.278936,39.963316],[4.278908,39.96331],[4.27888,39.963302],[4.278856,39.963286],[4.278852,39.963272],[4.278862,39.963261],[4.278882,39.963254],[4.278913,39.963249],[4.278944,39.963248],[4.278951,39.963248],[4.278978,39.963247],[4.279007,39.963244],[4.279036,39.963234],[4.279046,39.963221],[4.279046,39.963202],[4.279035,39.96318],[4.279019,39.963158],[4.279004,39.963139],[4.27899,39.963117],[4.278979,39.963095],[4.278967,39.96307],[4.278957,39.963046],[4.278952,39.963022],[4.278949,39.962998],[4.278948,39.962975],[4.278948,39.96295],[4.278946,39.962927],[4.278944,39.962903],[4.278942,39.96288],[4.278939,39.962853],[4.278934,39.962827],[4.27893,39.962805],[4.278929,39.96278],[4.27893,39.962756],[4.278931,39.962732],[4.278932,39.962709],[4.278937,39.962683],[4.278943,39.962661],[4.27895,39.962638],[4.278959,39.962615],[4.278969,39.962592],[4.278977,39.962569],[4.278986,39.962547],[4.278996,39.962525],[4.279012,39.962503],[4.279029,39.962482],[4.279047,39.962464],[4.279067,39.962447],[4.279089,39.96243],[4.279109,39.962413],[4.279128,39.962392],[4.279138,39.962374],[4.279141,39.962368],[4.279156,39.962346],[4.279176,39.962329],[4.2792,39.962316],[4.279229,39.962304],[4.27926,39.962294],[4.279289,39.962286],[4.279321,39.962279],[4.279352,39.962274],[4.279357,39.962274],[4.279381,39.962274],[4.279411,39.962281],[4.27944,39.962286],[4.279471,39.96229],[4.279505,39.962291],[4.279536,39.96229],[4.279565,39.962281],[4.279575,39.96227],[4.279585,39.962249],[4.279584,39.962229],[4.279577,39.962206],[4.279563,39.962194],[4.279536,39.962181],[4.279512,39.962166],[4.279496,39.962147],[4.279481,39.962124],[4.279471,39.962101],[4.279469,39.962076],[4.279471,39.962053],[4.279475,39.96203],[4.279483,39.962007],[4.27949,39.961982],[4.279491,39.961959],[4.279483,39.961936],[4.279467,39.961924],[4.279439,39.961912],[4.279427,39.961906],[4.279412,39.961899],[4.279392,39.961879],[4.279384,39.961859],[4.279388,39.961839],[4.279401,39.961823],[4.279425,39.961807],[4.27945,39.961794],[4.279462,39.961777],[4.27946,39.96176],[4.279448,39.961737],[4.279428,39.961718],[4.279413,39.961697],[4.279418,39.961685],[4.279434,39.961664],[4.279453,39.961644],[4.27947,39.961624],[4.279485,39.961602],[4.279495,39.96158],[4.279505,39.961558],[4.279518,39.961533],[4.279532,39.96151],[4.279547,39.96149],[4.279563,39.961469],[4.279581,39.961449],[4.279602,39.96143],[4.279626,39.961416],[4.279655,39.961407],[4.279685,39.961409],[4.279715,39.961412],[4.279745,39.961415],[4.279775,39.961419],[4.279779,39.961419],[4.279804,39.961423],[4.27982,39.961417],[4.279822,39.961407],[4.279821,39.961404],[4.279816,39.961389],[4.2798,39.961369],[4.279781,39.96135],[4.279761,39.961332],[4.279756,39.961314],[4.279766,39.961311],[4.279778,39.961317],[4.279796,39.961335],[4.279814,39.961353],[4.279834,39.961371],[4.279857,39.961385],[4.279866,39.961389],[4.279882,39.961397],[4.279901,39.961396],[4.279911,39.961388],[4.279913,39.961377],[4.279915,39.961371],[4.27993,39.961351],[4.279943,39.961351],[4.279973,39.961358],[4.279979,39.961362],[4.279992,39.96137],[4.279983,39.961375],[4.279961,39.96139],[4.279954,39.961405],[4.279959,39.961415],[4.279976,39.961428],[4.279992,39.961428],[4.280005,39.961419],[4.280013,39.961404],[4.280025,39.961382],[4.280039,39.961375],[4.280062,39.961372],[4.280092,39.961375],[4.280121,39.961377],[4.280151,39.961375],[4.280174,39.961366],[4.280186,39.961352],[4.280208,39.961337],[4.280232,39.961331],[4.280261,39.961327],[4.28029,39.961322],[4.28032,39.961322],[4.280346,39.961331],[4.280372,39.961342],[4.280401,39.96135],[4.28043,39.961358],[4.280458,39.961368],[4.280488,39.961373],[4.280512,39.96137],[4.280539,39.961359],[4.280567,39.961351],[4.280594,39.961352],[4.280623,39.961346],[4.280634,39.961335],[4.280649,39.961315],[4.280665,39.961295],[4.280682,39.961275],[4.280706,39.961261],[4.280711,39.96126],[4.280734,39.961253],[4.280752,39.961258],[4.280754,39.961259],[4.280777,39.961271],[4.280801,39.961285],[4.280827,39.961292],[4.280857,39.96129],[4.280887,39.961286],[4.280917,39.961285],[4.280947,39.961287],[4.280975,39.961295],[4.281005,39.961295],[4.281032,39.96129],[4.281035,39.961289],[4.281066,39.96129],[4.281095,39.961298],[4.281122,39.961309],[4.281144,39.961326],[4.281148,39.96134],[4.281146,39.961342],[4.28114,39.961352],[4.281121,39.961364],[4.2811,39.96138],[4.281079,39.961397],[4.281076,39.961412],[4.281083,39.961424],[4.281099,39.96143],[4.281126,39.961432],[4.281154,39.961427],[4.281183,39.961419],[4.281212,39.961412],[4.281228,39.961416],[4.281239,39.961428],[4.281249,39.96145],[4.281252,39.961473],[4.28125,39.961496],[4.28126,39.961509],[4.281272,39.961509],[4.281302,39.961506],[4.28133,39.961499],[4.281359,39.961492],[4.281387,39.96149],[4.281388,39.96149],[4.281413,39.961496],[4.281441,39.961503],[4.281469,39.961511],[4.281498,39.961521],[4.281525,39.961531],[4.281551,39.961542],[4.281577,39.961552],[4.281606,39.961561],[4.281635,39.961569],[4.281664,39.961576],[4.281694,39.961582],[4.281723,39.961588],[4.281752,39.961593],[4.281781,39.961599],[4.281806,39.961611],[4.281802,39.961618],[4.281799,39.961618],[4.281788,39.96162],[4.281759,39.961617],[4.281729,39.961615],[4.281698,39.961614],[4.281666,39.961615],[4.281636,39.961617],[4.281606,39.961621],[4.281575,39.961626],[4.281545,39.96163],[4.281513,39.961634],[4.281482,39.961637],[4.28145,39.961641],[4.281419,39.961646],[4.281389,39.961652],[4.281363,39.961663],[4.281352,39.961677],[4.281357,39.961685],[4.281377,39.961698],[4.281406,39.961706],[4.281437,39.961711],[4.281465,39.961718],[4.281488,39.961731],[4.281507,39.961749],[4.281518,39.961748],[4.281547,39.961739],[4.281573,39.961728],[4.281589,39.961729],[4.281619,39.961732],[4.281628,39.961724],[4.281642,39.961703],[4.281652,39.961681],[4.281668,39.961661],[4.281686,39.961655],[4.281706,39.961656],[4.281732,39.961666],[4.28176,39.961676],[4.28178,39.961675],[4.281796,39.961665],[4.281823,39.961656],[4.281836,39.961661],[4.281862,39.961674],[4.281892,39.961679],[4.281921,39.961677],[4.281947,39.961668],[4.281958,39.961656],[4.281982,39.961642],[4.28201,39.961635],[4.282039,39.961627],[4.282066,39.961616],[4.282093,39.961605],[4.282117,39.961591],[4.282134,39.961572],[4.282147,39.961551],[4.282153,39.961527],[4.282156,39.961504],[4.282156,39.961481],[4.282156,39.961458],[4.282157,39.961434],[4.28215,39.961411],[4.282135,39.961391],[4.28212,39.961369],[4.282104,39.961349],[4.282086,39.961331],[4.28206,39.961318],[4.282032,39.961307],[4.282007,39.961295],[4.28198,39.961283],[4.28197,39.961277],[4.281957,39.961269],[4.281938,39.961251],[4.281922,39.961231],[4.281919,39.961211],[4.281927,39.961201],[4.281947,39.961183],[4.281967,39.961167],[4.281992,39.961155],[4.282017,39.961142],[4.282042,39.961129],[4.282069,39.961117],[4.282097,39.961108],[4.282127,39.961104],[4.282156,39.961098],[4.282187,39.961097],[4.282217,39.961101],[4.282238,39.961112],[4.282248,39.961127],[4.282251,39.961132],[4.28226,39.961149],[4.282277,39.961169],[4.282299,39.961186],[4.282326,39.961196],[4.282354,39.961198],[4.282382,39.961193],[4.2824,39.961181],[4.282405,39.961167],[4.282406,39.961145],[4.282405,39.961142],[4.282405,39.961121],[4.28241,39.961099],[4.282423,39.961085],[4.282447,39.961071],[4.28247,39.961057],[4.282484,39.961046],[4.282492,39.961041],[4.282512,39.961024],[4.282534,39.961019],[4.282563,39.961013],[4.28258,39.961002],[4.282607,39.960993],[4.282637,39.960989],[4.28265,39.960979],[4.282664,39.960958],[4.282683,39.960946],[4.282701,39.960944],[4.282729,39.960936],[4.282746,39.960931],[4.282758,39.960927],[4.282782,39.960914],[4.282806,39.9609],[4.282833,39.96089],[4.282862,39.960882],[4.28289,39.960874],[4.282913,39.96086],[4.282938,39.960847],[4.282966,39.960838],[4.282982,39.960825],[4.282999,39.960806],[4.283022,39.960794],[4.283049,39.960789],[4.283079,39.960789],[4.283097,39.960781],[4.283103,39.96077],[4.283109,39.960747],[4.283125,39.960729],[4.283138,39.960727],[4.283163,39.960732],[4.283177,39.960743],[4.283176,39.960753],[4.283163,39.960759],[4.283141,39.960774],[4.283147,39.96078],[4.283164,39.960785],[4.283193,39.960787],[4.283211,39.96078],[4.283238,39.960769],[4.28325,39.960773],[4.283277,39.960782],[4.283305,39.960792],[4.283316,39.960805],[4.283311,39.960812],[4.2833,39.960813],[4.28327,39.960809],[4.283262,39.960817],[4.283265,39.960826],[4.283279,39.960835],[4.283307,39.960844],[4.283336,39.960852],[4.283345,39.960863],[4.283337,39.960869],[4.283317,39.960872],[4.283287,39.96087],[4.283257,39.960865],[4.283228,39.960857],[4.283201,39.960848],[4.283172,39.960841],[4.28315,39.960843],[4.28314,39.960852],[4.283144,39.960861],[4.283146,39.960863],[4.283164,39.960877],[4.283189,39.960891],[4.283207,39.960906],[4.283209,39.960908],[4.283232,39.960922],[4.283261,39.96093],[4.283291,39.960933],[4.283304,39.960942],[4.283322,39.960961],[4.28334,39.960967],[4.283364,39.960966],[4.283383,39.960957],[4.28341,39.960948],[4.28344,39.960946],[4.283467,39.960938],[4.283485,39.960941],[4.283514,39.96095],[4.283538,39.96096],[4.28354,39.96096],[4.283569,39.960967],[4.2836,39.960967],[4.28362,39.960959],[4.283641,39.960941],[4.283661,39.960924],[4.283673,39.960903],[4.283668,39.960891],[4.283651,39.960875],[4.283651,39.960874],[4.283625,39.960862],[4.283598,39.960857],[4.283569,39.960852],[4.283539,39.960848],[4.283509,39.960844],[4.283503,39.960835],[4.283511,39.960829],[4.283537,39.960823],[4.283568,39.960823],[4.283598,39.960823],[4.283628,39.96082],[4.283655,39.960812],[4.283681,39.960798],[4.283702,39.960781],[4.283722,39.960764],[4.28374,39.960759],[4.283759,39.960761],[4.283765,39.960762],[4.283784,39.960771],[4.283802,39.96079],[4.283824,39.960804],[4.283844,39.960807],[4.283862,39.960801],[4.283886,39.960801],[4.283908,39.960809],[4.283934,39.960809],[4.28395,39.960802],[4.283976,39.96079],[4.283996,39.960791],[4.28402,39.960799],[4.284029,39.960811],[4.284053,39.960824],[4.284066,39.960821],[4.284091,39.960807],[4.284092,39.960806],[4.284116,39.960794],[4.284142,39.960791],[4.284143,39.960791],[4.284146,39.960791],[4.284172,39.960791],[4.284202,39.960788],[4.284202,39.960788],[4.284225,39.960779],[4.284247,39.960762],[4.284254,39.960746]],[[4.28404,39.960936],[4.284081,39.960909],[4.284075,39.960895],[4.284056,39.960891],[4.283988,39.96089],[4.283926,39.960888],[4.283867,39.960886],[4.283805,39.960884],[4.283776,39.960898],[4.283789,39.96091],[4.283819,39.960914],[4.283878,39.960923],[4.283939,39.960937],[4.283999,39.960946],[4.28404,39.960936]],[[4.283354,39.960996],[4.283345,39.960984],[4.283323,39.960968],[4.283295,39.960961],[4.283269,39.960962],[4.283241,39.960968],[4.283215,39.96098],[4.283204,39.960995],[4.283202,39.961013],[4.283191,39.961029],[4.283176,39.961033],[4.283146,39.961034],[4.283088,39.961036],[4.283064,39.961036],[4.283018,39.961042],[4.282989,39.961049],[4.282968,39.961063],[4.282963,39.961078],[4.282968,39.961093],[4.282981,39.961114],[4.282973,39.961121],[4.282954,39.961124],[4.282922,39.961124],[4.282892,39.961122],[4.28286,39.96112],[4.28283,39.961117],[4.2828,39.961116],[4.282768,39.961118],[4.282739,39.961127],[4.282715,39.961141],[4.282712,39.961154],[4.282719,39.961169],[4.282741,39.961189],[4.282769,39.961203],[4.282798,39.96121],[4.282829,39.961211],[4.282861,39.961209],[4.282891,39.961206],[4.28292,39.961207],[4.28295,39.961211],[4.282979,39.961217],[4.283008,39.961224],[4.283039,39.961234],[4.283067,39.961243],[4.283093,39.961255],[4.283118,39.961271],[4.283142,39.961286],[4.283166,39.961291],[4.283179,39.961283],[4.283183,39.96127],[4.283176,39.961251],[4.28316,39.961231],[4.283137,39.961211],[4.283114,39.961196],[4.28309,39.961181],[4.283081,39.961163],[4.283088,39.961156],[4.283109,39.961149],[4.283123,39.96115],[4.283134,39.96115],[4.283167,39.961156],[4.283196,39.961159],[4.283231,39.961163],[4.283252,39.961165],[4.283261,39.961166],[4.283292,39.96117],[4.28332,39.961177],[4.28334,39.961192],[4.283365,39.961199],[4.283371,39.961192],[4.283383,39.961171],[4.283394,39.961148],[4.283413,39.961129],[4.283436,39.961112],[4.28346,39.9611],[4.283469,39.961085],[4.283461,39.961077],[4.283442,39.961071],[4.283433,39.961058],[4.283441,39.961052],[4.283467,39.961044],[4.283497,39.961041],[4.283527,39.961043],[4.283558,39.961044],[4.283588,39.96104],[4.283603,39.961029],[4.283603,39.961019],[4.283592,39.961008],[4.283566,39.960998],[4.283535,39.960995],[4.283504,39.960997],[4.283469,39.961001],[4.283439,39.961003],[4.283438,39.961003],[4.283409,39.961005],[4.283377,39.961005],[4.283354,39.960996]],[[4.279722,39.961771],[4.279743,39.961762],[4.279759,39.961747],[4.279769,39.961724],[4.279764,39.96171],[4.279749,39.961702],[4.27972,39.961697],[4.279688,39.961694],[4.279611,39.961702],[4.279579,39.961702],[4.27955,39.961706],[4.279529,39.961717],[4.279523,39.96173],[4.279526,39.961746],[4.27954,39.961754],[4.279565,39.961759],[4.279598,39.961761],[4.27963,39.961763],[4.27966,39.961768],[4.27969,39.961772],[4.279722,39.961771]],[[4.279518,39.964109],[4.279489,39.964106],[4.279463,39.964093],[4.279439,39.96408],[4.279416,39.964078],[4.279408,39.964084],[4.279412,39.964092],[4.279433,39.964107],[4.279455,39.964123],[4.27947,39.964142],[4.279474,39.964162],[4.279483,39.964185],[4.279499,39.964201],[4.279523,39.964211],[4.279547,39.964212],[4.279578,39.96421],[4.279608,39.964206],[4.279635,39.964196],[4.279649,39.964182],[4.279646,39.964172],[4.279636,39.96417],[4.279606,39.96417],[4.279605,39.964162],[4.279615,39.964157],[4.279627,39.96414],[4.279622,39.964129],[4.279605,39.964116],[4.279592,39.964117],[4.279562,39.964117],[4.279518,39.964109]],[[4.26498,39.980138],[4.264986,39.980116],[4.264987,39.980093],[4.264986,39.980069],[4.264984,39.980047],[4.264978,39.980025],[4.264965,39.980004],[4.264944,39.979987],[4.264924,39.979982],[4.264898,39.979984],[4.264889,39.979993],[4.264884,39.980009],[4.264881,39.980032],[4.264879,39.980055],[4.264866,39.980068],[4.264856,39.980067],[4.264846,39.980057],[4.264832,39.980037],[4.264814,39.980028],[4.264807,39.980034],[4.264732,39.980101],[4.264708,39.980114],[4.264685,39.980128],[4.264662,39.980143],[4.264635,39.980151],[4.264607,39.98016],[4.264581,39.980171],[4.264553,39.98018],[4.264522,39.980182],[4.264499,39.980175],[4.26447,39.980169],[4.264441,39.98016],[4.264434,39.98015],[4.264441,39.980143],[4.264463,39.98013],[4.264482,39.980112],[4.264491,39.980092],[4.264494,39.980069],[4.264487,39.980048],[4.264472,39.980032],[4.264454,39.980027],[4.264425,39.980026],[4.264394,39.980024],[4.264363,39.980026],[4.264333,39.980029],[4.264309,39.98004],[4.264308,39.98005],[4.264317,39.980056],[4.264343,39.980062],[4.264372,39.980065],[4.264402,39.980073],[4.26442,39.980086],[4.264425,39.9801],[4.264416,39.98011],[4.264394,39.980123],[4.26439,39.980135],[4.264397,39.980146],[4.264419,39.980162],[4.26444,39.980179],[4.264461,39.980195],[4.26448,39.980212],[4.264495,39.980233],[4.264507,39.980254],[4.264525,39.980273],[4.264548,39.980284],[4.264575,39.980293],[4.264603,39.980302],[4.264632,39.980306],[4.26466,39.980315],[4.264684,39.980314],[4.264713,39.980309],[4.264742,39.980301],[4.264771,39.980296],[4.2648,39.98029],[4.264828,39.980281],[4.264857,39.980271],[4.26488,39.980257],[4.264901,39.980241],[4.264916,39.980222],[4.264914,39.98021],[4.264919,39.980191],[4.26493,39.980189],[4.264949,39.980178],[4.264968,39.98016],[4.26498,39.980138]],[[4.265231,39.98015],[4.265207,39.980169],[4.265196,39.980191],[4.265188,39.980213],[4.265194,39.980226],[4.265204,39.980225],[4.26522,39.980216],[4.265238,39.980197],[4.265252,39.980176],[4.265253,39.980157],[4.265244,39.980149],[4.265231,39.98015]],[[4.266298,39.981353],[4.266325,39.981343],[4.266349,39.981329],[4.266349,39.981318],[4.266339,39.981312],[4.266311,39.981303],[4.266281,39.981302],[4.266263,39.981309],[4.266256,39.981321],[4.266255,39.981336],[4.266268,39.981356],[4.266298,39.981353]],[[4.266536,39.981861],[4.266535,39.981852],[4.266545,39.981842],[4.266569,39.981829],[4.266593,39.981814],[4.266611,39.981796],[4.266617,39.981777],[4.266612,39.981758],[4.266601,39.981757],[4.266575,39.981761],[4.266548,39.98177],[4.266521,39.981771],[4.266486,39.98176],[4.266459,39.981769],[4.266438,39.981785],[4.266431,39.981802],[4.266433,39.981824],[4.266426,39.981847],[4.266419,39.981869],[4.266425,39.981883],[4.266443,39.981898],[4.266469,39.981909],[4.266497,39.981919],[4.266527,39.981926],[4.266557,39.981927],[4.266583,39.98192],[4.266603,39.981907],[4.266611,39.981891],[4.266609,39.981874],[4.266597,39.981864],[4.266583,39.981864],[4.266554,39.981867],[4.266536,39.981861]],[[4.260008,39.986433],[4.260034,39.986421],[4.260045,39.986406],[4.260043,39.986393],[4.260029,39.986376],[4.260009,39.986358],[4.259987,39.986343],[4.259961,39.986331],[4.259933,39.986321],[4.259904,39.986317],[4.259852,39.986322],[4.259821,39.986323],[4.259791,39.986326],[4.259764,39.986335],[4.25975,39.986349],[4.259753,39.986359],[4.259767,39.986369],[4.259793,39.986381],[4.259819,39.986394],[4.259846,39.986405],[4.259875,39.986409],[4.259892,39.986403],[4.25992,39.986394],[4.25993,39.9864],[4.259949,39.986417],[4.259968,39.986435],[4.259984,39.986438],[4.260008,39.986433]],[[4.259857,39.987582],[4.259836,39.98757],[4.259813,39.987555],[4.259787,39.987543],[4.25977,39.987544],[4.259763,39.987553],[4.259768,39.987561],[4.259786,39.98758],[4.259809,39.987594],[4.259836,39.987606],[4.259862,39.987618],[4.259893,39.987625],[4.259923,39.98763],[4.259953,39.987635],[4.259983,39.987632],[4.259992,39.987624],[4.25999,39.987612],[4.259978,39.987601],[4.259956,39.987593],[4.259916,39.987586],[4.259886,39.987587],[4.259857,39.987582]],[[4.265461,39.995366],[4.265481,39.995349],[4.265481,39.995337],[4.265471,39.995331],[4.265455,39.995331],[4.265426,39.995338],[4.265396,39.995343],[4.265367,39.995348],[4.265267,39.995379],[4.265239,39.995389],[4.265212,39.995401],[4.265184,39.995411],[4.265155,39.995415],[4.265128,39.995423],[4.26511,39.995437],[4.265109,39.995448],[4.26512,39.995457],[4.265146,39.99547],[4.265174,39.995477],[4.265203,39.995478],[4.265211,39.995487],[4.265234,39.995502],[4.265249,39.995502],[4.265281,39.995503],[4.26531,39.995506],[4.26534,39.995504],[4.265369,39.995497],[4.265396,39.995487],[4.265418,39.99547],[4.26544,39.995464],[4.26547,39.99546],[4.265499,39.995451],[4.265525,39.99544],[4.26555,39.995426],[4.265571,39.995408],[4.265574,39.995394],[4.265567,39.995382],[4.265554,39.99538],[4.26553,39.995384],[4.2655,39.99539],[4.265472,39.995399],[4.265445,39.995408],[4.265424,39.995406],[4.265425,39.995398],[4.265439,39.995383],[4.265461,39.995366]],[[4.261987,39.999351],[4.262015,39.99934],[4.262027,39.999325],[4.262042,39.999304],[4.262061,39.999294],[4.262082,39.999278],[4.262083,39.999265],[4.262085,39.999242],[4.262077,39.999227],[4.262063,39.999221],[4.262033,39.999219],[4.262001,39.999218],[4.261972,39.999214],[4.26196,39.999205],[4.26197,39.9992],[4.261998,39.999192],[4.262026,39.999184],[4.262053,39.999174],[4.262077,39.99916],[4.262082,39.999147],[4.262072,39.999145],[4.262041,39.999146],[4.262012,39.999143],[4.262001,39.999135],[4.262004,39.999126],[4.262009,39.999125],[4.262036,39.999114],[4.262065,39.999111],[4.262094,39.999107],[4.262122,39.9991],[4.262152,39.999094],[4.262182,39.999087],[4.262212,39.99908],[4.262241,39.999077],[4.26227,39.99907],[4.262286,39.999057],[4.262288,39.999043],[4.262296,39.99902],[4.26231,39.999001],[4.262324,39.998981],[4.262342,39.998962],[4.262336,39.998953],[4.262317,39.998939],[4.262292,39.998927],[4.262265,39.998918],[4.262247,39.99892],[4.262219,39.998929],[4.26219,39.998936],[4.262158,39.99894],[4.262129,39.998947],[4.2621,39.998954],[4.26207,39.998959],[4.262037,39.998961],[4.262008,39.998963],[4.261978,39.998967],[4.261947,39.998969],[4.261917,39.998972],[4.261885,39.998974],[4.261867,39.998967],[4.261863,39.998957],[4.261846,39.998942],[4.261833,39.998941],[4.261802,39.998943],[4.261772,39.998945],[4.261742,39.998947],[4.261724,39.998957],[4.261701,39.998971],[4.261678,39.998975],[4.261649,39.998977],[4.261582,39.998987],[4.261552,39.99899],[4.261523,39.998997],[4.261493,39.999003],[4.261462,39.999007],[4.261433,39.999007],[4.261401,39.999006],[4.261371,39.999006],[4.261353,39.999014],[4.261357,39.999021],[4.261371,39.999042],[4.261393,39.999057],[4.261422,39.999067],[4.261451,39.999072],[4.261481,39.999078],[4.26151,39.999084],[4.261538,39.999092],[4.261562,39.999106],[4.261577,39.999124],[4.261597,39.999133],[4.261624,39.999143],[4.261651,39.999151],[4.261675,39.999165],[4.261677,39.999176],[4.261667,39.999182],[4.26164,39.999188],[4.261609,39.999193],[4.261579,39.999198],[4.26155,39.999202],[4.261518,39.999202],[4.261487,39.999204],[4.261457,39.999205],[4.261425,39.999205],[4.261396,39.999207],[4.261371,39.999215],[4.26137,39.999224],[4.261378,39.999239],[4.261386,39.999261],[4.26138,39.999273],[4.261368,39.999295],[4.26137,39.999313],[4.261381,39.999333],[4.261399,39.999351],[4.261418,39.999358],[4.261446,39.999364],[4.261476,39.999366],[4.26149,39.999359],[4.261518,39.99935],[4.261532,39.999354],[4.261559,39.999367],[4.261587,39.999374],[4.261618,39.999379],[4.261649,39.999386],[4.26168,39.999389],[4.261712,39.999389],[4.261744,39.999386],[4.261773,39.99938],[4.261802,39.999372],[4.26183,39.999361],[4.261854,39.999348],[4.261883,39.999338],[4.261902,39.999341],[4.26193,39.999351],[4.261958,39.999355],[4.261987,39.999351]],[[4.260613,39.998947],[4.260608,39.998925],[4.260596,39.998917],[4.260575,39.998914],[4.260545,39.998913],[4.260515,39.998916],[4.260453,39.998919],[4.260422,39.998917],[4.260392,39.998919],[4.260362,39.99892],[4.260332,39.998919],[4.260315,39.99891],[4.260294,39.998894],[4.26028,39.998894],[4.260252,39.998901],[4.260233,39.998914],[4.260215,39.998932],[4.260198,39.998937],[4.260168,39.998939],[4.260137,39.99894],[4.260105,39.998941],[4.260075,39.998941],[4.260045,39.99894],[4.260016,39.998941],[4.259991,39.998949],[4.259989,39.998958],[4.259988,39.998981],[4.259993,39.999004],[4.260007,39.999017],[4.260026,39.999022],[4.260054,39.999031],[4.260081,39.99904],[4.260109,39.999048],[4.260134,39.99906],[4.260148,39.999075],[4.260171,39.99909],[4.260192,39.999093],[4.260222,39.999097],[4.260243,39.999108],[4.260233,39.999112],[4.260208,39.999113],[4.260178,39.999113],[4.260149,39.999117],[4.260121,39.999125],[4.26009,39.999129],[4.260061,39.999135],[4.260032,39.999141],[4.260004,39.999149],[4.259997,39.999159],[4.260003,39.999165],[4.260028,39.999174],[4.260054,39.999184],[4.260076,39.999199],[4.260101,39.999214],[4.260129,39.99922],[4.260159,39.999222],[4.260189,39.99923],[4.260217,39.999238],[4.260243,39.999238],[4.260272,39.999237],[4.260303,39.99924],[4.260332,39.999241],[4.260362,39.999248],[4.26039,39.999255],[4.260411,39.999252],[4.260438,39.999241],[4.260462,39.999227],[4.260485,39.999211],[4.260507,39.999195],[4.26051,39.999182],[4.260504,39.999163],[4.260489,39.999144],[4.260474,39.999141],[4.260444,39.999138],[4.260414,39.999133],[4.260385,39.999126],[4.260354,39.999123],[4.260326,39.999114],[4.260323,39.999105],[4.260332,39.999096],[4.260354,39.999086],[4.260381,39.999076],[4.260407,39.999062],[4.260424,39.999043],[4.260443,39.999025],[4.260455,39.999024],[4.260479,39.999032],[4.260494,39.999045],[4.2605,39.999062],[4.260504,39.999085],[4.260507,39.999108],[4.260517,39.99913],[4.260533,39.99914],[4.260548,39.999139],[4.260567,39.99913],[4.260577,39.999115],[4.260591,39.999094],[4.260609,39.999077],[4.260611,39.999063],[4.260601,39.99905],[4.2606,39.999032],[4.260609,39.999017],[4.260621,39.998997],[4.260621,39.998978],[4.260611,39.998963],[4.260613,39.998947]],[[4.259363,39.999001],[4.259378,39.998981],[4.259382,39.99896],[4.259373,39.998953],[4.259353,39.998948],[4.259333,39.998952],[4.259308,39.998964],[4.259279,39.998972],[4.259248,39.998977],[4.259219,39.998979],[4.259189,39.998983],[4.259171,39.998993],[4.259143,39.999],[4.25912,39.998998],[4.259118,39.99899],[4.259105,39.998971],[4.259091,39.998972],[4.259063,39.998979],[4.259035,39.998988],[4.259028,39.999008],[4.259052,39.999022],[4.259061,39.999044],[4.259058,39.999063],[4.259066,39.999083],[4.259082,39.999098],[4.259094,39.999097],[4.259112,39.999087],[4.259129,39.999069],[4.259145,39.999049],[4.259168,39.999036],[4.259195,39.999026],[4.25922,39.999025],[4.259248,39.999031],[4.259278,39.999036],[4.259291,39.99903],[4.25932,39.999026],[4.259347,39.999016],[4.259363,39.999001]],[[4.258548,39.998975],[4.258535,39.998954],[4.258533,39.998932],[4.258521,39.998928],[4.258492,39.998931],[4.258463,39.998937],[4.258434,39.998942],[4.258405,39.998946],[4.258373,39.99895],[4.258342,39.998952],[4.258312,39.998954],[4.258281,39.998957],[4.258253,39.998965],[4.258249,39.998974],[4.258234,39.998994],[4.258217,39.999001],[4.258192,39.999012],[4.258165,39.999023],[4.258149,39.99902],[4.258121,39.99901],[4.258105,39.999013],[4.258076,39.99902],[4.258045,39.999027],[4.258016,39.999036],[4.25799,39.999047],[4.257973,39.999063],[4.257969,39.999079],[4.257975,39.999099],[4.257993,39.999119],[4.258016,39.999135],[4.258042,39.999146],[4.258074,39.999152],[4.258105,39.999154],[4.258135,39.999151],[4.258163,39.999146],[4.258192,39.999136],[4.258218,39.999123],[4.258248,39.999119],[4.258279,39.999117],[4.258308,39.999112],[4.258334,39.999099],[4.258356,39.999084],[4.258381,39.999072],[4.258407,39.999061],[4.258433,39.99905],[4.25846,39.99904],[4.258489,39.999033],[4.258516,39.999035],[4.258545,39.99904],[4.258564,39.999035],[4.258585,39.999021],[4.258583,39.999012],[4.258567,39.998993],[4.258548,39.998975]],[[4.257178,39.999115],[4.257172,39.999107],[4.25715,39.999095],[4.257123,39.999085],[4.257087,39.999073],[4.257058,39.99907],[4.257028,39.999068],[4.256999,39.999073],[4.256971,39.999079],[4.256961,39.99909],[4.256969,39.999094],[4.256998,39.999102],[4.257023,39.999115],[4.257051,39.999119],[4.257082,39.99912],[4.257112,39.999121],[4.257141,39.999123],[4.257171,39.999123],[4.257178,39.999115]],[[4.259874,39.999094],[4.259904,39.999093],[4.259924,39.999085],[4.259943,39.999068],[4.259961,39.99905],[4.259977,39.99903],[4.259979,39.999013],[4.259969,39.999008],[4.259942,39.999003],[4.259916,39.999007],[4.259859,39.999024],[4.259831,39.999034],[4.259804,39.999044],[4.259786,39.999059],[4.259793,39.999065],[4.259818,39.999077],[4.259845,39.999088],[4.259874,39.999094]],[[4.262112,39.999361],[4.262084,39.999368],[4.262067,39.999381],[4.262065,39.999394],[4.262075,39.999399],[4.262097,39.999403],[4.262128,39.999405],[4.262158,39.999404],[4.262189,39.999403],[4.26222,39.9994],[4.262248,39.999393],[4.262259,39.999383],[4.262262,39.999368],[4.262252,39.99936],[4.262234,39.999357],[4.262204,39.999357],[4.262143,39.999358],[4.262112,39.999361]],[[4.256142,39.999591],[4.256112,39.99959],[4.256081,39.999589],[4.256052,39.999587],[4.256021,39.999587],[4.256011,39.999595],[4.255996,39.999614],[4.25598,39.99962],[4.25595,39.999623],[4.25594,39.999616],[4.255944,39.999607],[4.255938,39.999595],[4.255925,39.999591],[4.2559,39.999593],[4.25587,39.999595],[4.255841,39.999597],[4.255812,39.999599],[4.255782,39.999602],[4.255752,39.999604],[4.255733,39.999612],[4.255736,39.99962],[4.255729,39.999626],[4.255723,39.999644],[4.255731,39.999653],[4.255751,39.99967],[4.255774,39.999687],[4.255797,39.999702],[4.255824,39.999712],[4.255854,39.999714],[4.255884,39.999711],[4.255914,39.999708],[4.255945,39.999706],[4.255976,39.999707],[4.256006,39.99971],[4.25603,39.999706],[4.256058,39.999698],[4.256089,39.999692],[4.25612,39.999691],[4.25615,39.999689],[4.256178,39.999696],[4.25618,39.999704],[4.256195,39.999725],[4.256215,39.999735],[4.256235,39.999736],[4.256249,39.999729],[4.25627,39.999711],[4.256287,39.999691],[4.256301,39.999671],[4.256311,39.999649],[4.256311,39.999627],[4.256302,39.999607],[4.256286,39.999597],[4.256233,39.999591],[4.256202,39.999591],[4.256172,39.999591],[4.256142,39.999591]],[[4.255835,40.000003],[4.255854,40.000002],[4.255864,40.000001],[4.255887,39.999991],[4.255895,39.999978],[4.255894,39.999963],[4.255882,39.999946],[4.255863,39.999937],[4.255837,39.999925],[4.25581,39.999916],[4.255739,39.999912],[4.25571,39.999916],[4.25568,39.999918],[4.255648,39.999922],[4.255617,39.999928],[4.255588,39.999936],[4.25556,39.999944],[4.255535,39.999955],[4.255525,39.999968],[4.255529,39.999978],[4.255545,39.999993],[4.255567,40.000002],[4.255567,40.000002],[4.255597,40.000007],[4.255625,40.000004],[4.255647,40.000002],[4.255656,40.000001],[4.255663,40.000002],[4.255685,40.000005],[4.255714,40.000011],[4.255741,40.000022],[4.25576,40.000021],[4.255766,40.000013],[4.255784,40.000004],[4.255804,40.000004],[4.255835,40.000003]],[[4.252469,40.000559],[4.252471,40.000551],[4.252463,40.000543],[4.252445,40.000524],[4.252434,40.000503],[4.252391,40.000476],[4.252362,40.00047],[4.252337,40.000456],[4.252312,40.000443],[4.252289,40.000428],[4.252262,40.000418],[4.252239,40.000404],[4.252217,40.000401],[4.252199,40.000407],[4.252173,40.00042],[4.252147,40.000431],[4.252118,40.000439],[4.252089,40.000439],[4.252057,40.000437],[4.252027,40.000437],[4.251997,40.000439],[4.251971,40.000448],[4.251958,40.000462],[4.251952,40.00048],[4.251958,40.000497],[4.251975,40.000515],[4.251994,40.000521],[4.252023,40.000527],[4.252053,40.000533],[4.25208,40.000543],[4.252103,40.000559],[4.252131,40.000572],[4.252159,40.000579],[4.252183,40.000577],[4.252211,40.000569],[4.25224,40.000561],[4.252269,40.000553],[4.252299,40.000547],[4.252329,40.000542],[4.25236,40.000544],[4.25239,40.000547],[4.252415,40.000557],[4.252443,40.000562],[4.252469,40.000559]],[[4.252346,40.000594],[4.252315,40.000592],[4.252286,40.000597],[4.252257,40.000604],[4.252245,40.000615],[4.252247,40.000625],[4.25226,40.000644],[4.252273,40.000665],[4.252291,40.000684],[4.252314,40.000699],[4.252341,40.000709],[4.252371,40.000713],[4.252402,40.000719],[4.252431,40.000726],[4.25246,40.000735],[4.25249,40.00074],[4.252522,40.000742],[4.252553,40.000743],[4.252582,40.000746],[4.252614,40.000748],[4.252644,40.000748],[4.252675,40.00075],[4.252705,40.00075],[4.252729,40.000742],[4.252752,40.000727],[4.252766,40.000706],[4.252771,40.000683],[4.252777,40.000661],[4.252771,40.000648],[4.252755,40.000639],[4.252725,40.000632],[4.252695,40.000627],[4.252666,40.000621],[4.252636,40.000618],[4.252606,40.000619],[4.252577,40.00062],[4.252547,40.000617],[4.252516,40.000616],[4.252485,40.000619],[4.252457,40.000614],[4.252429,40.0006],[4.252398,40.000601],[4.252369,40.000601],[4.252346,40.000594]],[[4.25153,40.000885],[4.251509,40.000868],[4.251488,40.000851],[4.251465,40.000835],[4.251439,40.000826],[4.251423,40.00083],[4.251419,40.00084],[4.251425,40.000849],[4.25144,40.00087],[4.251456,40.000891],[4.251477,40.000908],[4.251499,40.000915],[4.251527,40.000925],[4.251552,40.000936],[4.251578,40.00095],[4.251602,40.000965],[4.251616,40.000984],[4.251635,40.001001],[4.25166,40.001015],[4.251686,40.001029],[4.251707,40.001046],[4.251733,40.001057],[4.251763,40.00106],[4.251793,40.001063],[4.251821,40.001068],[4.251852,40.001071],[4.251882,40.001068],[4.251903,40.001058],[4.251915,40.001043],[4.251912,40.001032],[4.251899,40.001015],[4.251874,40.001001],[4.251849,40.000988],[4.251821,40.00098],[4.251796,40.000967],[4.251782,40.000951],[4.251762,40.000933],[4.251738,40.000917],[4.251711,40.000907],[4.251683,40.000898],[4.251654,40.000893],[4.251625,40.000891],[4.251596,40.000896],[4.251567,40.000899],[4.25154,40.000894],[4.25153,40.000885]],[[4.251074,40.001409],[4.251077,40.001397],[4.251071,40.001383],[4.251056,40.001364],[4.251048,40.001341],[4.251038,40.00132],[4.251022,40.001301],[4.25101,40.001279],[4.25099,40.001262],[4.250975,40.001262],[4.250948,40.001269],[4.250937,40.00128],[4.250937,40.001294],[4.250947,40.001314],[4.250944,40.001329],[4.250933,40.00133],[4.250917,40.001324],[4.250889,40.001313],[4.250861,40.001305],[4.250832,40.001299],[4.250801,40.001297],[4.250771,40.001303],[4.250754,40.001314],[4.250754,40.001325],[4.250764,40.001336],[4.250787,40.001347],[4.250813,40.001358],[4.250838,40.001371],[4.250882,40.001391],[4.250908,40.001401],[4.250936,40.001414],[4.250964,40.001423],[4.250994,40.001427],[4.251024,40.001425],[4.251054,40.001421],[4.251074,40.001409]],[[4.251146,40.001422],[4.251132,40.001438],[4.251115,40.001456],[4.251109,40.001477],[4.251114,40.001497],[4.251122,40.001521],[4.251131,40.001542],[4.251143,40.001564],[4.251151,40.001586],[4.251169,40.001605],[4.25119,40.001613],[4.251219,40.001617],[4.251251,40.001616],[4.25128,40.001617],[4.251294,40.001625],[4.251319,40.001629],[4.251349,40.001628],[4.251378,40.001625],[4.251404,40.001615],[4.251407,40.001605],[4.251403,40.001582],[4.25139,40.001566],[4.251374,40.001547],[4.251358,40.001527],[4.25134,40.001508],[4.251316,40.001495],[4.251317,40.001484],[4.251308,40.001463],[4.251272,40.001447],[4.251244,40.001437],[4.251217,40.001428],[4.25119,40.001419],[4.25116,40.001415],[4.251146,40.001422]],[[4.248624,40.001628],[4.248612,40.001607],[4.248595,40.001587],[4.248577,40.001569],[4.248575,40.001553],[4.248571,40.001529],[4.248558,40.001516],[4.248537,40.001499],[4.248521,40.001479],[4.248524,40.001467],[4.248538,40.001457],[4.248556,40.001453],[4.248583,40.001457],[4.248611,40.001465],[4.248626,40.00146],[4.248632,40.00145],[4.248627,40.001438],[4.248614,40.001417],[4.248594,40.001403],[4.248573,40.001398],[4.248543,40.001396],[4.248517,40.001401],[4.248487,40.001401],[4.248458,40.001407],[4.24843,40.001414],[4.2484,40.001415],[4.248376,40.001408],[4.248361,40.001396],[4.248343,40.001377],[4.24831,40.001368],[4.24828,40.00137],[4.24826,40.001387],[4.248247,40.001386],[4.248215,40.001384],[4.248184,40.001381],[4.248154,40.001376],[4.248125,40.00137],[4.248093,40.001366],[4.248063,40.00136],[4.248035,40.001354],[4.248008,40.001357],[4.248,40.001366],[4.247996,40.001383],[4.24799,40.001405],[4.247976,40.001419],[4.247963,40.00144],[4.247965,40.001455],[4.247977,40.001474],[4.247997,40.001492],[4.248022,40.001508],[4.248046,40.001521],[4.248075,40.001531],[4.248103,40.001537],[4.248134,40.001539],[4.248164,40.001541],[4.248194,40.001542],[4.248225,40.001543],[4.248255,40.00154],[4.248285,40.001535],[4.248314,40.00153],[4.248345,40.001524],[4.248376,40.001524],[4.248406,40.001528],[4.248432,40.001539],[4.248452,40.001557],[4.24846,40.001577],[4.248455,40.001592],[4.248439,40.001607],[4.248422,40.001626],[4.248414,40.001648],[4.248418,40.00167],[4.248429,40.00168],[4.248453,40.001688],[4.248465,40.001683],[4.248481,40.001687],[4.24849,40.001697],[4.24851,40.001714],[4.248535,40.001723],[4.248564,40.001732],[4.248591,40.001743],[4.248615,40.001757],[4.248642,40.001768],[4.248671,40.001776],[4.2487,40.001781],[4.248731,40.001782],[4.248762,40.00178],[4.248791,40.001779],[4.248822,40.001774],[4.248848,40.001762],[4.248853,40.001751],[4.248847,40.00174],[4.24883,40.001733],[4.248801,40.001726],[4.248771,40.001719],[4.248744,40.001708],[4.248717,40.001697],[4.248689,40.001686],[4.24866,40.001677],[4.248636,40.001664],[4.248629,40.001651],[4.248624,40.001628]],[[4.250675,40.001957],[4.250687,40.001949],[4.250693,40.001934],[4.250688,40.00192],[4.250673,40.001908],[4.250647,40.001899],[4.250617,40.001893],[4.250587,40.001887],[4.250557,40.00188],[4.250527,40.001874],[4.250497,40.001868],[4.250467,40.001861],[4.250438,40.001855],[4.250373,40.00184],[4.250343,40.001833],[4.250317,40.001822],[4.250289,40.001815],[4.250259,40.001812],[4.250228,40.001809],[4.250199,40.001808],[4.25017,40.001803],[4.250141,40.001793],[4.250115,40.001781],[4.250088,40.001771],[4.250068,40.001772],[4.250054,40.001782],[4.250047,40.001798],[4.250049,40.001818],[4.250057,40.001841],[4.250075,40.00186],[4.250099,40.001874],[4.250124,40.001887],[4.250153,40.001893],[4.250183,40.001897],[4.250213,40.001901],[4.250243,40.001907],[4.250271,40.001916],[4.250294,40.001931],[4.250321,40.001942],[4.250348,40.001944],[4.250378,40.001942],[4.250408,40.00194],[4.250437,40.001937],[4.250468,40.001936],[4.250499,40.001937],[4.25053,40.001935],[4.250559,40.001939],[4.250587,40.001948],[4.250615,40.001955],[4.250645,40.00196],[4.250675,40.001957]],[[4.219681,40.002587],[4.21971,40.002579],[4.219732,40.002563],[4.219749,40.002543],[4.219761,40.002522],[4.219772,40.002501],[4.219777,40.002477],[4.219771,40.002456],[4.219758,40.00245],[4.219738,40.002449],[4.219708,40.002451],[4.219678,40.002459],[4.219652,40.00247],[4.219636,40.002486],[4.219622,40.002506],[4.21963,40.002552],[4.219641,40.002572],[4.219664,40.002587],[4.219681,40.002587]],[[4.218006,40.003175],[4.218001,40.003163],[4.21799,40.003161],[4.21796,40.003157],[4.217941,40.003128],[4.217925,40.003109],[4.217895,40.003109],[4.217882,40.003117],[4.217859,40.003131],[4.217843,40.00315],[4.217847,40.00316],[4.217862,40.00317],[4.217888,40.003178],[4.217903,40.003174],[4.217929,40.003177],[4.217928,40.003184],[4.217917,40.003201],[4.217919,40.003213],[4.21793,40.003219],[4.217946,40.003218],[4.217973,40.003209],[4.217996,40.003193],[4.218006,40.003175]],[[4.217991,40.003108],[4.21799,40.003131],[4.218001,40.003135],[4.21803,40.00314],[4.21806,40.00314],[4.218077,40.003132],[4.218079,40.003122],[4.218071,40.003113],[4.218056,40.00311],[4.21802,40.003105],[4.217991,40.003108]],[[4.217762,40.003213],[4.217754,40.003207],[4.217747,40.003205],[4.21773,40.003205],[4.217706,40.003219],[4.217723,40.003237],[4.217733,40.003236],[4.217758,40.003224],[4.217762,40.003213]],[[4.218044,40.003223],[4.218051,40.003245],[4.218064,40.003253],[4.218067,40.003265],[4.218076,40.003287],[4.218089,40.003294],[4.218118,40.003302],[4.218132,40.003297],[4.218139,40.003286],[4.218152,40.003265],[4.218172,40.003253],[4.218189,40.003234],[4.218189,40.003221],[4.218179,40.003205],[4.218164,40.0032],[4.218135,40.003195],[4.218106,40.003193],[4.218055,40.003201],[4.218044,40.003223]],[[4.219175,40.003232],[4.21917,40.003254],[4.219177,40.003269],[4.219193,40.003282],[4.219253,40.003303],[4.219283,40.003292],[4.219307,40.003278],[4.21933,40.003262],[4.219352,40.003245],[4.219368,40.003225],[4.219366,40.003212],[4.219354,40.003201],[4.219329,40.003189],[4.219303,40.003186],[4.219271,40.003188],[4.219242,40.003191],[4.219213,40.003199],[4.219189,40.003214],[4.219175,40.003232]],[[4.218455,40.003231],[4.218483,40.003224],[4.218489,40.003213],[4.218482,40.003205],[4.218466,40.003199],[4.218436,40.003193],[4.218406,40.003189],[4.218377,40.003188],[4.218365,40.003194],[4.218374,40.003215],[4.218393,40.003234],[4.218424,40.003235],[4.218455,40.003231]],[[4.217398,40.003923],[4.217426,40.003914],[4.217448,40.003899],[4.217466,40.003881],[4.217487,40.003864],[4.217505,40.003861],[4.217536,40.00386],[4.217565,40.003858],[4.217586,40.003848],[4.217586,40.003839],[4.217576,40.00383],[4.217556,40.003825],[4.217494,40.003813],[4.217465,40.003809],[4.217435,40.003803],[4.217408,40.003792],[4.217385,40.003777],[4.21736,40.003764],[4.217333,40.003753],[4.217306,40.003744],[4.217276,40.003737],[4.217247,40.003731],[4.217218,40.003724],[4.217192,40.003727],[4.217181,40.003736],[4.21716,40.003751],[4.217149,40.00377],[4.217153,40.003783],[4.217165,40.003792],[4.21719,40.003805],[4.217218,40.003814],[4.217248,40.003815],[4.217279,40.003814],[4.217309,40.003814],[4.21732,40.003822],[4.217319,40.003831],[4.217326,40.003854],[4.217339,40.003864],[4.217347,40.003881],[4.217344,40.003898],[4.217338,40.00392],[4.217347,40.003926],[4.217368,40.003928],[4.217398,40.003923]],[[4.211695,40.006205],[4.211722,40.006194],[4.211735,40.00618],[4.211737,40.006164],[4.211734,40.006141],[4.211723,40.006119],[4.211709,40.006111],[4.211684,40.006107],[4.211646,40.006097],[4.211616,40.006093],[4.211587,40.00609],[4.21157,40.00608],[4.211546,40.006067],[4.211519,40.006058],[4.211501,40.006061],[4.211479,40.006074],[4.211467,40.00609],[4.211461,40.006113],[4.211466,40.006128],[4.21148,40.006148],[4.211496,40.006167],[4.211516,40.006178],[4.211546,40.006184],[4.211576,40.006189],[4.211604,40.0062],[4.211634,40.006208],[4.211665,40.00621],[4.211695,40.006205]],[[4.211969,40.006373],[4.211971,40.006353],[4.211962,40.006338],[4.211943,40.006324],[4.211924,40.00632],[4.211902,40.006325],[4.21189,40.006335],[4.211891,40.006346],[4.211895,40.006368],[4.211913,40.006387],[4.211943,40.00639],[4.211961,40.006385],[4.211969,40.006373]],[[4.212319,40.006381],[4.212293,40.00639],[4.212266,40.006403],[4.212239,40.006413],[4.21221,40.006419],[4.21218,40.006425],[4.21215,40.006429],[4.212119,40.006426],[4.212104,40.006417],[4.212083,40.006401],[4.212059,40.006392],[4.212042,40.006394],[4.21203,40.006404],[4.212021,40.006422],[4.21201,40.006443],[4.212014,40.006455],[4.212026,40.006461],[4.212041,40.006459],[4.212071,40.006461],[4.212076,40.006469],[4.212073,40.006481],[4.212057,40.006498],[4.212044,40.006498],[4.212032,40.00649],[4.212011,40.006473],[4.211993,40.006471],[4.211978,40.006476],[4.211961,40.006486],[4.211944,40.006505],[4.211922,40.006522],[4.211921,40.006534],[4.211931,40.006541],[4.211948,40.006542],[4.211975,40.006552],[4.211976,40.006561],[4.21197,40.006578],[4.211977,40.006587],[4.211996,40.006598],[4.212003,40.006611],[4.212022,40.006628],[4.21204,40.006633],[4.212069,40.006639],[4.212088,40.006651],[4.212106,40.00667],[4.212121,40.006672],[4.212152,40.006668],[4.21218,40.006664],[4.212209,40.006659],[4.212238,40.006655],[4.21227,40.006652],[4.212299,40.006648],[4.212329,40.006642],[4.212356,40.006633],[4.212381,40.006621],[4.212404,40.006605],[4.21243,40.006597],[4.212452,40.006599],[4.212482,40.006596],[4.212511,40.00659],[4.21254,40.006587],[4.21257,40.006587],[4.2126,40.006592],[4.212629,40.0066],[4.212658,40.006607],[4.212671,40.006602],[4.212695,40.006589],[4.212716,40.006571],[4.212728,40.00655],[4.21273,40.006528],[4.21272,40.006522],[4.212693,40.006518],[4.212667,40.006507],[4.212641,40.006494],[4.212616,40.006482],[4.212588,40.006472],[4.212559,40.006464],[4.212533,40.006454],[4.212503,40.006445],[4.212474,40.006437],[4.212447,40.006425],[4.212424,40.006411],[4.212401,40.006397],[4.212375,40.006382],[4.212348,40.006377],[4.212319,40.006381]],[[4.212718,40.006611],[4.212701,40.00663],[4.212685,40.006635],[4.212656,40.006641],[4.212628,40.00665],[4.212598,40.006659],[4.21257,40.006667],[4.212542,40.006674],[4.212512,40.006678],[4.212482,40.00668],[4.212452,40.006681],[4.212423,40.006685],[4.212401,40.006696],[4.21238,40.006714],[4.212366,40.006734],[4.212354,40.006754],[4.212337,40.006774],[4.212325,40.006774],[4.212326,40.006766],[4.212336,40.006744],[4.212342,40.006722],[4.212334,40.006712],[4.212316,40.006707],[4.212286,40.006705],[4.212257,40.006703],[4.212235,40.006708],[4.212209,40.006719],[4.212179,40.006723],[4.212151,40.00673],[4.212147,40.006739],[4.212153,40.006748],[4.212175,40.006764],[4.212201,40.006776],[4.212223,40.006791],[4.212243,40.006808],[4.212269,40.006821],[4.212296,40.006825],[4.212324,40.006834],[4.212346,40.006849],[4.212371,40.006862],[4.212395,40.006875],[4.212413,40.006893],[4.212431,40.006898],[4.21246,40.006897],[4.212489,40.006892],[4.212516,40.006882],[4.212544,40.00687],[4.212568,40.006856],[4.212593,40.006844],[4.212617,40.006831],[4.212642,40.006818],[4.212666,40.006804],[4.212688,40.006787],[4.212696,40.00677],[4.212688,40.006763],[4.212677,40.006742],[4.212684,40.006735],[4.212705,40.006724],[4.212728,40.006722],[4.212756,40.006714],[4.21276,40.006704],[4.212756,40.006687],[4.212748,40.006665],[4.212754,40.006651],[4.212766,40.006648],[4.212795,40.006646],[4.212825,40.006643],[4.212853,40.006636],[4.212881,40.006627],[4.212894,40.006615],[4.212894,40.006602],[4.212885,40.006593],[4.21286,40.00658],[4.212835,40.006569],[4.212805,40.006565],[4.212774,40.006567],[4.212749,40.006577],[4.212728,40.006593],[4.212718,40.006611]],[[4.212099,40.00683],[4.212128,40.006825],[4.212148,40.006814],[4.212149,40.006803],[4.212141,40.00679],[4.212121,40.006773],[4.21209,40.006761],[4.212061,40.006765],[4.212031,40.006769],[4.212024,40.006778],[4.212025,40.006789],[4.212037,40.006803],[4.212056,40.00682],[4.212081,40.006832],[4.212099,40.00683]],[[4.212871,40.006869],[4.21286,40.006883],[4.21286,40.006899],[4.212862,40.006933],[4.212877,40.006953],[4.212887,40.006976],[4.212897,40.006997],[4.212914,40.007009],[4.212936,40.007014],[4.212966,40.007012],[4.212994,40.007006],[4.213016,40.006993],[4.213017,40.006982],[4.213007,40.006969],[4.212994,40.006949],[4.212984,40.006928],[4.212977,40.006906],[4.212974,40.006882],[4.21296,40.006866],[4.212946,40.006863],[4.212916,40.006862],[4.212886,40.006862],[4.212871,40.006869]],[[4.212499,40.006981],[4.212503,40.006972],[4.212497,40.006962],[4.212481,40.006954],[4.212452,40.006948],[4.212441,40.006954],[4.212432,40.006976],[4.212457,40.006989],[4.212476,40.006989],[4.212499,40.006981]],[[4.212403,40.007184],[4.212381,40.007167],[4.21236,40.007148],[4.212336,40.007134],[4.212308,40.007126],[4.212288,40.007128],[4.212268,40.007139],[4.21225,40.007157],[4.212249,40.007171],[4.212259,40.007183],[4.212281,40.007198],[4.212302,40.007214],[4.21232,40.007233],[4.212345,40.007247],[4.212369,40.00726],[4.212396,40.00727],[4.212424,40.007278],[4.212452,40.007277],[4.212467,40.007269],[4.212472,40.007257],[4.212467,40.007241],[4.212462,40.007218],[4.212469,40.007204],[4.212464,40.007193],[4.212451,40.007192],[4.212421,40.007192],[4.212403,40.007184]],[[4.212823,40.007415],[4.212852,40.007407],[4.212878,40.007396],[4.212881,40.007385],[4.212876,40.007368],[4.21286,40.007349],[4.212843,40.007329],[4.212822,40.007311],[4.212797,40.0073],[4.212772,40.0073],[4.212743,40.007307],[4.212713,40.007313],[4.212683,40.007319],[4.212658,40.007331],[4.21266,40.007339],[4.212672,40.00736],[4.212691,40.007377],[4.212713,40.007393],[4.212738,40.007406],[4.212766,40.007416],[4.212796,40.00742],[4.212823,40.007415]],[[4.212183,40.007423],[4.21214,40.007408],[4.21211,40.007407],[4.212081,40.007403],[4.212063,40.007409],[4.212051,40.007422],[4.212043,40.007442],[4.212049,40.007454],[4.212065,40.007463],[4.212089,40.007466],[4.212119,40.007469],[4.21215,40.007473],[4.212179,40.007481],[4.212207,40.007489],[4.212233,40.007489],[4.21225,40.007481],[4.212256,40.007467],[4.212251,40.007456],[4.212235,40.007446],[4.212209,40.007433],[4.212183,40.007423]],[[4.211503,40.008553],[4.211475,40.008555],[4.211444,40.008557],[4.211421,40.008566],[4.211418,40.008575],[4.211421,40.008599],[4.211433,40.00861],[4.211451,40.008628],[4.211442,40.008634],[4.211419,40.008648],[4.2114,40.008666],[4.211385,40.008687],[4.211379,40.00871],[4.211389,40.008718],[4.211407,40.008723],[4.211429,40.008719],[4.211453,40.008708],[4.211478,40.008696],[4.211507,40.008692],[4.211531,40.008679],[4.211559,40.008669],[4.211575,40.008673],[4.211602,40.008683],[4.21163,40.008694],[4.21166,40.008701],[4.211689,40.008705],[4.211719,40.008706],[4.211749,40.008705],[4.211778,40.0087],[4.211805,40.008689],[4.211811,40.008677],[4.211814,40.008655],[4.211817,40.008632],[4.211828,40.00861],[4.211825,40.008596],[4.211813,40.00859],[4.211788,40.008587],[4.211757,40.008587],[4.211735,40.008579],[4.211731,40.008569],[4.211715,40.008555],[4.211698,40.008552],[4.211643,40.008553],[4.211618,40.008565],[4.211594,40.00858],[4.211569,40.008594],[4.211547,40.008608],[4.211535,40.008606],[4.211526,40.008596],[4.211523,40.008579],[4.211515,40.008556],[4.211503,40.008553]],[[4.211751,40.008881],[4.211756,40.008858],[4.211748,40.008846],[4.211735,40.008844],[4.211708,40.008848],[4.211683,40.008859],[4.211656,40.008897],[4.211654,40.00892],[4.211656,40.008943],[4.211669,40.008962],[4.211684,40.008968],[4.211704,40.008967],[4.211721,40.008959],[4.211727,40.008946],[4.211733,40.008924],[4.211741,40.008902],[4.211751,40.008881]],[[4.211847,40.008907],[4.211832,40.008927],[4.211816,40.008959],[4.211811,40.008982],[4.211834,40.008998],[4.211861,40.009007],[4.21189,40.009013],[4.211905,40.009008],[4.211918,40.008994],[4.211913,40.008983],[4.211897,40.008968],[4.211885,40.008946],[4.211882,40.008923],[4.211868,40.008903],[4.211855,40.0089],[4.211847,40.008907]],[[4.205107,40.013944],[4.205118,40.013941],[4.205138,40.013935],[4.20516,40.013926],[4.205168,40.013922],[4.205196,40.013913],[4.205229,40.013908],[4.205259,40.013903],[4.205287,40.013892],[4.205295,40.01388],[4.205291,40.013867],[4.205276,40.013851],[4.20526,40.013839],[4.205254,40.013834],[4.205248,40.013815],[4.205256,40.013808],[4.205279,40.013791],[4.205293,40.013768],[4.205302,40.013745],[4.205309,40.013723],[4.205316,40.013699],[4.205316,40.013676],[4.205305,40.013655],[4.205287,40.013641],[4.205255,40.01363],[4.205226,40.013622],[4.205197,40.013607],[4.205172,40.013593],[4.205145,40.013584],[4.205113,40.013578],[4.205079,40.013577],[4.205045,40.013582],[4.205015,40.013592],[4.204988,40.013603],[4.204961,40.013617],[4.204934,40.013629],[4.204905,40.013639],[4.204874,40.013643],[4.204844,40.013641],[4.204825,40.013648],[4.20481,40.013655],[4.204796,40.013677],[4.204782,40.013698],[4.204765,40.013718],[4.204753,40.013739],[4.20475,40.013761],[4.204737,40.013776],[4.204718,40.013784],[4.204692,40.013797],[4.204672,40.013797],[4.204648,40.013806],[4.204628,40.013823],[4.204605,40.013839],[4.204578,40.013853],[4.20456,40.013872],[4.204546,40.013892],[4.204536,40.013914],[4.204535,40.013937],[4.204537,40.013947],[4.20454,40.013962],[4.204555,40.013981],[4.204579,40.013997],[4.204608,40.014009],[4.204639,40.014016],[4.204672,40.014015],[4.204697,40.014005],[4.20471,40.013991],[4.204728,40.013973],[4.204749,40.013967],[4.204766,40.013971],[4.204778,40.013982],[4.204799,40.013999],[4.204824,40.014007],[4.204853,40.014015],[4.204881,40.014026],[4.204897,40.014042],[4.204905,40.014052],[4.204911,40.014062],[4.204931,40.014071],[4.204958,40.014075],[4.204982,40.014071],[4.204998,40.01406],[4.205001,40.014047],[4.204993,40.014035],[4.204972,40.01402],[4.204972,40.014019],[4.204975,40.014009],[4.204988,40.014008],[4.205008,40.014005],[4.205019,40.014004],[4.205043,40.013991],[4.205043,40.01399],[4.20505,40.013977],[4.205049,40.013957],[4.20506,40.013946],[4.205073,40.013946],[4.205107,40.013944]],[[4.204205,40.01378],[4.204204,40.013756],[4.204193,40.013737],[4.204177,40.013728],[4.204154,40.013726],[4.204123,40.013732],[4.204096,40.013743],[4.204068,40.013754],[4.20404,40.013766],[4.204014,40.01378],[4.203991,40.013799],[4.203984,40.013816],[4.203987,40.013838],[4.203992,40.013861],[4.203989,40.013884],[4.203976,40.013894],[4.203953,40.013911],[4.203947,40.013927],[4.203942,40.01395],[4.20394,40.013953],[4.203938,40.013956],[4.203928,40.013973],[4.203912,40.013994],[4.2039,40.014016],[4.203894,40.014038],[4.203882,40.014061],[4.20387,40.014084],[4.203872,40.014103],[4.203882,40.014108],[4.203904,40.014108],[4.203934,40.014107],[4.203965,40.01411],[4.203994,40.014118],[4.204013,40.014132],[4.204021,40.01415],[4.204029,40.014173],[4.20403,40.014196],[4.20402,40.014207],[4.203997,40.014218],[4.203984,40.014215],[4.203979,40.014204],[4.203975,40.014181],[4.203961,40.014159],[4.203945,40.014152],[4.203923,40.014152],[4.203891,40.014158],[4.203862,40.014168],[4.203847,40.014183],[4.203837,40.014206],[4.203825,40.014227],[4.203821,40.01425],[4.20381,40.014271],[4.203795,40.014278],[4.203763,40.014285],[4.203745,40.014299],[4.203748,40.014311],[4.203763,40.014324],[4.203791,40.014336],[4.203819,40.014344],[4.203846,40.014353],[4.203873,40.014365],[4.203902,40.014377],[4.203932,40.014388],[4.203962,40.014393],[4.20399,40.014399],[4.204004,40.014393],[4.204012,40.01438],[4.20401,40.014363],[4.204003,40.014341],[4.204009,40.014321],[4.204025,40.014301],[4.204051,40.014287],[4.204073,40.014284],[4.204105,40.014287],[4.204119,40.014296],[4.204124,40.01431],[4.204116,40.014321],[4.204092,40.014338],[4.204074,40.014358],[4.204071,40.014377],[4.204078,40.014399],[4.204092,40.014409],[4.204106,40.014408],[4.204133,40.014398],[4.204158,40.014386],[4.204173,40.01439],[4.204179,40.0144],[4.204179,40.014419],[4.204172,40.014442],[4.204165,40.014465],[4.204158,40.014488],[4.20415,40.014511],[4.204154,40.014532],[4.204165,40.014536],[4.204181,40.014533],[4.204196,40.014521],[4.204212,40.0145],[4.204227,40.014478],[4.204243,40.014471],[4.20426,40.014474],[4.204278,40.014486],[4.204284,40.014501],[4.2043,40.01452],[4.204314,40.01452],[4.204335,40.014528],[4.204336,40.014538],[4.204327,40.014554],[4.204311,40.014574],[4.204305,40.014588],[4.204302,40.014596],[4.204303,40.014619],[4.204312,40.014644],[4.20432,40.014654],[4.204332,40.014676],[4.204346,40.014696],[4.204352,40.014719],[4.204366,40.014727],[4.204385,40.014731],[4.204407,40.014713],[4.204413,40.014697],[4.204416,40.014673],[4.204421,40.01465],[4.204435,40.014634],[4.204453,40.014628],[4.204485,40.014623],[4.204514,40.014615],[4.204538,40.014599],[4.204539,40.014586],[4.204529,40.014572],[4.204507,40.014557],[4.204476,40.014547],[4.204443,40.014542],[4.204441,40.01454],[4.204419,40.014529],[4.204412,40.014516],[4.204416,40.014502],[4.204429,40.014494],[4.204449,40.014494],[4.20448,40.014485],[4.204485,40.014475],[4.204482,40.014459],[4.204466,40.014441],[4.204444,40.014423],[4.204426,40.014403],[4.204426,40.014388],[4.204435,40.014364],[4.204449,40.014343],[4.204466,40.014335],[4.204493,40.014334],[4.204524,40.01433],[4.204544,40.01432],[4.204552,40.014305],[4.204557,40.014282],[4.204563,40.014259],[4.204567,40.014237],[4.204562,40.014213],[4.204547,40.014193],[4.204524,40.014177],[4.204495,40.014165],[4.204465,40.014156],[4.204442,40.014141],[4.204421,40.014125],[4.204396,40.014106],[4.204375,40.014091],[4.204346,40.014078],[4.204315,40.014064],[4.204295,40.014045],[4.204298,40.014037],[4.204314,40.014028],[4.204343,40.014018],[4.20437,40.014008],[4.204392,40.014009],[4.204412,40.014018],[4.204438,40.014029],[4.204454,40.014027],[4.204463,40.014017],[4.204465,40.014],[4.204464,40.013975],[4.204459,40.013951],[4.204457,40.013947],[4.204446,40.013931],[4.204429,40.013923],[4.204413,40.013925],[4.204395,40.013935],[4.204381,40.013948],[4.204376,40.013953],[4.204356,40.013959],[4.204344,40.013954],[4.20434,40.013949],[4.204332,40.013939],[4.204316,40.013917],[4.204295,40.013904],[4.204279,40.013905],[4.204252,40.013915],[4.204227,40.013928],[4.204211,40.013926],[4.204205,40.013918],[4.204206,40.013902],[4.204212,40.013879],[4.204215,40.013854],[4.204213,40.013829],[4.204208,40.013804],[4.204208,40.013804],[4.204205,40.01378]],[[4.208458,40.014362],[4.208457,40.014374],[4.208445,40.014397],[4.208426,40.014415],[4.208415,40.014438],[4.208405,40.014459],[4.208389,40.01447],[4.208385,40.014484],[4.208395,40.014497],[4.208394,40.014514],[4.208383,40.014524],[4.208365,40.014538],[4.208361,40.014541],[4.208354,40.014558],[4.208358,40.014576],[4.208366,40.014599],[4.208363,40.01462],[4.208372,40.014638],[4.208386,40.014643],[4.208387,40.014643],[4.208413,40.014653],[4.208424,40.014665],[4.208444,40.014682],[4.208444,40.014694],[4.208433,40.014698],[4.208403,40.014699],[4.208399,40.0147],[4.208372,40.014704],[4.208352,40.014715],[4.208352,40.014725],[4.208364,40.014746],[4.20837,40.014769],[4.208364,40.014783],[4.208353,40.014804],[4.208354,40.014824],[4.208366,40.014842],[4.208382,40.014861],[4.208387,40.014884],[4.208382,40.014908],[4.208377,40.014932],[4.208371,40.014955],[4.208367,40.014979],[4.208369,40.015002],[4.208378,40.015026],[4.20839,40.015047],[4.208397,40.015069],[4.208397,40.015092],[4.208394,40.015116],[4.208397,40.015139],[4.20841,40.015155],[4.20843,40.015167],[4.208453,40.015182],[4.208454,40.015194],[4.208444,40.015199],[4.208419,40.015212],[4.208421,40.015221],[4.208434,40.015233],[4.208452,40.015252],[4.208464,40.015275],[4.208483,40.015289],[4.208505,40.015294],[4.208535,40.015298],[4.20855,40.015291],[4.208561,40.015277],[4.208576,40.015257],[4.208597,40.01524],[4.208619,40.015233],[4.208631,40.01524],[4.208654,40.015256],[4.208669,40.015257],[4.208686,40.015249],[4.208717,40.015245],[4.208733,40.015253],[4.208738,40.015255],[4.208759,40.015265],[4.208779,40.015265],[4.208808,40.015262],[4.20882,40.015268],[4.208846,40.015281],[4.208873,40.015292],[4.208884,40.015305],[4.208893,40.015328],[4.208897,40.015351],[4.208888,40.015367],[4.208869,40.015378],[4.208853,40.015383],[4.20884,40.015387],[4.208811,40.015391],[4.208783,40.015399],[4.208774,40.01541],[4.208774,40.015426],[4.208779,40.01545],[4.208788,40.015472],[4.208801,40.015493],[4.208819,40.015503],[4.208843,40.015517],[4.208848,40.015531],[4.208854,40.015553],[4.208869,40.015569],[4.208886,40.015574],[4.208912,40.015575],[4.208916,40.015575],[4.208941,40.015583],[4.208965,40.015597],[4.208971,40.01561],[4.208965,40.015627],[4.208951,40.01564],[4.208937,40.015645],[4.208926,40.015648],[4.208896,40.015649],[4.208864,40.015651],[4.208834,40.015656],[4.208804,40.015665],[4.208779,40.015677],[4.20876,40.015695],[4.208744,40.015714],[4.208725,40.015732],[4.208711,40.015752],[4.208711,40.01577],[4.20872,40.015782],[4.20873,40.015805],[4.20874,40.015827],[4.208752,40.015849],[4.208757,40.015872],[4.20876,40.015876],[4.208771,40.015889],[4.208771,40.015904],[4.208759,40.015911],[4.208745,40.015912],[4.208742,40.015913],[4.208714,40.01592],[4.208711,40.01593],[4.208717,40.015949],[4.208714,40.01597],[4.208702,40.015976],[4.208675,40.015987],[4.208649,40.015998],[4.20863,40.016014],[4.20862,40.016036],[4.208623,40.016053],[4.208637,40.01607],[4.208633,40.016081],[4.208619,40.016086],[4.208594,40.016086],[4.208563,40.016087],[4.20855,40.016094],[4.208549,40.016105],[4.20856,40.01612],[4.208581,40.016139],[4.208596,40.016161],[4.208606,40.016184],[4.208612,40.016209],[4.208618,40.016232],[4.208633,40.01625],[4.20865,40.01627],[4.208673,40.016283],[4.20869,40.016302],[4.208692,40.016318],[4.20868,40.016321],[4.208656,40.016318],[4.208627,40.016313],[4.2086,40.016316],[4.208587,40.016326],[4.208591,40.016333],[4.208613,40.016349],[4.208633,40.016366],[4.208641,40.016384],[4.208644,40.016408],[4.208657,40.016427],[4.208676,40.016444],[4.208693,40.016464],[4.208711,40.016483],[4.208736,40.016497],[4.208755,40.016516],[4.208761,40.016535],[4.208755,40.016551],[4.208742,40.016556],[4.208725,40.016554],[4.208694,40.016549],[4.208686,40.016556],[4.208686,40.016568],[4.208698,40.016589],[4.208717,40.016608],[4.208736,40.016628],[4.208751,40.016649],[4.208764,40.016671],[4.208764,40.01669],[4.208754,40.016699],[4.208733,40.016704],[4.208704,40.01671],[4.208686,40.016722],[4.208674,40.016741],[4.208662,40.016762],[4.208654,40.016784],[4.208657,40.016806],[4.208668,40.016819],[4.208687,40.016825],[4.208716,40.016829],[4.208746,40.016839],[4.208772,40.016852],[4.208801,40.016862],[4.208834,40.016864],[4.208859,40.016859],[4.208889,40.016851],[4.20892,40.01685],[4.208951,40.016853],[4.208975,40.016864],[4.208998,40.016879],[4.20902,40.016894],[4.209039,40.016915],[4.209063,40.016934],[4.209085,40.016952],[4.209104,40.016971],[4.209123,40.016989],[4.209144,40.017006],[4.209165,40.017023],[4.209188,40.017038],[4.209213,40.017053],[4.209234,40.01707],[4.209259,40.017086],[4.209287,40.017098],[4.209288,40.017098],[4.209319,40.017109],[4.209344,40.017121],[4.209369,40.017134],[4.209394,40.017149],[4.209417,40.017163],[4.209437,40.017183],[4.209455,40.017203],[4.209478,40.017217],[4.209505,40.017231],[4.209534,40.017241],[4.20956,40.017254],[4.209582,40.01727],[4.209602,40.017288],[4.209622,40.017304],[4.209643,40.017321],[4.209663,40.017339],[4.209678,40.017359],[4.209693,40.017381],[4.20971,40.017402],[4.209728,40.01742],[4.209749,40.017437],[4.209773,40.017452],[4.209798,40.017467],[4.209826,40.01748],[4.209852,40.017492],[4.209879,40.017502],[4.209908,40.017512],[4.209936,40.01752],[4.209963,40.01753],[4.209989,40.017541],[4.210012,40.017555],[4.210031,40.01757],[4.210063,40.017598],[4.210076,40.017619],[4.210078,40.01764],[4.210088,40.017663],[4.210099,40.017683],[4.210095,40.017699],[4.210092,40.017724],[4.2101,40.017743],[4.210116,40.017753],[4.210136,40.01777],[4.21014,40.017786],[4.210143,40.017809],[4.210146,40.017831],[4.210153,40.017855],[4.210168,40.017877],[4.210185,40.017899],[4.210194,40.017921],[4.210209,40.017942],[4.210232,40.017959],[4.210251,40.017976],[4.210272,40.017994],[4.210295,40.018011],[4.210322,40.018022],[4.210338,40.018038],[4.210341,40.018048],[4.210344,40.018059],[4.210357,40.018082],[4.210377,40.018099],[4.210403,40.018108],[4.21043,40.018121],[4.210453,40.018139],[4.210477,40.018154],[4.210504,40.018161],[4.210525,40.018157],[4.210544,40.018146],[4.210554,40.018134],[4.21056,40.018126],[4.210582,40.01811],[4.210606,40.018103],[4.210628,40.018106],[4.210658,40.018114],[4.210686,40.018123],[4.210716,40.018135],[4.210744,40.018149],[4.210768,40.018163],[4.210795,40.018173],[4.210823,40.01818],[4.210851,40.018192],[4.210875,40.018209],[4.210898,40.018224],[4.210923,40.018241],[4.210941,40.018253],[4.210947,40.018257],[4.21097,40.018273],[4.210997,40.018286],[4.211023,40.018298],[4.211044,40.018314],[4.211066,40.018334],[4.211086,40.018354],[4.211104,40.018371],[4.211127,40.01839],[4.211149,40.018409],[4.211172,40.018426],[4.211197,40.018439],[4.211225,40.018445],[4.211255,40.018446],[4.211365,40.018504],[4.211398,40.018516],[4.211421,40.018522],[4.211426,40.018523],[4.211455,40.018534],[4.211467,40.018541],[4.211481,40.018549],[4.211505,40.018566],[4.211528,40.018583],[4.211549,40.018599],[4.211576,40.018615],[4.211605,40.018626],[4.211633,40.018633],[4.211663,40.018632],[4.211695,40.018628],[4.211724,40.018631],[4.211756,40.018627],[4.211766,40.018618],[4.211776,40.018596],[4.211781,40.018572],[4.211784,40.018568],[4.211793,40.01855],[4.211811,40.018539],[4.21183,40.018539],[4.211853,40.018547],[4.211879,40.018558],[4.211881,40.018561],[4.211895,40.018574],[4.211911,40.018594],[4.211932,40.018612],[4.211949,40.018613],[4.211973,40.018606],[4.211999,40.018589],[4.21201,40.018571],[4.212019,40.018549],[4.212034,40.018537],[4.212053,40.018534],[4.212078,40.01854],[4.212107,40.018552],[4.212137,40.018563],[4.212164,40.018573],[4.212193,40.018584],[4.212221,40.018594],[4.212246,40.018594],[4.212248,40.018586],[4.21224,40.018569],[4.212229,40.018547],[4.212224,40.018524],[4.212228,40.018501],[4.212233,40.018476],[4.212228,40.018453],[4.212224,40.018429],[4.212225,40.018423],[4.212228,40.018406],[4.212236,40.018382],[4.212244,40.018358],[4.212252,40.018336],[4.212261,40.018312],[4.212268,40.018288],[4.21227,40.018264],[4.212272,40.018241],[4.212284,40.018217],[4.212299,40.018197],[4.212318,40.018191],[4.212332,40.018195],[4.212358,40.018211],[4.212379,40.018228],[4.212401,40.018243],[4.212424,40.018259],[4.212448,40.018274],[4.212474,40.018289],[4.212502,40.018302],[4.21251,40.018303],[4.212532,40.018308],[4.212562,40.018305],[4.21259,40.018295],[4.212599,40.018282],[4.212599,40.018265],[4.212599,40.018262],[4.21261,40.018242],[4.212628,40.01823],[4.212655,40.01822],[4.212658,40.018218],[4.212683,40.018208],[4.212711,40.0182],[4.21274,40.018192],[4.212768,40.01818],[4.212788,40.018162],[4.212802,40.018141],[4.212802,40.018121],[4.212795,40.018099],[4.212783,40.018075],[4.212772,40.018054],[4.212759,40.018032],[4.212743,40.018012],[4.212727,40.017993],[4.21271,40.017974],[4.212692,40.017954],[4.212672,40.017936],[4.21265,40.017918],[4.21263,40.017901],[4.212609,40.017883],[4.21259,40.017864],[4.212573,40.017844],[4.212556,40.017824],[4.21254,40.017805],[4.212528,40.017783],[4.212529,40.017762],[4.212536,40.017738],[4.212541,40.017715],[4.212544,40.017691],[4.212536,40.017671],[4.21252,40.017652],[4.212506,40.017631],[4.212496,40.017609],[4.212481,40.017601],[4.212461,40.017602],[4.212433,40.01761],[4.212407,40.017623],[4.212377,40.017628],[4.212352,40.017623],[4.212323,40.017614],[4.212294,40.017606],[4.212263,40.017606],[4.212233,40.017598],[4.212206,40.017587],[4.212179,40.017585],[4.212148,40.017587],[4.212115,40.017583],[4.212086,40.017576],[4.212054,40.017571],[4.212024,40.017567],[4.211994,40.017565],[4.211965,40.01756],[4.211935,40.017556],[4.211906,40.017553],[4.211874,40.017554],[4.211871,40.017554],[4.211843,40.017555],[4.211812,40.017557],[4.211782,40.017555],[4.211751,40.01755],[4.211721,40.017546],[4.211691,40.017544],[4.211666,40.017534],[4.211641,40.01752],[4.211621,40.017503],[4.211605,40.017484],[4.211586,40.017465],[4.211572,40.017446],[4.211565,40.017426],[4.211564,40.017423],[4.211548,40.017403],[4.211549,40.017388],[4.211559,40.017376],[4.211575,40.017354],[4.211587,40.017333],[4.211602,40.017312],[4.211595,40.017303],[4.211579,40.017298],[4.211548,40.017299],[4.211518,40.017304],[4.211487,40.017304],[4.211484,40.017304],[4.211455,40.017303],[4.211427,40.017294],[4.211401,40.017283],[4.211387,40.017268],[4.211383,40.017248],[4.21139,40.017229],[4.211409,40.017211],[4.211423,40.01719],[4.211441,40.017171],[4.211459,40.017164],[4.211486,40.017162],[4.211518,40.017161],[4.211544,40.017152],[4.211569,40.017139],[4.211588,40.017122],[4.2116,40.017102],[4.211592,40.017095],[4.211567,40.017081],[4.211562,40.017069],[4.211573,40.017067],[4.211594,40.017072],[4.211617,40.017085],[4.21164,40.017101],[4.211661,40.017118],[4.211681,40.017124],[4.211703,40.017122],[4.211726,40.017111],[4.211755,40.017107],[4.211768,40.017106],[4.211785,40.017106],[4.211807,40.017098],[4.21183,40.017083],[4.211833,40.017082],[4.21186,40.01707],[4.211885,40.017056],[4.211898,40.017052],[4.211912,40.017046],[4.211923,40.017052],[4.211951,40.017064],[4.211965,40.017062],[4.211987,40.01705],[4.212003,40.017031],[4.212016,40.017011],[4.212028,40.016988],[4.212046,40.016967],[4.212065,40.01696],[4.212094,40.016955],[4.212117,40.016942],[4.212128,40.016926],[4.21213,40.016906],[4.212127,40.016881],[4.212119,40.016859],[4.212106,40.016837],[4.212088,40.016817],[4.212068,40.016798],[4.212048,40.016779],[4.212028,40.016761],[4.212008,40.016744],[4.211992,40.016723],[4.211978,40.0167],[4.211961,40.016682],[4.21194,40.016672],[4.211911,40.016663],[4.211884,40.016653],[4.211857,40.016644],[4.211841,40.01664],[4.211829,40.016636],[4.211803,40.016625],[4.21178,40.016596],[4.211786,40.016574],[4.2118,40.01656],[4.211822,40.016543],[4.21184,40.016522],[4.211857,40.016504],[4.211874,40.016499],[4.211895,40.016501],[4.211899,40.016502],[4.211925,40.016508],[4.211955,40.016508],[4.211962,40.0165],[4.211958,40.01649],[4.211943,40.01647],[4.21193,40.01645],[4.211922,40.016427],[4.211922,40.016403],[4.211932,40.016386],[4.21195,40.016368],[4.211973,40.016353],[4.211998,40.01634],[4.212018,40.01632],[4.212022,40.016304],[4.212016,40.016286],[4.211999,40.016269],[4.211982,40.016264],[4.211958,40.016266],[4.211928,40.016276],[4.211908,40.01629],[4.21189,40.01631],[4.211864,40.016325],[4.211835,40.016336],[4.211805,40.016347],[4.211776,40.016355],[4.211747,40.016366],[4.211742,40.016369],[4.211722,40.016382],[4.211702,40.0164],[4.211679,40.016406],[4.21165,40.016405],[4.211617,40.016408],[4.211593,40.016417],[4.211591,40.016428],[4.2116,40.016441],[4.211615,40.016461],[4.211609,40.016471],[4.211592,40.01648],[4.211563,40.016489],[4.211534,40.016496],[4.211501,40.016495],[4.211468,40.01649],[4.211439,40.016484],[4.211409,40.016478],[4.211375,40.016475],[4.211343,40.01647],[4.21131,40.016464],[4.21128,40.016459],[4.21125,40.016456],[4.211217,40.016455],[4.211186,40.01645],[4.211156,40.016444],[4.211127,40.016438],[4.211095,40.016434],[4.211065,40.016431],[4.211035,40.016431],[4.211003,40.016429],[4.21097,40.016425],[4.21094,40.016418],[4.21091,40.016413],[4.210877,40.016412],[4.210847,40.016412],[4.210817,40.016413],[4.210786,40.016416],[4.210757,40.016421],[4.210691,40.016432],[4.210661,40.016434],[4.21063,40.016429],[4.210601,40.016421],[4.210602,40.016413],[4.210614,40.01641],[4.210642,40.016402],[4.210669,40.016391],[4.210673,40.016387],[4.210681,40.016377],[4.210675,40.016367],[4.210658,40.016358],[4.210637,40.016355],[4.21062,40.016345],[4.210612,40.01633],[4.210598,40.016309],[4.210581,40.016301],[4.210551,40.016295],[4.210521,40.016292],[4.21049,40.016286],[4.210463,40.016274],[4.21045,40.016258],[4.210434,40.016238],[4.210408,40.016222],[4.21038,40.016212],[4.210358,40.016195],[4.210352,40.016181],[4.210353,40.016158],[4.210344,40.016144],[4.210324,40.016133],[4.210293,40.016125],[4.210267,40.016115],[4.210248,40.016098],[4.210231,40.016079],[4.210208,40.016061],[4.210181,40.016046],[4.210154,40.016034],[4.210124,40.016024],[4.210096,40.016017],[4.210064,40.016013],[4.210033,40.016011],[4.210013,40.01601],[4.210003,40.016009],[4.209976,40.015999],[4.209955,40.015983],[4.209938,40.015962],[4.209925,40.01594],[4.209911,40.015918],[4.209893,40.015899],[4.209871,40.015883],[4.209852,40.015866],[4.209851,40.01585],[4.209861,40.015837],[4.209866,40.015814],[4.209857,40.015802],[4.209833,40.015787],[4.20981,40.015773],[4.209787,40.015756],[4.20977,40.015737],[4.209756,40.015714],[4.209748,40.015691],[4.209741,40.015668],[4.209741,40.015644],[4.209748,40.015621],[4.209758,40.0156],[4.209773,40.015578],[4.209793,40.015561],[4.209811,40.015559],[4.209836,40.015563],[4.209866,40.015571],[4.209895,40.015571],[4.209925,40.015565],[4.209944,40.015561],[4.209956,40.015558],[4.209985,40.015555],[4.210015,40.01555],[4.210029,40.01554],[4.210029,40.015528],[4.210019,40.015515],[4.209995,40.0155],[4.209973,40.015485],[4.20995,40.015468],[4.209932,40.01545],[4.209931,40.015448],[4.209925,40.01543],[4.209927,40.015407],[4.209921,40.015385],[4.209915,40.015363],[4.209926,40.015356],[4.209955,40.015348],[4.209982,40.015333],[4.209996,40.015316],[4.210014,40.015309],[4.210031,40.015312],[4.210057,40.015323],[4.210089,40.015327],[4.210118,40.015322],[4.210135,40.015309],[4.210143,40.015292],[4.210155,40.01527],[4.21017,40.015265],[4.210183,40.015269],[4.210194,40.015282],[4.210211,40.015301],[4.210217,40.015302],[4.210228,40.015305],[4.210258,40.015304],[4.210286,40.015297],[4.21036,40.015278],[4.210386,40.015266],[4.210405,40.015249],[4.210401,40.01524],[4.210386,40.015229],[4.210363,40.015224],[4.210332,40.015222],[4.210302,40.015222],[4.210273,40.015227],[4.210259,40.015224],[4.210252,40.015222],[4.210255,40.015214],[4.210257,40.015213],[4.210268,40.015208],[4.210298,40.015203],[4.210328,40.015203],[4.210349,40.015196],[4.210378,40.015189],[4.210386,40.015179],[4.21038,40.01517],[4.210356,40.015154],[4.210329,40.015145],[4.210304,40.015132],[4.210292,40.015115],[4.210272,40.015098],[4.210245,40.015086],[4.210217,40.015075],[4.210193,40.015058],[4.210175,40.015039],[4.210168,40.015028],[4.210161,40.015018],[4.210152,40.014995],[4.210138,40.014974],[4.210115,40.014958],[4.210091,40.014943],[4.210069,40.014928],[4.21006,40.01491],[4.210063,40.014893],[4.210064,40.014868],[4.210057,40.014844],[4.210041,40.014824],[4.210017,40.014808],[4.209989,40.014796],[4.209964,40.014781],[4.209955,40.014764],[4.209956,40.014745],[4.209968,40.014731],[4.209988,40.014723],[4.210016,40.014712],[4.210042,40.0147],[4.210067,40.014686],[4.210069,40.014684],[4.210085,40.014667],[4.210091,40.014648],[4.210086,40.014628],[4.210073,40.014616],[4.210057,40.014613],[4.210027,40.014614],[4.209999,40.014622],[4.209979,40.014629],[4.20997,40.014633],[4.20994,40.01464],[4.209921,40.014635],[4.20991,40.014625],[4.209896,40.014604],[4.209876,40.014592],[4.20986,40.014593],[4.209831,40.014602],[4.209801,40.014611],[4.20977,40.014612],[4.20976,40.014604],[4.209758,40.014591],[4.209765,40.01457],[4.209763,40.014565],[4.209759,40.014553],[4.209743,40.014544],[4.209719,40.014539],[4.209689,40.014536],[4.209659,40.014532],[4.20963,40.014528],[4.209599,40.014523],[4.209569,40.014523],[4.209542,40.014531],[4.209513,40.014537],[4.209488,40.01455],[4.209468,40.01455],[4.209446,40.014542],[4.20943,40.014545],[4.209416,40.014556],[4.209409,40.014574],[4.209409,40.014599],[4.209406,40.014614],[4.209404,40.014622],[4.209399,40.014645],[4.209406,40.01466],[4.20942,40.01468],[4.209431,40.014702],[4.209439,40.014725],[4.209438,40.014748],[4.209427,40.014756],[4.209407,40.014759],[4.209376,40.014757],[4.209344,40.01476],[4.209322,40.014769],[4.209297,40.014783],[4.209273,40.014798],[4.209249,40.014812],[4.209222,40.014818],[4.209203,40.014814],[4.20918,40.014802],[4.209177,40.0148],[4.209156,40.014789],[4.209129,40.014775],[4.209103,40.014763],[4.209075,40.014751],[4.20905,40.014737],[4.20903,40.01472],[4.20901,40.014702],[4.208989,40.014684],[4.208972,40.014664],[4.208972,40.014662],[4.208959,40.014641],[4.208952,40.014616],[4.208951,40.014593],[4.208961,40.01457],[4.208976,40.014559],[4.209003,40.014547],[4.209032,40.014536],[4.209058,40.014524],[4.209088,40.014517],[4.209114,40.01452],[4.209142,40.014526],[4.209173,40.014529],[4.209204,40.014532],[4.209237,40.014534],[4.209242,40.014534],[4.209266,40.014531],[4.209296,40.014532],[4.209328,40.014534],[4.209353,40.014527],[4.209378,40.014514],[4.2094,40.014497],[4.209415,40.014477],[4.209414,40.014463],[4.209401,40.014445],[4.209377,40.014428],[4.20936,40.014426],[4.209328,40.014427],[4.209298,40.014426],[4.209266,40.014425],[4.209237,40.01442],[4.209211,40.014407],[4.209188,40.01439],[4.209164,40.014375],[4.209137,40.014366],[4.209107,40.014363],[4.209085,40.014369],[4.209055,40.014375],[4.209035,40.01437],[4.209022,40.014357],[4.209017,40.01434],[4.209003,40.014319],[4.208989,40.014316],[4.20896,40.014317],[4.208931,40.014321],[4.2089,40.014324],[4.208882,40.014325],[4.208868,40.014326],[4.208838,40.014322],[4.208824,40.01431],[4.208819,40.014301],[4.208811,40.014287],[4.208804,40.014264],[4.208789,40.014246],[4.208768,40.014235],[4.208737,40.014229],[4.208708,40.014221],[4.208678,40.014218],[4.208663,40.014209],[4.208646,40.014189],[4.208628,40.014169],[4.208606,40.014153],[4.20858,40.014138],[4.208553,40.01413],[4.208524,40.01412],[4.208497,40.01411],[4.208472,40.014097],[4.208461,40.014081],[4.208451,40.014059],[4.208438,40.014038],[4.208418,40.014023],[4.208392,40.01401],[4.208364,40.014001],[4.208334,40.013996],[4.208305,40.013996],[4.208276,40.014004],[4.208257,40.014018],[4.20824,40.014039],[4.208233,40.014064],[4.208232,40.014088],[4.208237,40.014111],[4.208251,40.014127],[4.208257,40.014149],[4.208253,40.014174],[4.20824,40.014194],[4.208221,40.014212],[4.208212,40.014234],[4.208213,40.014258],[4.208216,40.014281],[4.208221,40.014305],[4.208227,40.014327],[4.208242,40.014348],[4.208258,40.014354],[4.208266,40.014348],[4.208269,40.014334],[4.208269,40.01431],[4.208279,40.014291],[4.208287,40.014297],[4.20829,40.0143],[4.208303,40.014317],[4.208326,40.014329],[4.208351,40.014333],[4.208381,40.014331],[4.208413,40.014334],[4.20844,40.014346],[4.208458,40.014362]],[[4.210182,40.015869],[4.210154,40.015876],[4.210128,40.015889],[4.21013,40.015898],[4.210142,40.015909],[4.210167,40.015918],[4.210197,40.015927],[4.210225,40.015937],[4.210255,40.015946],[4.21028,40.015944],[4.210287,40.015936],[4.210281,40.015928],[4.210262,40.015911],[4.210245,40.015892],[4.210229,40.015872],[4.210211,40.015863],[4.210182,40.015869]],[[4.212369,40.015088],[4.212387,40.0151],[4.212407,40.015103],[4.212437,40.015103],[4.212468,40.015103],[4.212499,40.015102],[4.212529,40.015098],[4.212554,40.015086],[4.212562,40.015071],[4.212566,40.015047],[4.212566,40.015024],[4.21256,40.015001],[4.212547,40.014979],[4.212529,40.014969],[4.212509,40.014966],[4.212479,40.014967],[4.21245,40.01497],[4.212393,40.014994],[4.212361,40.015012],[4.212351,40.015051],[4.212357,40.015066],[4.212369,40.015088]],[[4.212971,40.014963],[4.212997,40.014979],[4.213024,40.014988],[4.213053,40.01499],[4.213082,40.014996],[4.213096,40.015008],[4.213104,40.015029],[4.213109,40.015052],[4.213109,40.015054],[4.213118,40.015076],[4.213133,40.015082],[4.213144,40.015076],[4.213155,40.015064],[4.213158,40.01506],[4.213169,40.015037],[4.213179,40.015016],[4.213196,40.014997],[4.213212,40.014977],[4.213239,40.014948],[4.213265,40.01492],[4.213265,40.01492],[4.213278,40.014899],[4.213285,40.014876],[4.213291,40.014852],[4.213286,40.014832],[4.213271,40.014818],[4.213247,40.014803],[4.213224,40.014788],[4.213201,40.014774],[4.213178,40.014744],[4.213151,40.014711],[4.213136,40.014658],[4.213122,40.014636],[4.213104,40.014616],[4.213081,40.0146],[4.213057,40.014586],[4.213032,40.014573],[4.213006,40.014557],[4.21298,40.014541],[4.212955,40.014528],[4.212929,40.014515],[4.212905,40.0145],[4.212886,40.014482],[4.212871,40.014462],[4.212852,40.014445],[4.212825,40.014433],[4.212794,40.014428],[4.212768,40.014433],[4.212741,40.014443],[4.212711,40.014453],[4.212681,40.014458],[4.212649,40.014454],[4.21262,40.014448],[4.212592,40.014439],[4.212564,40.014429],[4.212536,40.014416],[4.212512,40.0144],[4.21249,40.014382],[4.212469,40.014362],[4.21245,40.014345],[4.212422,40.014334],[4.2124,40.014335],[4.212379,40.014344],[4.212353,40.01436],[4.21233,40.014374],[4.212301,40.014389],[4.212274,40.014402],[4.212248,40.014414],[4.21222,40.014427],[4.212207,40.014436],[4.212198,40.014443],[4.212186,40.014462],[4.212187,40.014479],[4.212194,40.014502],[4.212202,40.014527],[4.21221,40.01455],[4.212223,40.014571],[4.212241,40.014589],[4.212268,40.014603],[4.212296,40.014612],[4.212324,40.01462],[4.212352,40.014632],[4.212368,40.014648],[4.212383,40.014668],[4.212385,40.014672],[4.212395,40.01469],[4.212409,40.014712],[4.212427,40.014732],[4.212449,40.014742],[4.212471,40.014742],[4.212502,40.014741],[4.212533,40.014746],[4.212549,40.014739],[4.212559,40.014735],[4.212575,40.014727],[4.212603,40.014717],[4.212632,40.01471],[4.212662,40.014711],[4.21269,40.014719],[4.212717,40.014729],[4.212745,40.014739],[4.21277,40.014755],[4.21279,40.014774],[4.212808,40.014797],[4.212821,40.014819],[4.212827,40.014833],[4.212831,40.014841],[4.212842,40.014863],[4.212854,40.014884],[4.212869,40.014904],[4.212891,40.014923],[4.212917,40.014939],[4.212936,40.014945],[4.212948,40.014949],[4.212971,40.014963]],[[4.210881,40.014748],[4.210859,40.014731],[4.210847,40.014733],[4.210818,40.01474],[4.210791,40.014738],[4.210762,40.014744],[4.210735,40.014755],[4.210708,40.014758],[4.210679,40.01476],[4.210649,40.014767],[4.210641,40.014778],[4.210644,40.014792],[4.210656,40.014805],[4.210678,40.014821],[4.210688,40.014839],[4.210694,40.014863],[4.210706,40.014883],[4.210726,40.014898],[4.210746,40.014912],[4.210776,40.014932],[4.210801,40.014944],[4.210825,40.014945],[4.210851,40.014938],[4.210875,40.014925],[4.210902,40.014912],[4.210924,40.014895],[4.210944,40.014876],[4.210964,40.014858],[4.210979,40.014838],[4.210988,40.014816],[4.210983,40.014801],[4.210968,40.014781],[4.210951,40.014775],[4.210921,40.014773],[4.210897,40.014763],[4.210881,40.014748]],[[4.210481,40.014928],[4.210476,40.014915],[4.210461,40.014903],[4.210446,40.014902],[4.210416,40.0149],[4.210405,40.014891],[4.210398,40.014873],[4.2104,40.014848],[4.210398,40.014825],[4.210386,40.014807],[4.210369,40.014799],[4.210349,40.014799],[4.210329,40.014807],[4.210298,40.014812],[4.210274,40.014808],[4.210245,40.014805],[4.210214,40.014806],[4.210212,40.014806],[4.210182,40.01481],[4.210151,40.014818],[4.210124,40.014829],[4.210114,40.014842],[4.210112,40.014859],[4.21012,40.014874],[4.210127,40.014897],[4.210143,40.014917],[4.210164,40.01493],[4.210186,40.014946],[4.210203,40.014964],[4.210217,40.014973],[4.210242,40.014986],[4.210259,40.015012],[4.21027,40.015035],[4.210271,40.015036],[4.210289,40.015052],[4.210307,40.015055],[4.210335,40.015063],[4.21036,40.015076],[4.210388,40.015088],[4.210412,40.015089],[4.210416,40.015081],[4.210409,40.015067],[4.210411,40.015049],[4.210422,40.01504],[4.210449,40.015029],[4.210474,40.015017],[4.210482,40.015002],[4.210476,40.014989],[4.210466,40.014967],[4.210469,40.01495],[4.210481,40.014928]],[[4.2169,40.003413],[4.21687,40.003418],[4.216841,40.003422],[4.216815,40.003423],[4.216796,40.003425],[4.216783,40.003446],[4.216762,40.003462],[4.216749,40.003482],[4.216756,40.003488],[4.216784,40.003498],[4.216811,40.003508],[4.216841,40.003515],[4.21687,40.003522],[4.216899,40.003528],[4.216921,40.003524],[4.216947,40.003512],[4.216967,40.003495],[4.21699,40.003479],[4.217011,40.003462],[4.217024,40.003442],[4.217016,40.003436],[4.217,40.003435],[4.216971,40.003428],[4.216945,40.003416],[4.216917,40.003409],[4.2169,40.003413]],[[4.215757,40.003102],[4.21577,40.003116],[4.215785,40.003121],[4.215807,40.003135],[4.215809,40.003148],[4.215822,40.003157],[4.215832,40.003153],[4.215841,40.003141],[4.215849,40.003118],[4.215854,40.003096],[4.215858,40.003073],[4.215867,40.003051],[4.215861,40.00304],[4.215841,40.003025],[4.21582,40.00302],[4.215803,40.003008],[4.215779,40.003001],[4.215768,40.003006],[4.21575,40.003024],[4.215748,40.003055],[4.215753,40.003079],[4.215757,40.003102]],[[4.215438,40.00302],[4.215438,40.003012],[4.215428,40.003004],[4.21539,40.002997],[4.215363,40.002987],[4.215333,40.002986],[4.215322,40.002993],[4.215319,40.003006],[4.215328,40.003008],[4.215356,40.003018],[4.215358,40.003027],[4.215372,40.003045],[4.215384,40.003046],[4.215399,40.003038],[4.215404,40.003027],[4.215415,40.003027],[4.215438,40.00302]],[[4.215732,40.00288],[4.215703,40.002884],[4.215675,40.00289],[4.215664,40.0029],[4.215665,40.002923],[4.215679,40.002944],[4.215703,40.002957],[4.215725,40.00296],[4.215745,40.002955],[4.215757,40.002944],[4.215769,40.002923],[4.215773,40.0029],[4.215766,40.00288],[4.215754,40.002878],[4.215732,40.00288]],[[4.24703,40.001297],[4.247044,40.00131],[4.247061,40.00133],[4.247078,40.001335],[4.247108,40.001337],[4.24714,40.001341],[4.247171,40.001342],[4.247201,40.001342],[4.247232,40.001343],[4.247261,40.001339],[4.247291,40.001334],[4.247321,40.001331],[4.247351,40.001325],[4.247383,40.001319],[4.247413,40.001315],[4.247444,40.001314],[4.247474,40.001317],[4.247504,40.001318],[4.247534,40.001319],[4.247563,40.001318],[4.247585,40.00131],[4.24759,40.001299],[4.247581,40.001293],[4.247554,40.001283],[4.247525,40.001275],[4.247496,40.001268],[4.247467,40.00126],[4.247439,40.00125],[4.247412,40.001241],[4.247383,40.001236],[4.247354,40.001231],[4.247323,40.001224],[4.247295,40.001216],[4.247265,40.00121],[4.247235,40.001203],[4.247206,40.001194],[4.247178,40.001188],[4.247148,40.001183],[4.247082,40.00118],[4.247051,40.001179],[4.247022,40.001176],[4.246992,40.001172],[4.246962,40.001168],[4.246931,40.001165],[4.2469,40.001162],[4.246871,40.001159],[4.246859,40.001151],[4.246856,40.001138],[4.246843,40.001126],[4.246826,40.001123],[4.246801,40.001127],[4.246802,40.001136],[4.246815,40.001157],[4.246833,40.001176],[4.246854,40.001184],[4.246884,40.001192],[4.246913,40.001196],[4.246942,40.001196],[4.246972,40.001197],[4.246997,40.001206],[4.247016,40.00122],[4.247008,40.001226],[4.246991,40.001226],[4.246962,40.001221],[4.246933,40.001216],[4.246903,40.001211],[4.246879,40.001215],[4.246872,40.001224],[4.246879,40.001233],[4.246897,40.001244],[4.246923,40.001257],[4.246948,40.001269],[4.246976,40.001278],[4.247004,40.001286],[4.24703,40.001297]],[[4.246561,40.001158],[4.24653,40.001156],[4.246518,40.001163],[4.246495,40.001178],[4.246477,40.001196],[4.246482,40.001204],[4.246494,40.001206],[4.246524,40.001208],[4.246547,40.001216],[4.246573,40.001228],[4.246587,40.001226],[4.246617,40.001223],[4.246647,40.001221],[4.246677,40.001224],[4.246692,40.001233],[4.246715,40.001249],[4.246733,40.001267],[4.246758,40.001283],[4.246785,40.001292],[4.246798,40.001288],[4.246807,40.001277],[4.246806,40.001262],[4.246794,40.001241],[4.246775,40.001223],[4.246752,40.001208],[4.246728,40.001193],[4.24672,40.001178],[4.246708,40.001158],[4.246682,40.001157],[4.246652,40.00116],[4.246621,40.00116],[4.246591,40.00116],[4.246561,40.001158]],[[4.21703,39.99998],[4.217018,39.999988],[4.217019,39.999999],[4.21702,40.000002],[4.21703,40.000016],[4.217049,40.000034],[4.217056,40.000048],[4.217053,40.000072],[4.217039,40.000091],[4.217019,40.000108],[4.217013,40.000125],[4.217015,40.000146],[4.217027,40.000162],[4.217047,40.000173],[4.217063,40.000192],[4.217064,40.000209],[4.217058,40.000231],[4.217054,40.000254],[4.217056,40.000277],[4.217069,40.000293],[4.217089,40.000304],[4.217105,40.000303],[4.217122,40.000294],[4.217133,40.000279],[4.217131,40.000262],[4.217119,40.000242],[4.217103,40.000223],[4.217105,40.000212],[4.217118,40.000207],[4.217146,40.0002],[4.21716,40.000188],[4.217166,40.000171],[4.217168,40.000148],[4.217176,40.000126],[4.217171,40.000108],[4.217158,40.000087],[4.217141,40.000067],[4.217122,40.000048],[4.217106,40.000028],[4.217091,40.000008],[4.217085,40.000002],[4.217073,39.999989],[4.217051,39.99998],[4.21703,39.99998]],[[4.233444,39.999347],[4.233466,39.999355],[4.233488,39.999353],[4.233513,39.999344],[4.233525,39.99933],[4.23353,39.99931],[4.23353,39.999287],[4.233526,39.999264],[4.233513,39.999245],[4.233498,39.999239],[4.233475,39.99924],[4.233454,39.999248],[4.233411,39.999308],[4.233424,39.99933],[4.233444,39.999347]],[[4.233185,39.999343],[4.233212,39.99933],[4.233232,39.999312],[4.233248,39.999293],[4.233254,39.99927],[4.233246,39.999257],[4.23323,39.999249],[4.233205,39.999235],[4.233192,39.999218],[4.233173,39.9992],[4.233158,39.999199],[4.233139,39.999207],[4.233083,39.999241],[4.233086,39.999264],[4.233103,39.999284],[4.233121,39.999302],[4.233119,39.999314],[4.233127,39.999332],[4.233144,39.999343],[4.233163,39.999347],[4.233185,39.999343]],[[4.233273,39.999201],[4.2333,39.999212],[4.23333,39.999216],[4.233352,39.999211],[4.23336,39.9992],[4.233363,39.99918],[4.233356,39.999163],[4.233352,39.99914],[4.233361,39.999132],[4.233379,39.999112],[4.233385,39.999091],[4.23338,39.999074],[4.233365,39.99906],[4.233342,39.999045],[4.233322,39.999043],[4.23331,39.999049],[4.233294,39.999068],[4.233283,39.99909],[4.23327,39.999094],[4.233251,39.999091],[4.233226,39.999095],[4.233214,39.999105],[4.233188,39.999167],[4.233219,39.999177],[4.233246,39.999188],[4.233273,39.999201]],[[4.233651,39.999082],[4.233634,39.999094],[4.233616,39.999113],[4.233579,39.999137],[4.233589,39.999159],[4.233596,39.999183],[4.233613,39.999203],[4.233629,39.999208],[4.233652,39.999207],[4.233682,39.999201],[4.23371,39.999192],[4.233729,39.999178],[4.233734,39.999163],[4.233732,39.999139],[4.233728,39.999114],[4.233714,39.999093],[4.233696,39.999081],[4.233672,39.999077],[4.233651,39.999082]],[[4.233516,39.999047],[4.233543,39.999055],[4.233574,39.999055],[4.23358,39.999047],[4.23358,39.999032],[4.233569,39.99901],[4.233558,39.998988],[4.233551,39.998966],[4.233538,39.998959],[4.233514,39.998956],[4.233489,39.998962],[4.233463,39.998973],[4.233445,39.99899],[4.233432,39.999011],[4.233437,39.999022],[4.233486,39.999041],[4.233516,39.999047]],[[4.233632,39.998958],[4.233642,39.998979],[4.233659,39.998999],[4.233677,39.999006],[4.233703,39.999007],[4.23372,39.998999],[4.233732,39.998984],[4.233741,39.99896],[4.233746,39.998937],[4.233744,39.998914],[4.233731,39.998901],[4.233709,39.998893],[4.233679,39.998885],[4.23365,39.99888],[4.233625,39.998884],[4.233617,39.998894],[4.233617,39.998907],[4.233632,39.998958]],[[4.233526,39.998911],[4.233554,39.998902],[4.233572,39.998887],[4.233571,39.998875],[4.23356,39.998859],[4.233539,39.998843],[4.233512,39.998833],[4.233494,39.998835],[4.233473,39.998846],[4.233456,39.998864],[4.233453,39.998893],[4.233464,39.998915],[4.233494,39.998915],[4.233526,39.998911]],[[4.23297,39.999091],[4.232961,39.999077],[4.232929,39.999065],[4.232899,39.999065],[4.23287,39.999072],[4.232857,39.999084],[4.232855,39.999097],[4.232865,39.999107],[4.232887,39.999116],[4.232914,39.999126],[4.232943,39.999129],[4.232958,39.999123],[4.232967,39.99911],[4.23297,39.999091]],[[4.224848,39.998129],[4.224818,39.998133],[4.224788,39.998136],[4.224759,39.99814],[4.224737,39.998151],[4.224717,39.998169],[4.224694,39.998186],[4.224667,39.9982],[4.224642,39.998214],[4.224619,39.998232],[4.224608,39.998252],[4.224598,39.998274],[4.224593,39.998296],[4.224585,39.998319],[4.224583,39.998343],[4.224583,39.998367],[4.224584,39.998392],[4.224586,39.998416],[4.224601,39.998438],[4.224618,39.998448],[4.224646,39.998457],[4.224663,39.998471],[4.224663,39.998483],[4.224663,39.998507],[4.224673,39.998529],[4.224691,39.998545],[4.224713,39.998562],[4.224738,39.998578],[4.224761,39.998591],[4.224789,39.9986],[4.22482,39.998603],[4.22485,39.998603],[4.224879,39.9986],[4.224912,39.998594],[4.224943,39.998585],[4.22497,39.998573],[4.224994,39.99856],[4.225018,39.998544],[4.225039,39.998528],[4.225064,39.998512],[4.225088,39.998499],[4.225115,39.998483],[4.225139,39.998466],[4.225156,39.998447],[4.225159,39.998429],[4.225156,39.998406],[4.225147,39.998384],[4.225129,39.998362],[4.225107,39.998345],[4.225085,39.998328],[4.225063,39.998309],[4.225047,39.99829],[4.225036,39.998268],[4.225025,39.998246],[4.225011,39.998225],[4.224995,39.998206],[4.224978,39.998186],[4.224967,39.998165],[4.224954,39.998145],[4.224907,39.998129],[4.224878,39.998128],[4.224848,39.998129]],[[4.227493,39.99798],[4.227523,39.997975],[4.227536,39.997966],[4.22754,39.997951],[4.227532,39.997932],[4.227514,39.997915],[4.227492,39.9979],[4.227466,39.997886],[4.227443,39.997871],[4.227423,39.997854],[4.227403,39.997835],[4.227384,39.997816],[4.227362,39.997801],[4.227334,39.997793],[4.227308,39.997794],[4.227277,39.997798],[4.22725,39.997807],[4.227232,39.997834],[4.22724,39.99786],[4.227247,39.997885],[4.227251,39.997908],[4.227258,39.997931],[4.227269,39.997952],[4.227289,39.997969],[4.227312,39.997976],[4.227341,39.997978],[4.227372,39.997978],[4.227403,39.997974],[4.227434,39.997972],[4.227464,39.997976],[4.227493,39.99798]],[[4.226942,39.997592],[4.226949,39.997653],[4.226957,39.997675],[4.226966,39.997697],[4.226979,39.997701],[4.227009,39.997703],[4.227039,39.997697],[4.22706,39.997685],[4.227077,39.997664],[4.227089,39.997644],[4.22709,39.997622],[4.227079,39.997611],[4.227056,39.997595],[4.227033,39.997579],[4.227011,39.997563],[4.226988,39.997558],[4.226972,39.997562],[4.22695,39.997576],[4.226942,39.997592]],[[4.226714,39.997578],[4.226728,39.997569],[4.226737,39.997552],[4.226736,39.997529],[4.226725,39.997511],[4.226704,39.997493],[4.22668,39.997484],[4.226652,39.997476],[4.226623,39.997472],[4.226601,39.997477],[4.226585,39.997489],[4.226584,39.997501],[4.226607,39.997551],[4.22663,39.997565],[4.226657,39.997575],[4.226686,39.997581],[4.226714,39.997578]],[[4.244946,40.000106],[4.244945,40.000118],[4.244953,40.000133],[4.24497,40.000146],[4.244997,40.000156],[4.245024,40.000165],[4.245055,40.000166],[4.245078,40.000159],[4.24509,40.000147],[4.245087,40.000138],[4.245072,40.000127],[4.244998,40.000095],[4.244968,40.000091],[4.244946,40.000106]],[[4.244898,39.999892],[4.244909,39.999913],[4.2449,39.999918],[4.24489,39.999931],[4.244898,39.999937],[4.244919,39.999943],[4.244949,39.999947],[4.244978,39.999954],[4.245005,39.999962],[4.245033,39.999972],[4.245063,39.999976],[4.245087,39.999971],[4.245112,39.99996],[4.245141,39.99995],[4.245166,39.999951],[4.245195,39.999946],[4.245189,39.999939],[4.245166,39.999928],[4.245139,39.999916],[4.245112,39.999906],[4.245086,39.999894],[4.245059,39.999883],[4.245032,39.999872],[4.245007,39.999861],[4.244982,39.999848],[4.244956,39.999836],[4.24493,39.999827],[4.24491,39.999828],[4.244908,39.999836],[4.244888,39.999871],[4.244898,39.999892]],[[4.243759,39.999743],[4.243789,39.999744],[4.243816,39.999738],[4.243841,39.999725],[4.243843,39.999715],[4.243835,39.9997],[4.243817,39.999685],[4.243793,39.999678],[4.243763,39.999675],[4.243735,39.99968],[4.243726,39.99969],[4.243723,39.999706],[4.243735,39.999729],[4.243759,39.999743]],[[4.244403,39.999505],[4.244398,39.999518],[4.2444,39.999528],[4.244424,39.999541],[4.244453,39.999543],[4.244481,39.999537],[4.244488,39.999527],[4.244483,39.999517],[4.244469,39.999512],[4.244441,39.999505],[4.244412,39.999499],[4.244403,39.999505]],[[4.274943,39.965736],[4.274976,39.965739],[4.275004,39.965747],[4.275033,39.965757],[4.27506,39.965767],[4.275087,39.965776],[4.275116,39.965785],[4.275144,39.965793],[4.275175,39.9658],[4.275197,39.965798],[4.275215,39.965786],[4.275221,39.965771],[4.275215,39.965761],[4.275193,39.965745],[4.275164,39.965734],[4.275136,39.965724],[4.275106,39.965714],[4.275078,39.965702],[4.275051,39.965691],[4.275026,39.965676],[4.275006,39.96566],[4.274982,39.965646],[4.274958,39.965633],[4.274899,39.965614],[4.27487,39.965621],[4.27485,39.965637],[4.274842,39.965655],[4.274844,39.965673],[4.274849,39.965696],[4.274865,39.965714],[4.274885,39.965724],[4.274913,39.965733],[4.274943,39.965736]],[[4.274057,39.965009],[4.27408,39.965026],[4.274108,39.965037],[4.274135,39.965047],[4.274164,39.965059],[4.274192,39.965072],[4.274219,39.965082],[4.274248,39.965089],[4.274275,39.965088],[4.274286,39.965078],[4.274285,39.965067],[4.274274,39.965057],[4.274252,39.965041],[4.274223,39.965026],[4.274195,39.965013],[4.274167,39.965002],[4.27414,39.964989],[4.274115,39.964975],[4.274089,39.964958],[4.274065,39.964944],[4.274042,39.964928],[4.274019,39.964912],[4.273996,39.964898],[4.273972,39.964883],[4.273944,39.964868],[4.273918,39.964853],[4.273893,39.964839],[4.273866,39.964824],[4.273841,39.964809],[4.273818,39.964792],[4.273795,39.964776],[4.273771,39.964762],[4.273744,39.96475],[4.273715,39.964739],[4.273685,39.964731],[4.273654,39.964727],[4.273629,39.964731],[4.273629,39.96474],[4.27364,39.964751],[4.273661,39.964768],[4.273684,39.964784],[4.273711,39.964796],[4.273737,39.964806],[4.273766,39.964815],[4.273783,39.96483],[4.273802,39.964847],[4.273856,39.964898],[4.273891,39.964905],[4.27392,39.964913],[4.273946,39.964925],[4.273968,39.96494],[4.273989,39.964957],[4.274012,39.964974],[4.274035,39.964992],[4.274057,39.965009]],[[4.262482,39.965038],[4.262473,39.96503],[4.262455,39.965023],[4.26244,39.965009],[4.262448,39.965004],[4.262447,39.964994],[4.262436,39.964988],[4.262374,39.964963],[4.262345,39.964959],[4.262316,39.96496],[4.262288,39.964967],[4.262263,39.964979],[4.262239,39.964993],[4.262237,39.965004],[4.262246,39.965019],[4.262265,39.965032],[4.262292,39.965043],[4.26232,39.965054],[4.262348,39.965065],[4.262377,39.965073],[4.262406,39.965078],[4.262436,39.965079],[4.262445,39.965071],[4.26244,39.965063],[4.26244,39.965043],[4.262449,39.965045],[4.262479,39.965047],[4.262482,39.965038]],[[4.2617,39.965038],[4.261671,39.965035],[4.261646,39.965049],[4.261638,39.965063],[4.261635,39.965086],[4.261642,39.965102],[4.26166,39.965114],[4.261685,39.965127],[4.261711,39.965139],[4.261734,39.96514],[4.261752,39.965131],[4.261774,39.965116],[4.261794,39.965098],[4.261808,39.965098],[4.261826,39.965106],[4.261855,39.965112],[4.261876,39.965107],[4.261902,39.965096],[4.261923,39.96508],[4.261924,39.965068],[4.261914,39.96506],[4.261888,39.965051],[4.26186,39.965051],[4.26183,39.965055],[4.261799,39.96506],[4.261768,39.965061],[4.261739,39.965056],[4.2617,39.965038]],[[4.273278,39.963698],[4.273305,39.963695],[4.273333,39.963686],[4.273358,39.963672],[4.273376,39.963653],[4.273393,39.963634],[4.273415,39.963619],[4.27343,39.96362],[4.273456,39.963622],[4.273459,39.963622],[4.273475,39.963616],[4.273479,39.963605],[4.273474,39.963592],[4.273473,39.96359],[4.273471,39.963567],[4.27348,39.963557],[4.273492,39.963545],[4.273499,39.963538],[4.273521,39.963523],[4.27353,39.963506],[4.273527,39.96349],[4.273519,39.963468],[4.273507,39.963447],[4.27349,39.963427],[4.273472,39.963409],[4.273454,39.96339],[4.273438,39.963371],[4.273424,39.963351],[4.273409,39.96333],[4.273396,39.963309],[4.273387,39.963288],[4.273379,39.963265],[4.273367,39.963244],[4.273353,39.963239],[4.273331,39.963239],[4.273303,39.963246],[4.273277,39.963258],[4.273253,39.963271],[4.273223,39.963306],[4.273214,39.963328],[4.273208,39.963352],[4.273207,39.96337],[4.273206,39.963376],[4.273201,39.9634],[4.273194,39.963423],[4.273188,39.963447],[4.273184,39.963464],[4.273182,39.96347],[4.273176,39.963493],[4.273169,39.963516],[4.273163,39.96354],[4.273158,39.963563],[4.273153,39.963586],[4.273139,39.963606],[4.273133,39.963629],[4.273132,39.963653],[4.273142,39.963672],[4.273159,39.963687],[4.273186,39.963698],[4.273201,39.963696],[4.273204,39.963695],[4.273231,39.963687],[4.273249,39.963692],[4.273278,39.963698]],[[4.269058,39.959853],[4.269054,39.959863],[4.269058,39.959878],[4.269074,39.959895],[4.26909,39.959915],[4.269102,39.959937],[4.269113,39.959959],[4.269126,39.95998],[4.269145,39.959998],[4.269157,39.959996],[4.269169,39.959987],[4.269194,39.959974],[4.269214,39.959974],[4.269239,39.959965],[4.269236,39.959957],[4.269221,39.959946],[4.269199,39.959929],[4.269189,39.95991],[4.269176,39.959889],[4.26916,39.959881],[4.269127,39.959865],[4.269099,39.959856],[4.269072,39.959848],[4.269058,39.959853]],[[4.270323,39.958303],[4.270313,39.958315],[4.270316,39.958327],[4.270321,39.958333],[4.27033,39.958348],[4.270351,39.958361],[4.270369,39.958361],[4.270394,39.958369],[4.270417,39.958385],[4.270445,39.958395],[4.270473,39.958403],[4.270505,39.958404],[4.270534,39.9584],[4.270551,39.95839],[4.270548,39.958382],[4.270535,39.958377],[4.270506,39.958371],[4.270477,39.958364],[4.270436,39.958345],[4.270408,39.958337],[4.2704,39.958333],[4.270382,39.958325],[4.27036,39.95831],[4.270334,39.958299],[4.270323,39.958303]],[[4.279757,39.951245],[4.279784,39.951259],[4.279814,39.951269],[4.279844,39.951277],[4.279875,39.951285],[4.279904,39.951294],[4.279933,39.951302],[4.279962,39.951313],[4.27999,39.951324],[4.280021,39.951331],[4.280053,39.951338],[4.280083,39.951345],[4.280115,39.951347],[4.280145,39.951348],[4.280177,39.951347],[4.280207,39.951346],[4.280237,39.951344],[4.280268,39.951339],[4.280297,39.95133],[4.280323,39.951317],[4.280347,39.951302],[4.280373,39.951297],[4.280403,39.951297],[4.280427,39.95129],[4.280444,39.951277],[4.28045,39.951259],[4.280455,39.951235],[4.280467,39.951223],[4.280489,39.951207],[4.280512,39.951202],[4.280524,39.951208],[4.280546,39.951226],[4.280562,39.951245],[4.280582,39.951262],[4.280599,39.951266],[4.280629,39.951264],[4.280652,39.951255],[4.280668,39.951239],[4.280668,39.951225],[4.280659,39.951203],[4.280647,39.951182],[4.280632,39.951161],[4.280623,39.951138],[4.280619,39.951115],[4.280615,39.951093],[4.280611,39.95107],[4.280609,39.951047],[4.280617,39.951027],[4.280633,39.951012],[4.280646,39.950992],[4.280649,39.95097],[4.280655,39.950947],[4.280647,39.950932],[4.280629,39.950916],[4.280605,39.950903],[4.280578,39.950893],[4.280551,39.950883],[4.280523,39.950872],[4.280497,39.950859],[4.280469,39.950851],[4.28044,39.950843],[4.280412,39.950836],[4.280383,39.950829],[4.280354,39.950825],[4.280326,39.950817],[4.280301,39.950806],[4.280272,39.950802],[4.280259,39.950793],[4.280264,39.950786],[4.280283,39.950777],[4.280311,39.950772],[4.280341,39.950775],[4.28037,39.950779],[4.280397,39.95079],[4.280413,39.950805],[4.280439,39.950816],[4.28047,39.950821],[4.2805,39.950822],[4.28051,39.950815],[4.280519,39.950798],[4.280514,39.950785],[4.280498,39.950765],[4.280478,39.950746],[4.280461,39.950728],[4.280446,39.950707],[4.280438,39.950685],[4.280441,39.950661],[4.280445,39.950638],[4.28044,39.950614],[4.28043,39.950591],[4.28042,39.95057],[4.28041,39.950548],[4.280411,39.95053],[4.28041,39.950506],[4.280398,39.950492],[4.28038,39.950485],[4.280354,39.950484],[4.28033,39.95049],[4.2803,39.950496],[4.280275,39.950492],[4.280247,39.950483],[4.280219,39.950475],[4.280191,39.950467],[4.280162,39.950458],[4.28014,39.950443],[4.280121,39.950425],[4.280108,39.950404],[4.280087,39.950389],[4.28006,39.950381],[4.280032,39.950374],[4.280013,39.950361],[4.280018,39.950354],[4.280031,39.950353],[4.280062,39.950348],[4.280075,39.950338],[4.280084,39.950322],[4.280088,39.950299],[4.28008,39.950286],[4.28008,39.950268],[4.280091,39.950261],[4.280117,39.950251],[4.280131,39.950236],[4.280126,39.950228],[4.280108,39.950216],[4.280083,39.950203],[4.280059,39.950189],[4.280035,39.950174],[4.280011,39.95016],[4.279983,39.950153],[4.279969,39.950157],[4.279949,39.950155],[4.279835,39.950127],[4.279807,39.950121],[4.279777,39.950118],[4.279763,39.950124],[4.279756,39.950136],[4.279756,39.950158],[4.279752,39.950181],[4.279746,39.950203],[4.279752,39.950222],[4.279754,39.950245],[4.279753,39.950268],[4.279742,39.950289],[4.279728,39.950294],[4.279721,39.950306],[4.279723,39.950323],[4.279712,39.950338],[4.27969,39.950352],[4.279664,39.950366],[4.279635,39.950376],[4.279614,39.950392],[4.279608,39.950408],[4.27961,39.950431],[4.279618,39.950454],[4.279629,39.950475],[4.279638,39.950497],[4.279633,39.950512],[4.279618,39.950527],[4.279597,39.950536],[4.279568,39.950541],[4.279538,39.950542],[4.279509,39.95055],[4.279499,39.950562],[4.279486,39.950583],[4.279466,39.950602],[4.279446,39.950619],[4.279435,39.950641],[4.279436,39.950662],[4.279434,39.950685],[4.279437,39.950709],[4.27945,39.950728],[4.279465,39.950749],[4.279484,39.950768],[4.279503,39.950786],[4.279506,39.950802],[4.279497,39.950814],[4.27948,39.950833],[4.279482,39.950846],[4.279489,39.950868],[4.279482,39.950881],[4.279474,39.950903],[4.27948,39.950915],[4.279498,39.950929],[4.279527,39.950941],[4.279554,39.950952],[4.279571,39.950968],[4.279573,39.950983],[4.279569,39.951008],[4.279573,39.951031],[4.279584,39.951053],[4.279592,39.951077],[4.279605,39.951098],[4.279619,39.951118],[4.279636,39.951137],[4.279656,39.951157],[4.279675,39.951174],[4.279695,39.951192],[4.279717,39.95121],[4.279735,39.95123],[4.279757,39.951245]],[[4.280474,39.95015],[4.280505,39.950153],[4.280536,39.950154],[4.280562,39.950148],[4.280588,39.950135],[4.280611,39.95012],[4.280635,39.950107],[4.280655,39.950089],[4.280664,39.95007],[4.280658,39.950059],[4.280638,39.950046],[4.280612,39.95004],[4.280581,39.95004],[4.280549,39.950042],[4.280519,39.950041],[4.280502,39.950032],[4.280495,39.950019],[4.280488,39.949996],[4.280492,39.949977],[4.280504,39.949972],[4.280534,39.949963],[4.280565,39.949959],[4.280597,39.949955],[4.280626,39.949947],[4.280651,39.949934],[4.280669,39.949916],[4.280685,39.949896],[4.280696,39.949874],[4.280705,39.949851],[4.280723,39.949832],[4.28074,39.949813],[4.280736,39.949804],[4.280723,39.949799],[4.280697,39.949797],[4.280666,39.9498],[4.280636,39.949798],[4.280625,39.949789],[4.280624,39.949777],[4.280634,39.949766],[4.280653,39.949758],[4.280678,39.949744],[4.280699,39.949728],[4.280718,39.949711],[4.280727,39.949689],[4.280722,39.949672],[4.280711,39.949651],[4.280692,39.949632],[4.280665,39.949619],[4.280636,39.949611],[4.280606,39.949605],[4.280576,39.949599],[4.280548,39.949591],[4.28052,39.949582],[4.280495,39.949567],[4.280477,39.949548],[4.280478,39.949537],[4.280489,39.949532],[4.280512,39.94953],[4.280542,39.949523],[4.280559,39.94951],[4.280564,39.949496],[4.280557,39.949486],[4.280535,39.94947],[4.280515,39.949454],[4.280495,39.949437],[4.280472,39.949428],[4.280443,39.949423],[4.280412,39.949418],[4.280382,39.949414],[4.280351,39.94941],[4.280322,39.949406],[4.280291,39.949403],[4.280262,39.949402],[4.280232,39.9494],[4.280204,39.949392],[4.280201,39.949381],[4.28021,39.949376],[4.280237,39.949364],[4.280267,39.949355],[4.280297,39.949347],[4.280325,39.949341],[4.280357,39.949335],[4.280387,39.949328],[4.280411,39.949314],[4.280411,39.949303],[4.280402,39.949288],[4.280381,39.949273],[4.280356,39.94926],[4.280328,39.949254],[4.280313,39.949242],[4.280313,39.949232],[4.280322,39.94921],[4.280323,39.949186],[4.280316,39.949164],[4.280301,39.949152],[4.280282,39.949135],[4.280266,39.949115],[4.280248,39.949109],[4.280218,39.949102],[4.280186,39.949097],[4.280153,39.949093],[4.280121,39.949089],[4.280092,39.949086],[4.280061,39.949086],[4.280029,39.949085],[4.279998,39.949087],[4.279967,39.949088],[4.279937,39.94909],[4.2799,39.9491],[4.279871,39.949103],[4.27984,39.949104],[4.27981,39.949102],[4.27978,39.949099],[4.27975,39.949094],[4.27972,39.949092],[4.279691,39.949092],[4.27966,39.949091],[4.279628,39.949089],[4.279595,39.949088],[4.279565,39.949084],[4.279535,39.94908],[4.279505,39.949078],[4.279474,39.949076],[4.279445,39.949078],[4.279415,39.949087],[4.279389,39.949099],[4.279371,39.949118],[4.27935,39.949135],[4.27933,39.949154],[4.279311,39.949172],[4.27929,39.949188],[4.279287,39.949202],[4.279291,39.949223],[4.279304,39.949246],[4.279314,39.949267],[4.279322,39.949291],[4.279329,39.949316],[4.279331,39.949341],[4.279332,39.949364],[4.27934,39.949387],[4.279353,39.949409],[4.279365,39.949431],[4.279378,39.949452],[4.279393,39.949474],[4.279413,39.949493],[4.279436,39.94951],[4.279459,39.949526],[4.279473,39.949548],[4.279475,39.949569],[4.279488,39.949585],[4.279506,39.949604],[4.279527,39.949621],[4.279548,39.949638],[4.279569,39.949655],[4.279591,39.94967],[4.279612,39.949688],[4.279632,39.949705],[4.279645,39.949726],[4.27965,39.949749],[4.279664,39.949761],[4.279688,39.949769],[4.27971,39.949786],[4.279713,39.949799],[4.279707,39.949815],[4.279709,39.949836],[4.279722,39.94985],[4.279725,39.949867],[4.279715,39.949873],[4.279689,39.949878],[4.279658,39.94988],[4.279636,39.94989],[4.279634,39.9499],[4.279641,39.949914],[4.279661,39.949933],[4.279684,39.949948],[4.279712,39.949957],[4.279741,39.949959],[4.279773,39.94996],[4.279802,39.949958],[4.279831,39.949954],[4.27986,39.949946],[4.279884,39.949933],[4.279894,39.949917],[4.279896,39.949898],[4.279886,39.949885],[4.279868,39.949876],[4.279843,39.949864],[4.27982,39.949848],[4.279815,39.949833],[4.279823,39.949827],[4.279842,39.949826],[4.279867,39.949832],[4.279893,39.949845],[4.279915,39.949861],[4.279938,39.949878],[4.27996,39.949895],[4.279985,39.949908],[4.280011,39.94992],[4.280037,39.949933],[4.280059,39.949949],[4.280075,39.949968],[4.280083,39.94999],[4.280098,39.950001],[4.280122,39.950016],[4.280146,39.950031],[4.280174,39.950042],[4.280201,39.950051],[4.280229,39.950059],[4.280257,39.950065],[4.280285,39.950076],[4.280307,39.950092],[4.280329,39.95011],[4.280355,39.950124],[4.280384,39.950135],[4.280415,39.950141],[4.280445,39.950146],[4.280474,39.95015]],[[4.278135,39.951237],[4.278165,39.951233],[4.278195,39.951229],[4.278226,39.951225],[4.278255,39.95122],[4.278281,39.951208],[4.278288,39.951195],[4.278285,39.951182],[4.27827,39.951169],[4.278246,39.951155],[4.278218,39.951145],[4.278189,39.951137],[4.278163,39.951127],[4.278137,39.951115],[4.278113,39.951112],[4.278082,39.951112],[4.278051,39.951111],[4.278021,39.951109],[4.277997,39.951116],[4.277987,39.951126],[4.277968,39.951145],[4.277954,39.951165],[4.277957,39.951177],[4.277973,39.951197],[4.277986,39.951211],[4.278016,39.951227],[4.278044,39.951233],[4.278074,39.951239],[4.278104,39.951239],[4.278135,39.951237]],[[4.278732,39.947616],[4.278703,39.947617],[4.278675,39.947625],[4.278671,39.947635],[4.278679,39.947642],[4.278704,39.947653],[4.278731,39.947663],[4.278761,39.947676],[4.27879,39.947684],[4.27882,39.94769],[4.278849,39.94769],[4.278871,39.947682],[4.278887,39.947667],[4.278886,39.947656],[4.278874,39.947641],[4.278852,39.94763],[4.278824,39.947621],[4.278794,39.947615],[4.278764,39.947615],[4.278732,39.947616]],[[4.280365,39.946975],[4.280394,39.946981],[4.280426,39.946985],[4.280454,39.946991],[4.280483,39.946997],[4.280513,39.947004],[4.280543,39.947011],[4.280573,39.947012],[4.280591,39.947004],[4.280604,39.94699],[4.280602,39.946978],[4.280591,39.946969],[4.280565,39.94696],[4.280536,39.946954],[4.280505,39.94695],[4.280474,39.946946],[4.280443,39.946943],[4.280413,39.946937],[4.280391,39.946924],[4.280392,39.946913],[4.280404,39.946906],[4.28043,39.946895],[4.280457,39.946884],[4.280482,39.946871],[4.280481,39.946862],[4.280469,39.946858],[4.28044,39.946852],[4.28041,39.946848],[4.280394,39.946838],[4.280402,39.946834],[4.28042,39.946814],[4.280429,39.946791],[4.280425,39.946774],[4.280413,39.946766],[4.280394,39.946764],[4.280368,39.94677],[4.280342,39.94678],[4.280314,39.946788],[4.280289,39.946788],[4.280221,39.946788],[4.280193,39.946794],[4.280162,39.946795],[4.280141,39.946788],[4.280116,39.946775],[4.280092,39.946772],[4.280082,39.946778],[4.280081,39.946789],[4.280091,39.946799],[4.280113,39.946814],[4.280138,39.946827],[4.280147,39.946842],[4.280153,39.946865],[4.280165,39.946871],[4.280194,39.946881],[4.28022,39.946892],[4.280243,39.946907],[4.280265,39.946922],[4.280289,39.946938],[4.280314,39.946951],[4.280339,39.946965],[4.280365,39.946975]],[[4.283344,39.959095],[4.283355,39.959074],[4.28335,39.959042],[4.283342,39.958996],[4.283318,39.958954],[4.283289,39.958942],[4.28323,39.958929],[4.283171,39.958918],[4.28311,39.95891],[4.283049,39.958901],[4.282988,39.958892],[4.282938,39.958903],[4.282927,39.958923],[4.282928,39.958961],[4.282959,39.959007],[4.282963,39.959016],[4.282973,39.959036],[4.28298,39.95905],[4.282986,39.959092],[4.282997,39.959103],[4.283046,39.95911],[4.283105,39.959105],[4.283124,39.959105],[4.283168,39.959105],[4.283227,39.959108],[4.283262,39.959109],[4.283286,39.95911],[4.283344,39.959095]]]]},"properties":{"featureId":"enp-es530004-parc-natural-de-s-albufera-des-grau--parc-natural--mari--01","zoneId":"enp-es530004-parc-natural-de-s-albufera-des-grau--parc-natural--mari","fuente":"espacios-naturales","fuenteTitulo":"Espacios naturales protegidos (ámbito marino)","nombre":"Parc Natural de s'Albufera des Grau","proteccion":"Parc natural","competencia":null,"isla":"menorca","areaKm2":17.4244,"normas":[{"titulo":"Decret 51/2003, de 16 de maig, d'ampliació del Parc natural de s'Albufera des Grau i de declaració de les reserves naturals de les illes des Porros, s'Estany, la bassa de Morella, es Prat i l'illa den Colom","fecha":"2003-05-16","url":"https://www.caib.es/sites/espaisnaturalsprotegits/ca/parc_natural_de_salbufera_des_grau-21725/archivopub.do?ctrl=MCRST34ZI79442&id=79442","tipo":"creacion","origen":"ideib"}],"objectIdOrigen":18,"ambito":"Marí","codigo":"ES530004"}},{"type":"Feature","geometry":{"type":"Polygon","coordinates":[[[4.203526,40.009402],[4.203554,40.00939],[4.203582,40.009378],[4.20361,40.009365],[4.203637,40.009353],[4.203666,40.009343],[4.203695,40.009332],[4.20372,40.009316],[4.203742,40.009299],[4.203763,40.009281],[4.203785,40.009264],[4.203809,40.009246],[4.203833,40.009231],[4.203858,40.009218],[4.203887,40.009207],[4.203916,40.009197],[4.203942,40.009186],[4.203967,40.009174],[4.203995,40.00916],[4.204018,40.009144],[4.20404,40.009128],[4.204063,40.009111],[4.204086,40.009093],[4.204107,40.009076],[4.204127,40.009057],[4.20415,40.00904],[4.204174,40.009026],[4.204201,40.009016],[4.204226,40.009004],[4.204248,40.008988],[4.204267,40.008968],[4.204282,40.008949],[4.204298,40.008929],[4.204316,40.008911],[4.204341,40.008898],[4.204354,40.008881],[4.204349,40.008871],[4.204349,40.008848],[4.20436,40.008839],[4.204378,40.00882],[4.204387,40.008797],[4.204394,40.008775],[4.204402,40.008752],[4.204413,40.008731],[4.20443,40.008712],[4.204448,40.008694],[4.20446,40.008673],[4.204466,40.008649],[4.204468,40.008625],[4.204478,40.008603],[4.20449,40.008581],[4.2045,40.008559],[4.204506,40.008535],[4.204499,40.00852],[4.204482,40.008501],[4.204468,40.008481],[4.204461,40.008457],[4.204459,40.008432],[4.204457,40.008408],[4.204454,40.008382],[4.204451,40.008359],[4.204449,40.008334],[4.204447,40.008304],[4.204447,40.00828],[4.20445,40.008256],[4.204455,40.008231],[4.204461,40.008208],[4.204468,40.008184],[4.204476,40.008159],[4.204484,40.008135],[4.204492,40.008112],[4.204499,40.00809],[4.204507,40.008067],[4.204515,40.008043],[4.204524,40.008019],[4.204533,40.007994],[4.204542,40.007971],[4.204551,40.007945],[4.204558,40.007921],[4.204568,40.007897],[4.204576,40.007874],[4.204587,40.007849],[4.204597,40.007826],[4.204606,40.007803],[4.204615,40.007778],[4.204622,40.007754],[4.204629,40.00773],[4.204636,40.007705],[4.204642,40.007683],[4.204648,40.007659],[4.204655,40.007636],[4.204661,40.007611],[4.204666,40.007587],[4.204669,40.007565],[4.204673,40.007542],[4.204678,40.007519],[4.204685,40.007495],[4.204697,40.007474],[4.204714,40.007455],[4.204736,40.007439],[4.204764,40.007429],[4.204793,40.00742],[4.204802,40.007408],[4.204801,40.007395],[4.20479,40.007374],[4.204794,40.007359],[4.204808,40.007339],[4.204825,40.007331],[4.20484,40.007334],[4.204858,40.007328],[4.204865,40.007317],[4.204869,40.007294],[4.204876,40.007271],[4.204886,40.007249],[4.204894,40.007226],[4.204902,40.007202],[4.204911,40.007181],[4.204922,40.007159],[4.204933,40.007138],[4.204945,40.007117],[4.204952,40.007094],[4.204946,40.00708],[4.20493,40.00706],[4.204924,40.007038],[4.204924,40.007012],[4.204928,40.006989],[4.20494,40.006968],[4.204957,40.006949],[4.204961,40.00693],[4.204955,40.006907],[4.204946,40.006884],[4.204942,40.006861],[4.204942,40.006838],[4.204947,40.006814],[4.204958,40.006791],[4.204969,40.006769],[4.20498,40.006747],[4.204991,40.006725],[4.205002,40.006703],[4.205007,40.006681],[4.205007,40.006657],[4.205002,40.006634],[4.204994,40.00661],[4.204986,40.006588],[4.204981,40.006565],[4.204982,40.006541],[4.204987,40.006518],[4.204997,40.006494],[4.205012,40.006472],[4.20503,40.006454],[4.205052,40.006437],[4.205076,40.00642],[4.2051,40.006405],[4.205123,40.006388],[4.205147,40.006374],[4.205171,40.006359],[4.205195,40.006345],[4.20522,40.00633],[4.205245,40.006314],[4.205269,40.006297],[4.205292,40.006279],[4.205314,40.006263],[4.205338,40.006246],[4.20536,40.00623],[4.205383,40.006212],[4.205403,40.006194],[4.205421,40.006173],[4.205437,40.006153],[4.205451,40.006133],[4.205465,40.006111],[4.205479,40.006089],[4.205493,40.006069],[4.205507,40.006049],[4.205521,40.006029],[4.205534,40.006009],[4.205548,40.005988],[4.205561,40.005966],[4.205575,40.005945],[4.205588,40.005924],[4.205601,40.005903],[4.205614,40.005882],[4.205629,40.005859],[4.205643,40.005838],[4.205657,40.005817],[4.205669,40.005796],[4.205682,40.005775],[4.205695,40.005753],[4.205709,40.005733],[4.205724,40.005711],[4.205739,40.005688],[4.205753,40.005665],[4.205769,40.005644],[4.205784,40.005623],[4.2058,40.005601],[4.205817,40.00558],[4.205834,40.005558],[4.205849,40.005537],[4.205864,40.005515],[4.205879,40.005494],[4.205895,40.005474],[4.205912,40.005454],[4.205932,40.005437],[4.205951,40.005434],[4.205975,40.005439],[4.206005,40.005443],[4.206035,40.005446],[4.206065,40.005449],[4.206096,40.005452],[4.206128,40.005454],[4.206159,40.005456],[4.20619,40.005459],[4.20622,40.005462],[4.206251,40.005465],[4.20628,40.005468],[4.20631,40.005471],[4.206341,40.005472],[4.206372,40.005474],[4.206402,40.005476],[4.206433,40.00548],[4.206465,40.005487],[4.206492,40.005496],[4.206522,40.005506],[4.206554,40.005515],[4.206582,40.005524],[4.206612,40.005532],[4.20664,40.005541],[4.20667,40.00555],[4.206698,40.005558],[4.206726,40.005568],[4.206753,40.00558],[4.206779,40.005592],[4.206805,40.005606],[4.206825,40.005626],[4.20684,40.005647],[4.206851,40.005668],[4.206855,40.005691],[4.206856,40.005714],[4.206853,40.005739],[4.206847,40.005763],[4.206843,40.005786],[4.206842,40.00581],[4.206844,40.005832],[4.206849,40.005856],[4.206851,40.005879],[4.206849,40.005902],[4.206845,40.005927],[4.206839,40.005949],[4.206832,40.005974],[4.206825,40.005997],[4.206814,40.006021],[4.206802,40.006044],[4.206789,40.006067],[4.206776,40.006087],[4.206762,40.006108],[4.20675,40.006131],[4.206739,40.006154],[4.206727,40.006177],[4.206711,40.006196],[4.206692,40.006214],[4.206673,40.006233],[4.206662,40.006254],[4.206655,40.006277],[4.206654,40.006299],[4.206657,40.006322],[4.206663,40.006345],[4.206673,40.006368],[4.206684,40.00639],[4.206696,40.006413],[4.206712,40.006434],[4.20673,40.006452],[4.206755,40.006465],[4.206784,40.006473],[4.206816,40.006478],[4.206845,40.006479],[4.206876,40.006478],[4.206906,40.00648],[4.206939,40.006484],[4.20697,40.006488],[4.207,40.006492],[4.20703,40.006496],[4.20706,40.006499],[4.20709,40.006503],[4.207119,40.006507],[4.20715,40.006514],[4.207178,40.006521],[4.207207,40.006529],[4.207236,40.006539],[4.207263,40.006548],[4.207291,40.006556],[4.207321,40.006563],[4.207348,40.006573],[4.207373,40.006587],[4.207384,40.006603],[4.207381,40.006614],[4.207366,40.006628],[4.207367,40.00664],[4.207358,40.006658],[4.207358,40.006681],[4.207368,40.006684],[4.207388,40.006684],[4.207408,40.006675],[4.20743,40.00666],[4.207445,40.006661],[4.207472,40.00667],[4.207494,40.006686],[4.20751,40.006705],[4.207527,40.006725],[4.207547,40.006745],[4.207567,40.006762],[4.207592,40.006778],[4.207617,40.006791],[4.207643,40.006803],[4.20767,40.006813],[4.2077,40.006822],[4.207727,40.006832],[4.207754,40.006841],[4.207782,40.006851],[4.207812,40.006862],[4.207842,40.006872],[4.207869,40.006882],[4.207871,40.006882],[4.2079,40.006894],[4.207928,40.006904],[4.207956,40.006915],[4.207987,40.006925],[4.208016,40.006935],[4.208043,40.006946],[4.20807,40.006957],[4.2081,40.006967],[4.208129,40.006975],[4.208158,40.006983],[4.208165,40.006984],[4.208188,40.006989],[4.20822,40.006995],[4.208252,40.006998],[4.208266,40.006997],[4.208282,40.006997],[4.208313,40.006995],[4.208344,40.006998],[4.208372,40.007006],[4.208402,40.007016],[4.208431,40.007027],[4.208458,40.007039],[4.208472,40.007047],[4.208483,40.007053],[4.208506,40.007068],[4.208528,40.007083],[4.208549,40.007099],[4.208571,40.007117],[4.208594,40.007135],[4.208614,40.007152],[4.208636,40.007169],[4.208658,40.007187],[4.208678,40.007205],[4.208698,40.007223],[4.208718,40.007241],[4.208737,40.00726],[4.208755,40.00728],[4.208768,40.007302],[4.208777,40.007324],[4.208789,40.007348],[4.208802,40.007369],[4.208806,40.007377],[4.208814,40.007391],[4.208824,40.007415],[4.208833,40.007437],[4.208838,40.007461],[4.208841,40.007485],[4.208843,40.00751],[4.208843,40.007512],[4.208844,40.007526],[4.208844,40.007534],[4.208845,40.007559],[4.208843,40.007584],[4.208838,40.007609],[4.20883,40.007633],[4.208825,40.007639],[4.208788,40.007674],[4.208767,40.007682],[4.208742,40.007695],[4.208692,40.007773],[4.20868,40.007818],[4.208653,40.007856],[4.208624,40.007884],[4.2086,40.007899],[4.208572,40.007911],[4.208543,40.007922],[4.208514,40.007932],[4.208484,40.00794],[4.208454,40.00795],[4.208428,40.007962],[4.208404,40.007979],[4.208384,40.007996],[4.208362,40.008015],[4.208341,40.008036],[4.208323,40.008054],[4.208302,40.00807],[4.208286,40.008089],[4.208277,40.008114],[4.208262,40.008135],[4.208243,40.008154],[4.208226,40.008172],[4.208209,40.008191],[4.208189,40.00821],[4.208167,40.008229],[4.208147,40.008247],[4.208124,40.008265],[4.208102,40.008281],[4.208081,40.008296],[4.208056,40.008312],[4.208032,40.00833],[4.208009,40.008347],[4.207986,40.008362],[4.207961,40.008378],[4.207932,40.008394],[4.207904,40.008408],[4.207875,40.00842],[4.207848,40.008431],[4.20782,40.008441],[4.207791,40.00845],[4.207763,40.008458],[4.207733,40.008465],[4.207705,40.008474],[4.207676,40.008486],[4.207651,40.008501],[4.207625,40.008514],[4.207598,40.008527],[4.207569,40.008542],[4.207539,40.008554],[4.207511,40.008566],[4.207483,40.008576],[4.207456,40.008584],[4.207426,40.008594],[4.207394,40.008605],[4.207364,40.008615],[4.207334,40.008622],[4.207303,40.008628],[4.207271,40.008635],[4.20724,40.008642],[4.20721,40.008648],[4.207179,40.008655],[4.207146,40.008662],[4.207115,40.008669],[4.207082,40.008678],[4.207053,40.008685],[4.207024,40.008693],[4.206993,40.008702],[4.206961,40.00871],[4.206931,40.008713],[4.206896,40.008715],[4.206862,40.008716],[4.206831,40.008721],[4.206801,40.008728],[4.206772,40.008736],[4.206746,40.008747],[4.206716,40.008759],[4.206689,40.00877],[4.206659,40.008781],[4.20663,40.008791],[4.2066,40.0088],[4.206569,40.008809],[4.206538,40.008815],[4.206508,40.008816],[4.206475,40.008815],[4.206442,40.008815],[4.20641,40.008817],[4.206377,40.008817],[4.206349,40.00881],[4.206349,40.008801],[4.206361,40.008789],[4.206388,40.008775],[4.206415,40.008764],[4.206442,40.008753],[4.206471,40.008741],[4.2065,40.008728],[4.206527,40.008718],[4.206554,40.008706],[4.206582,40.008693],[4.206608,40.008682],[4.206637,40.008671],[4.206664,40.00866],[4.206692,40.008648],[4.206718,40.008635],[4.206739,40.008619],[4.206747,40.008601],[4.206748,40.008577],[4.206739,40.008557],[4.206721,40.008543],[4.206703,40.008524],[4.2067,40.008505],[4.206702,40.008479],[4.2067,40.008454],[4.20669,40.008431],[4.206672,40.008417],[4.206651,40.008411],[4.20662,40.008405],[4.206588,40.008397],[4.206555,40.008389],[4.206526,40.008382],[4.206493,40.008376],[4.206462,40.00837],[4.20643,40.008366],[4.2064,40.008364],[4.20637,40.008363],[4.206338,40.008364],[4.206309,40.008373],[4.206285,40.008387],[4.206265,40.008404],[4.206242,40.008422],[4.206223,40.008441],[4.206201,40.008461],[4.206183,40.008481],[4.206167,40.008501],[4.206151,40.008524],[4.206138,40.008545],[4.206123,40.008567],[4.206109,40.008591],[4.206097,40.008612],[4.206087,40.008634],[4.206077,40.008658],[4.206069,40.008683],[4.206061,40.008709],[4.206052,40.008731],[4.206041,40.008756],[4.206032,40.008777],[4.20602,40.008799],[4.206007,40.008822],[4.205991,40.008843],[4.205972,40.008864],[4.205953,40.008883],[4.205932,40.0089],[4.205911,40.008919],[4.205889,40.008941],[4.20587,40.00896],[4.20585,40.008981],[4.205829,40.009001],[4.205807,40.009023],[4.205788,40.00904],[4.205767,40.009061],[4.205749,40.009081],[4.20573,40.009102],[4.205711,40.009123],[4.20569,40.009144],[4.20567,40.009164],[4.205651,40.009185],[4.20563,40.009205],[4.205609,40.009224],[4.20559,40.009244],[4.205573,40.009264],[4.205557,40.009285],[4.205541,40.009308],[4.205528,40.009332],[4.205519,40.009353],[4.205513,40.009377],[4.205508,40.009403],[4.205503,40.009429],[4.2055,40.009452],[4.205495,40.009476],[4.20549,40.009501],[4.205482,40.009525],[4.205476,40.00955],[4.205469,40.009575],[4.205463,40.0096],[4.205457,40.009622],[4.20545,40.009644],[4.205448,40.00967],[4.205447,40.009695],[4.205447,40.009712],[4.203526,40.009402]]]},"properties":{"featureId":"enp-es530014-reserves-naturals-de-les-illes-des-porros-s-estany-la-bassa-de-morella-es-prat-i-l-illa-d-en-colom--reserva-natural--mari--01","zoneId":"enp-es530014-reserves-naturals-de-les-illes-des-porros-s-estany-la-bassa-de-morella-es-prat-i-l-illa-d-en-colom--reserva-natural--mari","fuente":"espacios-naturales","fuenteTitulo":"Espacios naturales protegidos (ámbito marino)","nombre":"Reserves Naturals de les illes des Porros, s'Estany, la Bassa de Morella, es Prat i l'Illa d'en Colom","proteccion":"Reserva natural","competencia":null,"isla":"menorca","areaKm2":0.0977,"normas":[{"titulo":"Decret 51/2003, de 16 de maig, d'ampliació del Parc natural de s'Albufera des Grau i de declaració de les reserves naturals de les illes des Porros, s'Estany, la bassa de Morella, es Prat i l'illa den Colom","fecha":"2003-05-16","url":"https://www.caib.es/sites/espaisnaturalsprotegits/ca/parc_natural_de_salbufera_des_grau-21725/archivopub.do?ctrl=MCRST34ZI79442&id=79442","tipo":"creacion","origen":"ideib"}],"objectIdOrigen":2,"ambito":"Marí","codigo":"ES530014"}}]}