{"type":"FeatureCollection","features":[{"type":"Feature","geometry":{"type":"Polygon","coordinates":[[[1.634097,39.050825],[1.626633,39.059617],[1.609,39.049],[1.617,39.04],[1.634097,39.050825]]]},"properties":{"featureId":"rm-reserva-integral-costa-nord-est-eivissa-tagomago--reserva-integral--autonomica--01","zoneId":"rm-reserva-integral-costa-nord-est-eivissa-tagomago--reserva-integral--autonomica","fuente":"reservas-marinas","fuenteTitulo":"Reservas marinas","nombre":"Reserva Integral costa nord-est Eivissa Tagomago","proteccion":"Reserva integral","competencia":"Autonòmica","isla":"eivissa","areaKm2":2.2793,"normas":[{"titulo":"Decreto 45/2018","fecha":"2018-12-15","url":"http://www.caib.es/eboibfront/pdf/ca/2018/157/1023899","tipo":"creacion","origen":"ideib"}],"objectIdOrigen":3217}},{"type":"Feature","geometry":{"type":"MultiPolygon","coordinates":[[[[1.609904,39.079358],[1.609886,39.079315],[1.609842,39.079251],[1.60977,39.079244],[1.609729,39.079244],[1.6097,39.079206],[1.60965,39.079124],[1.609644,39.079088],[1.609605,39.07906],[1.609592,39.079026],[1.609603,39.078999],[1.609623,39.078952],[1.609644,39.078921],[1.60961,39.078891],[1.609586,39.078872],[1.60952,39.078857],[1.609459,39.078839],[1.609332,39.078853],[1.609273,39.078877],[1.609246,39.07887],[1.609247,39.078847],[1.60925,39.078817],[1.609232,39.078791],[1.609203,39.078742],[1.609204,39.0787],[1.609204,39.078671],[1.609183,39.078628],[1.609183,39.078599],[1.609178,39.078565],[1.609138,39.07851],[1.609088,39.078438],[1.609048,39.078379],[1.608999,39.078334],[1.608975,39.078289],[1.608928,39.078252],[1.608887,39.078206],[1.608846,39.078145],[1.608796,39.078131],[1.608772,39.078092],[1.60871,39.07799],[1.608639,39.077946],[1.60855,39.077932],[1.608476,39.077931],[1.608474,39.077889],[1.608465,39.077836],[1.608414,39.077803],[1.608366,39.077795],[1.608315,39.077787],[1.608272,39.077766],[1.608232,39.077738],[1.608177,39.077732],[1.608143,39.077687],[1.608122,39.077658],[1.608077,39.077638],[1.608011,39.077632],[1.607978,39.077629],[1.607937,39.077616],[1.607909,39.077616],[1.607883,39.077627],[1.607867,39.07765],[1.607773,39.077659],[1.607679,39.077667],[1.607606,39.077689],[1.607579,39.077701],[1.607558,39.077737],[1.607546,39.077762],[1.607525,39.07776],[1.607514,39.077749],[1.607515,39.077726],[1.60749,39.077687],[1.607432,39.077685],[1.607427,39.077648],[1.607387,39.077622],[1.607346,39.077621],[1.607312,39.077614],[1.607271,39.077586],[1.607254,39.07756],[1.60725,39.077522],[1.607177,39.077465],[1.60709,39.077408],[1.607032,39.077388],[1.606979,39.077388],[1.60687,39.077405],[1.606806,39.077412],[1.606772,39.077395],[1.606772,39.077368],[1.60677,39.077321],[1.606719,39.077272],[1.606618,39.077226],[1.606418,39.077218],[1.606393,39.077203],[1.606473,39.077175],[1.606582,39.077133],[1.606664,39.07712],[1.606685,39.077093],[1.606635,39.077052],[1.606582,39.077036],[1.606525,39.076999],[1.606466,39.076986],[1.606451,39.076951],[1.606428,39.076917],[1.606427,39.076888],[1.606398,39.076859],[1.606333,39.076838],[1.606322,39.076827],[1.606339,39.076792],[1.606326,39.076757],[1.606275,39.076727],[1.606229,39.076713],[1.606106,39.07669],[1.605996,39.076687],[1.605974,39.076665],[1.605948,39.076642],[1.605845,39.076606],[1.605801,39.076585],[1.605775,39.076548],[1.605686,39.076504],[1.605662,39.076464],[1.605598,39.076432],[1.605546,39.076403],[1.605478,39.076412],[1.60545,39.076413],[1.605416,39.076412],[1.605401,39.076425],[1.605401,39.076462],[1.6054,39.076472],[1.605395,39.076475],[1.605365,39.076461],[1.605349,39.076412],[1.605326,39.076392],[1.605267,39.076374],[1.605235,39.076332],[1.605187,39.076303],[1.605153,39.076299],[1.605101,39.076276],[1.605031,39.076275],[1.605005,39.07628],[1.605005,39.076302],[1.604999,39.076331],[1.604934,39.076349],[1.604915,39.076382],[1.604876,39.076379],[1.604858,39.076352],[1.604817,39.076333],[1.604809,39.076301],[1.604787,39.076274],[1.604706,39.076261],[1.604681,39.076255],[1.604642,39.07623],[1.604481,39.076224],[1.604467,39.076194],[1.604461,39.076148],[1.604427,39.076096],[1.604411,39.076043],[1.604447,39.076004],[1.604454,39.075978],[1.604443,39.075944],[1.604402,39.075925],[1.604368,39.075924],[1.604353,39.075905],[1.604319,39.075871],[1.604258,39.075835],[1.604197,39.075798],[1.604171,39.075757],[1.604167,39.075751],[1.604136,39.07571],[1.604077,39.075662],[1.604023,39.075643],[1.603979,39.075642],[1.60395,39.075618],[1.603915,39.075611],[1.603876,39.075611],[1.603853,39.075611],[1.60383,39.075596],[1.603827,39.075573],[1.603866,39.075555],[1.603873,39.075534],[1.603851,39.075512],[1.603773,39.075475],[1.603731,39.075472],[1.603672,39.075432],[1.603636,39.075399],[1.603635,39.075356],[1.603619,39.075311],[1.603577,39.0753],[1.603494,39.075296],[1.603469,39.075283],[1.60342,39.07525],[1.603365,39.075234],[1.603299,39.075233],[1.603275,39.075216],[1.603235,39.075205],[1.603093,39.075177],[1.603053,39.075159],[1.60304,39.075115],[1.602971,39.075087],[1.602947,39.075079],[1.602947,39.075052],[1.60292,39.075021],[1.602837,39.074969],[1.602775,39.074922],[1.602747,39.074871],[1.602719,39.074827],[1.60268,39.074815],[1.602628,39.074789],[1.602588,39.074784],[1.60254,39.074781],[1.602486,39.074792],[1.602397,39.07477],[1.602317,39.074757],[1.602267,39.074733],[1.602227,39.074732],[1.602207,39.074753],[1.602181,39.074769],[1.602144,39.074774],[1.602096,39.074796],[1.602076,39.074794],[1.602076,39.074757],[1.602031,39.074704],[1.602017,39.074669],[1.602023,39.074634],[1.602005,39.074615],[1.601981,39.074591],[1.601955,39.074566],[1.601958,39.074543],[1.601958,39.074499],[1.601937,39.074461],[1.601883,39.074454],[1.601794,39.074459],[1.601739,39.074481],[1.601694,39.074478],[1.601668,39.074465],[1.601667,39.074435],[1.601639,39.074429],[1.601597,39.074429],[1.601578,39.074412],[1.601554,39.074386],[1.601525,39.074385],[1.601499,39.074399],[1.601454,39.074421],[1.601428,39.074424],[1.601388,39.074409],[1.601346,39.074372],[1.60129,39.074333],[1.601258,39.07432],[1.601185,39.074316],[1.601142,39.074297],[1.601117,39.074278],[1.601069,39.074237],[1.600984,39.074203],[1.60093,39.074191],[1.600899,39.07419],[1.600861,39.074164],[1.600808,39.074144],[1.600764,39.074143],[1.600726,39.074129],[1.60066,39.074132],[1.600624,39.074131],[1.600618,39.074131],[1.6006,39.074121],[1.600602,39.074063],[1.600598,39.07404],[1.600538,39.074005],[1.600503,39.073988],[1.600403,39.073946],[1.600358,39.073923],[1.600315,39.073899],[1.600265,39.073888],[1.600155,39.073862],[1.600105,39.073858],[1.600075,39.073845],[1.600023,39.073823],[1.599927,39.073802],[1.59989,39.073801],[1.599888,39.073781],[1.599852,39.073755],[1.59981,39.073735],[1.599764,39.073734],[1.599676,39.073741],[1.599649,39.073758],[1.599621,39.073761],[1.59957,39.073731],[1.599523,39.073721],[1.59949,39.07371],[1.599446,39.073686],[1.599397,39.073684],[1.599354,39.073674],[1.599316,39.073672],[1.599224,39.073643],[1.599158,39.073638],[1.599093,39.07364],[1.599041,39.07364],[1.598972,39.073626],[1.598922,39.07362],[1.598847,39.07362],[1.598727,39.073645],[1.59861,39.073661],[1.598543,39.073679],[1.598492,39.073678],[1.598461,39.073671],[1.598444,39.073655],[1.598427,39.073638],[1.598399,39.073627],[1.59831,39.073648],[1.598297,39.073656],[1.598271,39.073635],[1.598247,39.073639],[1.598226,39.073641],[1.59819,39.073633],[1.598144,39.073624],[1.598089,39.073623],[1.597997,39.073633],[1.597945,39.073648],[1.597897,39.073666],[1.597819,39.073685],[1.597772,39.073684],[1.597728,39.073696],[1.597678,39.073715],[1.597618,39.073749],[1.59756,39.073789],[1.597532,39.073802],[1.597494,39.073807],[1.597447,39.073827],[1.597387,39.073853],[1.597342,39.073865],[1.597308,39.073863],[1.597277,39.073856],[1.597252,39.07387],[1.597223,39.073892],[1.597171,39.073901],[1.597139,39.073909],[1.597105,39.073927],[1.597098,39.073959],[1.597095,39.073994],[1.597071,39.074009],[1.597029,39.074013],[1.596982,39.074033],[1.596944,39.074044],[1.596907,39.074044],[1.596858,39.07405],[1.596816,39.074067],[1.596725,39.074093],[1.596686,39.074093],[1.596641,39.074103],[1.596587,39.074134],[1.596573,39.074153],[1.596536,39.07416],[1.596509,39.074177],[1.596492,39.074193],[1.596492,39.074214],[1.596505,39.07425],[1.596506,39.074282],[1.596487,39.0743],[1.596438,39.074318],[1.596403,39.074315],[1.596391,39.074298],[1.596406,39.074273],[1.596397,39.074252],[1.596369,39.074249],[1.596337,39.074256],[1.596301,39.074273],[1.59627,39.074307],[1.596239,39.074342],[1.596232,39.074368],[1.596232,39.074406],[1.596231,39.07445],[1.596217,39.07448],[1.596191,39.074503],[1.596154,39.074527],[1.596111,39.074556],[1.596071,39.074587],[1.596054,39.074621],[1.596049,39.074665],[1.596025,39.074712],[1.596003,39.074763],[1.595987,39.074817],[1.595972,39.074889],[1.59593,39.074975],[1.595895,39.075063],[1.595884,39.075135],[1.595854,39.075199],[1.595814,39.075263],[1.595769,39.075321],[1.595724,39.075377],[1.595633,39.075388],[1.595615,39.075397],[1.595609,39.075416],[1.59561,39.075427],[1.595617,39.075453],[1.595616,39.075476],[1.595578,39.075484],[1.595575,39.075505],[1.595599,39.075541],[1.595579,39.075567],[1.595545,39.075603],[1.595524,39.075621],[1.595511,39.075622],[1.595468,39.075624],[1.59541,39.075624],[1.595383,39.075612],[1.595348,39.075609],[1.595304,39.075626],[1.595245,39.075641],[1.595187,39.075641],[1.595154,39.075647],[1.595149,39.075667],[1.595132,39.075685],[1.595104,39.075699],[1.5951,39.07572],[1.595092,39.075747],[1.595066,39.075771],[1.595034,39.07578],[1.594999,39.075789],[1.594952,39.075814],[1.594927,39.07584],[1.594863,39.07587],[1.594832,39.075904],[1.59477,39.076008],[1.594653,39.076114],[1.594555,39.076181],[1.594439,39.076178],[1.59405,39.07612],[1.593599,39.076044],[1.593546,39.076031],[1.593155,39.075934],[1.5928,39.075799],[1.592379,39.075603],[1.592086,39.075461],[1.591769,39.075274],[1.591415,39.075013],[1.591245,39.074864],[1.591191,39.074793],[1.591144,39.074731],[1.591096,39.074581],[1.591111,39.074449],[1.591207,39.074487],[1.591249,39.074491],[1.591326,39.074499],[1.59138,39.07447],[1.591408,39.07441],[1.591447,39.074363],[1.591499,39.074328],[1.591545,39.074264],[1.591562,39.074205],[1.591563,39.074143],[1.591536,39.074084],[1.591484,39.074033],[1.591424,39.07397],[1.591352,39.073913],[1.591278,39.073873],[1.591194,39.07384],[1.591167,39.073796],[1.591189,39.073753],[1.59125,39.07372],[1.591286,39.073677],[1.591325,39.073588],[1.591336,39.073511],[1.591337,39.073459],[1.591338,39.073398],[1.591348,39.073337],[1.591374,39.07327],[1.591405,39.073199],[1.591427,39.07315],[1.591461,39.073087],[1.591478,39.073042],[1.591475,39.072998],[1.591426,39.072954],[1.591366,39.072903],[1.591331,39.072844],[1.591332,39.072789],[1.591352,39.072738],[1.591389,39.072694],[1.59143,39.072646],[1.591456,39.072592],[1.591475,39.072541],[1.591478,39.072502],[1.591498,39.072463],[1.591516,39.072415],[1.591518,39.072364],[1.591494,39.072324],[1.59146,39.072278],[1.591466,39.072233],[1.591491,39.072192],[1.591496,39.072141],[1.591452,39.072102],[1.591376,39.072075],[1.591274,39.072053],[1.591183,39.072009],[1.59113,39.07197],[1.591114,39.071929],[1.591136,39.071874],[1.591133,39.071836],[1.591083,39.071779],[1.591031,39.071719],[1.590984,39.07167],[1.590925,39.071618],[1.590876,39.071568],[1.590831,39.071516],[1.590803,39.071468],[1.590797,39.071422],[1.590795,39.071384],[1.590776,39.07136],[1.590738,39.071343],[1.590667,39.071331],[1.590605,39.071317],[1.590531,39.071296],[1.590428,39.071272],[1.590333,39.071249],[1.590232,39.071217],[1.590155,39.071188],[1.590079,39.071166],[1.58999,39.071161],[1.589944,39.071168],[1.589893,39.071195],[1.589877,39.071226],[1.589868,39.071251],[1.589826,39.071246],[1.589808,39.071226],[1.589793,39.071165],[1.589812,39.071103],[1.589832,39.071056],[1.589865,39.071009],[1.589909,39.070957],[1.589953,39.070906],[1.589988,39.070853],[1.590013,39.070793],[1.590038,39.070726],[1.590061,39.070663],[1.590067,39.070605],[1.59007,39.07054],[1.590072,39.070461],[1.590079,39.070409],[1.590107,39.070365],[1.590147,39.07033],[1.590189,39.070289],[1.59023,39.070219],[1.590235,39.070152],[1.590229,39.070083],[1.590262,39.070053],[1.590302,39.070011],[1.590306,39.069977],[1.590295,39.06995],[1.590247,39.069915],[1.590186,39.069883],[1.590132,39.069851],[1.590069,39.069812],[1.589985,39.069776],[1.589899,39.069739],[1.589822,39.069692],[1.589776,39.069648],[1.589724,39.069582],[1.589649,39.069526],[1.589503,39.06944],[1.589473,39.069394],[1.589494,39.06936],[1.589518,39.069346],[1.58956,39.069347],[1.589593,39.069388],[1.589627,39.069421],[1.589675,39.069427],[1.589712,39.069401],[1.589713,39.069362],[1.589694,39.06932],[1.589643,39.069273],[1.58962,39.069227],[1.589626,39.069204],[1.589631,39.06918],[1.589666,39.069138],[1.589653,39.069089],[1.589603,39.069053],[1.589525,39.069016],[1.58946,39.068969],[1.58941,39.068918],[1.589404,39.068867],[1.589414,39.068828],[1.58946,39.068797],[1.589503,39.068759],[1.589539,39.068712],[1.58956,39.068667],[1.589577,39.06861],[1.589591,39.068564],[1.589592,39.068506],[1.589597,39.068454],[1.589611,39.068387],[1.589612,39.068338],[1.589598,39.068294],[1.589537,39.068234],[1.589504,39.068178],[1.589489,39.068123],[1.589493,39.068062],[1.589518,39.068006],[1.589533,39.067943],[1.589534,39.067882],[1.589517,39.06781],[1.589482,39.06775],[1.589443,39.067681],[1.589402,39.067574],[1.58939,39.06751],[1.589365,39.06744],[1.589366,39.067386],[1.589381,39.067315],[1.589382,39.067253],[1.589385,39.067196],[1.58938,39.067142],[1.589359,39.067089],[1.589317,39.067043],[1.589257,39.066994],[1.58922,39.066942],[1.589203,39.066898],[1.589169,39.066846],[1.589122,39.066791],[1.589068,39.066729],[1.589048,39.066684],[1.589054,39.066649],[1.589095,39.066623],[1.589109,39.066587],[1.589082,39.066537],[1.589042,39.066478],[1.589024,39.066422],[1.588991,39.066357],[1.588956,39.066298],[1.588925,39.066228],[1.588904,39.066163],[1.588906,39.066113],[1.588914,39.066048],[1.588941,39.065998],[1.588982,39.06596],[1.589061,39.065909],[1.589092,39.065889],[1.589107,39.065871],[1.589089,39.065845],[1.58903,39.065823],[1.588996,39.065791],[1.589008,39.065762],[1.588988,39.065705],[1.588931,39.065684],[1.588878,39.065663],[1.588879,39.065608],[1.588896,39.065555],[1.588931,39.065513],[1.588967,39.065476],[1.589003,39.065432],[1.589022,39.065383],[1.589028,39.065311],[1.589029,39.065271],[1.589017,39.065226],[1.588997,39.065173],[1.588978,39.065131],[1.588942,39.065091],[1.588895,39.065055],[1.588855,39.065038],[1.588766,39.064998],[1.588695,39.06493],[1.588695,39.064929],[1.588668,39.064862],[1.588642,39.064804],[1.588608,39.06475],[1.58857,39.064694],[1.588535,39.064644],[1.5885,39.064582],[1.588472,39.064526],[1.588443,39.06447],[1.588424,39.064427],[1.588408,39.064371],[1.588388,39.064309],[1.588344,39.064256],[1.588285,39.064217],[1.588185,39.06417],[1.588111,39.06413],[1.588062,39.06408],[1.58803,39.064026],[1.58802,39.063964],[1.588012,39.063929],[1.587998,39.063816],[1.587982,39.063683],[1.587981,39.063675],[1.587979,39.063646],[1.587979,39.063616],[1.58798,39.063567],[1.587985,39.063469],[1.587986,39.063423],[1.587988,39.063392],[1.587992,39.063352],[1.587992,39.06335],[1.587997,39.063313],[1.588005,39.06327],[1.588014,39.063228],[1.588024,39.063185],[1.588042,39.063117],[1.588042,39.063116],[1.588108,39.062886],[1.588109,39.062881],[1.588128,39.062871],[1.588204,39.062842],[1.588285,39.06273],[1.58841,39.062568],[1.58848,39.062502],[1.588515,39.062468],[1.588573,39.062398],[1.588609,39.062318],[1.588632,39.062227],[1.588602,39.062171],[1.588546,39.062119],[1.58849,39.062084],[1.58849,39.062084],[1.588493,39.062074],[1.588632,39.061656],[1.588683,39.061497],[1.5887,39.061443],[1.588705,39.061423],[1.588712,39.061395],[1.588718,39.061367],[1.588726,39.061315],[1.588735,39.061246],[1.588742,39.061194],[1.588743,39.061189],[1.58877,39.061059],[1.588775,39.061034],[1.588826,39.060814],[1.588887,39.060538],[1.588936,39.060451],[1.58898,39.060419],[1.589001,39.060344],[1.589049,39.060246],[1.58913,39.060134],[1.589261,39.05996],[1.589268,39.059951],[1.5894,39.05977],[1.589529,39.059576],[1.589626,39.059378],[1.589813,39.059104],[1.589965,39.058868],[1.590102,39.058715],[1.590161,39.058591],[1.590193,39.058395],[1.590228,39.058158],[1.590275,39.05797],[1.590306,39.057821],[1.590319,39.057797],[1.590374,39.057692],[1.590453,39.057585],[1.59048,39.057609],[1.59053,39.057619],[1.590576,39.057623],[1.590604,39.057623],[1.590635,39.057623],[1.590671,39.057613],[1.590697,39.057594],[1.590704,39.057572],[1.590695,39.057545],[1.590653,39.057537],[1.590608,39.057534],[1.590603,39.057517],[1.59061,39.057492],[1.590633,39.05749],[1.590683,39.05749],[1.590708,39.057486],[1.590728,39.057487],[1.590759,39.057514],[1.590786,39.057517],[1.590856,39.057508],[1.590904,39.057484],[1.590936,39.057474],[1.590945,39.057464],[1.590918,39.057449],[1.590892,39.057449],[1.590889,39.057434],[1.590894,39.057418],[1.590925,39.057406],[1.590989,39.057413],[1.59102,39.05742],[1.591054,39.057421],[1.591081,39.057398],[1.591077,39.057359],[1.591049,39.057339],[1.591005,39.057338],[1.590998,39.05733],[1.590998,39.057302],[1.59098,39.057279],[1.590933,39.057262],[1.590917,39.057251],[1.590929,39.057223],[1.59101,39.057217],[1.591021,39.057215],[1.591024,39.057185],[1.590983,39.05716],[1.590974,39.05713],[1.59102,39.057094],[1.591054,39.05705],[1.591065,39.057034],[1.591075,39.057001],[1.591075,39.056994],[1.591075,39.056992],[1.591059,39.056894],[1.591056,39.056882],[1.591052,39.056874],[1.591046,39.056864],[1.591038,39.056853],[1.59103,39.056842],[1.591024,39.056837],[1.591019,39.056833],[1.59101,39.056829],[1.591,39.056826],[1.590981,39.05682],[1.590967,39.056815],[1.590958,39.056811],[1.590953,39.056807],[1.590949,39.056802],[1.590949,39.056802],[1.590943,39.05679],[1.59094,39.056781],[1.590938,39.056772],[1.590938,39.056761],[1.590939,39.056752],[1.590941,39.056742],[1.590944,39.056733],[1.59095,39.056718],[1.590961,39.056697],[1.590969,39.056682],[1.590979,39.056668],[1.590986,39.056659],[1.591011,39.05663],[1.591022,39.056618],[1.591033,39.056608],[1.591043,39.056601],[1.591054,39.056594],[1.591056,39.056593],[1.591088,39.056577],[1.591121,39.056562],[1.59113,39.056558],[1.591213,39.056521],[1.591328,39.05647],[1.591346,39.056461],[1.591363,39.056451],[1.591382,39.056439],[1.591442,39.056399],[1.591454,39.056392],[1.591479,39.05638],[1.591494,39.056373],[1.591509,39.056368],[1.591525,39.056363],[1.591525,39.056363],[1.591541,39.056361],[1.591551,39.05636],[1.591564,39.05636],[1.59158,39.056361],[1.591599,39.056363],[1.591629,39.056368],[1.591648,39.056372],[1.591653,39.056374],[1.591658,39.056376],[1.591663,39.05638],[1.591665,39.056383],[1.591668,39.056388],[1.591669,39.056394],[1.59167,39.056401],[1.591669,39.056408],[1.591669,39.056409],[1.591666,39.056413],[1.591663,39.056416],[1.591657,39.056419],[1.591648,39.056423],[1.591618,39.056437],[1.591616,39.056439],[1.591615,39.056441],[1.591613,39.056447],[1.591612,39.056457],[1.591612,39.056464],[1.591613,39.056472],[1.591615,39.056478],[1.591619,39.056483],[1.591623,39.056488],[1.591628,39.05649],[1.591629,39.056491],[1.591638,39.056494],[1.591647,39.056495],[1.591656,39.056496],[1.591669,39.056496],[1.591679,39.056496],[1.591713,39.056493],[1.591721,39.056492],[1.591732,39.056489],[1.591739,39.056486],[1.591744,39.056483],[1.591749,39.056478],[1.591752,39.056474],[1.591755,39.056469],[1.591756,39.056464],[1.591755,39.056457],[1.591754,39.056448],[1.591752,39.056431],[1.591753,39.056427],[1.591754,39.056425],[1.591757,39.056419],[1.59176,39.056416],[1.591761,39.056416],[1.591766,39.056413],[1.59177,39.056412],[1.591777,39.056412],[1.591784,39.056413],[1.591791,39.056415],[1.5918,39.056419],[1.591808,39.056423],[1.591815,39.056429],[1.591819,39.056432],[1.591822,39.056437],[1.591825,39.056443],[1.591828,39.056451],[1.591835,39.056471],[1.591838,39.056474],[1.591852,39.056492],[1.591872,39.056512],[1.591881,39.056521],[1.591892,39.056529],[1.591901,39.056534],[1.591912,39.056539],[1.591917,39.056541],[1.591935,39.056547],[1.591952,39.056551],[1.591974,39.056555],[1.591995,39.056558],[1.592027,39.056561],[1.592063,39.056565],[1.592093,39.056569],[1.592136,39.056573],[1.592149,39.056574],[1.592164,39.056573],[1.592176,39.056572],[1.592186,39.05657],[1.592198,39.056566],[1.592208,39.056562],[1.592218,39.056557],[1.592228,39.056551],[1.592239,39.056542],[1.592249,39.056531],[1.592259,39.05652],[1.592267,39.056508],[1.592277,39.056493],[1.592287,39.056475],[1.592291,39.056467],[1.592298,39.056451],[1.592301,39.056442],[1.592303,39.05643],[1.592304,39.056418],[1.592303,39.056407],[1.592301,39.056398],[1.592297,39.056386],[1.592293,39.056378],[1.592291,39.056376],[1.592276,39.056354],[1.592262,39.056336],[1.592248,39.056319],[1.592232,39.056303],[1.592215,39.056287],[1.592193,39.056268],[1.592174,39.056253],[1.592149,39.056235],[1.592122,39.056217],[1.592113,39.056211],[1.592103,39.056207],[1.592094,39.056205],[1.592086,39.056204],[1.592078,39.056204],[1.592068,39.056205],[1.592054,39.056207],[1.592034,39.056209],[1.592014,39.056211],[1.591981,39.056212],[1.591971,39.056211],[1.591959,39.056209],[1.591956,39.056209],[1.591945,39.056205],[1.591937,39.056201],[1.59193,39.056196],[1.591922,39.056189],[1.591915,39.056181],[1.591908,39.056171],[1.5919,39.056158],[1.591897,39.056153],[1.591875,39.056111],[1.591862,39.056083],[1.59185,39.056055],[1.591839,39.056027],[1.59183,39.055998],[1.591823,39.055974],[1.591817,39.055946],[1.59181,39.055911],[1.591802,39.055859],[1.591796,39.055813],[1.591791,39.055761],[1.591786,39.055703],[1.591785,39.055688],[1.59178,39.055601],[1.59178,39.055591],[1.591783,39.055574],[1.591786,39.055561],[1.591791,39.055548],[1.591798,39.055532],[1.591808,39.055511],[1.59182,39.055491],[1.591835,39.055468],[1.591853,39.055442],[1.591897,39.05538],[1.591935,39.055328],[1.591941,39.055321],[1.591949,39.055315],[1.591954,39.055311],[1.591964,39.055307],[1.591974,39.055303],[1.591986,39.055301],[1.592002,39.055298],[1.59203,39.055294],[1.592054,39.05529],[1.592065,39.055286],[1.592075,39.055282],[1.592084,39.055277],[1.592088,39.055274],[1.592097,39.055266],[1.592107,39.055255],[1.592118,39.055242],[1.592134,39.05522],[1.592155,39.055193],[1.592163,39.055184],[1.592165,39.055183],[1.592179,39.055172],[1.592191,39.055164],[1.592208,39.055154],[1.592264,39.055122],[1.592269,39.055117],[1.592279,39.055107],[1.592286,39.055099],[1.592289,39.055095],[1.592292,39.055087],[1.592294,39.05508],[1.592295,39.055071],[1.592295,39.055057],[1.592297,39.055039],[1.592299,39.055032],[1.5923,39.055032],[1.592321,39.054978],[1.59233,39.054957],[1.592332,39.054955],[1.592427,39.054847],[1.59246,39.054812],[1.592477,39.054796],[1.592504,39.054772],[1.592532,39.054748],[1.59256,39.054725],[1.5926,39.054695],[1.592641,39.054666],[1.592712,39.054616],[1.592804,39.05455],[1.592833,39.054528],[1.592871,39.054497],[1.592885,39.054485],[1.59294,39.054436],[1.593021,39.054362],[1.593158,39.054239],[1.5932,39.054203],[1.593201,39.054202],[1.593551,39.053907],[1.593684,39.053792],[1.593846,39.053696],[1.59397,39.053603],[1.594041,39.053483],[1.594101,39.053362],[1.594122,39.053319],[1.594193,39.053192],[1.594329,39.052991],[1.594463,39.05282],[1.594594,39.052718],[1.594666,39.052698],[1.594753,39.052729],[1.594753,39.05273],[1.59475,39.052764],[1.594751,39.052772],[1.594753,39.052777],[1.594757,39.052784],[1.594761,39.052789],[1.594772,39.052803],[1.59478,39.052811],[1.594788,39.052818],[1.594798,39.052825],[1.594807,39.052829],[1.594819,39.052834],[1.59483,39.052838],[1.594845,39.052841],[1.594872,39.052847],[1.594893,39.052852],[1.594901,39.052855],[1.594911,39.052859],[1.594921,39.052865],[1.594937,39.052875],[1.594957,39.052886],[1.594965,39.05289],[1.594974,39.052892],[1.594981,39.052893],[1.594993,39.052894],[1.595015,39.052895],[1.595044,39.052894],[1.595087,39.052894],[1.595096,39.052895],[1.595104,39.052897],[1.595128,39.052902],[1.595134,39.052902],[1.595142,39.052901],[1.595148,39.0529],[1.595155,39.052897],[1.595157,39.052895],[1.595164,39.05289],[1.595166,39.052887],[1.595168,39.052884],[1.595168,39.05288],[1.595167,39.052875],[1.595165,39.05287],[1.595161,39.052864],[1.595156,39.052858],[1.595152,39.052855],[1.595145,39.05285],[1.595137,39.052846],[1.595121,39.05284],[1.595113,39.052835],[1.595113,39.052835],[1.595106,39.052829],[1.595088,39.052815],[1.595083,39.052813],[1.595073,39.052808],[1.595062,39.052805],[1.59502,39.052792],[1.595015,39.052789],[1.595005,39.052783],[1.594995,39.052774],[1.594967,39.052754],[1.594962,39.052752],[1.594959,39.05275],[1.594936,39.052742],[1.594915,39.052735],[1.594893,39.052729],[1.594876,39.052725],[1.594849,39.05272],[1.594813,39.052712],[1.594775,39.052704],[1.594772,39.052703],[1.594715,39.052678],[1.594694,39.052625],[1.594675,39.05249],[1.594752,39.052303],[1.594891,39.052109],[1.594931,39.052055],[1.594954,39.052023],[1.594965,39.052008],[1.595046,39.051897],[1.595243,39.051665],[1.59531,39.051592],[1.595417,39.051477],[1.595545,39.051357],[1.595601,39.051321],[1.595761,39.051313],[1.595893,39.051279],[1.596036,39.051242],[1.596146,39.051242],[1.596248,39.051259],[1.596338,39.051287],[1.59643,39.051319],[1.596487,39.051338],[1.596553,39.051344],[1.596597,39.051331],[1.596728,39.051311],[1.59685,39.051276],[1.596956,39.051249],[1.597043,39.051242],[1.597119,39.051221],[1.597184,39.051184],[1.597223,39.051164],[1.597291,39.051122],[1.597331,39.051078],[1.597391,39.051009],[1.597447,39.050956],[1.597495,39.050901],[1.597554,39.050843],[1.597613,39.050804],[1.597694,39.050734],[1.597778,39.050707],[1.597831,39.050688],[1.597898,39.050667],[1.597938,39.050687],[1.597957,39.050682],[1.597962,39.05066],[1.597979,39.050622],[1.598022,39.050608],[1.598104,39.05059],[1.598201,39.050593],[1.598259,39.050592],[1.59835,39.050576],[1.598411,39.050561],[1.598473,39.050537],[1.598531,39.050512],[1.598577,39.050483],[1.598637,39.050465],[1.598681,39.050437],[1.598704,39.050412],[1.598711,39.050364],[1.598731,39.050331],[1.598767,39.050292],[1.598801,39.050269],[1.59884,39.050268],[1.598896,39.050282],[1.59895,39.050291],[1.599019,39.050292],[1.599072,39.050283],[1.599114,39.050285],[1.599144,39.0503],[1.599144,39.050318],[1.599122,39.05034],[1.599118,39.050362],[1.599128,39.050389],[1.599136,39.050409],[1.599096,39.050425],[1.599083,39.050447],[1.599106,39.050457],[1.599129,39.05046],[1.599153,39.050466],[1.599178,39.050474],[1.599191,39.050557],[1.599195,39.050596],[1.59922,39.050618],[1.599219,39.050664],[1.599209,39.05071],[1.599195,39.050739],[1.59921,39.050771],[1.599251,39.050786],[1.599266,39.05076],[1.599277,39.050758],[1.599298,39.050763],[1.599316,39.050771],[1.599303,39.050791],[1.599298,39.050804],[1.599309,39.050816],[1.599337,39.050825],[1.599357,39.050824],[1.599378,39.05081],[1.599401,39.050779],[1.599433,39.050735],[1.59945,39.050708],[1.599442,39.050677],[1.599428,39.050644],[1.599429,39.050598],[1.599448,39.050576],[1.599477,39.050558],[1.599487,39.050535],[1.599501,39.050525],[1.599526,39.050563],[1.599546,39.050584],[1.599547,39.05061],[1.599526,39.050656],[1.599521,39.050697],[1.599532,39.050728],[1.599561,39.05075],[1.59956,39.050774],[1.599543,39.050794],[1.599535,39.050817],[1.599535,39.050853],[1.599551,39.050896],[1.599573,39.050923],[1.599603,39.050935],[1.599651,39.050915],[1.599737,39.050887],[1.599802,39.050867],[1.599864,39.050845],[1.599888,39.050807],[1.599888,39.050772],[1.599881,39.050704],[1.599847,39.050644],[1.599833,39.050587],[1.599815,39.050543],[1.599779,39.050517],[1.599732,39.050506],[1.599685,39.050493],[1.599655,39.050475],[1.599634,39.050456],[1.599628,39.050388],[1.59976,39.050453],[1.599797,39.050463],[1.599858,39.05042],[1.599909,39.050364],[1.599935,39.050303],[1.599946,39.050246],[1.599945,39.050191],[1.599924,39.050131],[1.599909,39.050099],[1.599911,39.050065],[1.599891,39.050015],[1.599908,39.049981],[1.599921,39.049938],[1.599924,39.049905],[1.5999,39.04988],[1.599872,39.049879],[1.599833,39.049887],[1.599811,39.049875],[1.599804,39.04983],[1.59983,39.049814],[1.599843,39.04979],[1.599833,39.049775],[1.599798,39.049788],[1.599743,39.049819],[1.599699,39.049826],[1.599655,39.049818],[1.599651,39.049796],[1.599646,39.049765],[1.599616,39.049738],[1.599602,39.049696],[1.599644,39.049677],[1.599683,39.049692],[1.599715,39.04968],[1.59974,39.049647],[1.599744,39.049615],[1.599768,39.049578],[1.599749,39.049564],[1.599716,39.049542],[1.599723,39.049518],[1.599766,39.049493],[1.599773,39.049458],[1.599773,39.049423],[1.599808,39.049394],[1.599846,39.049382],[1.599853,39.049406],[1.599852,39.049434],[1.599877,39.049443],[1.599908,39.049416],[1.599918,39.04939],[1.599945,39.049373],[1.599971,39.049343],[1.600002,39.04933],[1.600025,39.049345],[1.600059,39.049344],[1.600103,39.049357],[1.600156,39.049357],[1.600235,39.049341],[1.600346,39.0493],[1.600439,39.04926],[1.600514,39.049243],[1.600558,39.049237],[1.60064,39.04924],[1.600666,39.049255],[1.600705,39.049258],[1.600743,39.049224],[1.600811,39.049166],[1.600854,39.049131],[1.600897,39.049107],[1.600935,39.049106],[1.600971,39.049084],[1.601015,39.049037],[1.601064,39.049021],[1.601105,39.049013],[1.601126,39.048987],[1.601132,39.048849],[1.601134,39.048814],[1.60122,39.048802],[1.601262,39.048808],[1.601294,39.048801],[1.601319,39.04876],[1.601349,39.048718],[1.601435,39.048686],[1.601467,39.048664],[1.601514,39.048643],[1.601544,39.048631],[1.601572,39.048617],[1.601601,39.04858],[1.601613,39.048532],[1.601645,39.048515],[1.601674,39.0485],[1.601694,39.048479],[1.601713,39.048447],[1.601741,39.048403],[1.601736,39.048356],[1.60175,39.048325],[1.601776,39.048289],[1.601755,39.048237],[1.601761,39.048215],[1.601765,39.048201],[1.601797,39.048181],[1.601851,39.048165],[1.601889,39.048169],[1.601919,39.048175],[1.601952,39.048151],[1.602031,39.048092],[1.602084,39.048065],[1.602171,39.048039],[1.602222,39.048009],[1.602276,39.047995],[1.602304,39.047986],[1.602335,39.047955],[1.602371,39.047932],[1.602449,39.047908],[1.602542,39.047911],[1.602605,39.047917],[1.602651,39.047907],[1.602703,39.047876],[1.602758,39.047844],[1.60281,39.047843],[1.602832,39.047868],[1.602845,39.047888],[1.60287,39.047891],[1.602905,39.047881],[1.602916,39.047858],[1.602919,39.047827],[1.602945,39.047817],[1.602959,39.047793],[1.602987,39.047752],[1.603014,39.04774],[1.603052,39.047699],[1.603053,39.047656],[1.60305,39.04762],[1.603032,39.047571],[1.603036,39.04752],[1.603065,39.047472],[1.603086,39.047435],[1.603109,39.047398],[1.603132,39.04737],[1.603152,39.047326],[1.603157,39.047282],[1.603183,39.047242],[1.603214,39.04719],[1.603242,39.047159],[1.603275,39.047138],[1.603302,39.047108],[1.603307,39.047069],[1.603351,39.047039],[1.603386,39.046992],[1.603423,39.046952],[1.603449,39.046947],[1.603466,39.046959],[1.603496,39.046948],[1.603512,39.046919],[1.603539,39.046887],[1.603588,39.046856],[1.60362,39.046862],[1.603649,39.046859],[1.603699,39.046842],[1.60374,39.046858],[1.603766,39.046874],[1.60379,39.046865],[1.603783,39.046835],[1.603791,39.046814],[1.603811,39.046794],[1.603814,39.046761],[1.603857,39.046731],[1.603879,39.046702],[1.603832,39.046689],[1.603842,39.046662],[1.603878,39.04663],[1.603912,39.046598],[1.60394,39.046554],[1.603973,39.046532],[1.604003,39.046507],[1.604029,39.046473],[1.604078,39.046445],[1.604145,39.046424],[1.604167,39.046426],[1.604191,39.046427],[1.604243,39.046458],[1.604261,39.046477],[1.604284,39.04647],[1.604306,39.046466],[1.604348,39.046477],[1.604373,39.046456],[1.60436,39.046432],[1.604337,39.046397],[1.604314,39.04636],[1.604316,39.046339],[1.604339,39.046337],[1.604363,39.046337],[1.604389,39.046324],[1.604423,39.046293],[1.604447,39.046276],[1.604472,39.046279],[1.604485,39.046266],[1.604479,39.046245],[1.60447,39.046209],[1.604479,39.046188],[1.604504,39.046164],[1.604532,39.046164],[1.604574,39.046149],[1.604596,39.046125],[1.604603,39.046098],[1.604662,39.046065],[1.604708,39.046039],[1.604722,39.046016],[1.60474,39.045986],[1.60476,39.045958],[1.604789,39.045931],[1.604811,39.0459],[1.604808,39.045879],[1.604804,39.045845],[1.604791,39.045794],[1.604733,39.045738],[1.604698,39.045694],[1.604737,39.045615],[1.604823,39.045525],[1.604922,39.045457],[1.605013,39.045398],[1.605115,39.045334],[1.605174,39.045306],[1.605217,39.045305],[1.605271,39.045301],[1.605299,39.045279],[1.60535,39.045231],[1.605342,39.045195],[1.605298,39.045166],[1.605267,39.045132],[1.605287,39.045099],[1.605328,39.045061],[1.60537,39.045036],[1.605391,39.045032],[1.605452,39.044982],[1.605504,39.044992],[1.60554,39.045011],[1.605552,39.045051],[1.605527,39.045081],[1.605476,39.045103],[1.605449,39.045156],[1.605444,39.045188],[1.605472,39.045199],[1.6055,39.045171],[1.605515,39.04513],[1.605555,39.045098],[1.605596,39.045095],[1.605618,39.04507],[1.605628,39.04504],[1.605658,39.045005],[1.605665,39.044977],[1.605644,39.044962],[1.605608,39.044962],[1.605541,39.044979],[1.605512,39.044948],[1.605506,39.044918],[1.605509,39.04488],[1.605543,39.044854],[1.605585,39.044819],[1.605615,39.044806],[1.605651,39.044807],[1.605672,39.044787],[1.605685,39.044753],[1.605703,39.044711],[1.605742,39.044688],[1.605782,39.044664],[1.605841,39.04464],[1.605879,39.044634],[1.605914,39.04464],[1.605949,39.044653],[1.605981,39.044658],[1.606017,39.044649],[1.606053,39.044633],[1.606079,39.044615],[1.606118,39.044615],[1.606158,39.044615],[1.606191,39.044593],[1.606234,39.044588],[1.606259,39.044592],[1.606276,39.04459],[1.606304,39.044578],[1.60633,39.044555],[1.606334,39.044532],[1.606319,39.044513],[1.606309,39.044479],[1.606339,39.044463],[1.606393,39.04446],[1.606418,39.044443],[1.606444,39.04442],[1.606478,39.044398],[1.6065,39.044374],[1.606519,39.044348],[1.606537,39.044323],[1.606563,39.044301],[1.606593,39.044285],[1.606656,39.044255],[1.60677,39.04418],[1.606807,39.044169],[1.606908,39.044183],[1.606957,39.044197],[1.607006,39.044201],[1.607042,39.044199],[1.607114,39.044182],[1.607151,39.044194],[1.607187,39.044192],[1.607214,39.044174],[1.607206,39.044147],[1.607201,39.044118],[1.607218,39.044096],[1.607251,39.044079],[1.607295,39.044066],[1.607331,39.044062],[1.607363,39.044062],[1.607407,39.044062],[1.60744,39.044076],[1.607472,39.044099],[1.607494,39.044123],[1.607505,39.044145],[1.607511,39.044167],[1.607517,39.044184],[1.60756,39.044254],[1.607588,39.04429],[1.607614,39.044301],[1.607636,39.044301],[1.607666,39.044321],[1.607694,39.044329],[1.607724,39.044326],[1.607741,39.044308],[1.607792,39.04431],[1.607833,39.044326],[1.607877,39.04434],[1.607901,39.044365],[1.607897,39.044378],[1.607876,39.044393],[1.607841,39.044418],[1.607819,39.044446],[1.607794,39.04447],[1.607748,39.044484],[1.607681,39.044484],[1.607637,39.044485],[1.607599,39.044485],[1.607567,39.044485],[1.60756,39.044501],[1.607559,39.04452],[1.607571,39.044531],[1.607603,39.044542],[1.607654,39.044556],[1.607696,39.044578],[1.607722,39.044608],[1.607743,39.044646],[1.607747,39.044668],[1.607772,39.044698],[1.607806,39.044706],[1.607829,39.044729],[1.607843,39.044748],[1.607885,39.044749],[1.607961,39.044767],[1.608039,39.044773],[1.608102,39.044776],[1.608124,39.044777],[1.608222,39.04478],[1.608296,39.044788],[1.608351,39.044785],[1.608352,39.044771],[1.608326,39.04475],[1.60828,39.044721],[1.608233,39.044692],[1.608198,39.044676],[1.608154,39.044675],[1.608133,39.044662],[1.608112,39.044632],[1.608084,39.044612],[1.608043,39.044584],[1.608,39.044557],[1.607958,39.044541],[1.607924,39.044527],[1.607914,39.044509],[1.607914,39.044496],[1.607921,39.044484],[1.60795,39.044452],[1.607989,39.044435],[1.608017,39.044432],[1.608071,39.044417],[1.608106,39.044417],[1.608154,39.044417],[1.608227,39.044388],[1.608254,39.04438],[1.608292,39.044384],[1.608314,39.044408],[1.608348,39.044425],[1.608399,39.04445],[1.60842,39.044491],[1.608436,39.044533],[1.608468,39.044573],[1.608572,39.04465],[1.608626,39.044669],[1.608659,39.044693],[1.608674,39.044728],[1.608699,39.044769],[1.608743,39.044781],[1.608787,39.044781],[1.608822,39.044768],[1.608851,39.044775],[1.608889,39.04478],[1.608903,39.044758],[1.608895,39.044725],[1.608913,39.044692],[1.608932,39.044705],[1.608956,39.044704],[1.608963,39.044678],[1.608994,39.04466],[1.609023,39.04464],[1.609037,39.044612],[1.609038,39.044586],[1.609058,39.044547],[1.609082,39.044533],[1.609114,39.044535],[1.609139,39.044525],[1.609163,39.044496],[1.609192,39.044463],[1.609219,39.044431],[1.609234,39.044394],[1.609253,39.044377],[1.60927,39.044352],[1.609288,39.04429],[1.609288,39.044249],[1.60927,39.044213],[1.609262,39.044187],[1.609288,39.044167],[1.609327,39.044147],[1.609358,39.044121],[1.609392,39.044106],[1.609426,39.044083],[1.609431,39.044053],[1.609415,39.044014],[1.609402,39.043955],[1.609412,39.043923],[1.609443,39.043902],[1.609476,39.043886],[1.609522,39.043884],[1.60957,39.043885],[1.609639,39.0439],[1.609697,39.043938],[1.609747,39.043984],[1.609803,39.044],[1.609851,39.044023],[1.609875,39.044019],[1.609906,39.04399],[1.609932,39.043953],[1.609954,39.043918],[1.609995,39.043886],[1.610029,39.043849],[1.610031,39.043813],[1.610012,39.043788],[1.609979,39.043775],[1.609943,39.04377],[1.609905,39.043772],[1.609877,39.043796],[1.609853,39.043803],[1.609827,39.043788],[1.609811,39.043757],[1.609742,39.043747],[1.609693,39.043741],[1.609638,39.043738],[1.609615,39.043712],[1.609571,39.043698],[1.609527,39.0437],[1.609489,39.0437],[1.609457,39.04368],[1.609436,39.043668],[1.609363,39.043685],[1.609307,39.043692],[1.60925,39.043699],[1.609224,39.043679],[1.609241,39.043664],[1.609283,39.043643],[1.609352,39.043627],[1.609424,39.043617],[1.609448,39.043592],[1.609414,39.043573],[1.609374,39.04355],[1.609321,39.043564],[1.609287,39.043567],[1.609213,39.043561],[1.609169,39.043547],[1.60914,39.043521],[1.609138,39.043493],[1.609158,39.043466],[1.609193,39.043457],[1.609239,39.043459],[1.609262,39.043474],[1.609301,39.043488],[1.609326,39.043472],[1.609326,39.04345],[1.60931,39.04343],[1.609276,39.043422],[1.609242,39.043409],[1.609233,39.043391],[1.609249,39.043363],[1.609272,39.043344],[1.609307,39.043336],[1.609343,39.043333],[1.609368,39.043341],[1.60939,39.043343],[1.609412,39.043337],[1.609449,39.043278],[1.609473,39.043239],[1.609507,39.043204],[1.609536,39.043169],[1.609542,39.043146],[1.609525,39.043116],[1.609497,39.043094],[1.609465,39.043075],[1.609423,39.043066],[1.609382,39.043058],[1.609347,39.043038],[1.609322,39.043012],[1.609304,39.042989],[1.60928,39.042977],[1.609255,39.042979],[1.609228,39.042996],[1.609226,39.04302],[1.609227,39.043045],[1.609202,39.04307],[1.609147,39.043075],[1.609077,39.043074],[1.609015,39.043076],[1.608967,39.043082],[1.608916,39.043099],[1.608878,39.043114],[1.608851,39.043109],[1.608827,39.043079],[1.608807,39.043049],[1.608768,39.043025],[1.608716,39.043019],[1.60868,39.043012],[1.608644,39.042983],[1.608633,39.042944],[1.608651,39.042927],[1.608693,39.042902],[1.608736,39.042879],[1.608758,39.04285],[1.608744,39.042815],[1.608705,39.042797],[1.608655,39.042798],[1.60859,39.0428],[1.608535,39.042803],[1.608492,39.042789],[1.608452,39.04276],[1.608426,39.042731],[1.608452,39.042699],[1.608494,39.042691],[1.608556,39.042668],[1.608584,39.042649],[1.608609,39.042615],[1.608611,39.042565],[1.608611,39.042545],[1.608615,39.042505],[1.608637,39.042473],[1.608678,39.04245],[1.608743,39.042445],[1.608766,39.042449],[1.608803,39.042446],[1.608852,39.042438],[1.608889,39.042427],[1.6089,39.042405],[1.608871,39.042385],[1.608819,39.042375],[1.608767,39.042357],[1.608714,39.042345],[1.608679,39.042358],[1.608655,39.042387],[1.608602,39.042414],[1.608554,39.042417],[1.608493,39.042416],[1.608432,39.042415],[1.608407,39.042395],[1.608431,39.042359],[1.608442,39.042304],[1.608442,39.042281],[1.608458,39.042263],[1.608504,39.04224],[1.60856,39.042217],[1.608611,39.042203],[1.608668,39.042186],[1.60874,39.042176],[1.608795,39.042172],[1.608862,39.042165],[1.60892,39.042155],[1.608976,39.042139],[1.608987,39.042112],[1.608941,39.0421],[1.608894,39.0421],[1.60884,39.042093],[1.608802,39.042064],[1.608766,39.042017],[1.608741,39.041977],[1.608728,39.041952],[1.608741,39.041921],[1.608788,39.041877],[1.60881,39.041842],[1.608799,39.041811],[1.608767,39.041816],[1.608723,39.041841],[1.608674,39.04186],[1.608607,39.041866],[1.608534,39.041877],[1.608479,39.041907],[1.608446,39.041927],[1.608429,39.041906],[1.608423,39.041853],[1.608409,39.04181],[1.608382,39.041777],[1.608328,39.041776],[1.608282,39.041753],[1.608242,39.041701],[1.608241,39.041667],[1.60824,39.04164],[1.60825,39.041588],[1.608252,39.041532],[1.608258,39.041488],[1.608278,39.041445],[1.608294,39.041386],[1.608294,39.04133],[1.608269,39.041277],[1.608215,39.041227],[1.608186,39.041196],[1.608178,39.041162],[1.608167,39.041108],[1.608131,39.041055],[1.608066,39.041024],[1.607998,39.041024],[1.607951,39.041006],[1.607926,39.040946],[1.60792,39.04088],[1.607917,39.040815],[1.607903,39.040748],[1.60786,39.04069],[1.607817,39.04067],[1.607745,39.040665],[1.607694,39.040667],[1.607659,39.040643],[1.607655,39.040596],[1.607656,39.040545],[1.607645,39.040494],[1.607602,39.040455],[1.607556,39.040432],[1.607501,39.040405],[1.607439,39.040378],[1.607414,39.040367],[1.607296,39.04036],[1.60719,39.040352],[1.60713,39.040342],[1.607062,39.040307],[1.60701,39.040184],[1.607,39.040047],[1.607027,39.039903],[1.607086,39.039717],[1.607182,39.0396],[1.607274,39.039515],[1.607325,39.039462],[1.607378,39.039453],[1.607413,39.039426],[1.607442,39.039377],[1.607534,39.039302],[1.607702,39.039216],[1.607771,39.039189],[1.607809,39.039197],[1.607861,39.039281],[1.608074,39.0393],[1.608249,39.039345],[1.608396,39.039393],[1.608537,39.039438],[1.608662,39.039483],[1.608755,39.039523],[1.608765,39.039501],[1.608722,39.039418],[1.608692,39.039356],[1.608743,39.0393],[1.608818,39.039281],[1.608871,39.039333],[1.608964,39.039484],[1.608965,39.039485],[1.608983,39.039512],[1.608996,39.039568],[1.609012,39.039611],[1.609058,39.039651],[1.609106,39.039668],[1.609127,39.039651],[1.609117,39.039616],[1.6091,39.039572],[1.609086,39.039516],[1.609061,39.039442],[1.609026,39.039369],[1.609,39.039305],[1.608975,39.039251],[1.608926,39.039153],[1.608888,39.039043],[1.608862,39.038969],[1.608829,39.038903],[1.608791,39.038829],[1.608765,39.038772],[1.608759,39.03876],[1.608717,39.038687],[1.608682,39.038623],[1.608647,39.038553],[1.608618,39.038505],[1.608587,39.038477],[1.608556,39.038471],[1.608507,39.038487],[1.608485,39.038494],[1.608475,39.03851],[1.608489,39.038534],[1.608503,39.03856],[1.608505,39.038563],[1.608524,39.03862],[1.608447,39.038653],[1.608411,39.038665],[1.608397,39.038666],[1.608389,39.038667],[1.608335,39.038676],[1.608311,39.03868],[1.608289,39.038683],[1.608276,39.038684],[1.608257,39.038685],[1.608202,39.038685],[1.60818,39.038685],[1.608166,39.038686],[1.608157,39.038686],[1.608151,39.038685],[1.608147,39.038684],[1.608141,39.038681],[1.608128,39.03867],[1.608127,39.038669],[1.608104,39.038631],[1.608057,39.03858],[1.607976,39.03855],[1.607908,39.038511],[1.607847,39.03845],[1.607804,39.038396],[1.607765,39.038354],[1.607707,39.038325],[1.607702,39.038241],[1.607648,39.038195],[1.607625,39.038158],[1.607608,39.038115],[1.607595,39.038049],[1.607605,39.038],[1.60764,39.037952],[1.607688,39.037938],[1.607768,39.037931],[1.607844,39.037959],[1.607931,39.03798],[1.608015,39.037968],[1.60806,39.037965],[1.608078,39.037965],[1.608116,39.037987],[1.608182,39.038015],[1.60825,39.038016],[1.608298,39.038017],[1.60833,39.038042],[1.608341,39.038079],[1.608382,39.038098],[1.608437,39.038086],[1.608473,39.038052],[1.608481,39.037998],[1.608476,39.037969],[1.608449,39.037924],[1.608404,39.037898],[1.608352,39.037907],[1.608313,39.037945],[1.608272,39.037965],[1.608199,39.03795],[1.608159,39.037921],[1.60812,39.037904],[1.608107,39.037876],[1.608059,39.037831],[1.608025,39.037793],[1.607922,39.037739],[1.607872,39.037729],[1.607831,39.037682],[1.60784,39.037625],[1.607875,39.037572],[1.607916,39.037519],[1.607961,39.037468],[1.608025,39.037403],[1.608076,39.037364],[1.60806,39.037305],[1.608146,39.03729],[1.608204,39.037297],[1.608313,39.037288],[1.608376,39.037242],[1.608412,39.037201],[1.608423,39.037152],[1.608424,39.037123],[1.608401,39.037093],[1.608333,39.037082],[1.608214,39.037093],[1.608138,39.037095],[1.60804,39.037094],[1.607962,39.037086],[1.607898,39.037075],[1.607836,39.037086],[1.607769,39.037091],[1.607699,39.037071],[1.607614,39.03704],[1.607529,39.037004],[1.607451,39.036988],[1.607378,39.036969],[1.607324,39.036927],[1.607299,39.036862],[1.607288,39.036806],[1.607279,39.03675],[1.60728,39.036691],[1.607285,39.036629],[1.607308,39.036569],[1.607338,39.036515],[1.607372,39.036456],[1.607406,39.036425],[1.607459,39.036411],[1.607522,39.036405],[1.607587,39.036406],[1.607646,39.036406],[1.607767,39.036415],[1.607785,39.036424],[1.607821,39.036389],[1.60788,39.036383],[1.607953,39.03638],[1.608041,39.036363],[1.60812,39.03634],[1.608197,39.036311],[1.60826,39.036281],[1.608335,39.036237],[1.608427,39.036185],[1.608481,39.036147],[1.608527,39.036104],[1.608551,39.036082],[1.608606,39.036046],[1.608652,39.036025],[1.608694,39.036042],[1.608742,39.036086],[1.608775,39.036135],[1.608792,39.036195],[1.608803,39.036249],[1.608812,39.036321],[1.608828,39.036366],[1.608898,39.036428],[1.608939,39.036457],[1.60896,39.036482],[1.608975,39.036522],[1.608979,39.036579],[1.608992,39.036618],[1.60902,39.036649],[1.609071,39.036636],[1.609122,39.036609],[1.609169,39.036622],[1.60918,39.036666],[1.609198,39.036717],[1.609227,39.036759],[1.609277,39.036794],[1.609335,39.036826],[1.609396,39.036849],[1.609461,39.036849],[1.60952,39.036829],[1.60955,39.03678],[1.609542,39.036729],[1.609497,39.036703],[1.609423,39.036683],[1.609375,39.036647],[1.609336,39.036619],[1.60928,39.03658],[1.609239,39.03654],[1.609197,39.036492],[1.609162,39.036432],[1.609137,39.036363],[1.609117,39.0363],[1.609072,39.036251],[1.609023,39.036205],[1.608982,39.03614],[1.608953,39.036098],[1.608943,39.036071],[1.608957,39.036041],[1.608983,39.035996],[1.609014,39.035929],[1.60903,39.035869],[1.60903,39.035791],[1.60903,39.03572],[1.609002,39.035644],[1.608957,39.03559],[1.608912,39.035527],[1.608886,39.035466],[1.608878,39.035426],[1.608865,39.035381],[1.608844,39.035327],[1.608808,39.035282],[1.608767,39.035259],[1.608701,39.035245],[1.608668,39.035241],[1.608617,39.035219],[1.608567,39.035188],[1.608525,39.035167],[1.608487,39.035145],[1.608478,39.035125],[1.608434,39.035083],[1.608434,39.035083],[1.608421,39.03507],[1.608418,39.035067],[1.608414,39.035062],[1.608406,39.035045],[1.608406,39.035044],[1.608403,39.035035],[1.608402,39.035028],[1.608402,39.035019],[1.608402,39.035017],[1.608408,39.035001],[1.608413,39.03499],[1.608415,39.034985],[1.608421,39.034978],[1.608426,39.034973],[1.608441,39.034959],[1.608489,39.034921],[1.608532,39.034887],[1.608533,39.034886],[1.608553,39.034899],[1.608737,39.035014],[1.608754,39.034998],[1.60858,39.034888],[1.60855,39.034869],[1.6086,39.034827],[1.608649,39.034785],[1.608667,39.034771],[1.608687,39.034756],[1.608705,39.034743],[1.608724,39.034732],[1.60874,39.034723],[1.608758,39.034715],[1.60878,39.034707],[1.608784,39.034705],[1.608801,39.0347],[1.608812,39.034698],[1.608875,39.034692],[1.608881,39.034691],[1.608893,39.03469],[1.608907,39.034689],[1.608916,39.034689],[1.608928,39.03469],[1.609008,39.034704],[1.60901,39.034704],[1.609017,39.034704],[1.60909,39.034714],[1.609127,39.034715],[1.609189,39.034718],[1.60925,39.034731],[1.6093,39.034759],[1.609326,39.03479],[1.609328,39.034822],[1.609328,39.034867],[1.609351,39.034915],[1.609368,39.034933],[1.609389,39.034953],[1.609389,39.03497],[1.609386,39.034994],[1.609323,39.035004],[1.609287,39.035002],[1.609282,39.03502],[1.609314,39.035027],[1.609446,39.035009],[1.609477,39.035029],[1.609479,39.03503],[1.609577,39.035069],[1.609592,39.035073],[1.609604,39.035076],[1.609641,39.035086],[1.609648,39.035089],[1.609651,39.03509],[1.609656,39.035094],[1.609658,39.035097],[1.609659,39.035102],[1.60966,39.035109],[1.609665,39.035133],[1.609665,39.035134],[1.609678,39.035149],[1.609688,39.035158],[1.609692,39.035162],[1.609704,39.035171],[1.609713,39.035177],[1.60972,39.035181],[1.609736,39.035189],[1.609739,39.035191],[1.609745,39.035198],[1.609748,39.035203],[1.609749,39.035209],[1.60975,39.035214],[1.60975,39.035215],[1.609747,39.035223],[1.609743,39.035235],[1.609742,39.035243],[1.60974,39.035265],[1.609732,39.035325],[1.60973,39.035332],[1.609728,39.035336],[1.609715,39.035372],[1.609753,39.035384],[1.609753,39.035385],[1.609771,39.03541],[1.609772,39.035411],[1.609803,39.035432],[1.609814,39.035438],[1.609821,39.035441],[1.609832,39.035444],[1.609845,39.035447],[1.609863,39.035449],[1.609872,39.03545],[1.609889,39.035452],[1.609897,39.035451],[1.609905,39.03545],[1.609913,39.035447],[1.609914,39.035447],[1.609924,39.035442],[1.609929,39.035438],[1.609933,39.035434],[1.609935,39.03543],[1.609936,39.035429],[1.609939,39.035416],[1.609941,39.035403],[1.609944,39.035382],[1.609948,39.035358],[1.609953,39.035342],[1.609961,39.035313],[1.609965,39.035303],[1.609966,39.035301],[1.609971,39.035295],[1.609975,39.03529],[1.609981,39.035285],[1.609982,39.035285],[1.609987,39.035287],[1.609992,39.035289],[1.609997,39.035292],[1.61001,39.035298],[1.610053,39.035317],[1.610058,39.035321],[1.610064,39.035325],[1.610068,39.03533],[1.61007,39.035334],[1.610072,39.035339],[1.610072,39.035345],[1.610071,39.035355],[1.610071,39.035356],[1.610068,39.035387],[1.610067,39.0354],[1.610063,39.035419],[1.610057,39.035438],[1.61005,39.03547],[1.610049,39.035474],[1.61005,39.03548],[1.610051,39.035485],[1.610055,39.035493],[1.610061,39.035506],[1.610061,39.035509],[1.61006,39.035521],[1.610057,39.035545],[1.610053,39.035568],[1.610052,39.035576],[1.610044,39.035608],[1.610039,39.035623],[1.610037,39.035629],[1.610033,39.035637],[1.610029,39.035641],[1.610025,39.035644],[1.610024,39.035645],[1.609999,39.035657],[1.609998,39.035657],[1.60997,39.03567],[1.609962,39.035675],[1.609959,39.035678],[1.609958,39.035681],[1.609954,39.035689],[1.60995,39.035699],[1.609972,39.035723],[1.610021,39.035748],[1.610084,39.035792],[1.610126,39.035808],[1.610197,39.035826],[1.610318,39.035871],[1.610359,39.035873],[1.610425,39.035879],[1.610498,39.035907],[1.610555,39.035951],[1.610614,39.035997],[1.610678,39.036038],[1.61075,39.036092],[1.610802,39.036126],[1.610837,39.036171],[1.610827,39.036221],[1.610821,39.036272],[1.610854,39.036325],[1.61092,39.036387],[1.610952,39.036421],[1.611003,39.036444],[1.611061,39.036446],[1.611115,39.036447],[1.611184,39.036443],[1.611254,39.036415],[1.61129,39.036399],[1.611341,39.036369],[1.611411,39.036331],[1.611449,39.036307],[1.611437,39.036275],[1.611422,39.03626],[1.611423,39.036233],[1.611481,39.036221],[1.611515,39.036217],[1.611539,39.036264],[1.611577,39.036294],[1.611593,39.036273],[1.611598,39.036234],[1.611615,39.036233],[1.611652,39.036272],[1.611674,39.036287],[1.611735,39.036313],[1.611798,39.036341],[1.611856,39.036353],[1.611914,39.03635],[1.611948,39.036307],[1.611978,39.036234],[1.611991,39.036175],[1.611978,39.036154],[1.611922,39.036122],[1.611845,39.036089],[1.61178,39.036062],[1.611731,39.03602],[1.611699,39.035971],[1.611695,39.035931],[1.611725,39.03591],[1.611772,39.035906],[1.611828,39.03592],[1.611908,39.035943],[1.611987,39.035959],[1.612078,39.035981],[1.612151,39.036],[1.612224,39.036004],[1.612317,39.036009],[1.612401,39.036022],[1.612471,39.036031],[1.612535,39.036032],[1.612602,39.036033],[1.612674,39.036019],[1.612725,39.035992],[1.612774,39.035976],[1.612787,39.035983],[1.612793,39.035986],[1.612782,39.036013],[1.612789,39.036041],[1.61291,39.036091],[1.612979,39.036123],[1.613064,39.03615],[1.613159,39.036176],[1.613254,39.036198],[1.613357,39.036218],[1.613424,39.036231],[1.613562,39.036259],[1.613663,39.036278],[1.613768,39.036298],[1.613876,39.036319],[1.613976,39.036336],[1.6143,39.036384],[1.614367,39.036412],[1.614373,39.036447],[1.614368,39.036468],[1.614375,39.036498],[1.614441,39.036546],[1.614517,39.036599],[1.614587,39.036657],[1.614669,39.036688],[1.614767,39.036702],[1.61485,39.036702],[1.614954,39.036703],[1.615051,39.036705],[1.615143,39.036717],[1.615218,39.036723],[1.615317,39.036725],[1.615405,39.036715],[1.615458,39.036666],[1.61549,39.03662],[1.615548,39.036567],[1.615603,39.036531],[1.615676,39.036504],[1.615748,39.036498],[1.615851,39.036499],[1.615951,39.036488],[1.616026,39.036461],[1.616076,39.036411],[1.616112,39.036365],[1.616147,39.03634],[1.616194,39.036333],[1.616211,39.036333],[1.616246,39.036327],[1.616269,39.036279],[1.616269,39.036237],[1.616253,39.036191],[1.61626,39.03615],[1.616295,39.036124],[1.616337,39.036088],[1.616389,39.036033],[1.616412,39.035985],[1.616448,39.035932],[1.616484,39.035896],[1.616533,39.035892],[1.616539,39.035898],[1.616569,39.035933],[1.61657,39.035977],[1.616594,39.036043],[1.616642,39.036101],[1.616644,39.036145],[1.616631,39.03619],[1.616646,39.036267],[1.616646,39.036292],[1.61665,39.036341],[1.616668,39.036396],[1.616694,39.036436],[1.616758,39.036486],[1.616797,39.036518],[1.616889,39.036583],[1.616976,39.036628],[1.61708,39.03666],[1.617172,39.036687],[1.617267,39.036709],[1.617374,39.036736],[1.617475,39.036775],[1.617599,39.036825],[1.617702,39.036861],[1.61779,39.036886],[1.61788,39.036911],[1.617983,39.036927],[1.618079,39.036912],[1.618171,39.036892],[1.618266,39.036893],[1.618395,39.036908],[1.618492,39.036913],[1.618615,39.036914],[1.618719,39.036915],[1.618829,39.036912],[1.618927,39.036913],[1.61902,39.036914],[1.619079,39.036907],[1.619088,39.036884],[1.619034,39.036865],[1.618969,39.036842],[1.618947,39.036819],[1.618958,39.036792],[1.619002,39.036784],[1.619072,39.036795],[1.619152,39.036814],[1.619233,39.036827],[1.619339,39.036842],[1.619439,39.036843],[1.619527,39.036844],[1.619637,39.036845],[1.619733,39.036845],[1.619833,39.036846],[1.619924,39.036847],[1.620009,39.036841],[1.620074,39.036798],[1.620113,39.036736],[1.620178,39.036664],[1.620217,39.036596],[1.620223,39.036522],[1.620213,39.036453],[1.620201,39.036399],[1.620233,39.036376],[1.620239,39.036372],[1.62028,39.036329],[1.62035,39.036303],[1.620395,39.036262],[1.620388,39.036217],[1.620341,39.036142],[1.620336,39.036079],[1.620369,39.036033],[1.620387,39.035991],[1.62037,39.035938],[1.620332,39.035847],[1.620322,39.035778],[1.620313,39.035727],[1.620308,39.035697],[1.620165,39.035544],[1.620116,39.035479],[1.620124,39.035409],[1.62017,39.035356],[1.620235,39.035329],[1.620315,39.035328],[1.620375,39.035333],[1.62044,39.035363],[1.620493,39.035414],[1.620529,39.035441],[1.620588,39.035444],[1.62064,39.035403],[1.620679,39.035342],[1.620733,39.035265],[1.62078,39.035194],[1.620827,39.035121],[1.620857,39.035051],[1.620819,39.035005],[1.620761,39.034955],[1.62076,39.034899],[1.620794,39.034845],[1.6208,39.034773],[1.620801,39.034721],[1.620785,39.03467],[1.620748,39.034617],[1.620746,39.034564],[1.620781,39.034516],[1.6208,39.034469],[1.620793,39.034421],[1.620752,39.034357],[1.620697,39.034277],[1.620633,39.034204],[1.620569,39.034136],[1.620509,39.034081],[1.620442,39.034064],[1.620376,39.034074],[1.620292,39.034074],[1.620225,39.034047],[1.620201,39.034],[1.620197,39.033919],[1.620198,39.033845],[1.620199,39.033764],[1.6202,39.033692],[1.620202,39.033608],[1.620219,39.033532],[1.620218,39.033478],[1.620157,39.033431],[1.620078,39.033394],[1.620017,39.033359],[1.620011,39.0333],[1.620047,39.033242],[1.62009,39.033199],[1.620104,39.033139],[1.620088,39.033088],[1.620045,39.033044],[1.620028,39.032987],[1.62003,39.032942],[1.620067,39.032926],[1.620097,39.032927],[1.620168,39.032949],[1.620241,39.032974],[1.620308,39.033006],[1.620339,39.033017],[1.62045,39.033031],[1.620514,39.033029],[1.620576,39.033007],[1.620622,39.03297],[1.620638,39.032927],[1.62061,39.032889],[1.620534,39.032858],[1.620457,39.032829],[1.620384,39.032788],[1.620309,39.032781],[1.620254,39.032803],[1.620185,39.03284],[1.620136,39.032858],[1.620064,39.032833],[1.619995,39.032784],[1.619918,39.032715],[1.619856,39.032663],[1.619767,39.032608],[1.61969,39.03254],[1.61963,39.032465],[1.61959,39.032383],[1.61953,39.032325],[1.619449,39.032285],[1.619365,39.032242],[1.619282,39.032189],[1.619211,39.032126],[1.619131,39.032053],[1.619067,39.031987],[1.619,39.031908],[1.618949,39.031836],[1.618893,39.031744],[1.618835,39.031662],[1.618771,39.031579],[1.618713,39.031543],[1.618606,39.031495],[1.618551,39.031455],[1.618465,39.031352],[1.618392,39.031263],[1.618352,39.031189],[1.61831,39.031122],[1.618244,39.031059],[1.618167,39.030998],[1.618088,39.030919],[1.618042,39.030843],[1.618023,39.030781],[1.617985,39.030739],[1.617946,39.030714],[1.617902,39.030676],[1.617837,39.030629],[1.617746,39.030564],[1.617655,39.030539],[1.617567,39.030522],[1.617475,39.030483],[1.617401,39.030427],[1.617371,39.030362],[1.617374,39.030285],[1.617361,39.030217],[1.617298,39.030158],[1.617209,39.030101],[1.617127,39.030041],[1.617049,39.029972],[1.616976,39.029926],[1.616901,39.029875],[1.616825,39.029835],[1.61675,39.029831],[1.616657,39.02984],[1.616591,39.029854],[1.616523,39.029843],[1.61649,39.029796],[1.61647,39.029731],[1.616471,39.029674],[1.616483,39.029582],[1.616493,39.029528],[1.616525,39.029442],[1.616549,39.029354],[1.616562,39.029276],[1.616573,39.029198],[1.616587,39.029125],[1.616602,39.029032],[1.616627,39.028943],[1.616653,39.02886],[1.616676,39.028779],[1.616709,39.02871],[1.61677,39.028624],[1.6168,39.02856],[1.616833,39.028469],[1.616883,39.028398],[1.616965,39.028322],[1.617021,39.028254],[1.617054,39.028199],[1.617074,39.02816],[1.617111,39.028106],[1.617171,39.028067],[1.61722,39.028051],[1.617316,39.02802],[1.617403,39.027991],[1.617507,39.02796],[1.617558,39.027955],[1.617661,39.027952],[1.617771,39.027953],[1.617863,39.027941],[1.617962,39.0279],[1.618027,39.027835],[1.618071,39.027786],[1.618091,39.027743],[1.61812,39.027695],[1.618185,39.027665],[1.618265,39.027672],[1.618321,39.027696],[1.618388,39.027737],[1.618429,39.027781],[1.618467,39.027824],[1.618546,39.027868],[1.618642,39.0279],[1.618739,39.027921],[1.618849,39.027939],[1.618946,39.027956],[1.619044,39.027972],[1.619149,39.027987],[1.619247,39.027995],[1.61935,39.027997],[1.61946,39.028],[1.619559,39.028008],[1.619651,39.028011],[1.619762,39.028012],[1.619871,39.028011],[1.619983,39.028004],[1.620087,39.028],[1.620185,39.028005],[1.620283,39.028008],[1.620381,39.02801],[1.620491,39.028011],[1.620589,39.028016],[1.620686,39.028029],[1.620787,39.028037],[1.62086,39.028038],[1.620934,39.028035],[1.621007,39.028009],[1.621063,39.027967],[1.621093,39.027921],[1.621093,39.027873],[1.621076,39.027845],[1.621051,39.027808],[1.621068,39.027767],[1.621107,39.027744],[1.621164,39.027764],[1.621209,39.027794],[1.62127,39.027812],[1.621326,39.027815],[1.621394,39.027816],[1.621456,39.027816],[1.621518,39.027798],[1.621546,39.027751],[1.62155,39.027698],[1.621546,39.027645],[1.621522,39.027611],[1.621474,39.027588],[1.621395,39.027595],[1.62133,39.027608],[1.621238,39.027607],[1.621157,39.027575],[1.621095,39.02753],[1.620999,39.027456],[1.62094,39.027396],[1.620853,39.027318],[1.620779,39.027261],[1.620727,39.027213],[1.620649,39.027153],[1.620566,39.027112],[1.620483,39.027078],[1.620395,39.027058],[1.620313,39.027052],[1.620233,39.027052],[1.620185,39.027067],[1.62011,39.027032],[1.620077,39.026971],[1.620075,39.026919],[1.62012,39.026878],[1.620177,39.026842],[1.620205,39.026768],[1.620186,39.026734],[1.620115,39.026681],[1.620058,39.026617],[1.620029,39.026563],[1.619977,39.026543],[1.619904,39.026559],[1.619835,39.026566],[1.619768,39.02653],[1.619731,39.02649],[1.619675,39.026412],[1.619621,39.026366],[1.61955,39.026287],[1.619493,39.026235],[1.619421,39.026205],[1.619347,39.026201],[1.619267,39.026198],[1.619208,39.02616],[1.619165,39.026092],[1.619126,39.026032],[1.619081,39.025993],[1.619041,39.025963],[1.618992,39.025912],[1.618944,39.025858],[1.618886,39.025787],[1.618848,39.025713],[1.618825,39.025634],[1.618782,39.025562],[1.61872,39.025508],[1.618656,39.025443],[1.61862,39.025418],[1.618557,39.025365],[1.618489,39.025326],[1.618419,39.0253],[1.618358,39.025281],[1.618269,39.025253],[1.618199,39.025224],[1.618128,39.025194],[1.618053,39.025193],[1.617981,39.025199],[1.617929,39.025196],[1.617873,39.025159],[1.61781,39.025108],[1.617772,39.025047],[1.617743,39.024982],[1.617707,39.024936],[1.617641,39.024916],[1.617582,39.024915],[1.617517,39.02489],[1.617444,39.024851],[1.617359,39.024821],[1.617281,39.024807],[1.617198,39.024788],[1.617127,39.024779],[1.617021,39.024767],[1.61694,39.024749],[1.616854,39.024739],[1.616775,39.024738],[1.616701,39.024719],[1.616617,39.024695],[1.616546,39.024685],[1.616468,39.024679],[1.616394,39.024653],[1.616325,39.024631],[1.61627,39.024636],[1.616229,39.024672],[1.616176,39.024703],[1.616117,39.024701],[1.61607,39.024682],[1.616016,39.024648],[1.615929,39.02459],[1.615868,39.024551],[1.61578,39.024501],[1.615716,39.024473],[1.615639,39.024435],[1.615509,39.024363],[1.615437,39.024325],[1.615363,39.024293],[1.615297,39.024271],[1.615216,39.024261],[1.615146,39.02426],[1.61508,39.024272],[1.615024,39.024296],[1.614958,39.024335],[1.614906,39.024384],[1.614836,39.024468],[1.614782,39.024534],[1.61472,39.024601],[1.614664,39.024663],[1.614609,39.024725],[1.614586,39.02474],[1.614539,39.02477],[1.614468,39.024806],[1.614394,39.024841],[1.614383,39.024931],[1.614264,39.024981],[1.614212,39.025038],[1.614108,39.025119],[1.614065,39.02516],[1.614043,39.025204],[1.613925,39.025286],[1.613857,39.025277],[1.613798,39.02536],[1.61373,39.025423],[1.61366,39.025467],[1.613564,39.025511],[1.613492,39.025561],[1.613423,39.025629],[1.613362,39.02569],[1.613343,39.025795],[1.613268,39.025871],[1.613248,39.025907],[1.613184,39.025898],[1.613149,39.025949],[1.613178,39.026008],[1.613322,39.026045],[1.613331,39.026157],[1.613342,39.026264],[1.613322,39.026428],[1.613275,39.02653],[1.613241,39.026575],[1.613235,39.026626],[1.613138,39.026629],[1.613088,39.026586],[1.61309,39.026548],[1.613013,39.026479],[1.612953,39.026445],[1.6129,39.026449],[1.612863,39.026498],[1.612865,39.026542],[1.612902,39.026562],[1.612967,39.026573],[1.613016,39.026628],[1.613136,39.026713],[1.613076,39.026745],[1.612919,39.026681],[1.612864,39.026749],[1.612826,39.026803],[1.612871,39.026939],[1.612852,39.027019],[1.612798,39.027079],[1.612726,39.027127],[1.612671,39.027148],[1.612585,39.027125],[1.612514,39.027129],[1.612442,39.027116],[1.612357,39.027139],[1.612303,39.027178],[1.61223,39.027226],[1.612144,39.027265],[1.612092,39.027271],[1.612006,39.027273],[1.61195,39.0273],[1.611892,39.027323],[1.611802,39.027325],[1.611736,39.027311],[1.611675,39.027273],[1.611617,39.027264],[1.61155,39.027275],[1.611496,39.027312],[1.611446,39.02737],[1.61139,39.027419],[1.611336,39.027444],[1.611264,39.027469],[1.611201,39.027498],[1.611126,39.027548],[1.611059,39.027599],[1.610997,39.027643],[1.610934,39.027687],[1.610885,39.027714],[1.610856,39.027733],[1.610766,39.027776],[1.610696,39.0278],[1.610627,39.027834],[1.610541,39.027872],[1.610478,39.027902],[1.610406,39.027914],[1.610337,39.027935],[1.610253,39.027966],[1.610194,39.02798],[1.610133,39.02798],[1.610082,39.027993],[1.610032,39.02803],[1.609985,39.028051],[1.609947,39.028068],[1.609918,39.0281],[1.609911,39.02813],[1.609958,39.028162],[1.61,39.028202],[1.610006,39.028246],[1.609977,39.028307],[1.609938,39.028363],[1.60989,39.02842],[1.609864,39.02847],[1.609864,39.028537],[1.609868,39.028582],[1.609859,39.028616],[1.60981,39.028673],[1.609759,39.028713],[1.609691,39.028765],[1.609634,39.028818],[1.609582,39.028883],[1.609526,39.02894],[1.609456,39.028982],[1.609403,39.029017],[1.609345,39.029057],[1.609303,39.029084],[1.609171,39.029171],[1.609115,39.029248],[1.609031,39.0293],[1.608966,39.029331],[1.60896,39.029334],[1.608851,39.029364],[1.608754,39.02944],[1.608658,39.029483],[1.608545,39.029528],[1.608506,39.029551],[1.608476,39.029558],[1.608474,39.029559],[1.608387,39.029599],[1.608374,39.029603],[1.608363,39.029606],[1.608353,39.029607],[1.608338,39.029608],[1.608323,39.029608],[1.608304,39.029606],[1.608235,39.029601],[1.608222,39.029602],[1.607962,39.02961],[1.607935,39.02961],[1.607912,39.029609],[1.607879,39.029607],[1.607769,39.0296],[1.607768,39.0296],[1.607755,39.0296],[1.607741,39.029601],[1.607722,39.029603],[1.607699,39.029606],[1.607687,39.029608],[1.607664,39.029612],[1.607644,39.029617],[1.607614,39.029626],[1.60755,39.029644],[1.607535,39.029647],[1.607528,39.029648],[1.60749,39.029653],[1.607458,39.029656],[1.607422,39.029658],[1.607397,39.029659],[1.607357,39.02966],[1.607307,39.02966],[1.607241,39.02966],[1.607201,39.02966],[1.607182,39.029661],[1.607126,39.029665],[1.607076,39.029668],[1.607021,39.029673],[1.606911,39.029683],[1.606881,39.029685],[1.606841,39.029686],[1.606806,39.029686],[1.606771,39.029685],[1.606736,39.029684],[1.606701,39.029681],[1.606698,39.029681],[1.606611,39.029671],[1.606541,39.029663],[1.606502,39.02966],[1.606458,39.029657],[1.606389,39.029652],[1.606365,39.029649],[1.60634,39.029645],[1.606333,39.029643],[1.606304,39.029636],[1.606281,39.02963],[1.606253,39.029621],[1.606221,39.029609],[1.606138,39.029578],[1.606099,39.029565],[1.605977,39.029521],[1.605935,39.029506],[1.605917,39.029498],[1.605906,39.029493],[1.605894,39.029485],[1.605885,39.029477],[1.605877,39.029469],[1.60587,39.029461],[1.605864,39.029452],[1.605864,39.029451],[1.605855,39.02943],[1.605847,39.02941],[1.605836,39.029381],[1.605824,39.029356],[1.605807,39.02932],[1.6058,39.029307],[1.605791,39.029295],[1.605777,39.029276],[1.605758,39.02925],[1.605753,39.029242],[1.605753,39.029239],[1.605753,39.029236],[1.605755,39.029233],[1.605758,39.02923],[1.605766,39.029223],[1.605824,39.029177],[1.605826,39.029176],[1.605852,39.029143],[1.605853,39.029125],[1.605852,39.029084],[1.605847,39.029059],[1.605811,39.02902],[1.605791,39.028997],[1.605762,39.028963],[1.605726,39.028901],[1.605688,39.028842],[1.605645,39.028795],[1.605643,39.028762],[1.605623,39.02872],[1.60557,39.028677],[1.605547,39.028634],[1.605523,39.028583],[1.605476,39.028563],[1.605419,39.028562],[1.605367,39.028577],[1.605311,39.028586],[1.605267,39.028564],[1.605256,39.028516],[1.60526,39.028474],[1.605267,39.028442],[1.605268,39.028409],[1.605246,39.028368],[1.605204,39.028336],[1.60518,39.028305],[1.605192,39.028229],[1.605193,39.028188],[1.605193,39.02815],[1.605209,39.028127],[1.605244,39.028107],[1.605264,39.028076],[1.605264,39.028043],[1.605264,39.028014],[1.605265,39.027963],[1.605263,39.027893],[1.605242,39.027841],[1.605211,39.027788],[1.605196,39.027735],[1.605197,39.027677],[1.605196,39.027625],[1.605165,39.027585],[1.605124,39.027554],[1.605109,39.027503],[1.605109,39.027451],[1.605111,39.027398],[1.60511,39.027362],[1.605079,39.027312],[1.605027,39.027309],[1.604959,39.027319],[1.604898,39.027321],[1.604846,39.027295],[1.604815,39.02725],[1.604788,39.027205],[1.60479,39.02718],[1.604824,39.027158],[1.604871,39.027134],[1.604882,39.027089],[1.604895,39.027036],[1.604895,39.027008],[1.60489,39.02698],[1.60485,39.026953],[1.604806,39.026923],[1.604791,39.026892],[1.604797,39.02685],[1.604795,39.026818],[1.604758,39.026813],[1.604718,39.02682],[1.604679,39.026821],[1.60465,39.026814],[1.604622,39.02678],[1.604616,39.026736],[1.604622,39.026697],[1.604643,39.02666],[1.604643,39.026625],[1.604605,39.026582],[1.604562,39.026537],[1.604529,39.026488],[1.604503,39.026442],[1.604452,39.026404],[1.604403,39.026384],[1.604333,39.026366],[1.604267,39.026365],[1.604241,39.026346],[1.604237,39.026313],[1.604239,39.026279],[1.604255,39.026262],[1.604308,39.026236],[1.604337,39.026204],[1.604347,39.026165],[1.604366,39.026122],[1.60438,39.026087],[1.604382,39.026066],[1.604375,39.026047],[1.60433,39.026034],[1.604278,39.026026],[1.604233,39.02601],[1.604198,39.025982],[1.604194,39.025942],[1.604194,39.025898],[1.60417,39.025868],[1.604167,39.025862],[1.604146,39.025829],[1.604148,39.025796],[1.604155,39.025762],[1.604155,39.025736],[1.604167,39.025724],[1.604172,39.025719],[1.604212,39.025713],[1.604262,39.025714],[1.604315,39.025714],[1.604367,39.025715],[1.604417,39.025722],[1.60447,39.025727],[1.604514,39.025728],[1.604549,39.025715],[1.604566,39.025691],[1.604584,39.025669],[1.604599,39.025637],[1.604597,39.025586],[1.60457,39.025557],[1.604522,39.025527],[1.604472,39.025497],[1.604424,39.025468],[1.604379,39.025442],[1.60429,39.025387],[1.604236,39.02535],[1.604177,39.025306],[1.604167,39.0253],[1.604121,39.025275],[1.604078,39.025269],[1.604042,39.025286],[1.604023,39.025301],[1.603991,39.025345],[1.603959,39.025376],[1.603936,39.025406],[1.603915,39.025435],[1.603879,39.025452],[1.603842,39.025452],[1.603809,39.025453],[1.603772,39.025453],[1.603769,39.025453],[1.603736,39.025445],[1.603729,39.025417],[1.603729,39.025394],[1.60372,39.025348],[1.60369,39.025298],[1.603656,39.025252],[1.603603,39.025209],[1.60356,39.0252],[1.603517,39.025188],[1.603498,39.025162],[1.603499,39.025128],[1.603512,39.025114],[1.603544,39.02508],[1.603591,39.025045],[1.603626,39.025008],[1.60365,39.024969],[1.603656,39.024891],[1.603648,39.024858],[1.60363,39.024829],[1.603593,39.024809],[1.603558,39.02479],[1.603554,39.024763],[1.603558,39.024753],[1.603582,39.024753],[1.6036,39.024742],[1.6036,39.024715],[1.603581,39.024667],[1.603569,39.024611],[1.603533,39.024536],[1.603481,39.024471],[1.603457,39.024454],[1.603421,39.02444],[1.603365,39.024446],[1.603326,39.024445],[1.603268,39.024425],[1.603197,39.024398],[1.603171,39.024378],[1.603151,39.024342],[1.603128,39.024299],[1.603111,39.024268],[1.603083,39.02426],[1.603061,39.024274],[1.603061,39.024305],[1.603046,39.024335],[1.603007,39.024337],[1.602956,39.024319],[1.602908,39.02429],[1.602858,39.024256],[1.602821,39.02422],[1.602766,39.024156],[1.602736,39.024139],[1.60266,39.02413],[1.602583,39.024129],[1.602532,39.024122],[1.60251,39.024096],[1.602514,39.024049],[1.602495,39.024012],[1.602446,39.024005],[1.602379,39.024004],[1.602326,39.024002],[1.602272,39.02402],[1.60222,39.02406],[1.60217,39.024071],[1.602129,39.024054],[1.602101,39.024018],[1.602088,39.023991],[1.602049,39.023953],[1.602003,39.023932],[1.601972,39.023892],[1.601936,39.023854],[1.601868,39.023845],[1.601813,39.02387],[1.601776,39.023878],[1.601708,39.023865],[1.601652,39.023887],[1.601614,39.02393],[1.601595,39.023985],[1.601542,39.024016],[1.601474,39.024036],[1.601421,39.024068],[1.601367,39.024086],[1.601308,39.024094],[1.601229,39.024085],[1.601192,39.024053],[1.601179,39.024021],[1.601186,39.023985],[1.601225,39.023962],[1.601262,39.023933],[1.601306,39.023897],[1.601308,39.023864],[1.601274,39.023852],[1.601214,39.023849],[1.601197,39.023822],[1.601177,39.023803],[1.601138,39.023765],[1.601105,39.023722],[1.601062,39.023719],[1.601028,39.023763],[1.600981,39.023777],[1.600936,39.023748],[1.600863,39.023746],[1.600815,39.023722],[1.600794,39.02367],[1.600765,39.023638],[1.600726,39.023642],[1.600669,39.023668],[1.600619,39.023693],[1.600587,39.023695],[1.600588,39.023673],[1.600599,39.023652],[1.600556,39.023652],[1.600481,39.023678],[1.600429,39.023706],[1.600358,39.023716],[1.600302,39.023737],[1.600257,39.023768],[1.600189,39.023774],[1.600106,39.023773],[1.600047,39.023769],[1.6,39.023754],[1.599939,39.023758],[1.599882,39.023764],[1.599866,39.023741],[1.599857,39.02371],[1.59985,39.023673],[1.599829,39.023642],[1.599795,39.023627],[1.599761,39.023624],[1.599704,39.023632],[1.599655,39.023653],[1.59961,39.023687],[1.599559,39.023732],[1.599523,39.023773],[1.599479,39.023808],[1.599427,39.023838],[1.599376,39.023861],[1.599323,39.023887],[1.599276,39.023917],[1.599231,39.023947],[1.599223,39.023986],[1.599211,39.024025],[1.599192,39.02405],[1.599107,39.024096],[1.59904,39.024125],[1.598969,39.024146],[1.59889,39.024153],[1.598828,39.024145],[1.598771,39.024119],[1.598736,39.024085],[1.598721,39.024042],[1.598733,39.023994],[1.598751,39.023941],[1.598769,39.023914],[1.598824,39.023851],[1.598826,39.023849],[1.598898,39.023778],[1.59893,39.023728],[1.598938,39.023676],[1.598938,39.023636],[1.598943,39.023603],[1.598994,39.023574],[1.599038,39.023555],[1.599079,39.023522],[1.599099,39.023492],[1.599091,39.023475],[1.59906,39.023471],[1.599002,39.023472],[1.598907,39.023476],[1.598859,39.023465],[1.598842,39.023425],[1.598844,39.023386],[1.598865,39.023358],[1.598917,39.023321],[1.598975,39.023283],[1.599027,39.023255],[1.599062,39.023219],[1.599067,39.023172],[1.599074,39.023125],[1.599088,39.02308],[1.599088,39.02302],[1.599068,39.022986],[1.599027,39.022943],[1.598985,39.022916],[1.59893,39.022889],[1.598865,39.022869],[1.59881,39.022847],[1.598748,39.022825],[1.598692,39.022821],[1.598603,39.022817],[1.598531,39.022803],[1.598454,39.022784],[1.598398,39.022779],[1.598321,39.022782],[1.598254,39.022802],[1.598199,39.022839],[1.59815,39.022873],[1.598101,39.02291],[1.598054,39.022938],[1.597998,39.022954],[1.597931,39.022959],[1.597918,39.02296],[1.597869,39.022959],[1.597816,39.022952],[1.597755,39.022937],[1.59772,39.022912],[1.597682,39.022876],[1.597631,39.022853],[1.597587,39.022853],[1.597527,39.02286],[1.597476,39.022888],[1.59744,39.022932],[1.597442,39.022978],[1.597457,39.023037],[1.597434,39.02307],[1.597396,39.023101],[1.597372,39.023134],[1.597348,39.023177],[1.597326,39.023221],[1.597286,39.023265],[1.597264,39.023308],[1.597267,39.023342],[1.597279,39.023393],[1.59731,39.02344],[1.597317,39.023474],[1.597306,39.023519],[1.59728,39.023565],[1.597298,39.023616],[1.597295,39.023658],[1.597253,39.023663],[1.597191,39.023668],[1.597138,39.023691],[1.597099,39.023725],[1.597062,39.023764],[1.597052,39.023811],[1.597049,39.023864],[1.597023,39.023889],[1.596962,39.023912],[1.596917,39.023946],[1.596887,39.023983],[1.596843,39.02403],[1.596818,39.02407],[1.596765,39.024105],[1.596723,39.024145],[1.596696,39.024179],[1.596656,39.024282],[1.596506,39.024362],[1.596525,39.024384],[1.596621,39.024332],[1.596666,39.024333],[1.596691,39.02435],[1.596712,39.024385],[1.596736,39.024436],[1.596751,39.024494],[1.596732,39.024532],[1.596689,39.024536],[1.596642,39.024535],[1.596576,39.024542],[1.596527,39.024533],[1.596437,39.024507],[1.596388,39.024499],[1.596342,39.024501],[1.596279,39.024495],[1.596241,39.024499],[1.596197,39.024515],[1.596119,39.024554],[1.596076,39.024585],[1.596066,39.024625],[1.596028,39.024643],[1.595974,39.024654],[1.59591,39.024668],[1.595852,39.024681],[1.595794,39.024697],[1.595768,39.024725],[1.595743,39.024754],[1.595713,39.024768],[1.595677,39.024799],[1.595662,39.024814],[1.595657,39.024819],[1.595656,39.02482],[1.595652,39.024821],[1.595648,39.024821],[1.595636,39.024817],[1.595621,39.02481],[1.595595,39.024798],[1.595561,39.024781],[1.595555,39.024778],[1.595528,39.024763],[1.595509,39.024752],[1.595493,39.024742],[1.59548,39.024732],[1.595469,39.024723],[1.595457,39.024711],[1.595445,39.024698],[1.595445,39.024697],[1.595435,39.024684],[1.595424,39.024667],[1.595413,39.024647],[1.595398,39.024616],[1.595394,39.024607],[1.595387,39.024587],[1.595382,39.024572],[1.595373,39.024527],[1.595371,39.024516],[1.595368,39.024503],[1.595368,39.024492],[1.595368,39.024484],[1.59537,39.024478],[1.595372,39.024471],[1.595377,39.024465],[1.595406,39.024435],[1.595406,39.024435],[1.595407,39.024434],[1.59543,39.024413],[1.595488,39.024385],[1.595561,39.02435],[1.595618,39.024317],[1.595678,39.024275],[1.595744,39.024224],[1.595788,39.02418],[1.595823,39.024134],[1.595834,39.024084],[1.595829,39.024026],[1.595837,39.023969],[1.595878,39.023916],[1.595894,39.023864],[1.595894,39.023814],[1.595885,39.023758],[1.595851,39.023707],[1.595803,39.023655],[1.595784,39.02361],[1.59579,39.023567],[1.595815,39.023516],[1.595851,39.023463],[1.595874,39.023418],[1.595881,39.023365],[1.595894,39.023318],[1.595925,39.023278],[1.595958,39.023228],[1.595991,39.02319],[1.596034,39.023152],[1.596033,39.023118],[1.596007,39.02308],[1.596012,39.02306],[1.59608,39.023006],[1.596095,39.022966],[1.596064,39.022928],[1.596055,39.022886],[1.596035,39.022846],[1.595974,39.022818],[1.595934,39.022794],[1.595933,39.022755],[1.595895,39.02272],[1.59583,39.022716],[1.595761,39.022709],[1.59573,39.022674],[1.5957,39.022622],[1.595665,39.022575],[1.595683,39.022546],[1.595741,39.022521],[1.595769,39.022484],[1.595754,39.022463],[1.595719,39.022449],[1.595657,39.02242],[1.595604,39.022389],[1.595544,39.022375],[1.595489,39.022375],[1.595429,39.022374],[1.595344,39.022395],[1.595277,39.02242],[1.595191,39.022455],[1.595121,39.022483],[1.59503,39.022526],[1.594961,39.022559],[1.594867,39.022599],[1.594811,39.022619],[1.594717,39.022659],[1.594613,39.0227],[1.594534,39.022723],[1.594452,39.022727],[1.594378,39.022745],[1.594298,39.022776],[1.594232,39.022782],[1.594174,39.022768],[1.594108,39.022755],[1.594049,39.022772],[1.593996,39.022783],[1.593978,39.022771],[1.593951,39.022733],[1.593956,39.022701],[1.593964,39.022698],[1.594038,39.022665],[1.594079,39.022663],[1.594133,39.022652],[1.594167,39.022635],[1.59425,39.022605],[1.594304,39.02259],[1.594362,39.022581],[1.594432,39.022557],[1.594491,39.022524],[1.594537,39.022487],[1.594578,39.022451],[1.594636,39.022406],[1.594688,39.022362],[1.594719,39.022327],[1.59474,39.022253],[1.594806,39.022202],[1.594835,39.022184],[1.59493,39.022127],[1.594993,39.022076],[1.595031,39.022026],[1.595055,39.021976],[1.595066,39.021924],[1.595067,39.021879],[1.595065,39.021827],[1.595039,39.021782],[1.594993,39.02174],[1.594929,39.02171],[1.594873,39.021689],[1.594798,39.021647],[1.594753,39.021606],[1.59474,39.021563],[1.59471,39.021527],[1.594649,39.021495],[1.594575,39.021454],[1.594509,39.021446],[1.594433,39.021449],[1.594345,39.021413],[1.594271,39.021364],[1.594228,39.021306],[1.594225,39.021249],[1.594224,39.021187],[1.594198,39.021144],[1.594172,39.021125],[1.594127,39.021125],[1.594068,39.021114],[1.594002,39.021088],[1.593985,39.021052],[1.593943,39.021007],[1.593887,39.020974],[1.593809,39.020955],[1.593776,39.020926],[1.593774,39.02088],[1.593819,39.02086],[1.593897,39.020844],[1.593916,39.020835],[1.593955,39.020815],[1.594005,39.020764],[1.594054,39.02071],[1.59411,39.020666],[1.594156,39.020619],[1.594179,39.020578],[1.594218,39.020551],[1.594278,39.02052],[1.594351,39.0205],[1.594426,39.020469],[1.594494,39.020433],[1.594557,39.020396],[1.594619,39.020388],[1.594673,39.020373],[1.594697,39.020343],[1.594673,39.020314],[1.594678,39.020268],[1.594704,39.020234],[1.594749,39.02023],[1.59479,39.020235],[1.594828,39.020238],[1.594885,39.020235],[1.594931,39.020219],[1.594956,39.020195],[1.594965,39.020151],[1.594965,39.020098],[1.594979,39.020066],[1.595028,39.020055],[1.595078,39.020031],[1.595091,39.019981],[1.595093,39.01992],[1.595125,39.01987],[1.595164,39.019816],[1.595168,39.019783],[1.59518,39.019738],[1.595207,39.019683],[1.595249,39.01963],[1.5953,39.019596],[1.59535,39.019575],[1.595434,39.019533],[1.595468,39.019521],[1.595505,39.019501],[1.595534,39.019454],[1.595566,39.019429],[1.595635,39.019392],[1.595667,39.019352],[1.595659,39.01932],[1.595605,39.019297],[1.595575,39.019268],[1.595592,39.019243],[1.595645,39.019235],[1.595722,39.01922],[1.595786,39.019201],[1.59585,39.019176],[1.595933,39.019149],[1.59598,39.019127],[1.59606,39.01908],[1.596114,39.019044],[1.596172,39.019005],[1.596224,39.018968],[1.596262,39.018914],[1.596265,39.018867],[1.596252,39.018826],[1.596228,39.018767],[1.596244,39.018718],[1.596233,39.018672],[1.596207,39.018607],[1.596193,39.018554],[1.596195,39.018514],[1.596214,39.018499],[1.596301,39.018461],[1.596346,39.018449],[1.596413,39.018442],[1.596464,39.018406],[1.59649,39.018358],[1.596519,39.018307],[1.596525,39.018268],[1.596487,39.018264],[1.596462,39.018275],[1.596408,39.0183],[1.596339,39.018299],[1.596297,39.018269],[1.59627,39.018225],[1.59621,39.018168],[1.596173,39.018121],[1.596159,39.018072],[1.596144,39.018029],[1.596097,39.018017],[1.596053,39.018034],[1.595998,39.01801],[1.595943,39.01797],[1.595898,39.017926],[1.595839,39.017861],[1.595792,39.017822],[1.595755,39.017782],[1.595701,39.017761],[1.595659,39.017727],[1.595615,39.017672],[1.595559,39.017627],[1.595526,39.017569],[1.595501,39.017503],[1.595483,39.017447],[1.595446,39.017378],[1.595421,39.017326],[1.59543,39.017278],[1.595467,39.01725],[1.595447,39.017228],[1.595391,39.017232],[1.595338,39.017213],[1.595309,39.017191],[1.595255,39.01714],[1.595223,39.017072],[1.595219,39.017001],[1.595208,39.016938],[1.595183,39.016887],[1.595175,39.016839],[1.59514,39.016788],[1.595084,39.016736],[1.595023,39.016695],[1.594975,39.016655],[1.594956,39.016628],[1.594922,39.016569],[1.594876,39.01652],[1.59483,39.016477],[1.594786,39.016434],[1.594726,39.016394],[1.594636,39.016353],[1.594559,39.016302],[1.59453,39.01626],[1.594501,39.016205],[1.594474,39.016148],[1.594433,39.016093],[1.594421,39.016073],[1.594408,39.016053],[1.594403,39.016001],[1.594384,39.015951],[1.59436,39.015906],[1.59438,39.015879],[1.594417,39.015838],[1.594422,39.015798],[1.594381,39.015771],[1.594334,39.015745],[1.59432,39.015703],[1.59433,39.015683],[1.594369,39.015662],[1.594391,39.015642],[1.594373,39.015619],[1.59433,39.015605],[1.594319,39.015595],[1.594344,39.015588],[1.594396,39.015588],[1.594481,39.015588],[1.594519,39.01559],[1.594557,39.015579],[1.59457,39.015545],[1.594613,39.015514],[1.594598,39.015482],[1.594549,39.015456],[1.594508,39.015456],[1.594492,39.015497],[1.594489,39.015521],[1.594455,39.015511],[1.594389,39.01548],[1.594331,39.01545],[1.594274,39.015453],[1.594233,39.015474],[1.594187,39.015511],[1.594158,39.015502],[1.594132,39.015433],[1.594088,39.015387],[1.594039,39.015354],[1.594024,39.015324],[1.594028,39.015306],[1.594026,39.015279],[1.593985,39.015263],[1.593919,39.015279],[1.593864,39.015301],[1.593796,39.015338],[1.593721,39.015336],[1.593674,39.015314],[1.593608,39.01526],[1.593553,39.015218],[1.593504,39.015195],[1.593451,39.015219],[1.593421,39.015275],[1.593385,39.015312],[1.593331,39.015314],[1.593257,39.015311],[1.593209,39.015286],[1.593174,39.015241],[1.593133,39.015204],[1.593098,39.015188],[1.593048,39.015182],[1.592988,39.015196],[1.592948,39.015216],[1.592902,39.015197],[1.592855,39.015175],[1.592821,39.015177],[1.592793,39.01521],[1.592798,39.015255],[1.592846,39.015285],[1.592873,39.015322],[1.592854,39.015369],[1.592822,39.015404],[1.592781,39.015446],[1.592708,39.015515],[1.592659,39.015555],[1.592563,39.015621],[1.592512,39.015648],[1.592458,39.01568],[1.59236,39.015754],[1.592279,39.015802],[1.592158,39.01586],[1.592077,39.015891],[1.591994,39.015921],[1.59194,39.015936],[1.591908,39.015937],[1.591855,39.015922],[1.591802,39.015888],[1.591754,39.015849],[1.591693,39.015817],[1.591621,39.015802],[1.591583,39.015789],[1.591571,39.015744],[1.591543,39.015692],[1.591537,39.015651],[1.591536,39.01562],[1.591504,39.015592],[1.59144,39.015564],[1.59138,39.015529],[1.591355,39.015509],[1.591257,39.015454],[1.59117,39.015416],[1.591089,39.015387],[1.590996,39.01536],[1.590903,39.015335],[1.59082,39.01531],[1.590737,39.015289],[1.590668,39.01528],[1.590599,39.015281],[1.59053,39.015308],[1.590469,39.015313],[1.590383,39.015314],[1.590308,39.015318],[1.590253,39.015304],[1.590197,39.015285],[1.590109,39.01527],[1.590028,39.015249],[1.589947,39.015229],[1.589874,39.015227],[1.589809,39.015227],[1.589725,39.015236],[1.589648,39.015251],[1.589576,39.015249],[1.589519,39.015232],[1.589463,39.0152],[1.589425,39.015152],[1.589397,39.015111],[1.589393,39.015064],[1.589397,39.015018],[1.5894,39.014969],[1.5894,39.014929],[1.589388,39.014893],[1.589353,39.014886],[1.589324,39.014923],[1.589317,39.014952],[1.589247,39.014985],[1.589186,39.01497],[1.589129,39.014953],[1.589084,39.014933],[1.589042,39.014958],[1.589002,39.014985],[1.588951,39.014995],[1.588889,39.014994],[1.588835,39.014971],[1.588793,39.01494],[1.588749,39.014912],[1.58871,39.014909],[1.588709,39.014947],[1.588725,39.014993],[1.588695,39.015019],[1.588656,39.015013],[1.588635,39.014991],[1.588603,39.014987],[1.588569,39.015008],[1.588563,39.015021],[1.588561,39.015073],[1.588564,39.015118],[1.588602,39.01514],[1.588638,39.015146],[1.588689,39.015165],[1.588712,39.015194],[1.588721,39.015235],[1.588716,39.015275],[1.588715,39.015314],[1.588678,39.015347],[1.588638,39.015359],[1.588564,39.015386],[1.588519,39.015409],[1.588483,39.015439],[1.588419,39.015467],[1.588352,39.015484],[1.588287,39.015506],[1.588218,39.015522],[1.588167,39.015527],[1.588092,39.015526],[1.58805,39.015513],[1.588009,39.01552],[1.587978,39.015543],[1.587958,39.015578],[1.587942,39.015613],[1.587889,39.015689],[1.587816,39.015796],[1.587768,39.01584],[1.5877,39.015888],[1.587664,39.015907],[1.58759,39.015904],[1.587514,39.015875],[1.587438,39.015862],[1.587382,39.015861],[1.587313,39.015872],[1.587224,39.015887],[1.587144,39.015884],[1.587089,39.015865],[1.587005,39.015845],[1.586939,39.015846],[1.586858,39.015859],[1.586803,39.015875],[1.586705,39.015911],[1.586621,39.015931],[1.586555,39.015936],[1.586511,39.015934],[1.586462,39.015919],[1.586421,39.015911],[1.586381,39.015941],[1.586323,39.015966],[1.586298,39.015975],[1.586259,39.015989],[1.586196,39.016006],[1.586153,39.01602],[1.586061,39.01605],[1.586,39.016083],[1.585958,39.016116],[1.585902,39.016167],[1.585862,39.016209],[1.585814,39.016226],[1.585763,39.016226],[1.585671,39.016205],[1.585585,39.016182],[1.585459,39.016086],[1.585378,39.01603],[1.585299,39.015963],[1.585294,39.015959],[1.585184,39.015832],[1.584998,39.015674],[1.584862,39.01557],[1.584712,39.015425],[1.584541,39.015237],[1.584477,39.015157],[1.584466,39.015142],[1.584444,39.01511],[1.584408,39.015063],[1.584371,39.015021],[1.584348,39.014977],[1.584328,39.014934],[1.584344,39.014885],[1.584397,39.014849],[1.584466,39.014818],[1.584505,39.014787],[1.584565,39.014725],[1.584604,39.014666],[1.584634,39.014621],[1.584674,39.014589],[1.584708,39.01456],[1.58474,39.014515],[1.584771,39.014489],[1.584791,39.014472],[1.584881,39.014445],[1.584915,39.014399],[1.584938,39.01434],[1.584918,39.014288],[1.584897,39.014234],[1.584892,39.014197],[1.58491,39.014136],[1.584902,39.0141],[1.584869,39.014072],[1.584859,39.014048],[1.584857,39.013983],[1.584872,39.013954],[1.584882,39.01392],[1.584933,39.013875],[1.584936,39.013873],[1.584938,39.01386],[1.584961,39.013821],[1.584974,39.01379],[1.585,39.013771],[1.585045,39.013744],[1.585098,39.013728],[1.585153,39.013718],[1.585185,39.013699],[1.585252,39.01367],[1.585316,39.013638],[1.585329,39.013605],[1.585337,39.01355],[1.585387,39.013532],[1.585421,39.013532],[1.585423,39.013579],[1.585442,39.01361],[1.585484,39.01361],[1.585574,39.013581],[1.585703,39.013536],[1.585777,39.013497],[1.585797,39.013492],[1.585872,39.013442],[1.585874,39.013401],[1.585875,39.013355],[1.585925,39.013325],[1.586029,39.013285],[1.586094,39.013286],[1.58617,39.013288],[1.586236,39.013281],[1.586297,39.013259],[1.586346,39.013221],[1.586389,39.013166],[1.586403,39.013133],[1.58643,39.013128],[1.586464,39.013137],[1.586515,39.013143],[1.586566,39.013144],[1.586625,39.013123],[1.586646,39.01309],[1.586689,39.013054],[1.586738,39.013043],[1.586788,39.013024],[1.586873,39.012956],[1.586906,39.012893],[1.586946,39.012879],[1.587005,39.012868],[1.587057,39.01286],[1.587108,39.012832],[1.58718,39.012781],[1.587231,39.012739],[1.587259,39.012694],[1.587261,39.012657],[1.587262,39.012616],[1.587252,39.012584],[1.587222,39.012562],[1.587208,39.012533],[1.587215,39.012515],[1.587246,39.012494],[1.587254,39.012464],[1.587246,39.01243],[1.587237,39.012391],[1.587235,39.012349],[1.587204,39.012307],[1.587169,39.012282],[1.587169,39.012255],[1.587112,39.012244],[1.587042,39.012217],[1.586977,39.012225],[1.58689,39.012226],[1.586836,39.012222],[1.586774,39.012253],[1.586755,39.012242],[1.586782,39.012217],[1.586814,39.012187],[1.586831,39.012146],[1.58685,39.012096],[1.586845,39.012048],[1.586817,39.011998],[1.586761,39.011972],[1.586701,39.011971],[1.586644,39.011973],[1.586612,39.012002],[1.586589,39.011994],[1.586576,39.011943],[1.586523,39.011915],[1.586482,39.011914],[1.586424,39.01193],[1.586299,39.011948],[1.586196,39.011956],[1.586149,39.011955],[1.586116,39.011929],[1.586103,39.011917],[1.586123,39.011875],[1.586203,39.011792],[1.586241,39.01176],[1.586263,39.011754],[1.586306,39.011733],[1.586308,39.011682],[1.586328,39.01165],[1.586368,39.011657],[1.586399,39.01164],[1.586385,39.01158],[1.586385,39.011509],[1.586415,39.011426],[1.586418,39.011371],[1.586389,39.011343],[1.586382,39.011303],[1.586406,39.011263],[1.58646,39.011227],[1.58652,39.011194],[1.586613,39.011152],[1.586684,39.011101],[1.586741,39.011051],[1.586775,39.011037],[1.586818,39.011039],[1.586853,39.011042],[1.586852,39.011068],[1.586868,39.011093],[1.586907,39.0111],[1.586937,39.011124],[1.586968,39.011129],[1.586997,39.011106],[1.587009,39.011065],[1.586989,39.011021],[1.586955,39.010995],[1.586951,39.010978],[1.586983,39.010978],[1.586999,39.010978],[1.587051,39.010983],[1.587105,39.010988],[1.587148,39.01098],[1.587195,39.010972],[1.587238,39.010945],[1.587264,39.010916],[1.587295,39.010872],[1.587301,39.010828],[1.58729,39.010767],[1.587264,39.01071],[1.587223,39.01067],[1.587169,39.010642],[1.587109,39.010614],[1.587056,39.010608],[1.587022,39.010619],[1.586992,39.010637],[1.58694,39.010676],[1.586887,39.0107],[1.586842,39.010711],[1.586812,39.010698],[1.586763,39.010676],[1.586699,39.010664],[1.586651,39.010657],[1.586548,39.010686],[1.586486,39.01069],[1.586412,39.010711],[1.586356,39.010723],[1.586335,39.010707],[1.58627,39.010676],[1.58623,39.010644],[1.586231,39.010614],[1.586215,39.010579],[1.586181,39.010581],[1.586144,39.010585],[1.586121,39.010579],[1.586122,39.01055],[1.586124,39.010493],[1.5861,39.010453],[1.586078,39.010426],[1.586044,39.01042],[1.58601,39.010401],[1.585987,39.010365],[1.585982,39.010338],[1.585954,39.010332],[1.585919,39.010323],[1.585872,39.010301],[1.585843,39.010267],[1.585818,39.010203],[1.585763,39.010177],[1.585671,39.010155],[1.58563,39.010133],[1.585641,39.010116],[1.585663,39.010096],[1.585649,39.01007],[1.585622,39.010056],[1.585575,39.010051],[1.585566,39.01004],[1.585569,39.010025],[1.585553,39.010005],[1.585497,39.00999],[1.585482,39.009967],[1.585466,39.009953],[1.5854,39.009939],[1.585373,39.009945],[1.585361,39.009961],[1.58536,39.009993],[1.585357,39.010023],[1.585338,39.010043],[1.585318,39.010043],[1.585273,39.010017],[1.585233,39.009995],[1.585191,39.00998],[1.585148,39.009972],[1.585083,39.009962],[1.584967,39.009956],[1.584828,39.009953],[1.584756,39.009949],[1.584733,39.009936],[1.584723,39.009912],[1.584716,39.009892],[1.584641,39.009895],[1.584529,39.009893],[1.584409,39.00989],[1.584379,39.009885],[1.584327,39.009861],[1.584279,39.009857],[1.584244,39.009844],[1.584208,39.009837],[1.584132,39.009846],[1.58409,39.009871],[1.584029,39.009872],[1.583976,39.009873],[1.583916,39.009892],[1.583883,39.009909],[1.583829,39.009927],[1.583781,39.009963],[1.583743,39.009962],[1.583707,39.009947],[1.583684,39.009928],[1.583654,39.009905],[1.583612,39.009922],[1.583567,39.009932],[1.583533,39.009931],[1.583502,39.009938],[1.583477,39.009958],[1.583457,39.009994],[1.583429,39.010025],[1.583345,39.01006],[1.58327,39.010105],[1.583179,39.01014],[1.58316,39.010147],[1.58316,39.010147],[1.583151,39.01015],[1.58314,39.010152],[1.583121,39.010154],[1.583111,39.010154],[1.583098,39.010154],[1.583086,39.010153],[1.583076,39.010152],[1.583062,39.010148],[1.583045,39.010142],[1.583018,39.010132],[1.582992,39.010121],[1.582968,39.010109],[1.582943,39.010096],[1.58292,39.010083],[1.582885,39.010061],[1.582875,39.010054],[1.582834,39.010026],[1.582797,39.01],[1.582769,39.009978],[1.58273,39.009948],[1.582679,39.009905],[1.58264,39.009871],[1.582607,39.009842],[1.582575,39.009811],[1.582553,39.009789],[1.582524,39.009757],[1.58252,39.009753],[1.582497,39.009726],[1.582472,39.009695],[1.582451,39.009667],[1.582422,39.009625],[1.58238,39.00956],[1.582264,39.009379],[1.582223,39.009314],[1.582197,39.009271],[1.582174,39.009233],[1.582159,39.009205],[1.582141,39.009171],[1.582127,39.009139],[1.582106,39.009091],[1.582093,39.009056],[1.58204,39.00891],[1.58202,39.008854],[1.581995,39.008777],[1.581979,39.008726],[1.581968,39.008693],[1.581952,39.008652],[1.58195,39.008649],[1.58192,39.00858],[1.581878,39.008489],[1.581847,39.008424],[1.581828,39.008382],[1.581825,39.008375],[1.581816,39.008352],[1.581807,39.008324],[1.581798,39.008292],[1.58179,39.008259],[1.581773,39.008179],[1.581722,39.007908],[1.581708,39.007832],[1.581689,39.007732],[1.581679,39.007673],[1.581678,39.007661],[1.581675,39.007636],[1.581674,39.007613],[1.581674,39.007557],[1.581676,39.007448],[1.581676,39.007445],[1.581675,39.007409],[1.581674,39.007378],[1.581675,39.007329],[1.581675,39.00731],[1.581674,39.007271],[1.581674,39.007256],[1.581675,39.007244],[1.581677,39.007233],[1.581679,39.007225],[1.581683,39.007217],[1.581688,39.00721],[1.581692,39.007206],[1.581702,39.007199],[1.58179,39.007151],[1.581793,39.007149],[1.581836,39.007128],[1.58187,39.007093],[1.581872,39.007037],[1.581874,39.00698],[1.581893,39.006947],[1.581924,39.006918],[1.581967,39.006902],[1.581988,39.006869],[1.581992,39.006832],[1.582025,39.006815],[1.582028,39.006782],[1.582046,39.006753],[1.582081,39.006745],[1.582127,39.006755],[1.582198,39.006785],[1.582284,39.006828],[1.582321,39.006842],[1.582403,39.006843],[1.582442,39.006846],[1.582476,39.006871],[1.582556,39.006917],[1.582581,39.006872],[1.582598,39.00685],[1.582615,39.006851],[1.582636,39.006851],[1.582657,39.006831],[1.582667,39.006793],[1.582668,39.006757],[1.582663,39.00671],[1.582664,39.006673],[1.58263,39.006654],[1.582579,39.006649],[1.582551,39.006624],[1.58256,39.006603],[1.58259,39.006579],[1.582622,39.006547],[1.582658,39.006504],[1.582673,39.00645],[1.582683,39.006288],[1.582684,39.006261],[1.582653,39.006214],[1.582647,39.006176],[1.582648,39.006142],[1.582646,39.006113],[1.582611,39.0061],[1.582544,39.00609],[1.582505,39.006091],[1.582486,39.006084],[1.582487,39.00606],[1.582496,39.006038],[1.582523,39.006028],[1.582537,39.005996],[1.582545,39.005969],[1.582548,39.005929],[1.582548,39.005912],[1.582541,39.005881],[1.582505,39.005841],[1.5825,39.005809],[1.582507,39.005777],[1.582505,39.005748],[1.582454,39.005691],[1.582467,39.005644],[1.582477,39.005616],[1.582464,39.005602],[1.582356,39.005567],[1.582256,39.005512],[1.58218,39.005457],[1.582094,39.005434],[1.581942,39.005405],[1.581895,39.005372],[1.581864,39.005349],[1.581824,39.005321],[1.581769,39.005297],[1.581748,39.005263],[1.581682,39.005239],[1.581639,39.005208],[1.581586,39.005172],[1.581506,39.00515],[1.581459,39.005146],[1.581425,39.005155],[1.581378,39.005137],[1.581328,39.005124],[1.581283,39.005107],[1.581244,39.005067],[1.581243,39.00504],[1.581245,39.004993],[1.58126,39.004953],[1.581288,39.004925],[1.581312,39.0049],[1.581343,39.004866],[1.581368,39.004835],[1.581365,39.004814],[1.581329,39.004815],[1.581285,39.004832],[1.58123,39.004841],[1.581194,39.004813],[1.581175,39.004781],[1.581187,39.004747],[1.581214,39.004721],[1.581238,39.004718],[1.581275,39.004706],[1.581305,39.004702],[1.581331,39.004697],[1.58136,39.004666],[1.581362,39.004632],[1.581327,39.004602],[1.581294,39.004544],[1.581297,39.004496],[1.581324,39.004427],[1.581321,39.00437],[1.581304,39.004292],[1.581306,39.004251],[1.581291,39.004172],[1.581287,39.004103],[1.581296,39.004076],[1.581324,39.004035],[1.581355,39.003999],[1.581386,39.003959],[1.581384,39.003929],[1.581377,39.003895],[1.581395,39.003869],[1.581425,39.003856],[1.581443,39.00385],[1.581478,39.003859],[1.581514,39.003862],[1.581553,39.003848],[1.581596,39.003848],[1.581658,39.00383],[1.581715,39.003814],[1.581771,39.003819],[1.581817,39.003822],[1.581889,39.003832],[1.581952,39.003856],[1.581998,39.003857],[1.582051,39.003853],[1.582101,39.003832],[1.582121,39.003763],[1.582146,39.003701],[1.582174,39.003613],[1.582176,39.003569],[1.582156,39.003549],[1.582114,39.003529],[1.582101,39.003507],[1.582042,39.003437],[1.582006,39.003398],[1.582001,39.003364],[1.582025,39.003326],[1.582048,39.003255],[1.582021,39.003133],[1.582,39.003043],[1.582002,39.002976],[1.581964,39.002889],[1.581975,39.002853],[1.582002,39.002839],[1.582035,39.002824],[1.582061,39.002792],[1.582073,39.00277],[1.582063,39.002747],[1.582011,39.002736],[1.581946,39.002709],[1.581914,39.002694],[1.581915,39.002674],[1.58194,39.002654],[1.581967,39.002661],[1.581995,39.002693],[1.582028,39.002708],[1.582074,39.002698],[1.582123,39.002662],[1.582137,39.002616],[1.58213,39.002558],[1.582132,39.002486],[1.582119,39.002419],[1.58211,39.002363],[1.582103,39.002307],[1.58208,39.002261],[1.582028,39.002228],[1.581982,39.002212],[1.581945,39.002186],[1.581895,39.002139],[1.581824,39.002083],[1.58178,39.002061],[1.581732,39.002055],[1.581696,39.002038],[1.581632,39.002031],[1.581562,39.00203],[1.581428,39.002058],[1.581377,39.002073],[1.581338,39.00209],[1.581271,39.002098],[1.581244,39.002118],[1.581241,39.002139],[1.581257,39.002162],[1.581267,39.002191],[1.581257,39.002204],[1.581226,39.002226],[1.58119,39.002225],[1.581174,39.00222],[1.581173,39.0022],[1.581175,39.00218],[1.581156,39.002165],[1.581129,39.002164],[1.581095,39.002178],[1.58108,39.002202],[1.581059,39.002223],[1.581042,39.002236],[1.581037,39.002256],[1.581046,39.002286],[1.581042,39.002311],[1.581012,39.002317],[1.580965,39.002316],[1.580932,39.002314],[1.5809,39.002301],[1.580872,39.002276],[1.580879,39.002246],[1.58088,39.002213],[1.580852,39.002204],[1.580821,39.00221],[1.580798,39.002236],[1.580756,39.002253],[1.580711,39.00227],[1.580678,39.002275],[1.580642,39.002267],[1.58061,39.002266],[1.580586,39.002278],[1.580566,39.0023],[1.580564,39.002327],[1.580564,39.002351],[1.58055,39.002365],[1.580527,39.002373],[1.580503,39.002402],[1.580483,39.002434],[1.580444,39.00247],[1.580412,39.002492],[1.580403,39.002506],[1.580423,39.002586],[1.5803,39.002603],[1.58024,39.0026],[1.580196,39.002621],[1.580151,39.00264],[1.580037,39.00264],[1.579868,39.002631],[1.579681,39.002615],[1.579521,39.002568],[1.579494,39.00256],[1.579291,39.00246],[1.579041,39.002319],[1.578851,39.002184],[1.578671,39.002032],[1.578554,39.001954],[1.578473,39.001886],[1.578388,39.001789],[1.578306,39.001699],[1.578103,39.001479],[1.578005,39.001361],[1.577956,39.001262],[1.577921,39.001179],[1.577909,39.001087],[1.577939,39.000782],[1.57795,39.000665],[1.577951,39.000653],[1.577954,39.000629],[1.577972,39.000536],[1.577986,39.000466],[1.577987,39.000462],[1.578026,39.000409],[1.57812,39.000347],[1.578243,39.000466],[1.578376,39.000384],[1.578412,39.000418],[1.578437,39.000401],[1.578349,39.000313],[1.578485,39.000265],[1.578678,39.00022],[1.578719,39.00023],[1.578734,39.000248],[1.578734,39.000271],[1.57876,39.000305],[1.578754,39.00035],[1.578534,39.000453],[1.578488,39.000481],[1.578491,39.000498],[1.578514,39.000504],[1.578621,39.000458],[1.578774,39.000392],[1.578833,39.000393],[1.578925,39.000401],[1.579048,39.000386],[1.579089,39.000334],[1.579093,39.000328],[1.579108,39.000309],[1.579115,39.0003],[1.579246,39.000238],[1.579312,39.00021],[1.579348,39.000165],[1.579371,39.000109],[1.579441,39.000002],[1.579446,38.999995],[1.579494,38.999839],[1.579525,38.99974],[1.57957,38.999601],[1.579581,38.999566],[1.579596,38.999516],[1.579643,38.999466],[1.579701,38.999431],[1.579715,38.999381],[1.579737,38.999336],[1.579791,38.999336],[1.57981,38.999364],[1.579894,38.999373],[1.579958,38.999362],[1.580001,38.999333],[1.580055,38.999308],[1.580142,38.99931],[1.580267,38.999306],[1.580315,38.999296],[1.580315,38.999269],[1.58025,38.999257],[1.580168,38.999248],[1.580004,38.999184],[1.579881,38.999181],[1.579765,38.999168],[1.579748,38.999127],[1.579774,38.999087],[1.579815,38.999047],[1.57985,38.999048],[1.579905,38.999053],[1.579983,38.999055],[1.580065,38.99906],[1.580157,38.999098],[1.580236,38.999101],[1.580277,38.999073],[1.58025,38.999056],[1.580186,38.999047],[1.580124,38.99902],[1.580121,38.998987],[1.580152,38.998979],[1.580207,38.99897],[1.580218,38.998933],[1.580225,38.998885],[1.580253,38.998874],[1.580294,38.99887],[1.580321,38.998851],[1.580302,38.998834],[1.58025,38.998833],[1.580152,38.998833],[1.580123,38.998846],[1.580088,38.998888],[1.580063,38.99895],[1.580034,38.998961],[1.57998,38.998953],[1.579926,38.998908],[1.579897,38.998843],[1.579948,38.998817],[1.58001,38.998812],[1.580025,38.998776],[1.580092,38.998731],[1.580114,38.998694],[1.580104,38.998663],[1.580042,38.998611],[1.579965,38.99856],[1.579907,38.998545],[1.579867,38.998517],[1.579828,38.998445],[1.579758,38.998385],[1.579657,38.998362],[1.579605,38.998351],[1.57956,38.998342],[1.579454,38.998331],[1.579385,38.998279],[1.579336,38.998191],[1.579346,38.998138],[1.579433,38.998131],[1.579474,38.998099],[1.579464,38.998035],[1.579466,38.997972],[1.579473,38.997924],[1.579526,38.997869],[1.57955,38.997828],[1.579505,38.997728],[1.579425,38.997658],[1.579417,38.99761],[1.579461,38.997584],[1.579525,38.997579],[1.579553,38.997537],[1.579603,38.997512],[1.579622,38.997489],[1.579635,38.997474],[1.579623,38.99747],[1.579594,38.997461],[1.579592,38.997421],[1.579566,38.997403],[1.579485,38.997389],[1.579448,38.997375],[1.579454,38.997317],[1.579487,38.997309],[1.579524,38.997323],[1.579552,38.997324],[1.579626,38.997293],[1.57968,38.997271],[1.579753,38.997271],[1.579783,38.997245],[1.579758,38.997224],[1.579709,38.997223],[1.579628,38.997199],[1.579545,38.997175],[1.579498,38.997137],[1.579497,38.997108],[1.579477,38.997036],[1.579471,38.996983],[1.579505,38.996958],[1.579581,38.996907],[1.579634,38.9969],[1.57967,38.996896],[1.57972,38.996882],[1.579826,38.996829],[1.579888,38.996807],[1.579963,38.996773],[1.580013,38.996774],[1.580068,38.996768],[1.580104,38.99672],[1.580182,38.996684],[1.580254,38.996671],[1.580353,38.996673],[1.580421,38.996678],[1.580484,38.996677],[1.580573,38.996648],[1.580657,38.996606],[1.58079,38.996608],[1.580877,38.99663],[1.58096,38.996661],[1.581025,38.996705],[1.581033,38.996737],[1.581012,38.996778],[1.581042,38.996803],[1.581117,38.996858],[1.581159,38.99685],[1.581174,38.996811],[1.58119,38.996762],[1.581214,38.996731],[1.581246,38.996768],[1.581275,38.996799],[1.581296,38.996788],[1.581286,38.996709],[1.58126,38.996647],[1.581265,38.996617],[1.581344,38.996574],[1.581375,38.996583],[1.58142,38.996596],[1.581478,38.996574],[1.581479,38.996542],[1.581462,38.996504],[1.581379,38.996523],[1.581324,38.996542],[1.581209,38.996578],[1.581153,38.996542],[1.581137,38.996495],[1.581155,38.996434],[1.581145,38.996376],[1.581121,38.996316],[1.581097,38.996239],[1.581121,38.996211],[1.581156,38.996205],[1.581187,38.996217],[1.581221,38.996229],[1.581265,38.99621],[1.581326,38.996115],[1.58136,38.99602],[1.581394,38.995981],[1.58141,38.99593],[1.581402,38.995865],[1.581391,38.995834],[1.5813,38.995806],[1.581262,38.995797],[1.581255,38.995762],[1.581198,38.995742],[1.581147,38.995744],[1.58108,38.995743],[1.581016,38.995727],[1.580969,38.995723],[1.580964,38.99569],[1.580929,38.995662],[1.580882,38.995657],[1.580824,38.99565],[1.580794,38.995657],[1.580802,38.995712],[1.580762,38.995718],[1.580755,38.995686],[1.580717,38.995685],[1.580703,38.995697],[1.580727,38.995744],[1.580726,38.995794],[1.580694,38.995838],[1.580616,38.995877],[1.58055,38.995916],[1.580497,38.995965],[1.580374,38.995995],[1.580241,38.996003],[1.580133,38.995998],[1.580078,38.995969],[1.580041,38.995874],[1.580043,38.995811],[1.580005,38.99577],[1.579938,38.995764],[1.579913,38.995733],[1.579917,38.995644],[1.57991,38.995614],[1.579862,38.995589],[1.579799,38.995563],[1.579789,38.995586],[1.579788,38.995652],[1.579749,38.995669],[1.579659,38.995656],[1.579655,38.995655],[1.579555,38.995649],[1.579497,38.99563],[1.579469,38.995576],[1.579471,38.995539],[1.579508,38.995504],[1.579526,38.995463],[1.579521,38.995417],[1.57952,38.995385],[1.579484,38.995355],[1.579459,38.995316],[1.57944,38.995269],[1.579441,38.995226],[1.579428,38.995178],[1.579425,38.995113],[1.579433,38.995087],[1.579458,38.995073],[1.579461,38.995029],[1.579483,38.995006],[1.57949,38.994981],[1.579442,38.994945],[1.579468,38.994923],[1.579506,38.994919],[1.579558,38.994912],[1.579585,38.994881],[1.579612,38.994857],[1.579663,38.994858],[1.579675,38.994859],[1.579699,38.994859],[1.579712,38.994836],[1.57975,38.994828],[1.579773,38.994819],[1.579771,38.994801],[1.579718,38.994757],[1.579724,38.994723],[1.57976,38.994681],[1.579795,38.994674],[1.579834,38.994682],[1.579849,38.994661],[1.579817,38.994583],[1.579823,38.994536],[1.579857,38.994512],[1.579876,38.994575],[1.579903,38.994601],[1.579927,38.994589],[1.579945,38.994552],[1.579982,38.994509],[1.580046,38.994454],[1.580085,38.994408],[1.580141,38.994344],[1.580174,38.994233],[1.580178,38.994161],[1.580188,38.994117],[1.580237,38.99411],[1.580263,38.994131],[1.580262,38.994188],[1.580266,38.994204],[1.580272,38.994218],[1.580276,38.994221],[1.580279,38.994223],[1.580283,38.994223],[1.580284,38.994221],[1.580286,38.994218],[1.580287,38.994205],[1.58029,38.994106],[1.580301,38.994043],[1.580328,38.993953],[1.580339,38.993859],[1.580372,38.993836],[1.580405,38.993835],[1.580419,38.993809],[1.580454,38.993764],[1.580463,38.993725],[1.580439,38.993679],[1.580447,38.993627],[1.580456,38.993562],[1.580477,38.993547],[1.580516,38.99356],[1.580557,38.993617],[1.580586,38.993666],[1.580618,38.993673],[1.580647,38.993655],[1.580723,38.993628],[1.580765,38.993605],[1.580766,38.993562],[1.580736,38.993523],[1.580737,38.993483],[1.580738,38.993442],[1.580727,38.993424],[1.580731,38.993402],[1.58073,38.99338],[1.580729,38.993366],[1.580688,38.99336],[1.580672,38.99338],[1.580669,38.993384],[1.580662,38.993438],[1.580617,38.993445],[1.580577,38.99344],[1.58058,38.993407],[1.580547,38.993378],[1.580543,38.993375],[1.580524,38.993339],[1.580525,38.993293],[1.580478,38.993279],[1.580464,38.993252],[1.580463,38.993198],[1.58043,38.993191],[1.580361,38.993192],[1.580317,38.993149],[1.580309,38.993099],[1.580274,38.993062],[1.580228,38.993024],[1.580233,38.992983],[1.580257,38.992955],[1.580175,38.992867],[1.580116,38.992822],[1.580097,38.992779],[1.580052,38.992739],[1.579969,38.992649],[1.579923,38.992622],[1.57989,38.992564],[1.579907,38.992534],[1.579955,38.992512],[1.579966,38.992484],[1.579944,38.99248],[1.579907,38.992479],[1.579859,38.992474],[1.579836,38.992443],[1.579838,38.992395],[1.57984,38.992338],[1.5798,38.9923],[1.579758,38.992263],[1.579758,38.992217],[1.579738,38.992185],[1.579728,38.992177],[1.579695,38.992151],[1.579696,38.992108],[1.579663,38.992073],[1.579623,38.992036],[1.579596,38.991997],[1.579598,38.991958],[1.579606,38.991906],[1.579632,38.991869],[1.579656,38.991831],[1.579658,38.99178],[1.579623,38.991736],[1.579581,38.991685],[1.579558,38.991642],[1.57956,38.991615],[1.579558,38.991582],[1.579534,38.991538],[1.579527,38.991485],[1.579533,38.991428],[1.579559,38.991386],[1.579592,38.991363],[1.57963,38.991347],[1.579681,38.991358],[1.579732,38.991388],[1.579744,38.991387],[1.579752,38.991387],[1.579754,38.991373],[1.579745,38.991354],[1.579739,38.991339],[1.579745,38.991323],[1.579746,38.991319],[1.579751,38.991296],[1.579746,38.991296],[1.579653,38.99129],[1.579655,38.991242],[1.579659,38.99117],[1.579686,38.991129],[1.579737,38.991093],[1.57975,38.991086],[1.579789,38.991067],[1.579825,38.991093],[1.579875,38.991098],[1.579917,38.99107],[1.579985,38.991048],[1.58003,38.991023],[1.580091,38.991015],[1.580154,38.991009],[1.580186,38.991027],[1.580194,38.991047],[1.580141,38.991089],[1.580153,38.991113],[1.580226,38.991157],[1.580294,38.991232],[1.580361,38.991309],[1.580395,38.991336],[1.580434,38.99133],[1.580464,38.991299],[1.580465,38.991262],[1.580475,38.991212],[1.580475,38.991188],[1.580425,38.991157],[1.580396,38.991157],[1.580361,38.991154],[1.580305,38.991119],[1.580236,38.991043],[1.580214,38.990989],[1.58023,38.990954],[1.580242,38.990922],[1.580247,38.990884],[1.580278,38.990867],[1.580294,38.990842],[1.58032,38.990813],[1.580313,38.990786],[1.580283,38.990736],[1.580242,38.990686],[1.580246,38.990642],[1.580259,38.990598],[1.58029,38.990562],[1.580313,38.990552],[1.580342,38.990553],[1.58035,38.990533],[1.580362,38.990501],[1.580391,38.990477],[1.580421,38.990487],[1.580472,38.990561],[1.580501,38.990575],[1.580512,38.990565],[1.58051,38.990538],[1.580443,38.990448],[1.580426,38.990407],[1.580427,38.990368],[1.580447,38.990341],[1.580452,38.99031],[1.580446,38.990261],[1.580478,38.990244],[1.580479,38.990224],[1.580437,38.990184],[1.580452,38.990163],[1.580499,38.990163],[1.580593,38.990165],[1.580667,38.990166],[1.5807,38.990145],[1.580645,38.990114],[1.580632,38.990081],[1.580649,38.99005],[1.580758,38.989999],[1.580918,38.98995],[1.580977,38.989945],[1.581063,38.989983],[1.581131,38.990012],[1.581191,38.990052],[1.581245,38.990096],[1.581311,38.990121],[1.581371,38.990131],[1.581458,38.990153],[1.581494,38.990165],[1.581561,38.990218],[1.581601,38.990219],[1.581631,38.990216],[1.581691,38.990166],[1.58173,38.990156],[1.581752,38.990147],[1.581766,38.990121],[1.58179,38.990115],[1.581791,38.990098],[1.581756,38.990062],[1.581674,38.990019],[1.58165,38.989987],[1.581642,38.989942],[1.581609,38.989872],[1.581586,38.989824],[1.581587,38.989795],[1.581597,38.989765],[1.581596,38.989731],[1.58155,38.989679],[1.581521,38.989674],[1.581496,38.989671],[1.581449,38.98964],[1.581372,38.989638],[1.581295,38.989636],[1.581214,38.98962],[1.581206,38.989594],[1.581208,38.989551],[1.581201,38.989511],[1.581155,38.989489],[1.581109,38.989482],[1.581101,38.989462],[1.581117,38.989453],[1.581141,38.989437],[1.581179,38.989428],[1.581311,38.989432],[1.581434,38.98943],[1.581427,38.989411],[1.581314,38.989353],[1.581269,38.989341],[1.581226,38.989337],[1.581154,38.989319],[1.581109,38.989328],[1.581059,38.989328],[1.581002,38.989326],[1.580953,38.989331],[1.580897,38.989327],[1.580838,38.98933],[1.580802,38.98935],[1.580762,38.989392],[1.580732,38.989407],[1.5807,38.989396],[1.580698,38.989359],[1.580657,38.989346],[1.580632,38.989334],[1.580589,38.989322],[1.580518,38.989314],[1.580459,38.989305],[1.580401,38.989304],[1.580334,38.989323],[1.580292,38.989349],[1.580263,38.989339],[1.580246,38.98931],[1.580206,38.989316],[1.58016,38.989338],[1.580079,38.989363],[1.579998,38.989367],[1.57998,38.98934],[1.579989,38.989312],[1.580034,38.989309],[1.580085,38.98931],[1.580147,38.989282],[1.580158,38.989249],[1.580135,38.989234],[1.580061,38.989209],[1.580009,38.989203],[1.579927,38.989193],[1.579853,38.989167],[1.579798,38.989126],[1.579789,38.989125],[1.579769,38.989124],[1.57973,38.989106],[1.579694,38.989107],[1.579662,38.989131],[1.57965,38.989156],[1.579648,38.989185],[1.579683,38.989219],[1.579727,38.989241],[1.579725,38.989285],[1.579687,38.989299],[1.579631,38.989297],[1.579573,38.989296],[1.579538,38.989326],[1.57951,38.989335],[1.579506,38.989319],[1.579493,38.989287],[1.579426,38.989296],[1.579332,38.989334],[1.579243,38.989333],[1.579213,38.989357],[1.579201,38.989386],[1.579166,38.989386],[1.579129,38.989368],[1.57908,38.989359],[1.579037,38.989359],[1.579,38.989374],[1.57896,38.989379],[1.578921,38.989378],[1.578836,38.989359],[1.578735,38.989341],[1.57873,38.989316],[1.578711,38.989307],[1.578661,38.989306],[1.578613,38.989294],[1.578616,38.989288],[1.578724,38.989277],[1.57876,38.989254],[1.578736,38.989244],[1.578681,38.989243],[1.578621,38.989242],[1.578563,38.98924],[1.578519,38.98926],[1.578448,38.989296],[1.578427,38.989322],[1.578426,38.989351],[1.578416,38.989389],[1.578374,38.989411],[1.578342,38.989438],[1.578279,38.989477],[1.578227,38.989516],[1.578185,38.989558],[1.578145,38.989598],[1.578097,38.989631],[1.578064,38.989662],[1.578024,38.989681],[1.577937,38.989699],[1.577916,38.989749],[1.577945,38.989798],[1.577958,38.989826],[1.57797,38.989861],[1.577998,38.989901],[1.578026,38.989932],[1.578032,38.989958],[1.57803,38.989988],[1.578006,38.990019],[1.577953,38.990053],[1.577879,38.990092],[1.577811,38.990151],[1.577748,38.990217],[1.577699,38.990266],[1.577627,38.990311],[1.577516,38.990353],[1.577429,38.990359],[1.577361,38.990355],[1.5773,38.990336],[1.57725,38.990308],[1.577221,38.990271],[1.577203,38.990195],[1.577184,38.990182],[1.577162,38.990203],[1.577137,38.990252],[1.577104,38.9903],[1.577082,38.990357],[1.577047,38.990397],[1.577001,38.990438],[1.576914,38.990453],[1.576863,38.990447],[1.576813,38.990426],[1.576787,38.990394],[1.57674,38.990358],[1.576705,38.990336],[1.57667,38.990339],[1.57656,38.990367],[1.576524,38.990383],[1.576506,38.990455],[1.576472,38.9905],[1.576443,38.990551],[1.576418,38.990599],[1.576366,38.990651],[1.576337,38.990693],[1.576336,38.990733],[1.576307,38.99076],[1.576186,38.990799],[1.576041,38.990809],[1.575829,38.990804],[1.575608,38.990756],[1.575485,38.990705],[1.575404,38.990653],[1.575364,38.990612],[1.575363,38.990564],[1.575363,38.990524],[1.575333,38.990448],[1.575303,38.990397],[1.57531,38.990364],[1.575311,38.990363],[1.575355,38.990323],[1.575391,38.990323],[1.575417,38.990315],[1.575431,38.990283],[1.575417,38.990243],[1.575396,38.990198],[1.575365,38.99019],[1.575296,38.990156],[1.575271,38.990146],[1.575268,38.990186],[1.57527,38.99023],[1.575229,38.990234],[1.575171,38.990233],[1.575113,38.99024],[1.575052,38.990264],[1.575,38.990273],[1.574925,38.990272],[1.574856,38.990274],[1.574786,38.990313],[1.574738,38.990347],[1.574714,38.990383],[1.574729,38.990425],[1.574764,38.990471],[1.574769,38.99052],[1.574746,38.990566],[1.574714,38.990599],[1.574711,38.99066],[1.574708,38.990728],[1.574665,38.990801],[1.574666,38.990831],[1.574695,38.990859],[1.574688,38.990892],[1.574633,38.990901],[1.574585,38.990926],[1.57457,38.990992],[1.574551,38.991035],[1.574509,38.991081],[1.574466,38.991127],[1.574379,38.991175],[1.574326,38.991204],[1.574326,38.991204],[1.574311,38.991212],[1.574292,38.99122],[1.57428,38.991224],[1.574155,38.991258],[1.57411,38.99127],[1.574053,38.991285],[1.574002,38.991297],[1.573957,38.991306],[1.573918,38.991314],[1.573872,38.991321],[1.573865,38.991322],[1.573832,38.991327],[1.573799,38.99133],[1.573761,38.991332],[1.573727,38.991333],[1.57367,38.991333],[1.573661,38.991333],[1.573617,38.991332],[1.573583,38.991331],[1.573532,38.991327],[1.57353,38.991327],[1.573466,38.99132],[1.573396,38.991312],[1.573326,38.991302],[1.573221,38.991286],[1.573184,38.991281],[1.573137,38.991272],[1.573101,38.991266],[1.573065,38.991258],[1.573034,38.99125],[1.572999,38.99124],[1.572991,38.991237],[1.572968,38.991229],[1.572927,38.991213],[1.572865,38.991187],[1.572834,38.991175],[1.572807,38.991164],[1.572631,38.991107],[1.572549,38.99108],[1.572501,38.991064],[1.572491,38.99106],[1.572477,38.991054],[1.572404,38.991019],[1.572377,38.991006],[1.572354,38.990995],[1.572335,38.990987],[1.572315,38.99098],[1.572299,38.990976],[1.572286,38.990973],[1.572275,38.990972],[1.572228,38.990969],[1.57221,38.990969],[1.572166,38.990968],[1.572121,38.990968],[1.572086,38.990969],[1.572042,38.990972],[1.57204,38.990972],[1.572025,38.990974],[1.57201,38.990977],[1.571961,38.990991],[1.571936,38.990999],[1.571917,38.991004],[1.571902,38.991007],[1.571887,38.991009],[1.571874,38.99101],[1.571856,38.99101],[1.571838,38.99101],[1.57182,38.991008],[1.571799,38.991005],[1.571783,38.991002],[1.571762,38.990997],[1.571746,38.990992],[1.57172,38.990983],[1.571712,38.99098],[1.571686,38.990969],[1.571669,38.990961],[1.571655,38.990954],[1.571642,38.990947],[1.571633,38.99094],[1.571625,38.990933],[1.571616,38.990922],[1.571572,38.990862],[1.57157,38.990861],[1.571533,38.990813],[1.571536,38.99077],[1.571538,38.990746],[1.571551,38.990729],[1.571532,38.99071],[1.571485,38.990701],[1.571433,38.990711],[1.571399,38.99071],[1.571333,38.990721],[1.571285,38.990742],[1.571198,38.990771],[1.571154,38.9908],[1.571113,38.990824],[1.570989,38.990874],[1.570875,38.990915],[1.570718,38.990961],[1.570517,38.99102],[1.570393,38.991053],[1.570241,38.99106],[1.570037,38.991073],[1.569932,38.991095],[1.569914,38.991107],[1.569909,38.991111],[1.569905,38.991113],[1.569898,38.991117],[1.569893,38.99112],[1.569888,38.991122],[1.569821,38.991165],[1.56974,38.991236],[1.56966,38.991315],[1.5696,38.99139],[1.56955,38.991452],[1.569443,38.991543],[1.569255,38.99165],[1.569104,38.991724],[1.568976,38.991788],[1.56887,38.99184],[1.568815,38.991853],[1.56874,38.991852],[1.568664,38.991823],[1.568617,38.991811],[1.568557,38.99181],[1.568497,38.991809],[1.568448,38.991823],[1.56841,38.991856],[1.568394,38.991903],[1.568376,38.991963],[1.568307,38.992027],[1.568187,38.99208],[1.568118,38.992102],[1.567755,38.992212],[1.567544,38.992265],[1.56754,38.992266],[1.567463,38.992054],[1.56694,38.991962],[1.566913,38.992064],[1.567057,38.992093],[1.567146,38.992276],[1.567143,38.992278],[1.566873,38.992415],[1.566838,38.992398],[1.566786,38.992397],[1.566726,38.992393],[1.566674,38.992397],[1.566634,38.99243],[1.566593,38.992445],[1.566512,38.992443],[1.566461,38.992437],[1.566408,38.992416],[1.56634,38.992414],[1.566284,38.992413],[1.566215,38.992433],[1.566131,38.992434],[1.566041,38.992433],[1.56591,38.992414],[1.565769,38.992391],[1.565609,38.992347],[1.565538,38.992322],[1.56552,38.99227],[1.565525,38.992219],[1.565506,38.992193],[1.565454,38.992189],[1.565396,38.99219],[1.565357,38.992218],[1.565325,38.992245],[1.565273,38.992288],[1.565218,38.99232],[1.565125,38.992324],[1.565033,38.99233],[1.564954,38.992328],[1.564875,38.992337],[1.564748,38.99237],[1.564623,38.992394],[1.564326,38.992443],[1.564157,38.99246],[1.564015,38.992458],[1.563913,38.992456],[1.563838,38.992452],[1.563752,38.992432],[1.563713,38.99241],[1.56368,38.992387],[1.563645,38.992303],[1.56363,38.992251],[1.563549,38.992206],[1.56353,38.992202],[1.56352,38.99221],[1.563519,38.992232],[1.563519,38.99229],[1.563499,38.99235],[1.563411,38.992432],[1.563266,38.992542],[1.563196,38.9926],[1.563016,38.992715],[1.56295,38.992747],[1.562803,38.992823],[1.562736,38.992902],[1.562723,38.992951],[1.562684,38.993012],[1.562632,38.993061],[1.562571,38.993095],[1.5625,38.993113],[1.562398,38.993139],[1.562261,38.993154],[1.562152,38.993166],[1.562069,38.993191],[1.562039,38.993198],[1.562006,38.993207],[1.561952,38.993219],[1.561761,38.993247],[1.561549,38.993268],[1.561347,38.993263],[1.561197,38.993248],[1.561055,38.993212],[1.560933,38.993164],[1.560882,38.993137],[1.560882,38.993137],[1.561,38.993],[1.592,38.967],[1.649014,39.017247],[1.651333,39.0305],[1.65,39.032],[1.649996,39.032004],[1.649996,39.032003],[1.649995,39.031993],[1.649995,39.031989],[1.649995,39.03198],[1.649995,39.031971],[1.649995,39.031962],[1.649995,39.031959],[1.649994,39.03195],[1.649986,39.031943],[1.649976,39.031938],[1.649974,39.031937],[1.649964,39.031932],[1.649954,39.031928],[1.649942,39.031924],[1.649929,39.031921],[1.649927,39.031921],[1.649913,39.031918],[1.649899,39.031916],[1.649885,39.031915],[1.649871,39.031915],[1.64986,39.031915],[1.649849,39.031914],[1.649835,39.031914],[1.649821,39.031913],[1.64981,39.031914],[1.649796,39.031917],[1.649783,39.03192],[1.64977,39.03192],[1.649758,39.031919],[1.649752,39.031918],[1.649742,39.031913],[1.649729,39.031908],[1.649719,39.031904],[1.649707,39.031902],[1.649696,39.0319],[1.649684,39.0319],[1.64967,39.031899],[1.649658,39.031898],[1.649644,39.031898],[1.649638,39.031898],[1.649626,39.031897],[1.649612,39.031897],[1.649598,39.031897],[1.649586,39.031896],[1.649574,39.031897],[1.649561,39.0319],[1.649547,39.031902],[1.649534,39.031903],[1.649521,39.031903],[1.649516,39.031902],[1.649504,39.031897],[1.649494,39.031892],[1.649484,39.031886],[1.649474,39.031881],[1.649466,39.031877],[1.649456,39.031871],[1.649445,39.031866],[1.649431,39.031863],[1.649418,39.03186],[1.649408,39.031857],[1.649395,39.031857],[1.649382,39.031856],[1.649369,39.031856],[1.64936,39.031857],[1.649349,39.03186],[1.649336,39.031861],[1.649322,39.03186],[1.649309,39.03186],[1.649295,39.03186],[1.649281,39.03186],[1.649267,39.031859],[1.649254,39.031859],[1.649242,39.031859],[1.649231,39.031859],[1.649219,39.031859],[1.649206,39.03186],[1.649193,39.031863],[1.64918,39.031867],[1.64917,39.031871],[1.649157,39.031875],[1.649144,39.031877],[1.64913,39.031877],[1.649116,39.031877],[1.649103,39.031876],[1.649094,39.031869],[1.649089,39.031859],[1.649087,39.03185],[1.649085,39.031846],[1.649081,39.031835],[1.649075,39.031825],[1.649069,39.031815],[1.649066,39.031804],[1.649064,39.031795],[1.649065,39.031785],[1.649075,39.03178],[1.649082,39.031785],[1.649094,39.031786],[1.649107,39.031787],[1.649114,39.031785],[1.649119,39.031776],[1.649122,39.031767],[1.649128,39.031759],[1.649138,39.031756],[1.649149,39.031756],[1.649161,39.031756],[1.649166,39.031763],[1.649172,39.031769],[1.649181,39.031776],[1.649191,39.031781],[1.649193,39.031782],[1.649205,39.031782],[1.649217,39.031783],[1.64923,39.031785],[1.649242,39.031784],[1.649247,39.031784],[1.64926,39.031781],[1.649272,39.031779],[1.649279,39.031771],[1.64928,39.031761],[1.64928,39.031751],[1.649281,39.031742],[1.64929,39.031736],[1.649295,39.031733],[1.649304,39.031724],[1.649308,39.031715],[1.649314,39.031705],[1.649321,39.031698],[1.649329,39.031691],[1.64933,39.031689],[1.649338,39.031681],[1.649341,39.031671],[1.649338,39.031662],[1.64933,39.031655],[1.649324,39.031648],[1.649315,39.031641],[1.649305,39.031634],[1.649295,39.031629],[1.649282,39.031628],[1.64928,39.031628],[1.649269,39.031633],[1.649258,39.031638],[1.649248,39.031642],[1.649237,39.031646],[1.649228,39.031653],[1.649224,39.031657],[1.64922,39.031666],[1.649218,39.031676],[1.649217,39.031685],[1.649212,39.031695],[1.649208,39.0317],[1.6492,39.031707],[1.649193,39.031715],[1.649184,39.031722],[1.649181,39.031723],[1.649181,39.031714],[1.649181,39.031705],[1.649182,39.031695],[1.649179,39.031686],[1.649179,39.031676],[1.649178,39.031672],[1.649179,39.03166],[1.649179,39.03165],[1.64918,39.031641],[1.64918,39.03163],[1.649175,39.031621],[1.649164,39.031615],[1.649153,39.031611],[1.64914,39.031608],[1.649133,39.031606],[1.64912,39.031606],[1.649108,39.031606],[1.649095,39.031606],[1.649082,39.031607],[1.64907,39.031612],[1.649057,39.031614],[1.649044,39.031614],[1.649031,39.031614],[1.64902,39.031615],[1.64901,39.03162],[1.649001,39.031625],[1.648991,39.03163],[1.648978,39.031635],[1.648971,39.031642],[1.648971,39.031652],[1.648981,39.031657],[1.648994,39.031659],[1.649008,39.031661],[1.649018,39.031666],[1.649018,39.031669],[1.649013,39.031678],[1.649002,39.031679],[1.648989,39.031683],[1.648977,39.031686],[1.648973,39.031696],[1.648973,39.031706],[1.648973,39.031712],[1.648973,39.031722],[1.648969,39.031731],[1.648962,39.031741],[1.648954,39.031749],[1.648952,39.031758],[1.648951,39.031767],[1.648951,39.031777],[1.648952,39.031787],[1.648952,39.031798],[1.648951,39.031803],[1.648941,39.031807],[1.648929,39.031807],[1.648916,39.031804],[1.648904,39.031801],[1.648892,39.031797],[1.648881,39.031792],[1.64887,39.031787],[1.64886,39.03178],[1.64885,39.031773],[1.64884,39.031765],[1.648831,39.031758],[1.648823,39.031751],[1.648814,39.031744],[1.648806,39.031738],[1.648797,39.031731],[1.648787,39.031723],[1.648777,39.031717],[1.648775,39.031715],[1.648764,39.031711],[1.648752,39.03171],[1.64874,39.03171],[1.648728,39.03171],[1.648715,39.03171],[1.648703,39.031709],[1.64869,39.031709],[1.648676,39.031709],[1.648664,39.031709],[1.648651,39.031711],[1.648638,39.031714],[1.648625,39.031717],[1.648612,39.031722],[1.648599,39.031727],[1.648587,39.031732],[1.648576,39.031736],[1.648565,39.031739],[1.648551,39.031742],[1.64854,39.031745],[1.648529,39.031748],[1.648515,39.031753],[1.648503,39.031757],[1.648491,39.031763],[1.648478,39.031767],[1.648464,39.031769],[1.648451,39.031771],[1.648439,39.031772],[1.648427,39.031771],[1.648414,39.031771],[1.648401,39.031771],[1.648387,39.031771],[1.648375,39.031771],[1.648362,39.031771],[1.64835,39.031773],[1.64834,39.031778],[1.648329,39.031785],[1.64832,39.031792],[1.648309,39.031798],[1.648299,39.031804],[1.648288,39.031809],[1.648275,39.031812],[1.648262,39.031814],[1.648251,39.031816],[1.648239,39.031819],[1.648227,39.031823],[1.648216,39.031829],[1.648207,39.031835],[1.648198,39.031841],[1.648187,39.031849],[1.648178,39.031854],[1.648166,39.031861],[1.648155,39.031867],[1.648143,39.031872],[1.64813,39.031876],[1.648117,39.03188],[1.648104,39.031885],[1.648094,39.031889],[1.648081,39.031893],[1.648068,39.031895],[1.648055,39.031896],[1.648042,39.031896],[1.648028,39.031896],[1.648014,39.031896],[1.648002,39.031896],[1.647989,39.031896],[1.647977,39.031897],[1.647963,39.031898],[1.647949,39.031902],[1.647938,39.031906],[1.647927,39.031909],[1.647916,39.031912],[1.647904,39.031913],[1.647892,39.031913],[1.64788,39.031912],[1.647868,39.031912],[1.647855,39.031912],[1.647842,39.031912],[1.647829,39.031912],[1.647816,39.031912],[1.647804,39.031916],[1.647794,39.031921],[1.647783,39.031926],[1.647772,39.03193],[1.647761,39.031934],[1.647749,39.031936],[1.647736,39.031938],[1.647724,39.031939],[1.647711,39.031941],[1.647699,39.031942],[1.647686,39.031944],[1.647674,39.031947],[1.647662,39.031952],[1.647651,39.031955],[1.647638,39.031957],[1.647626,39.031959],[1.647614,39.03196],[1.647602,39.031961],[1.647589,39.031962],[1.647578,39.031962],[1.647566,39.031962],[1.647553,39.031962],[1.647542,39.031962],[1.647529,39.031961],[1.647518,39.031961],[1.647503,39.031961],[1.647492,39.031961],[1.647478,39.03196],[1.647464,39.03196],[1.64745,39.031962],[1.647438,39.031964],[1.647425,39.031964],[1.647412,39.031964],[1.6474,39.031962],[1.647389,39.031957],[1.647383,39.03195],[1.647377,39.03194],[1.647369,39.031931],[1.647361,39.031922],[1.647353,39.031912],[1.647347,39.031905],[1.64734,39.031897],[1.647331,39.031892],[1.647319,39.031889],[1.647307,39.031891],[1.647307,39.031897],[1.647306,39.031906],[1.647306,39.031916],[1.647307,39.031925],[1.647311,39.031935],[1.647314,39.031945],[1.647314,39.031954],[1.647313,39.031958],[1.647301,39.03196],[1.647289,39.031959],[1.64728,39.031957],[1.647271,39.031951],[1.647266,39.031943],[1.64726,39.031934],[1.647258,39.031931],[1.647248,39.031925],[1.647236,39.031927],[1.647228,39.031933],[1.64722,39.031941],[1.647212,39.031948],[1.647204,39.031955],[1.647196,39.031962],[1.647185,39.031966],[1.647178,39.031966],[1.647166,39.031966],[1.647153,39.031964],[1.647139,39.031962],[1.647128,39.031959],[1.647116,39.031955],[1.647104,39.03195],[1.647101,39.031949],[1.64709,39.031946],[1.647078,39.031945],[1.647065,39.031948],[1.647055,39.031953],[1.647048,39.031955],[1.64704,39.031962],[1.647034,39.031971],[1.64703,39.031981],[1.647026,39.031991],[1.647022,39.032001],[1.647021,39.032003],[1.647011,39.032009],[1.646998,39.032009],[1.646986,39.032012],[1.646985,39.032013],[1.646976,39.032019],[1.646967,39.032026],[1.646961,39.032035],[1.646955,39.032044],[1.64695,39.032047],[1.646938,39.032047],[1.646926,39.032045],[1.646914,39.03204],[1.64691,39.032039],[1.646899,39.032036],[1.646886,39.032036],[1.646873,39.032038],[1.646862,39.032041],[1.64686,39.032042],[1.646847,39.032046],[1.646835,39.03205],[1.646825,39.032057],[1.646815,39.032063],[1.646805,39.032069],[1.646795,39.032076],[1.646785,39.032084],[1.646776,39.032092],[1.646768,39.032099],[1.646758,39.032108],[1.646757,39.032109],[1.646749,39.032116],[1.646742,39.032124],[1.646735,39.032132],[1.646734,39.032133],[1.646726,39.032139],[1.646715,39.032145],[1.646709,39.032145],[1.646704,39.032145],[1.646692,39.032145],[1.646679,39.032145],[1.646667,39.032146],[1.646658,39.032152],[1.646652,39.03216],[1.646643,39.032167],[1.646634,39.032175],[1.646628,39.032183],[1.646623,39.03219],[1.646619,39.032195],[1.646616,39.032199],[1.646608,39.032205],[1.6466,39.032205],[1.646596,39.032206],[1.646584,39.032206],[1.646572,39.032205],[1.64656,39.032206],[1.646549,39.032211],[1.646539,39.032217],[1.646536,39.03222],[1.646528,39.032229],[1.64652,39.032237],[1.646511,39.032243],[1.646499,39.032245],[1.646489,39.032245],[1.646477,39.032245],[1.646464,39.032244],[1.64645,39.032244],[1.646448,39.032244],[1.646439,39.032252],[1.646431,39.03226],[1.646425,39.032268],[1.646416,39.032276],[1.64641,39.03228],[1.646401,39.032286],[1.646395,39.032294],[1.64639,39.032304],[1.646386,39.032313],[1.64638,39.032323],[1.646368,39.032324],[1.646358,39.032319],[1.646355,39.032316],[1.646349,39.032308],[1.646338,39.032303],[1.646326,39.032302],[1.646314,39.032304],[1.646306,39.032307],[1.646297,39.032313],[1.646288,39.032321],[1.64628,39.032328],[1.646272,39.032334],[1.646265,39.032339],[1.646257,39.032345],[1.646248,39.032352],[1.646238,39.032358],[1.646228,39.032365],[1.646218,39.03237],[1.646207,39.032374],[1.646205,39.032375],[1.646193,39.032376],[1.64618,39.032374],[1.64617,39.032368],[1.646161,39.032362],[1.646155,39.032359],[1.646146,39.032352],[1.646139,39.032344],[1.646132,39.032334],[1.646124,39.032328],[1.646119,39.032325],[1.646108,39.032319],[1.646094,39.032317],[1.646081,39.032316],[1.646071,39.032321],[1.646065,39.032329],[1.646059,39.032335],[1.646054,39.032343],[1.646045,39.03235],[1.646032,39.032351],[1.646021,39.032349],[1.646011,39.032347],[1.645998,39.032343],[1.645985,39.03234],[1.645973,39.03234],[1.64596,39.032343],[1.645952,39.03235],[1.645943,39.032358],[1.645935,39.032366],[1.645926,39.032374],[1.645919,39.032382],[1.645911,39.032391],[1.645902,39.032397],[1.645895,39.032401],[1.645881,39.032405],[1.645868,39.032407],[1.645855,39.032407],[1.645843,39.032407],[1.645833,39.032406],[1.64583,39.032406],[1.645817,39.032406],[1.645805,39.032406],[1.645792,39.032405],[1.64578,39.032403],[1.645767,39.032399],[1.645755,39.032396],[1.645746,39.0324],[1.645739,39.032408],[1.64573,39.032415],[1.645717,39.032418],[1.645705,39.032417],[1.645692,39.032417],[1.64568,39.032416],[1.645669,39.032415],[1.645657,39.032415],[1.645644,39.032415],[1.64563,39.032415],[1.645616,39.032415],[1.645604,39.032416],[1.645591,39.032419],[1.645579,39.032423],[1.645567,39.032425],[1.64556,39.032426],[1.645546,39.032426],[1.645532,39.032426],[1.645519,39.032426],[1.645505,39.032427],[1.645498,39.032427],[1.645485,39.032428],[1.64547,39.032428],[1.645456,39.032428],[1.645442,39.032429],[1.645428,39.03243],[1.645415,39.032433],[1.645402,39.032435],[1.645389,39.032437],[1.645379,39.032438],[1.645368,39.032441],[1.645357,39.032445],[1.645345,39.032451],[1.645337,39.03246],[1.645334,39.032471],[1.645333,39.03248],[1.645333,39.032489],[1.645333,39.032499],[1.645332,39.03251],[1.645332,39.03252],[1.645332,39.032531],[1.645332,39.032541],[1.645329,39.03255],[1.645326,39.032555],[1.645319,39.032563],[1.645311,39.032571],[1.645301,39.032579],[1.645293,39.032586],[1.645284,39.032596],[1.645275,39.032605],[1.645269,39.032613],[1.645264,39.032621],[1.645257,39.032631],[1.645249,39.032641],[1.645243,39.032649],[1.645237,39.032657],[1.645231,39.032664],[1.645223,39.032674],[1.645221,39.032677],[1.645212,39.032685],[1.645203,39.032692],[1.645193,39.032699],[1.645183,39.032705],[1.645173,39.03271],[1.645163,39.032716],[1.645158,39.032719],[1.645148,39.032725],[1.645141,39.032734],[1.645134,39.032743],[1.645127,39.032753],[1.64512,39.032761],[1.645116,39.032765],[1.645107,39.032771],[1.645094,39.032775],[1.645082,39.032777],[1.645069,39.032778],[1.645061,39.032778],[1.645048,39.032782],[1.645036,39.032787],[1.645024,39.032792],[1.645011,39.032794],[1.644999,39.032794],[1.644986,39.032794],[1.644972,39.032794],[1.64496,39.032793],[1.644948,39.032793],[1.644937,39.032793],[1.644924,39.032793],[1.644913,39.032793],[1.6449,39.032794],[1.644891,39.0328],[1.644883,39.032806],[1.644874,39.032814],[1.644866,39.032821],[1.644858,39.032828],[1.644854,39.032832],[1.644844,39.032838],[1.644835,39.032843],[1.644825,39.032848],[1.644814,39.032853],[1.644805,39.03286],[1.644796,39.032868],[1.644786,39.032875],[1.644776,39.032882],[1.644766,39.032888],[1.644755,39.032893],[1.644744,39.032898],[1.644733,39.032904],[1.644728,39.032907],[1.644717,39.032913],[1.644706,39.03292],[1.644695,39.032927],[1.644684,39.032933],[1.644673,39.032939],[1.64466,39.032942],[1.644657,39.032943],[1.644644,39.032942],[1.644632,39.032942],[1.64462,39.032942],[1.644608,39.032943],[1.644597,39.032947],[1.644585,39.032952],[1.644574,39.032956],[1.644563,39.032958],[1.64455,39.032958],[1.644541,39.032958],[1.644528,39.032958],[1.644514,39.032958],[1.644501,39.032957],[1.644489,39.032957],[1.644476,39.032957],[1.644464,39.032957],[1.644452,39.032959],[1.64444,39.032962],[1.644429,39.032966],[1.644418,39.032971],[1.644408,39.032976],[1.644401,39.032979],[1.644388,39.032983],[1.644375,39.032985],[1.644364,39.032989],[1.644353,39.032994],[1.644341,39.033],[1.64433,39.033004],[1.644318,39.033005],[1.644306,39.033002],[1.644297,39.032995],[1.644286,39.03299],[1.644279,39.032988],[1.644266,39.032988],[1.644252,39.032989],[1.644242,39.032994],[1.644233,39.033001],[1.644224,39.033009],[1.644215,39.033017],[1.644207,39.033025],[1.644198,39.033033],[1.644195,39.033035],[1.644185,39.033041],[1.644175,39.033046],[1.644162,39.033046],[1.644151,39.033043],[1.644151,39.033036],[1.644151,39.033026],[1.644149,39.033016],[1.644141,39.03301],[1.644134,39.033008],[1.644122,39.033008],[1.64411,39.03301],[1.644098,39.033012],[1.644085,39.033016],[1.644073,39.033021],[1.64406,39.033028],[1.644051,39.033033],[1.644039,39.033039],[1.644026,39.033044],[1.644013,39.033047],[1.644001,39.033051],[1.643988,39.033052],[1.643974,39.033053],[1.643964,39.033054],[1.643952,39.033055],[1.643939,39.033058],[1.643926,39.033061],[1.643913,39.033064],[1.643901,39.033069],[1.643889,39.033073],[1.643881,39.033077],[1.64387,39.033082],[1.643861,39.033089],[1.643851,39.033096],[1.643842,39.033103],[1.643835,39.033112],[1.643832,39.033115],[1.643827,39.033124],[1.64382,39.033133],[1.643814,39.033141],[1.643808,39.033149],[1.643805,39.033158],[1.643803,39.033164],[1.643796,39.033173],[1.643789,39.03318],[1.643781,39.033189],[1.643774,39.033197],[1.643768,39.033205],[1.643771,39.03322],[1.643768,39.033227],[1.643775,39.033235],[1.643782,39.033243],[1.643781,39.033252],[1.643782,39.033262],[1.643788,39.03327],[1.643796,39.033278],[1.643803,39.033286],[1.643809,39.033295],[1.643815,39.033303],[1.64382,39.033313],[1.643823,39.033322],[1.643826,39.033331],[1.643826,39.033333],[1.643829,39.033344],[1.643833,39.033354],[1.643835,39.033364],[1.643834,39.033374],[1.643826,39.033381],[1.643815,39.033386],[1.643803,39.033391],[1.64379,39.033395],[1.643777,39.033398],[1.643765,39.0334],[1.643753,39.0334],[1.64374,39.0334],[1.643727,39.033399],[1.643714,39.033401],[1.6437,39.033404],[1.643687,39.033407],[1.643673,39.03341],[1.643659,39.033413],[1.643648,39.033416],[1.643635,39.03342],[1.643624,39.033423],[1.643612,39.033424],[1.6436,39.033426],[1.643588,39.033428],[1.643576,39.033428],[1.643564,39.033428],[1.643551,39.033428],[1.643538,39.033428],[1.643525,39.033428],[1.643512,39.033427],[1.643499,39.033427],[1.643485,39.033427],[1.643472,39.033427],[1.643459,39.033427],[1.643446,39.033427],[1.643434,39.033428],[1.643422,39.03343],[1.64341,39.033433],[1.643398,39.033436],[1.643387,39.033439],[1.643374,39.033441],[1.643362,39.033443],[1.64335,39.033445],[1.643338,39.033449],[1.643327,39.033452],[1.643316,39.033457],[1.643306,39.033461],[1.643292,39.033465],[1.643281,39.033467],[1.643267,39.033467],[1.643256,39.033467],[1.643243,39.033467],[1.643229,39.033467],[1.643218,39.033471],[1.643208,39.033475],[1.643196,39.033481],[1.643186,39.033486],[1.643173,39.03349],[1.64316,39.033492],[1.643148,39.033493],[1.643136,39.033495],[1.643125,39.033496],[1.643113,39.033498],[1.643099,39.033501],[1.643085,39.033502],[1.643073,39.033504],[1.643059,39.033507],[1.643046,39.03351],[1.643033,39.033512],[1.643021,39.033512],[1.64301,39.033508],[1.643004,39.0335],[1.643001,39.033489],[1.643,39.033479],[1.642998,39.033473],[1.642989,39.033466],[1.642975,39.033464],[1.642963,39.033463],[1.64295,39.033463],[1.642938,39.033463],[1.642925,39.033463],[1.642912,39.033463],[1.642898,39.033462],[1.642885,39.03346],[1.642871,39.033457],[1.642859,39.033452],[1.642851,39.033445],[1.642849,39.033438],[1.642848,39.033427],[1.642847,39.033418],[1.642848,39.033407],[1.642849,39.033396],[1.642849,39.033385],[1.642849,39.033374],[1.642843,39.033365],[1.64284,39.033369],[1.642837,39.033379],[1.642833,39.033389],[1.642828,39.033398],[1.642824,39.033407],[1.642817,39.033416],[1.642814,39.033425],[1.642813,39.033427],[1.642811,39.033436],[1.642808,39.033445],[1.642796,39.033445],[1.642794,39.033445],[1.642782,39.033445],[1.642773,39.033451],[1.642767,39.033459],[1.64276,39.033469],[1.642756,39.033478],[1.642752,39.033486],[1.642747,39.033495],[1.642741,39.033504],[1.642734,39.033513],[1.642726,39.033523],[1.642722,39.033532],[1.642718,39.033541],[1.642715,39.033551],[1.642711,39.03356],[1.642707,39.03357],[1.642704,39.033579],[1.642701,39.033589],[1.642698,39.033599],[1.642695,39.033609],[1.642693,39.03362],[1.642692,39.03363],[1.64269,39.03364],[1.642684,39.033649],[1.642679,39.033649],[1.642667,39.033645],[1.642656,39.033642],[1.642642,39.03364],[1.642632,39.033634],[1.642632,39.033626],[1.642634,39.033616],[1.642637,39.033606],[1.642639,39.033596],[1.642641,39.033585],[1.642642,39.033575],[1.642643,39.033564],[1.642644,39.033555],[1.642646,39.033544],[1.642648,39.033535],[1.64265,39.033526],[1.642652,39.033516],[1.642653,39.033507],[1.642651,39.033503],[1.64264,39.033499],[1.642627,39.033499],[1.642614,39.033499],[1.642601,39.033499],[1.642587,39.033496],[1.642578,39.03349],[1.642577,39.033486],[1.642577,39.033476],[1.642581,39.033466],[1.642587,39.033458],[1.64259,39.03345],[1.642591,39.03344],[1.642591,39.03343],[1.642592,39.03342],[1.642592,39.03341],[1.642592,39.033403],[1.642587,39.033394],[1.642575,39.033393],[1.642563,39.033393],[1.64256,39.033393],[1.642547,39.033393],[1.642535,39.033392],[1.642523,39.03339],[1.64252,39.033389],[1.642509,39.033385],[1.642501,39.033377],[1.642494,39.033367],[1.642489,39.033358],[1.642488,39.033357],[1.642477,39.033353],[1.642465,39.033353],[1.642453,39.033353],[1.642441,39.033352],[1.642429,39.033352],[1.642417,39.033353],[1.642404,39.033355],[1.642392,39.033359],[1.642382,39.033361],[1.642378,39.03337],[1.642378,39.03338],[1.642378,39.03339],[1.642377,39.0334],[1.642377,39.033409],[1.642377,39.033419],[1.642375,39.03343],[1.642372,39.03344],[1.642367,39.03345],[1.642362,39.033456],[1.642361,39.033458],[1.64236,39.033458],[1.64236,39.033456],[1.642359,39.033452],[1.642355,39.033443],[1.642349,39.033435],[1.642343,39.033426],[1.642338,39.033418],[1.642337,39.033415],[1.642337,39.033405],[1.642336,39.033394],[1.642337,39.033382],[1.642337,39.033372],[1.642336,39.033361],[1.642328,39.033359],[1.642317,39.033364],[1.642306,39.033369],[1.642296,39.033375],[1.642286,39.033381],[1.642277,39.033387],[1.642265,39.03339],[1.642255,39.033392],[1.642241,39.033392],[1.642229,39.033396],[1.642222,39.033404],[1.64222,39.033414],[1.642215,39.033421],[1.642211,39.03343],[1.64221,39.03344],[1.642209,39.03345],[1.64221,39.033455],[1.64221,39.033464],[1.642211,39.033475],[1.642211,39.033485],[1.642211,39.033485],[1.642211,39.033495],[1.64221,39.033495],[1.642204,39.033487],[1.642204,39.033487],[1.642197,39.033478],[1.642188,39.03347],[1.642177,39.033466],[1.642174,39.033463],[1.642168,39.033454],[1.642162,39.033445],[1.642155,39.033436],[1.642149,39.033426],[1.642141,39.033418],[1.642128,39.033416],[1.642116,39.033416],[1.642103,39.033416],[1.64209,39.033415],[1.642077,39.033415],[1.642063,39.033415],[1.642051,39.033416],[1.642042,39.033422],[1.642034,39.03343],[1.642027,39.033438],[1.642019,39.033446],[1.642011,39.033455],[1.642002,39.033462],[1.641993,39.033469],[1.641984,39.033477],[1.641975,39.033484],[1.641963,39.033487],[1.641951,39.033487],[1.641946,39.033486],[1.641936,39.033478],[1.641929,39.033471],[1.641917,39.033464],[1.641904,39.033461],[1.641896,39.033461],[1.641886,39.033464],[1.641877,39.033471],[1.641871,39.033479],[1.641866,39.03349],[1.641861,39.0335],[1.641858,39.033511],[1.641855,39.03352],[1.641853,39.033524],[1.641842,39.033528],[1.64183,39.03353],[1.641816,39.03353],[1.641809,39.033527],[1.641808,39.033517],[1.641806,39.033507],[1.641803,39.033497],[1.641797,39.033488],[1.641787,39.033484],[1.641774,39.033483],[1.641762,39.033483],[1.64175,39.033483],[1.641738,39.03348],[1.641736,39.033478],[1.64173,39.03347],[1.641724,39.033462],[1.641712,39.033457],[1.641698,39.033456],[1.641685,39.033456],[1.641672,39.033456],[1.641659,39.033456],[1.641646,39.033456],[1.641634,39.033459],[1.641624,39.033465],[1.641615,39.033473],[1.641607,39.033481],[1.641598,39.033488],[1.641586,39.033493],[1.641575,39.033497],[1.641563,39.033502],[1.641551,39.033506],[1.641542,39.033512],[1.641533,39.033518],[1.641528,39.033527],[1.641527,39.033536],[1.641527,39.033546],[1.641527,39.033557],[1.641527,39.033567],[1.641526,39.033576],[1.641526,39.033586],[1.641525,39.033595],[1.641525,39.033605],[1.641524,39.033614],[1.641523,39.033625],[1.641523,39.033636],[1.641523,39.033643],[1.641511,39.033644],[1.641499,39.033644],[1.641486,39.033641],[1.641482,39.033632],[1.641482,39.033622],[1.641483,39.033612],[1.641483,39.033602],[1.641483,39.033593],[1.641476,39.033585],[1.64147,39.033584],[1.641458,39.033584],[1.641447,39.033587],[1.641438,39.033594],[1.64143,39.033601],[1.64142,39.033609],[1.641412,39.033615],[1.641404,39.033622],[1.641395,39.033629],[1.641387,39.033635],[1.641378,39.033643],[1.64137,39.033651],[1.641362,39.033658],[1.641354,39.033666],[1.641347,39.033674],[1.641338,39.03368],[1.64133,39.033687],[1.641323,39.033695],[1.641317,39.033705],[1.641312,39.033716],[1.641306,39.033727],[1.641301,39.033738],[1.641296,39.033748],[1.641295,39.033751],[1.641287,39.033761],[1.64128,39.033771],[1.641274,39.033781],[1.641266,39.033789],[1.641259,39.033799],[1.641249,39.033806],[1.641244,39.033805],[1.641232,39.033802],[1.641219,39.033799],[1.641205,39.033796],[1.641194,39.033793],[1.64118,39.033791],[1.641178,39.033791],[1.641165,39.03379],[1.641151,39.03379],[1.641139,39.03379],[1.641126,39.033793],[1.641115,39.033797],[1.641104,39.033803],[1.641094,39.03381],[1.641084,39.033817],[1.641074,39.033825],[1.641068,39.033832],[1.641062,39.03384],[1.641056,39.033849],[1.64105,39.033857],[1.641044,39.033866],[1.641036,39.033875],[1.641027,39.033883],[1.641018,39.033891],[1.641012,39.0339],[1.641011,39.033911],[1.641011,39.03392],[1.64101,39.033931],[1.641008,39.033941],[1.641006,39.033951],[1.641002,39.033961],[1.640999,39.033971],[1.640995,39.033981],[1.640992,39.033992],[1.640989,39.034002],[1.640985,39.034013],[1.640981,39.034023],[1.640975,39.034033],[1.640966,39.034041],[1.640957,39.034048],[1.640948,39.034054],[1.640939,39.034062],[1.64093,39.034068],[1.640922,39.034075],[1.640918,39.034084],[1.640916,39.034095],[1.640915,39.034107],[1.64091,39.034118],[1.640905,39.034128],[1.640896,39.034136],[1.640886,39.034144],[1.640877,39.034151],[1.640869,39.034157],[1.64086,39.034163],[1.640851,39.034169],[1.640843,39.034176],[1.640834,39.034182],[1.640825,39.034188],[1.640817,39.034195],[1.640808,39.034201],[1.6408,39.034208],[1.640789,39.034215],[1.64078,39.034222],[1.640769,39.03423],[1.640761,39.034236],[1.64075,39.034245],[1.640739,39.034253],[1.640731,39.034259],[1.640722,39.034266],[1.640711,39.034274],[1.6407,39.034281],[1.640692,39.034286],[1.640681,39.034294],[1.640671,39.0343],[1.64066,39.034305],[1.640646,39.034306],[1.640634,39.034305],[1.640629,39.034303],[1.640618,39.034302],[1.640604,39.034305],[1.640594,39.03431],[1.640583,39.034316],[1.640572,39.034321],[1.64056,39.034324],[1.640546,39.034328],[1.640534,39.034331],[1.640521,39.034335],[1.640508,39.034338],[1.640495,39.034341],[1.640482,39.034345],[1.640469,39.034347],[1.640455,39.034347],[1.64044,39.034347],[1.640426,39.034347],[1.640411,39.034347],[1.640397,39.034347],[1.640382,39.034346],[1.640369,39.034348],[1.640355,39.034351],[1.640342,39.034354],[1.64033,39.034358],[1.640318,39.034363],[1.640307,39.034369],[1.640295,39.034375],[1.640284,39.034381],[1.640273,39.034387],[1.640262,39.034393],[1.640252,39.0344],[1.640241,39.034406],[1.640231,39.034413],[1.640221,39.03442],[1.640212,39.034427],[1.640203,39.034434],[1.640193,39.034441],[1.640185,39.034448],[1.640178,39.034456],[1.640172,39.034465],[1.640166,39.034475],[1.640165,39.034484],[1.640165,39.034494],[1.640165,39.034505],[1.640162,39.034515],[1.640154,39.034514],[1.640141,39.034514],[1.640129,39.034513],[1.640117,39.034512],[1.640104,39.03451],[1.64009,39.034511],[1.64008,39.034514],[1.640069,39.034519],[1.640059,39.034525],[1.64005,39.034532],[1.640042,39.034541],[1.640034,39.034549],[1.640023,39.034555],[1.640012,39.034562],[1.640001,39.034569],[1.639992,39.034576],[1.639984,39.034583],[1.63998,39.034589],[1.639978,39.034598],[1.639978,39.034608],[1.639977,39.034619],[1.639977,39.034629],[1.639977,39.034638],[1.639973,39.034643],[1.63996,39.034645],[1.639947,39.034644],[1.639934,39.034644],[1.639921,39.034642],[1.63991,39.03464],[1.639901,39.034633],[1.639893,39.034626],[1.639887,39.034617],[1.639885,39.034612],[1.63988,39.034602],[1.639871,39.034596],[1.639859,39.034597],[1.639855,39.034602],[1.639852,39.034612],[1.63985,39.034623],[1.639849,39.034632],[1.639847,39.034642],[1.639845,39.034652],[1.639843,39.034662],[1.639841,39.034672],[1.639841,39.034684],[1.639841,39.034693],[1.639841,39.034705],[1.63984,39.034716],[1.639839,39.034727],[1.639835,39.034737],[1.639831,39.034748],[1.639826,39.034757],[1.639822,39.034767],[1.63982,39.034776],[1.639819,39.034786],[1.639819,39.034796],[1.639818,39.034806],[1.639816,39.034813],[1.639808,39.03482],[1.639798,39.034826],[1.639788,39.034833],[1.639785,39.034842],[1.639785,39.034846],[1.639792,39.034854],[1.639801,39.034859],[1.639811,39.034865],[1.639821,39.034873],[1.63983,39.034881],[1.63984,39.034888],[1.639849,39.034894],[1.639859,39.0349],[1.639868,39.034906],[1.639877,39.034912],[1.639886,39.034918],[1.639894,39.034926],[1.639897,39.03493],[1.639903,39.034939],[1.639907,39.034949],[1.63991,39.034958],[1.639916,39.034968],[1.639926,39.034975],[1.639932,39.034978],[1.639943,39.034981],[1.639955,39.034981],[1.639967,39.03498],[1.639971,39.03498],[1.63998,39.034986],[1.639988,39.034995],[1.639995,39.035003],[1.640005,39.03501],[1.640017,39.035014],[1.640029,39.035017],[1.640042,39.035021],[1.640054,39.035025],[1.640064,39.03503],[1.640074,39.035036],[1.640085,39.035041],[1.640097,39.035045],[1.640109,39.035047],[1.640121,39.035051],[1.640134,39.035055],[1.640147,39.03506],[1.640158,39.035066],[1.640169,39.035072],[1.640178,39.035079],[1.640187,39.035088],[1.640197,39.035096],[1.640208,39.035105],[1.640218,39.035113],[1.64023,39.03512],[1.640241,39.035128],[1.640251,39.035135],[1.640262,39.035142],[1.640273,39.03515],[1.640284,39.035157],[1.640286,39.035159],[1.640298,39.035166],[1.640309,39.035173],[1.640319,39.035179],[1.640331,39.035183],[1.640345,39.035185],[1.640359,39.035185],[1.640373,39.035186],[1.640381,39.035187],[1.640393,39.035189],[1.640405,39.035193],[1.640415,39.035198],[1.640426,39.035202],[1.640436,39.035207],[1.640443,39.03521],[1.640455,39.035216],[1.640466,39.035223],[1.640476,39.035231],[1.640485,39.035239],[1.640493,39.035247],[1.640502,39.035256],[1.640509,39.035264],[1.640517,39.035274],[1.640526,39.035284],[1.640533,39.035291],[1.640541,39.035298],[1.640549,39.035305],[1.640557,39.035312],[1.640568,39.03532],[1.640579,39.035327],[1.640589,39.035335],[1.640598,39.035343],[1.640606,39.035352],[1.640613,39.035361],[1.640621,39.035371],[1.64063,39.035379],[1.640638,39.035387],[1.640644,39.035396],[1.640649,39.035404],[1.640655,39.035413],[1.640659,39.035422],[1.640662,39.035431],[1.640665,39.035441],[1.640666,39.035451],[1.640666,39.035459],[1.640668,39.035469],[1.640674,39.035478],[1.640683,39.035487],[1.640693,39.035495],[1.640703,39.035502],[1.640714,39.035508],[1.640722,39.03551],[1.640736,39.03551],[1.640749,39.03551],[1.640762,39.035511],[1.640774,39.035512],[1.640786,39.035512],[1.640799,39.035512],[1.640811,39.035516],[1.640821,39.035522],[1.64083,39.035529],[1.640838,39.035536],[1.640845,39.035544],[1.640853,39.03555],[1.64086,39.035558],[1.640866,39.035566],[1.640872,39.035574],[1.640877,39.035582],[1.640883,39.035591],[1.640888,39.035599],[1.640896,39.035609],[1.640906,39.035617],[1.640916,39.035625],[1.640925,39.035634],[1.640935,39.035643],[1.640945,39.035652],[1.640951,39.03566],[1.640957,39.035668],[1.640964,39.035676],[1.64097,39.035685],[1.640975,39.035694],[1.64098,39.035703],[1.640985,39.035712],[1.64099,39.035722],[1.640994,39.035731],[1.640998,39.03574],[1.641003,39.035749],[1.641007,39.035757],[1.641013,39.035766],[1.641017,39.035775],[1.641022,39.035783],[1.641025,39.035792],[1.64103,39.035804],[1.641033,39.035816],[1.641035,39.035821],[1.641038,39.035832],[1.641039,39.035843],[1.641039,39.035853],[1.641039,39.035862],[1.641038,39.035871],[1.641038,39.035881],[1.641038,39.035889],[1.641037,39.035899],[1.641037,39.035908],[1.641034,39.035917],[1.641026,39.035924],[1.641018,39.035928],[1.641009,39.035934],[1.641002,39.035944],[1.641,39.035953],[1.641007,39.035961],[1.641011,39.035961],[1.641022,39.035957],[1.641034,39.035952],[1.641045,39.035953],[1.641048,39.035952],[1.64106,39.035952],[1.64107,39.035946],[1.641078,39.035939],[1.641091,39.03594],[1.641101,39.035945],[1.641112,39.035949],[1.641123,39.035949],[1.641135,39.03595],[1.641147,39.035952],[1.641156,39.035958],[1.641165,39.035964],[1.641174,39.03597],[1.641183,39.035976],[1.641186,39.035979],[1.641191,39.035988],[1.641193,39.035991],[1.641139,39.036027],[1.641046,39.035976],[1.64103,39.035992],[1.641186,39.036089],[1.641182,39.036096],[1.641179,39.036107],[1.641178,39.036116],[1.641177,39.036125],[1.641176,39.036135],[1.641176,39.036145],[1.641175,39.036155],[1.641175,39.036166],[1.641173,39.036176],[1.641171,39.036187],[1.641168,39.036197],[1.641164,39.036207],[1.641159,39.036216],[1.641152,39.036225],[1.641143,39.036233],[1.641135,39.036241],[1.641127,39.036248],[1.641118,39.036256],[1.641109,39.036264],[1.641101,39.036273],[1.641093,39.036283],[1.641088,39.036291],[1.641082,39.036299],[1.641077,39.036308],[1.641071,39.036316],[1.641065,39.036323],[1.641056,39.036333],[1.641047,39.036342],[1.641038,39.036351],[1.641029,39.03636],[1.64102,39.036369],[1.641011,39.036378],[1.641006,39.036387],[1.641002,39.036396],[1.640999,39.036406],[1.640995,39.036415],[1.640991,39.036425],[1.640987,39.036435],[1.640984,39.036444],[1.640979,39.036453],[1.640975,39.036462],[1.640972,39.036472],[1.640969,39.036482],[1.640966,39.036491],[1.640963,39.0365],[1.640959,39.036509],[1.640955,39.03652],[1.640953,39.036529],[1.640952,39.036539],[1.640952,39.036548],[1.640952,39.036558],[1.640951,39.036567],[1.64095,39.036577],[1.640949,39.036586],[1.640946,39.036595],[1.640941,39.036606],[1.640937,39.036615],[1.640932,39.036626],[1.640927,39.036634],[1.64092,39.036645],[1.640912,39.036655],[1.640905,39.036666],[1.640901,39.036674],[1.640896,39.036682],[1.640891,39.036691],[1.640887,39.0367],[1.640882,39.036709],[1.640878,39.036718],[1.640873,39.036726],[1.640869,39.036735],[1.640864,39.036745],[1.640858,39.036753],[1.640852,39.036761],[1.640845,39.036768],[1.640835,39.036778],[1.640829,39.036786],[1.640822,39.036793],[1.640814,39.036801],[1.640804,39.036811],[1.640796,39.036817],[1.640785,39.036826],[1.640777,39.036833],[1.640769,39.036839],[1.640762,39.036846],[1.640753,39.036855],[1.640746,39.036863],[1.640738,39.036872],[1.640729,39.036882],[1.640722,39.036892],[1.640718,39.036901],[1.640714,39.036909],[1.640709,39.036919],[1.640705,39.036928],[1.640701,39.036936],[1.640696,39.036944],[1.640691,39.036953],[1.640685,39.036963],[1.64068,39.036972],[1.640674,39.036982],[1.640669,39.036992],[1.640667,39.037004],[1.640664,39.037015],[1.640663,39.037025],[1.640659,39.037037],[1.640654,39.037047],[1.640647,39.037056],[1.64064,39.037065],[1.640634,39.037073],[1.640628,39.037084],[1.640622,39.037092],[1.640617,39.037101],[1.640612,39.03711],[1.640604,39.03712],[1.640596,39.037129],[1.640586,39.037137],[1.640574,39.037139],[1.640561,39.037139],[1.640552,39.037138],[1.640541,39.037138],[1.640526,39.03714],[1.640516,39.037145],[1.640508,39.037152],[1.640498,39.037159],[1.64049,39.037166],[1.640482,39.037174],[1.640477,39.037182],[1.640477,39.037192],[1.640477,39.037194],[1.640476,39.037203],[1.640479,39.037213],[1.64049,39.037217],[1.640498,39.03722],[1.640502,39.037228],[1.640502,39.037238],[1.640501,39.037249],[1.640494,39.037257],[1.64049,39.037259],[1.640479,39.037263],[1.640467,39.037268],[1.640459,39.037275],[1.640458,39.037285],[1.640458,39.037296],[1.640457,39.037301],[1.640457,39.037311],[1.640456,39.037322],[1.640455,39.037331],[1.640451,39.03734],[1.640443,39.037348],[1.640437,39.037356],[1.640432,39.037362],[1.640427,39.037373],[1.640424,39.037381],[1.640421,39.03739],[1.640415,39.0374],[1.640408,39.037409],[1.640397,39.037416],[1.640394,39.037416],[1.640382,39.037415],[1.640368,39.037414],[1.640356,39.037414],[1.640344,39.037414],[1.640333,39.037417],[1.640326,39.037424],[1.640321,39.037432],[1.640315,39.037441],[1.640308,39.03745],[1.640304,39.03746],[1.640302,39.03747],[1.640302,39.037481],[1.640302,39.037492],[1.640301,39.037502],[1.640301,39.037505],[1.640301,39.037514],[1.640301,39.037525],[1.640302,39.037535],[1.640305,39.037544],[1.640307,39.037553],[1.640309,39.037564],[1.64031,39.03757],[1.640309,39.037579],[1.640309,39.037589],[1.640305,39.037599],[1.640301,39.037607],[1.640295,39.037617],[1.640292,39.037623],[1.640289,39.037632],[1.640288,39.037641],[1.640288,39.037651],[1.640287,39.037662],[1.640285,39.037672],[1.640284,39.037682],[1.640282,39.037691],[1.64028,39.037702],[1.640278,39.037713],[1.640274,39.037724],[1.64027,39.037735],[1.640265,39.037746],[1.640259,39.037756],[1.640255,39.037765],[1.640251,39.037773],[1.640247,39.037783],[1.640244,39.037793],[1.640241,39.037802],[1.640239,39.037813],[1.640236,39.037823],[1.640233,39.037833],[1.640228,39.037843],[1.640224,39.037853],[1.640219,39.037862],[1.640214,39.037872],[1.640209,39.037881],[1.640203,39.03789],[1.640195,39.0379],[1.640187,39.03791],[1.64018,39.037918],[1.640171,39.037925],[1.640162,39.037933],[1.640153,39.037941],[1.640145,39.03795],[1.640138,39.03796],[1.640131,39.03797],[1.640127,39.037975],[1.640119,39.037984],[1.640109,39.03799],[1.640097,39.037994],[1.640086,39.037994],[1.640074,39.037993],[1.640065,39.037991],[1.640055,39.037986],[1.640047,39.037977],[1.64004,39.037967],[1.640033,39.037957],[1.640024,39.037949],[1.640016,39.037943],[1.640004,39.037938],[1.639989,39.037938],[1.639977,39.037939],[1.639967,39.037943],[1.639957,39.037948],[1.639947,39.037955],[1.639945,39.037964],[1.639945,39.037974],[1.639945,39.037984],[1.639945,39.037994],[1.639945,39.037997],[1.639951,39.038005],[1.63996,39.038012],[1.639971,39.038019],[1.639978,39.038027],[1.639981,39.03803],[1.639987,39.038039],[1.639992,39.038047],[1.639996,39.038056],[1.639996,39.038066],[1.639994,39.038076],[1.639991,39.03808],[1.639985,39.038089],[1.639978,39.038098],[1.639972,39.038106],[1.639965,39.038115],[1.63996,39.038125],[1.639954,39.038135],[1.639948,39.038145],[1.639942,39.038155],[1.639936,39.038164],[1.639931,39.038174],[1.639926,39.038184],[1.639921,39.038193],[1.639915,39.038202],[1.639912,39.038205],[1.6399,39.038212],[1.639888,39.038213],[1.639876,39.038214],[1.639867,39.038222],[1.639863,39.038227],[1.639851,39.038232],[1.639837,39.038233],[1.639825,39.038232],[1.639811,39.038232],[1.639797,39.038232],[1.639784,39.038232],[1.639771,39.038232],[1.639765,39.038232],[1.639753,39.038238],[1.639747,39.038247],[1.639742,39.038255],[1.639736,39.038265],[1.639728,39.038273],[1.63972,39.038283],[1.639715,39.038292],[1.639712,39.038301],[1.639709,39.038311],[1.639705,39.038321],[1.6397,39.03833],[1.63969,39.03833],[1.639678,39.03833],[1.639667,39.03833],[1.639654,39.038329],[1.639644,39.038332],[1.639635,39.038338],[1.63963,39.038348],[1.63963,39.038358],[1.63963,39.038367],[1.63963,39.03837],[1.639636,39.038378],[1.639643,39.038385],[1.639656,39.038387],[1.639669,39.038387],[1.639673,39.038387],[1.639685,39.038387],[1.639697,39.038388],[1.63971,39.038388],[1.639721,39.038391],[1.639722,39.038393],[1.639722,39.038402],[1.639721,39.038412],[1.639718,39.038421],[1.639713,39.03843],[1.639704,39.038438],[1.639696,39.038446],[1.639693,39.03845],[1.639688,39.038455],[1.639682,39.038463],[1.639674,39.038471],[1.639664,39.038477],[1.639663,39.038478],[1.639651,39.038477],[1.639651,39.038477],[1.63964,39.038471],[1.639632,39.038464],[1.639626,39.038455],[1.639624,39.038452],[1.639618,39.038443],[1.639612,39.038434],[1.639607,39.038424],[1.639601,39.038416],[1.63959,39.038411],[1.639583,39.038411],[1.63957,39.038413],[1.639559,39.038417],[1.639547,39.038423],[1.639537,39.038428],[1.639525,39.038433],[1.639513,39.03844],[1.639502,39.038445],[1.639492,39.03845],[1.639482,39.038454],[1.639471,39.038458],[1.639461,39.038463],[1.639448,39.038468],[1.639435,39.038473],[1.639424,39.038478],[1.639413,39.038485],[1.639403,39.038491],[1.639393,39.038497],[1.639384,39.038505],[1.639377,39.038513],[1.639371,39.038522],[1.639365,39.038532],[1.63936,39.038541],[1.639357,39.038549],[1.639355,39.038557],[1.63935,39.038566],[1.639348,39.038575],[1.639348,39.038585],[1.639349,39.038594],[1.639348,39.038604],[1.639341,39.038612],[1.63933,39.038616],[1.639319,39.038614],[1.639309,39.03861],[1.639298,39.038605],[1.639285,39.038604],[1.639273,39.038605],[1.639272,39.038605],[1.639259,39.038605],[1.639247,39.038603],[1.639235,39.038601],[1.639222,39.0386],[1.63921,39.0386],[1.639198,39.038599],[1.639186,39.0386],[1.639178,39.038603],[1.63917,39.038612],[1.639164,39.038621],[1.63916,39.03863],[1.639153,39.038638],[1.639146,39.038646],[1.639142,39.038654],[1.63914,39.038656],[1.639129,39.038664],[1.639119,39.03867],[1.639108,39.038676],[1.639096,39.038681],[1.639085,39.038687],[1.639073,39.038692],[1.639061,39.038697],[1.639048,39.038703],[1.639036,39.038708],[1.639024,39.038713],[1.639012,39.038719],[1.639001,39.038724],[1.638989,39.038728],[1.638978,39.038733],[1.638968,39.038739],[1.638958,39.038746],[1.638951,39.038753],[1.638945,39.038762],[1.638941,39.038772],[1.638935,39.038782],[1.638927,39.038789],[1.638919,39.038797],[1.63891,39.038804],[1.638901,39.03881],[1.638889,39.038815],[1.638876,39.038819],[1.638865,39.038822],[1.638854,39.038826],[1.638844,39.038831],[1.638831,39.038837],[1.63882,39.038841],[1.638807,39.038841],[1.638795,39.038839],[1.638783,39.038838],[1.638769,39.038838],[1.638758,39.038841],[1.63875,39.03885],[1.638745,39.038859],[1.638743,39.038861],[1.638737,39.03887],[1.63873,39.038878],[1.63872,39.038885],[1.638709,39.038891],[1.638697,39.038894],[1.638684,39.038894],[1.638671,39.038895],[1.638658,39.038896],[1.638646,39.038898],[1.638633,39.038898],[1.638619,39.038898],[1.638608,39.038896],[1.638598,39.038891],[1.638588,39.038885],[1.638586,39.038884],[1.638574,39.038879],[1.63856,39.038878],[1.638548,39.03888],[1.638539,39.038886],[1.638531,39.038893],[1.63852,39.03889],[1.638507,39.038886],[1.638496,39.038885],[1.638482,39.038886],[1.638474,39.038894],[1.638468,39.038903],[1.638459,39.038911],[1.638446,39.038913],[1.638432,39.038912],[1.63843,39.038912],[1.63842,39.038905],[1.638412,39.038897],[1.638399,39.038894],[1.638388,39.038894],[1.638378,39.038894],[1.638364,39.038894],[1.638352,39.038893],[1.638342,39.038899],[1.638338,39.038909],[1.638334,39.038919],[1.63833,39.03893],[1.638326,39.038939],[1.638322,39.038948],[1.638316,39.038959],[1.638314,39.038961],[1.638306,39.03897],[1.638294,39.038976],[1.638282,39.038978],[1.63827,39.038978],[1.638258,39.038978],[1.638253,39.038978],[1.638244,39.038971],[1.638243,39.038962],[1.638244,39.038951],[1.638247,39.03894],[1.638248,39.038938],[1.638249,39.038928],[1.638249,39.038918],[1.638249,39.038908],[1.638246,39.038898],[1.638241,39.03889],[1.638238,39.038887],[1.638226,39.038883],[1.638214,39.038883],[1.638203,39.038887],[1.638194,39.038894],[1.638192,39.038896],[1.638185,39.038906],[1.63818,39.038915],[1.638175,39.038924],[1.638168,39.038934],[1.638161,39.038942],[1.638152,39.038951],[1.638142,39.038956],[1.63813,39.038961],[1.638118,39.038966],[1.638106,39.038971],[1.638093,39.038976],[1.638082,39.038981],[1.63807,39.038983],[1.638056,39.038983],[1.638044,39.038983],[1.638032,39.038983],[1.638019,39.038984],[1.638008,39.03899],[1.638002,39.038993],[1.63799,39.038996],[1.637976,39.038998],[1.637962,39.039001],[1.637952,39.039006],[1.637941,39.03901],[1.637936,39.039013],[1.637926,39.039021],[1.637917,39.039029],[1.637909,39.039036],[1.637897,39.03904],[1.637884,39.03904],[1.637873,39.039037],[1.637862,39.03903],[1.637857,39.039025],[1.637845,39.039017],[1.637834,39.039012],[1.637822,39.039011],[1.63781,39.039011],[1.637804,39.039018],[1.637803,39.039023],[1.637803,39.039033],[1.637796,39.03904],[1.637786,39.039047],[1.63778,39.039053],[1.637776,39.039062],[1.637774,39.039072],[1.637772,39.039082],[1.637767,39.039093],[1.637756,39.0391],[1.63775,39.039104],[1.637741,39.03911],[1.637736,39.039114],[1.637732,39.039117],[1.637724,39.039123],[1.63772,39.039132],[1.637717,39.039142],[1.637714,39.039151],[1.637712,39.03916],[1.637709,39.03917],[1.637707,39.03918],[1.637702,39.03919],[1.637696,39.0392],[1.637689,39.039208],[1.637679,39.039216],[1.637669,39.039222],[1.637657,39.039228],[1.637645,39.039231],[1.637634,39.039231],[1.637619,39.03923],[1.637606,39.039229],[1.637595,39.039225],[1.637587,39.039217],[1.63758,39.039208],[1.637574,39.039198],[1.63757,39.039194],[1.63756,39.039186],[1.637549,39.039183],[1.637537,39.039183],[1.637525,39.039183],[1.637513,39.039186],[1.637511,39.039187],[1.637501,39.039192],[1.637494,39.039201],[1.637492,39.039211],[1.637491,39.039222],[1.637492,39.039226],[1.637496,39.039235],[1.637504,39.039242],[1.637513,39.039249],[1.637516,39.039251],[1.637519,39.03926],[1.637518,39.039271],[1.637517,39.039281],[1.637513,39.03929],[1.637512,39.039294],[1.637508,39.039305],[1.637502,39.039314],[1.637495,39.039324],[1.637488,39.039334],[1.63748,39.039344],[1.637472,39.039353],[1.637463,39.039363],[1.637455,39.039373],[1.63745,39.039381],[1.637446,39.03939],[1.637441,39.039398],[1.637436,39.039407],[1.637431,39.039415],[1.637425,39.039423],[1.637419,39.039434],[1.637414,39.039443],[1.637409,39.039452],[1.637401,39.039462],[1.637396,39.03947],[1.637388,39.03948],[1.637383,39.039489],[1.637378,39.039497],[1.637372,39.039505],[1.637365,39.039515],[1.637357,39.039525],[1.637352,39.039534],[1.637347,39.039542],[1.637342,39.039551],[1.637338,39.03956],[1.637333,39.039569],[1.637328,39.039578],[1.637323,39.039588],[1.637318,39.039597],[1.637314,39.039607],[1.63731,39.039617],[1.637305,39.039627],[1.637301,39.039636],[1.637296,39.039645],[1.63729,39.039655],[1.637288,39.039657],[1.63728,39.039664],[1.63727,39.03967],[1.637259,39.039674],[1.637247,39.039678],[1.637235,39.039685],[1.637226,39.039693],[1.637223,39.039697],[1.63722,39.039708],[1.637219,39.039717],[1.637218,39.039726],[1.637218,39.039737],[1.637218,39.039749],[1.637219,39.039759],[1.637218,39.039769],[1.637218,39.039779],[1.637218,39.039791],[1.637216,39.0398],[1.637206,39.039805],[1.637193,39.039808],[1.637182,39.039808],[1.637169,39.03981],[1.63716,39.039816],[1.637153,39.039824],[1.637148,39.039832],[1.637142,39.039841],[1.637135,39.039849],[1.637126,39.039857],[1.637119,39.039865],[1.63712,39.039871],[1.637123,39.03988],[1.637123,39.039889],[1.637123,39.039899],[1.637122,39.039909],[1.637122,39.039913],[1.637123,39.039922],[1.637122,39.039934],[1.637115,39.039941],[1.637104,39.039948],[1.637091,39.03995],[1.637079,39.03995],[1.637066,39.03995],[1.637051,39.03995],[1.637041,39.039955],[1.637035,39.039963],[1.637035,39.039973],[1.637036,39.039983],[1.637043,39.039988],[1.637055,39.039988],[1.637067,39.03999],[1.637071,39.039999],[1.637075,39.040009],[1.637079,39.04002],[1.637083,39.040031],[1.637086,39.040041],[1.637086,39.040051],[1.637086,39.04006],[1.637085,39.040069],[1.637084,39.040079],[1.637074,39.040087],[1.637062,39.040091],[1.637052,39.040095],[1.637042,39.040103],[1.637038,39.040113],[1.637034,39.040122],[1.637028,39.040131],[1.637021,39.040138],[1.637012,39.040145],[1.637004,39.040153],[1.636997,39.04016],[1.63699,39.040169],[1.636982,39.040177],[1.636973,39.040184],[1.636963,39.04019],[1.636952,39.040195],[1.636939,39.0402],[1.636927,39.040205],[1.636914,39.040211],[1.636903,39.040218],[1.636893,39.040225],[1.636882,39.040234],[1.636872,39.040242],[1.636865,39.04025],[1.636855,39.040258],[1.636844,39.040265],[1.636833,39.040271],[1.636822,39.040276],[1.636809,39.040281],[1.636796,39.040285],[1.636784,39.04029],[1.636771,39.040294],[1.636759,39.040299],[1.636747,39.040304],[1.636736,39.04031],[1.636725,39.040315],[1.636715,39.04032],[1.636704,39.040326],[1.636694,39.040331],[1.636684,39.040337],[1.636676,39.040343],[1.636667,39.040349],[1.636658,39.040357],[1.636654,39.040366],[1.636653,39.040376],[1.636653,39.040388],[1.636653,39.040399],[1.636652,39.040411],[1.636642,39.040414],[1.63663,39.040414],[1.636618,39.040414],[1.636606,39.040419],[1.636599,39.040427],[1.636595,39.04043],[1.636583,39.040434],[1.636571,39.040438],[1.63656,39.040442],[1.63655,39.040448],[1.636542,39.040455],[1.636535,39.040462],[1.636534,39.040463],[1.636527,39.040469],[1.636521,39.040478],[1.63652,39.040487],[1.636521,39.040497],[1.636525,39.040507],[1.636527,39.040518],[1.636528,39.040529],[1.636528,39.040539],[1.636528,39.040541],[1.636525,39.040551],[1.636516,39.040557],[1.636505,39.040562],[1.636494,39.040567],[1.636483,39.040572],[1.636475,39.040577],[1.636471,39.040587],[1.636471,39.040597],[1.636468,39.040606],[1.636463,39.040616],[1.636462,39.040618],[1.636461,39.040627],[1.636462,39.040638],[1.636466,39.040648],[1.636469,39.040659],[1.63647,39.04067],[1.636469,39.040681],[1.636465,39.04069],[1.636462,39.040693],[1.636454,39.0407],[1.636444,39.040705],[1.636433,39.040708],[1.636421,39.040711],[1.63641,39.040714],[1.636399,39.040716],[1.636386,39.040718],[1.636373,39.040723],[1.636362,39.040727],[1.636349,39.040731],[1.636337,39.040732],[1.636323,39.040733],[1.636311,39.040733],[1.636299,39.040733],[1.636288,39.040733],[1.636276,39.040733],[1.636264,39.040733],[1.63625,39.040733],[1.636237,39.040734],[1.636224,39.040734],[1.636209,39.040733],[1.636197,39.040733],[1.636183,39.040733],[1.636171,39.040733],[1.636158,39.040735],[1.636148,39.040742],[1.636139,39.040748],[1.636138,39.040748],[1.636135,39.040758],[1.636144,39.040764],[1.636156,39.040765],[1.636168,39.040765],[1.636181,39.040765],[1.636195,39.040766],[1.636208,39.040766],[1.636221,39.040766],[1.636234,39.040766],[1.636247,39.040766],[1.636259,39.040764],[1.636271,39.040762],[1.636283,39.04076],[1.636298,39.040759],[1.636312,39.040758],[1.636323,39.040757],[1.636336,39.040757],[1.636348,39.040757],[1.636361,39.040757],[1.636373,39.040758],[1.636386,39.040758],[1.636399,39.040758],[1.636412,39.040758],[1.636424,39.040759],[1.636436,39.040758],[1.636448,39.040757],[1.63646,39.040756],[1.636473,39.040755],[1.636485,39.040755],[1.636498,39.040753],[1.636511,39.040753],[1.636523,39.040753],[1.636528,39.040753],[1.636536,39.040754],[1.636549,39.040754],[1.636563,39.040754],[1.636576,39.040754],[1.636589,39.040754],[1.636602,39.040754],[1.636615,39.040754],[1.636629,39.040754],[1.636642,39.040754],[1.636656,39.040755],[1.636669,39.040755],[1.636682,39.040755],[1.636696,39.040756],[1.636709,39.040756],[1.636722,39.040756],[1.636734,39.040756],[1.636746,39.040757],[1.636758,39.040757],[1.636772,39.040757],[1.636785,39.040757],[1.636796,39.04076],[1.636807,39.040765],[1.636815,39.040768],[1.636827,39.040772],[1.636841,39.040774],[1.636854,39.040774],[1.636866,39.040774],[1.636878,39.040774],[1.63689,39.040775],[1.636902,39.040775],[1.636915,39.040775],[1.636928,39.040775],[1.63694,39.040775],[1.636954,39.040776],[1.636967,39.040776],[1.63698,39.040777],[1.636992,39.04078],[1.636992,39.040785],[1.636991,39.040794],[1.636989,39.040804],[1.636987,39.040814],[1.636984,39.040823],[1.636977,39.040833],[1.63697,39.04084],[1.636963,39.040848],[1.636954,39.040854],[1.636944,39.04086],[1.636933,39.040865],[1.636923,39.04087],[1.636912,39.040876],[1.636902,39.040882],[1.636892,39.040888],[1.636881,39.040893],[1.636869,39.040897],[1.636858,39.0409],[1.636846,39.040903],[1.636835,39.040906],[1.636822,39.040909],[1.63681,39.040911],[1.636798,39.040913],[1.636786,39.040915],[1.636773,39.040916],[1.636759,39.040918],[1.636745,39.04092],[1.636732,39.040921],[1.636718,39.040921],[1.636706,39.040922],[1.636704,39.040922],[1.63669,39.040923],[1.636677,39.040926],[1.636672,39.040935],[1.636671,39.040947],[1.636671,39.040958],[1.636669,39.040962],[1.636656,39.040965],[1.636643,39.040965],[1.636632,39.040966],[1.636619,39.040966],[1.636605,39.040965],[1.636591,39.040965],[1.636576,39.040965],[1.636563,39.040967],[1.636558,39.040976],[1.636558,39.040985],[1.636558,39.040995],[1.636557,39.041006],[1.636549,39.041013],[1.636537,39.041013],[1.636525,39.041012],[1.636523,39.041012],[1.636512,39.041012],[1.6365,39.041012],[1.636487,39.041012],[1.636483,39.041013],[1.636472,39.041016],[1.636461,39.041021],[1.63645,39.041028],[1.636444,39.041037],[1.636445,39.041043],[1.636453,39.041049],[1.636461,39.041056],[1.636462,39.041057],[1.63647,39.041065],[1.63647,39.041075],[1.636459,39.041077],[1.636453,39.041085],[1.636452,39.041095],[1.636459,39.0411],[1.63647,39.041102],[1.636483,39.041103],[1.636495,39.041103],[1.636508,39.041103],[1.63652,39.041105],[1.636521,39.041113],[1.636521,39.041113],[1.636521,39.041123],[1.636525,39.041132],[1.636527,39.041133],[1.636539,39.041133],[1.636552,39.041134],[1.636564,39.041134],[1.636577,39.041134],[1.63659,39.041134],[1.636602,39.041134],[1.636614,39.041134],[1.636627,39.041134],[1.63664,39.041136],[1.636647,39.04114],[1.636654,39.041149],[1.636656,39.041157],[1.636656,39.041167],[1.636656,39.041177],[1.636657,39.041187],[1.636665,39.041194],[1.636678,39.041198],[1.636691,39.041199],[1.636703,39.041199],[1.636717,39.0412],[1.63673,39.041201],[1.636744,39.041202],[1.636759,39.041203],[1.636773,39.041204],[1.636786,39.041204],[1.636798,39.041204],[1.636809,39.041204],[1.636819,39.041208],[1.636825,39.041217],[1.636827,39.041218],[1.636838,39.04122],[1.63685,39.041224],[1.636861,39.041227],[1.636873,39.041229],[1.636885,39.041231],[1.636899,39.041232],[1.636911,39.041233],[1.636922,39.041233],[1.636934,39.041233],[1.636946,39.041234],[1.636958,39.041234],[1.63697,39.041235],[1.636984,39.041236],[1.636997,39.041238],[1.637007,39.04124],[1.637017,39.041245],[1.637025,39.041252],[1.637031,39.041261],[1.637034,39.041271],[1.637035,39.041278],[1.637035,39.041287],[1.637034,39.041297],[1.637034,39.041306],[1.637033,39.041317],[1.637032,39.041326],[1.637031,39.041337],[1.63703,39.041342],[1.637024,39.041352],[1.637017,39.04136],[1.637007,39.041365],[1.636997,39.041369],[1.636986,39.041375],[1.636979,39.041382],[1.636968,39.041387],[1.636956,39.04139],[1.636942,39.041392],[1.636931,39.041394],[1.636918,39.041395],[1.636904,39.041395],[1.636891,39.041397],[1.636884,39.041399],[1.636881,39.041408],[1.636882,39.041419],[1.636884,39.041425],[1.636897,39.041426],[1.636909,39.041426],[1.636921,39.041427],[1.636934,39.041427],[1.636947,39.041427],[1.636961,39.041428],[1.636976,39.041428],[1.63699,39.041428],[1.637005,39.041429],[1.637019,39.041431],[1.637033,39.041433],[1.637048,39.041436],[1.637063,39.041439],[1.637078,39.041441],[1.637093,39.041442],[1.637109,39.041443],[1.637123,39.041443],[1.637138,39.041444],[1.637151,39.041445],[1.637165,39.041446],[1.637178,39.041447],[1.637191,39.041448],[1.637203,39.04145],[1.637216,39.041453],[1.637229,39.041455],[1.637243,39.041459],[1.637257,39.041462],[1.637271,39.041464],[1.637282,39.041466],[1.637297,39.041467],[1.637312,39.041467],[1.637327,39.041468],[1.637342,39.041468],[1.637357,39.041468],[1.637372,39.041469],[1.637387,39.041469],[1.637402,39.041469],[1.637417,39.041469],[1.637432,39.04147],[1.637448,39.04147],[1.637459,39.041469],[1.637471,39.041467],[1.637483,39.041465],[1.637497,39.041462],[1.637508,39.04146],[1.637522,39.041457],[1.637537,39.041456],[1.637551,39.041455],[1.637566,39.041453],[1.637581,39.041452],[1.637595,39.041451],[1.637609,39.041448],[1.637623,39.041446],[1.637637,39.041445],[1.637651,39.041445],[1.637666,39.041445],[1.637681,39.041445],[1.637695,39.041445],[1.637709,39.041446],[1.637724,39.041445],[1.637738,39.041446],[1.63775,39.041446],[1.637765,39.041446],[1.63778,39.041447],[1.637792,39.041451],[1.637804,39.041453],[1.637818,39.041455],[1.63783,39.041455],[1.637842,39.041455],[1.637855,39.041454],[1.637867,39.041454],[1.637881,39.041455],[1.637894,39.041456],[1.637907,39.041455],[1.637921,39.041454],[1.637933,39.041453],[1.637945,39.041451],[1.637957,39.041449],[1.637969,39.041447],[1.63798,39.041444],[1.637991,39.041437],[1.638001,39.04143],[1.638011,39.041423],[1.638021,39.041416],[1.638031,39.04141],[1.638042,39.041403],[1.638051,39.041395],[1.63806,39.041388],[1.638069,39.041383],[1.638081,39.041378],[1.638093,39.041374],[1.638104,39.04137],[1.638115,39.041365],[1.638126,39.04136],[1.638136,39.041355],[1.638146,39.04135],[1.638152,39.041346],[1.638162,39.041338],[1.63817,39.041332],[1.638178,39.041325],[1.638186,39.041316],[1.638193,39.041306],[1.638199,39.041298],[1.638205,39.041289],[1.638211,39.041282],[1.638218,39.041273],[1.63822,39.04127],[1.638228,39.041264],[1.63824,39.041258],[1.638251,39.041254],[1.638261,39.041251],[1.638273,39.041245],[1.638283,39.041238],[1.638291,39.041228],[1.638296,39.041217],[1.638299,39.041212],[1.638303,39.041202],[1.638309,39.041192],[1.638321,39.041187],[1.638333,39.041186],[1.63834,39.041186],[1.638352,39.041187],[1.638365,39.041186],[1.638376,39.041187],[1.638388,39.04119],[1.638393,39.041191],[1.638405,39.041194],[1.638416,39.041196],[1.638428,39.0412],[1.638439,39.041205],[1.63845,39.041211],[1.638459,39.041217],[1.638468,39.041225],[1.638476,39.041232],[1.63848,39.041236],[1.638481,39.041246],[1.638481,39.041256],[1.638481,39.041265],[1.63848,39.041276],[1.63848,39.041286],[1.63848,39.041296],[1.638485,39.041305],[1.638492,39.041315],[1.6385,39.041323],[1.638508,39.041331],[1.638517,39.041339],[1.638526,39.041348],[1.638536,39.041354],[1.638547,39.04136],[1.638559,39.041364],[1.638572,39.041368],[1.638583,39.041371],[1.638595,39.041373],[1.638609,39.041377],[1.638621,39.04138],[1.638633,39.041384],[1.638644,39.041388],[1.638656,39.041393],[1.638667,39.041398],[1.638679,39.041403],[1.638691,39.041406],[1.638704,39.041409],[1.638718,39.041411],[1.63873,39.041414],[1.638741,39.041418],[1.638754,39.041422],[1.638766,39.041427],[1.638778,39.041433],[1.63879,39.041438],[1.638802,39.041443],[1.638814,39.041449],[1.638825,39.041456],[1.638835,39.041462],[1.638844,39.041469],[1.638846,39.041471],[1.638854,39.041479],[1.63886,39.041487],[1.638865,39.041495],[1.638871,39.041504],[1.638877,39.041514],[1.638883,39.041523],[1.638884,39.041525],[1.638892,39.041533],[1.638899,39.041542],[1.638906,39.04155],[1.638913,39.041558],[1.638919,39.041565],[1.638927,39.041573],[1.63893,39.041576],[1.638939,39.041585],[1.638945,39.041593],[1.63895,39.041601],[1.638957,39.04161],[1.638965,39.041619],[1.638975,39.041625],[1.63898,39.041626],[1.638993,39.041627],[1.639005,39.041627],[1.639017,39.041627],[1.639029,39.041627],[1.639042,39.041627],[1.639055,39.041627],[1.639068,39.041628],[1.639082,39.041628],[1.63909,39.041627],[1.639097,39.04162],[1.6391,39.04161],[1.639102,39.0416],[1.639102,39.041592],[1.639102,39.041582],[1.639102,39.041572],[1.639103,39.041561],[1.639103,39.041552],[1.639103,39.041543],[1.639104,39.041533],[1.639104,39.041522],[1.639104,39.041511],[1.639105,39.041502],[1.639105,39.041491],[1.639106,39.04148],[1.639117,39.041474],[1.639127,39.041473],[1.63914,39.041472],[1.639152,39.041473],[1.639164,39.041473],[1.639176,39.04147],[1.639186,39.041466],[1.63919,39.041464],[1.639198,39.041455],[1.639202,39.041447],[1.639207,39.041438],[1.639212,39.04143],[1.639219,39.04142],[1.639225,39.041412],[1.639236,39.041405],[1.639249,39.041401],[1.639261,39.0414],[1.639268,39.0414],[1.63928,39.0414],[1.639293,39.041401],[1.639305,39.041401],[1.639317,39.041403],[1.639329,39.041405],[1.639332,39.041405],[1.639343,39.041406],[1.639355,39.041407],[1.639367,39.041407],[1.63938,39.041407],[1.639392,39.041407],[1.639405,39.041407],[1.639418,39.041407],[1.639431,39.041407],[1.639434,39.041407],[1.639449,39.041407],[1.639461,39.041409],[1.639472,39.041412],[1.639484,39.041417],[1.639493,39.041422],[1.639506,39.041428],[1.639518,39.041433],[1.639529,39.041436],[1.639541,39.041439],[1.639554,39.041441],[1.639566,39.041443],[1.639578,39.041445],[1.639591,39.041447],[1.639604,39.041449],[1.639617,39.041451],[1.639631,39.041452],[1.639644,39.041453],[1.639658,39.041454],[1.639672,39.041456],[1.639686,39.041458],[1.6397,39.04146],[1.639713,39.041462],[1.639727,39.041464],[1.639741,39.041466],[1.639754,39.041468],[1.639767,39.041469],[1.639779,39.041471],[1.639792,39.041474],[1.639803,39.04148],[1.639812,39.041487],[1.639822,39.041494],[1.639828,39.041496],[1.63984,39.0415],[1.639853,39.041502],[1.639865,39.041504],[1.639877,39.041506],[1.63989,39.041508],[1.639903,39.041511],[1.639916,39.041514],[1.639929,39.041517],[1.639943,39.041518],[1.639956,39.04152],[1.639969,39.041522],[1.639983,39.041523],[1.639989,39.041524],[1.640001,39.041524],[1.640015,39.041525],[1.640028,39.041526],[1.64004,39.041531],[1.640049,39.041538],[1.640053,39.041546],[1.640055,39.041556],[1.640055,39.041567],[1.640055,39.041577],[1.640056,39.041588],[1.640059,39.041592],[1.640069,39.041596],[1.640081,39.041597],[1.640093,39.041598],[1.640105,39.0416],[1.640107,39.0416],[1.640118,39.041602],[1.640121,39.041611],[1.640123,39.041622],[1.640124,39.041624],[1.640134,39.041629],[1.640147,39.041632],[1.64016,39.041636],[1.640171,39.041642],[1.640182,39.041647],[1.640192,39.04165],[1.640204,39.041654],[1.640216,39.041656],[1.640228,39.041657],[1.640242,39.041658],[1.640255,39.041658],[1.640267,39.041658],[1.64028,39.041658],[1.640293,39.041658],[1.640305,39.041658],[1.640316,39.041659],[1.640329,39.041657],[1.640338,39.041652],[1.64034,39.041643],[1.640341,39.041633],[1.640348,39.041625],[1.64035,39.041624],[1.640358,39.041617],[1.640365,39.041609],[1.64037,39.041598],[1.640372,39.041589],[1.640374,39.041581],[1.640377,39.041571],[1.640381,39.041561],[1.640382,39.041551],[1.640376,39.041543],[1.640366,39.041536],[1.640356,39.041532],[1.640347,39.041524],[1.640347,39.041521],[1.640359,39.041521],[1.64037,39.041518],[1.640374,39.041516],[1.640385,39.04151],[1.640395,39.041503],[1.640399,39.041494],[1.640401,39.041492],[1.640404,39.041483],[1.640414,39.041476],[1.640426,39.041472],[1.640431,39.04147],[1.640443,39.041465],[1.640456,39.041462],[1.640469,39.041462],[1.640482,39.041462],[1.640485,39.041462],[1.640497,39.041464],[1.640509,39.041467],[1.640521,39.041469],[1.640534,39.041472],[1.640548,39.041475],[1.640561,39.041479],[1.640574,39.041482],[1.640587,39.041486],[1.6406,39.041491],[1.640612,39.041498],[1.640622,39.041503],[1.640631,39.041509],[1.640641,39.041515],[1.640652,39.04152],[1.640663,39.041524],[1.640674,39.041527],[1.640685,39.04153],[1.640695,39.041534],[1.640706,39.041537],[1.640717,39.041541],[1.640728,39.041545],[1.640739,39.04155],[1.640749,39.041554],[1.640762,39.04156],[1.640775,39.041567],[1.640786,39.041573],[1.640798,39.041581],[1.640808,39.041588],[1.640819,39.041596],[1.640831,39.041604],[1.64084,39.041609],[1.640853,39.041616],[1.640862,39.041621],[1.640872,39.041626],[1.640882,39.041632],[1.640891,39.041637],[1.640901,39.041642],[1.640912,39.041646],[1.640922,39.041651],[1.640935,39.041657],[1.640948,39.041663],[1.640957,39.041667],[1.640961,39.041669],[1.640974,39.041675],[1.640987,39.041679],[1.641001,39.041683],[1.641015,39.041687],[1.641026,39.04169],[1.641038,39.041693],[1.641052,39.041696],[1.641065,39.041699],[1.641077,39.041703],[1.641088,39.041709],[1.6411,39.041716],[1.641111,39.041723],[1.641124,39.041728],[1.641137,39.041732],[1.64115,39.041734],[1.641164,39.041734],[1.641178,39.041735],[1.641193,39.041735],[1.641208,39.041736],[1.641223,39.041737],[1.641234,39.041739],[1.641246,39.041741],[1.641261,39.041743],[1.641276,39.041745],[1.641288,39.041748],[1.641299,39.04175],[1.641312,39.041753],[1.641323,39.041755],[1.641336,39.041757],[1.641348,39.041758],[1.64136,39.041759],[1.641373,39.04176],[1.641385,39.041761],[1.641397,39.041762],[1.641409,39.041762],[1.641421,39.041763],[1.641433,39.041763],[1.641445,39.041764],[1.641458,39.041764],[1.64147,39.041764],[1.641482,39.041765],[1.641494,39.041765],[1.641507,39.041765],[1.641519,39.041765],[1.641531,39.041765],[1.641543,39.041766],[1.641555,39.041766],[1.641567,39.041766],[1.641579,39.041766],[1.641594,39.041767],[1.641606,39.041769],[1.641617,39.041771],[1.641629,39.041773],[1.64164,39.041774],[1.641652,39.041776],[1.641667,39.041777],[1.641679,39.041777],[1.641694,39.041778],[1.641706,39.041779],[1.641721,39.04178],[1.641736,39.04178],[1.641751,39.041781],[1.641765,39.041782],[1.64177,39.041783],[1.634097,39.050825],[1.617,39.04],[1.609,39.049],[1.626633,39.059617],[1.609904,39.079358]],[[1.583065,38.984671],[1.583049,38.984695],[1.583048,38.984727],[1.583058,38.984768],[1.583038,38.984796],[1.583023,38.984846],[1.583022,38.984898],[1.583021,38.984948],[1.583027,38.98499],[1.583016,38.98502],[1.58297,38.985087],[1.582968,38.985121],[1.582971,38.985153],[1.58298,38.985179],[1.58299,38.985225],[1.583006,38.985251],[1.583031,38.98527],[1.583064,38.985276],[1.583089,38.985289],[1.583089,38.985311],[1.583098,38.985348],[1.583118,38.985376],[1.583133,38.98538],[1.583177,38.985381],[1.583209,38.9854],[1.583219,38.985413],[1.583277,38.98547],[1.583323,38.985514],[1.583354,38.985538],[1.583407,38.985579],[1.583436,38.98561],[1.583468,38.985638],[1.583529,38.985678],[1.583576,38.98571],[1.583625,38.985744],[1.583678,38.985776],[1.583735,38.985806],[1.583787,38.985833],[1.58384,38.985863],[1.583894,38.985894],[1.583923,38.985915],[1.583975,38.985946],[1.584028,38.985963],[1.584086,38.985981],[1.584202,38.98603],[1.584296,38.986042],[1.584374,38.986054],[1.584405,38.986065],[1.584442,38.986071],[1.584487,38.986072],[1.58453,38.986061],[1.584582,38.986033],[1.58461,38.98601],[1.584668,38.986005],[1.58472,38.985975],[1.584761,38.985964],[1.584807,38.985957],[1.58484,38.985925],[1.584843,38.985896],[1.584839,38.985863],[1.584844,38.985834],[1.584871,38.985824],[1.584907,38.985822],[1.584949,38.985821],[1.584999,38.985819],[1.585017,38.985809],[1.585105,38.985768],[1.585178,38.985752],[1.585158,38.985706],[1.585127,38.985677],[1.585067,38.985647],[1.584943,38.985617],[1.584911,38.985585],[1.584907,38.985556],[1.584918,38.985502],[1.584952,38.985435],[1.584968,38.98539],[1.584962,38.985345],[1.584935,38.985312],[1.584894,38.985299],[1.584878,38.985258],[1.584878,38.985204],[1.58488,38.985153],[1.584902,38.985119],[1.584922,38.985094],[1.584911,38.985075],[1.584854,38.985037],[1.584794,38.985014],[1.584788,38.984989],[1.584789,38.98496],[1.58479,38.984922],[1.584761,38.984916],[1.584713,38.984909],[1.584667,38.984881],[1.584659,38.984833],[1.584659,38.984786],[1.584634,38.984767],[1.584621,38.984741],[1.584627,38.98471],[1.58464,38.984685],[1.584633,38.984661],[1.584615,38.984661],[1.584578,38.984697],[1.58456,38.984728],[1.584511,38.984746],[1.584506,38.984773],[1.584505,38.984823],[1.584493,38.984857],[1.584461,38.984853],[1.584415,38.984838],[1.584367,38.984837],[1.584339,38.984836],[1.584335,38.984827],[1.584336,38.984766],[1.5843,38.984765],[1.584286,38.984741],[1.584264,38.984712],[1.584235,38.984723],[1.5842,38.984707],[1.584178,38.984676],[1.584193,38.984653],[1.58426,38.984644],[1.584304,38.984622],[1.584308,38.984599],[1.584305,38.984566],[1.584251,38.984459],[1.58424,38.984415],[1.584249,38.984389],[1.584251,38.984364],[1.584235,38.98429],[1.584232,38.984218],[1.584235,38.98413],[1.584237,38.984071],[1.584248,38.984016],[1.584249,38.98394],[1.584251,38.983892],[1.584268,38.983856],[1.584309,38.983821],[1.584319,38.983784],[1.584314,38.983747],[1.584314,38.983693],[1.584327,38.983661],[1.58436,38.983654],[1.584431,38.983658],[1.584456,38.983673],[1.584491,38.983695],[1.584522,38.983696],[1.584524,38.983672],[1.584525,38.983637],[1.584542,38.983576],[1.584534,38.983528],[1.584535,38.983485],[1.584515,38.983447],[1.584484,38.983427],[1.584485,38.983407],[1.584455,38.983379],[1.584435,38.983353],[1.584441,38.983321],[1.584422,38.983285],[1.58442,38.983249],[1.584442,38.983211],[1.584472,38.983212],[1.584521,38.98321],[1.584541,38.983196],[1.584536,38.983129],[1.584522,38.983087],[1.584508,38.983022],[1.584509,38.982978],[1.584533,38.98296],[1.584564,38.982959],[1.584566,38.982924],[1.584563,38.982888],[1.58452,38.982837],[1.58449,38.982795],[1.584485,38.982766],[1.584477,38.982717],[1.584453,38.982702],[1.584443,38.982686],[1.584442,38.98268],[1.584441,38.98267],[1.584441,38.982661],[1.584442,38.982659],[1.584444,38.982658],[1.584448,38.982657],[1.584451,38.982658],[1.584456,38.98266],[1.584469,38.982669],[1.584471,38.98267],[1.584475,38.98267],[1.58449,38.982667],[1.584501,38.982664],[1.584512,38.982659],[1.584518,38.982654],[1.584526,38.982645],[1.584547,38.982617],[1.584565,38.982597],[1.584589,38.982579],[1.584602,38.982552],[1.584621,38.982524],[1.584635,38.982495],[1.584606,38.98245],[1.58469,38.982453],[1.584703,38.982427],[1.584705,38.982376],[1.584732,38.982342],[1.584733,38.98231],[1.584739,38.982271],[1.584736,38.98226],[1.58473,38.982247],[1.584726,38.982242],[1.58469,38.982211],[1.584657,38.982178],[1.58463,38.982172],[1.58462,38.982185],[1.58462,38.982212],[1.584652,38.982243],[1.584656,38.982247],[1.584688,38.982269],[1.58469,38.982272],[1.58469,38.982273],[1.584689,38.982274],[1.584686,38.982275],[1.584683,38.982276],[1.584668,38.982277],[1.584663,38.982277],[1.584659,38.982276],[1.584625,38.982263],[1.584603,38.982261],[1.584546,38.982253],[1.584519,38.982253],[1.584486,38.982238],[1.584427,38.98224],[1.584382,38.982254],[1.584354,38.982286],[1.584349,38.98231],[1.58434,38.982336],[1.584308,38.982342],[1.584283,38.982318],[1.584256,38.982294],[1.584251,38.98226],[1.584233,38.982255],[1.584159,38.982256],[1.584091,38.982258],[1.584051,38.982266],[1.584029,38.982256],[1.584008,38.982203],[1.583994,38.982184],[1.583935,38.982197],[1.583907,38.982205],[1.583873,38.982184],[1.583844,38.982184],[1.583814,38.982199],[1.583813,38.982224],[1.583828,38.982235],[1.58386,38.982254],[1.583889,38.982286],[1.583888,38.982326],[1.583883,38.982349],[1.583846,38.982368],[1.583852,38.982405],[1.583829,38.982425],[1.583802,38.982455],[1.583781,38.982489],[1.583747,38.982496],[1.583729,38.982515],[1.583728,38.982553],[1.583694,38.982586],[1.583654,38.9826],[1.58361,38.982612],[1.583578,38.982628],[1.583581,38.982655],[1.583581,38.982688],[1.58356,38.982699],[1.583523,38.982702],[1.583489,38.98271],[1.583466,38.982732],[1.583456,38.982764],[1.583459,38.982797],[1.583452,38.982832],[1.583429,38.982843],[1.583411,38.982858],[1.583384,38.982885],[1.583373,38.982923],[1.583371,38.982948],[1.583342,38.982984],[1.583307,38.983025],[1.583297,38.983072],[1.583268,38.983124],[1.583243,38.983162],[1.583216,38.983187],[1.583189,38.983196],[1.583174,38.983229],[1.583153,38.983266],[1.583126,38.983292],[1.58308,38.98332],[1.583063,38.983343],[1.583062,38.983369],[1.583081,38.983377],[1.583118,38.983384],[1.583152,38.983407],[1.583161,38.983428],[1.58316,38.983443],[1.583175,38.983473],[1.58319,38.983526],[1.583203,38.983579],[1.583206,38.983639],[1.583205,38.983697],[1.583203,38.983751],[1.583201,38.983803],[1.583179,38.983853],[1.583176,38.9839],[1.583165,38.983934],[1.583149,38.983967],[1.583149,38.984],[1.583131,38.984057],[1.583126,38.984103],[1.58312,38.984131],[1.583108,38.984168],[1.583092,38.98422],[1.583091,38.98428],[1.583086,38.984324],[1.583075,38.984404],[1.583072,38.984433],[1.583071,38.984469],[1.583079,38.984515],[1.583078,38.984559],[1.583076,38.984602],[1.583075,38.984644],[1.583065,38.984671]],[[1.586672,39.002104],[1.5867,39.002133],[1.586698,39.002155],[1.586719,39.002183],[1.586742,39.002212],[1.586765,39.002231],[1.586801,39.002232],[1.586831,39.002244],[1.586837,39.002263],[1.586856,39.002286],[1.586873,39.002308],[1.586896,39.002316],[1.586927,39.002323],[1.586949,39.002313],[1.586972,39.002298],[1.58698,39.002272],[1.586981,39.002237],[1.586997,39.002229],[1.587018,39.002215],[1.587044,39.002216],[1.587064,39.00222],[1.587088,39.002222],[1.587116,39.002214],[1.587141,39.002208],[1.587173,39.002201],[1.587199,39.00219],[1.587212,39.002168],[1.587236,39.002149],[1.587252,39.002149],[1.587284,39.002128],[1.587302,39.002106],[1.587327,39.002087],[1.587354,39.002061],[1.587365,39.00203],[1.587368,39.001999],[1.587381,39.00199],[1.587405,39.001982],[1.587438,39.001964],[1.587451,39.001934],[1.587455,39.001883],[1.587459,39.001832],[1.58746,39.001781],[1.587469,39.001739],[1.587474,39.001707],[1.587487,39.001656],[1.587492,39.001618],[1.587497,39.001577],[1.587522,39.001561],[1.587544,39.001553],[1.587551,39.001531],[1.587574,39.001524],[1.587608,39.001528],[1.587612,39.001512],[1.587605,39.001483],[1.587597,39.001457],[1.587575,39.001448],[1.587541,39.001446],[1.58752,39.001439],[1.587507,39.001434],[1.587472,39.001425],[1.587468,39.001406],[1.587456,39.001375],[1.587456,39.001349],[1.587461,39.001322],[1.587458,39.001303],[1.587432,39.001277],[1.587406,39.001273],[1.587378,39.001273],[1.587354,39.001272],[1.587318,39.001263],[1.587291,39.001243],[1.587264,39.00123],[1.587235,39.001218],[1.587208,39.001199],[1.58719,39.001171],[1.587185,39.001147],[1.587183,39.001123],[1.587162,39.001109],[1.587143,39.001106],[1.587105,39.001107],[1.587051,39.001108],[1.586982,39.001106],[1.586926,39.001114],[1.586888,39.001129],[1.586853,39.00113],[1.586825,39.001125],[1.586819,39.001112],[1.586827,39.00109],[1.586862,39.001089],[1.586886,39.001073],[1.586889,39.001048],[1.58689,39.001014],[1.586872,39.000997],[1.586851,39.000993],[1.586822,39.000992],[1.586795,39.001007],[1.586763,39.001025],[1.586737,39.001045],[1.58671,39.001069],[1.586702,39.001091],[1.586693,39.001125],[1.586674,39.001137],[1.586646,39.001145],[1.586628,39.001162],[1.586612,39.001188],[1.586583,39.001206],[1.586549,39.00122],[1.586527,39.001233],[1.586511,39.00124],[1.586473,39.001261],[1.586462,39.001281],[1.586484,39.001306],[1.586473,39.001332],[1.586445,39.001337],[1.586412,39.001336],[1.586388,39.001344],[1.586379,39.001371],[1.586377,39.001405],[1.58637,39.001431],[1.586362,39.001467],[1.586375,39.001497],[1.586387,39.001511],[1.586403,39.001551],[1.586426,39.001566],[1.586464,39.001584],[1.586477,39.001607],[1.586475,39.001637],[1.586459,39.001649],[1.586439,39.001661],[1.586447,39.001688],[1.586479,39.001715],[1.586494,39.001748],[1.586507,39.001788],[1.586523,39.001836],[1.586547,39.001873],[1.586575,39.001914],[1.586613,39.001967],[1.586645,39.002011],[1.586667,39.002051],[1.586665,39.002084],[1.586672,39.002104]],[[1.578589,38.982118],[1.578597,38.982096],[1.578567,38.982093],[1.578524,38.982093],[1.578483,38.982064],[1.578428,38.982008],[1.578396,38.981998],[1.578361,38.982017],[1.578328,38.982016],[1.578327,38.981991],[1.578321,38.981958],[1.578269,38.981932],[1.578227,38.981904],[1.578189,38.981877],[1.57815,38.981899],[1.578118,38.981916],[1.578092,38.981893],[1.578092,38.981859],[1.578054,38.981852],[1.578019,38.981852],[1.578001,38.981887],[1.577975,38.981919],[1.577942,38.981923],[1.577918,38.981921],[1.577886,38.981904],[1.577857,38.981891],[1.577819,38.981875],[1.577769,38.981873],[1.577745,38.981847],[1.577713,38.981808],[1.577671,38.981786],[1.577652,38.981803],[1.57767,38.981836],[1.577685,38.981883],[1.577734,38.981907],[1.577738,38.98193],[1.577702,38.981943],[1.577663,38.981941],[1.577639,38.981926],[1.57761,38.981904],[1.577591,38.981874],[1.57756,38.981863],[1.57754,38.981864],[1.577512,38.981863],[1.577482,38.98188],[1.577477,38.981905],[1.577488,38.981929],[1.57751,38.98195],[1.577495,38.981961],[1.577479,38.982002],[1.577512,38.98202],[1.577547,38.982004],[1.577578,38.981998],[1.577615,38.981975],[1.577644,38.981999],[1.577635,38.982019],[1.577635,38.98205],[1.57768,38.982076],[1.57769,38.982109],[1.577666,38.98213],[1.577632,38.982148],[1.577618,38.98217],[1.57762,38.982196],[1.577647,38.98222],[1.577665,38.982247],[1.577666,38.982271],[1.577674,38.982305],[1.577686,38.982338],[1.577714,38.982349],[1.577741,38.982373],[1.57778,38.982395],[1.577814,38.982397],[1.577835,38.982397],[1.577889,38.982414],[1.57793,38.982431],[1.577933,38.982458],[1.577955,38.982487],[1.577987,38.982499],[1.578033,38.982519],[1.578043,38.982534],[1.578042,38.98255],[1.578053,38.982567],[1.578082,38.982586],[1.578099,38.982613],[1.578096,38.982626],[1.578086,38.982632],[1.578077,38.982648],[1.578076,38.982666],[1.57808,38.982686],[1.5781,38.982704],[1.578147,38.982712],[1.578194,38.982725],[1.578213,38.982715],[1.578238,38.982686],[1.578273,38.982679],[1.578306,38.982693],[1.578305,38.982723],[1.578312,38.982753],[1.578345,38.982756],[1.578359,38.982745],[1.578377,38.982717],[1.578424,38.982678],[1.578466,38.982673],[1.578524,38.982674],[1.578589,38.982677],[1.578605,38.982692],[1.578626,38.982694],[1.578661,38.982721],[1.578688,38.98273],[1.578754,38.982723],[1.578802,38.982723],[1.578815,38.982701],[1.578815,38.982662],[1.578795,38.982648],[1.578774,38.982633],[1.578774,38.982605],[1.57878,38.98259],[1.578812,38.982579],[1.578866,38.982584],[1.578912,38.982577],[1.578931,38.982579],[1.578943,38.982596],[1.578961,38.98261],[1.578974,38.98261],[1.578998,38.982605],[1.579014,38.982589],[1.579014,38.98257],[1.579017,38.982544],[1.579034,38.982451],[1.579039,38.982405],[1.57904,38.982329],[1.578999,38.982303],[1.578967,38.982247],[1.578983,38.982229],[1.578996,38.982199],[1.578962,38.982164],[1.578917,38.982153],[1.578891,38.982127],[1.578843,38.982126],[1.578797,38.982121],[1.578775,38.98214],[1.578748,38.982143],[1.578687,38.982135],[1.57863,38.982149],[1.578581,38.982157],[1.57856,38.982136],[1.578589,38.982118]],[[1.606241,39.047061],[1.606282,39.047062],[1.606316,39.047062],[1.606355,39.047053],[1.606408,39.047037],[1.606459,39.047031],[1.60657,39.047021],[1.606606,39.04704],[1.606652,39.047052],[1.606693,39.047033],[1.606726,39.047035],[1.606758,39.04701],[1.606796,39.047005],[1.606845,39.047017],[1.606879,39.047034],[1.606914,39.047038],[1.606963,39.047019],[1.60699,39.046968],[1.607018,39.04692],[1.607068,39.046892],[1.607101,39.046864],[1.607107,39.046832],[1.60708,39.046817],[1.607065,39.046786],[1.607024,39.046778],[1.606988,39.046806],[1.606929,39.046823],[1.606892,39.046818],[1.606862,39.046795],[1.606851,39.046751],[1.606797,39.046708],[1.606729,39.046645],[1.606683,39.046611],[1.606608,39.046561],[1.606551,39.046482],[1.606519,39.046421],[1.606466,39.046401],[1.606413,39.0464],[1.606343,39.046371],[1.606297,39.046374],[1.606257,39.046397],[1.606222,39.046422],[1.606181,39.04644],[1.606132,39.046477],[1.606128,39.046521],[1.606099,39.04656],[1.606048,39.046585],[1.606018,39.04661],[1.606012,39.046631],[1.606011,39.046675],[1.606016,39.046725],[1.606046,39.04678],[1.606083,39.046824],[1.606131,39.04686],[1.60616,39.046905],[1.606161,39.046954],[1.606169,39.047005],[1.606191,39.047038],[1.606241,39.047061]],[[1.610064,39.041056],[1.610123,39.04105],[1.610179,39.041004],[1.610226,39.040956],[1.610266,39.04091],[1.610302,39.040853],[1.610322,39.040798],[1.610339,39.04074],[1.610366,39.040689],[1.610398,39.040641],[1.610406,39.040597],[1.610389,39.040571],[1.610358,39.040541],[1.610314,39.040516],[1.610284,39.040486],[1.610276,39.040458],[1.610308,39.04042],[1.610367,39.040396],[1.610428,39.040357],[1.610455,39.040316],[1.610472,39.040274],[1.610502,39.040232],[1.610518,39.040191],[1.610498,39.040174],[1.610448,39.040175],[1.610402,39.040201],[1.610362,39.040234],[1.610317,39.040269],[1.610261,39.040299],[1.610214,39.040319],[1.610136,39.040358],[1.610074,39.040396],[1.610025,39.040425],[1.609975,39.040463],[1.609937,39.040499],[1.609897,39.040549],[1.609867,39.040596],[1.609841,39.040649],[1.609823,39.040694],[1.609809,39.040739],[1.609803,39.04078],[1.609799,39.040822],[1.609806,39.040857],[1.609832,39.040884],[1.609872,39.040903],[1.609901,39.040942],[1.609923,39.040982],[1.609956,39.041019],[1.610001,39.041044],[1.610064,39.041056]],[[1.609264,39.03946],[1.609285,39.039495],[1.609297,39.039537],[1.609296,39.039591],[1.609307,39.039638],[1.609336,39.039654],[1.609379,39.03965],[1.609403,39.039615],[1.609406,39.039576],[1.609407,39.039532],[1.609402,39.039482],[1.6094,39.039432],[1.609387,39.039366],[1.609369,39.039313],[1.609349,39.039249],[1.609345,39.039201],[1.609345,39.039148],[1.609316,39.039107],[1.609284,39.03907],[1.609259,39.039037],[1.609231,39.039022],[1.609196,39.039023],[1.60918,39.039019],[1.609177,39.039],[1.609189,39.038967],[1.609194,39.038927],[1.609186,39.038881],[1.609163,39.038831],[1.609143,39.038787],[1.609138,39.038776],[1.60911,39.038722],[1.60908,39.038678],[1.609059,39.038638],[1.60903,39.038592],[1.608992,39.038563],[1.608959,39.038558],[1.608911,39.03855],[1.608858,39.038541],[1.608808,39.038541],[1.608762,39.038542],[1.608745,39.03857],[1.60876,39.038613],[1.608782,39.038666],[1.608811,39.038722],[1.60883,39.038773],[1.608834,39.038783],[1.608855,39.038836],[1.608882,39.03889],[1.60891,39.038946],[1.60893,39.038994],[1.608958,39.039055],[1.608983,39.0391],[1.609021,39.03915],[1.609051,39.039201],[1.609076,39.039254],[1.609108,39.03935],[1.609113,39.039378],[1.609138,39.039394],[1.609167,39.039407],[1.609175,39.039411],[1.609175,39.039418],[1.609176,39.039434],[1.609213,39.039439],[1.609248,39.039438],[1.609264,39.03946]],[[1.573084,38.987278],[1.573124,38.987283],[1.573147,38.987273],[1.573176,38.987247],[1.573198,38.987221],[1.573219,38.987195],[1.573228,38.987175],[1.57334,38.987127],[1.573376,38.987086],[1.573419,38.987031],[1.573419,38.986982],[1.573429,38.986941],[1.573469,38.986895],[1.573467,38.986857],[1.57342,38.986849],[1.573388,38.986829],[1.573336,38.986801],[1.57331,38.986773],[1.57328,38.986747],[1.573241,38.986741],[1.573215,38.986748],[1.573178,38.986751],[1.573149,38.986739],[1.573114,38.986748],[1.573103,38.986758],[1.573047,38.986784],[1.573033,38.986804],[1.573033,38.986826],[1.573007,38.986845],[1.572959,38.986845],[1.572928,38.986836],[1.572901,38.986849],[1.572869,38.986864],[1.572843,38.986885],[1.572816,38.9869],[1.572782,38.986917],[1.572778,38.986943],[1.572778,38.986977],[1.57276,38.987008],[1.572734,38.987037],[1.572704,38.987059],[1.572666,38.987086],[1.572667,38.987115],[1.572664,38.987141],[1.572664,38.987164],[1.572686,38.987181],[1.572713,38.987184],[1.572746,38.987185],[1.572766,38.987189],[1.572808,38.987202],[1.572845,38.987211],[1.572885,38.987226],[1.572932,38.987253],[1.572989,38.987273],[1.573036,38.987272],[1.573084,38.987278]],[[1.584645,39.000496],[1.584659,39.000519],[1.584682,39.000531],[1.584709,39.000538],[1.584738,39.000546],[1.584764,39.000553],[1.584806,39.000548],[1.584822,39.000538],[1.584825,39.000521],[1.584817,39.00051],[1.584802,39.000502],[1.58482,39.000489],[1.584849,39.000479],[1.584872,39.00048],[1.584889,39.000466],[1.584893,39.00044],[1.584894,39.000414],[1.584884,39.000394],[1.584885,39.000374],[1.584885,39.000351],[1.584885,39.000331],[1.584874,39.000316],[1.584861,39.000294],[1.584861,39.000267],[1.584845,39.000243],[1.584824,39.00022],[1.584812,39.000193],[1.584801,39.00016],[1.584805,39.000137],[1.584813,39.000116],[1.584804,39.000097],[1.584786,39.000082],[1.584791,39.000054],[1.584796,39.000024],[1.584794,39.000002],[1.584793,38.999992],[1.5848,38.999974],[1.584833,38.99997],[1.58486,38.999952],[1.584854,38.999925],[1.584832,38.999905],[1.5848,38.999903],[1.584772,38.999901],[1.584761,38.999886],[1.584731,38.999865],[1.584707,38.999855],[1.584688,38.999837],[1.584667,38.999822],[1.584651,38.99982],[1.584625,38.999826],[1.584605,38.999851],[1.584581,38.99988],[1.584554,38.999889],[1.584523,38.999895],[1.584502,38.999905],[1.584495,38.999934],[1.584494,38.999958],[1.584483,38.999983],[1.584484,39.000002],[1.584485,39.000009],[1.584507,39.000037],[1.584516,39.000066],[1.5845,39.000079],[1.584496,39.000106],[1.584512,39.000135],[1.584527,39.000161],[1.584537,39.000191],[1.584562,39.000217],[1.584584,39.000236],[1.584579,39.000256],[1.584571,39.000275],[1.584569,39.000306],[1.584571,39.00033],[1.584592,39.000377],[1.584603,39.000404],[1.58462,39.000421],[1.584642,39.000442],[1.584645,39.000468],[1.584645,39.000496]],[[1.609013,39.037669],[1.609068,39.037696],[1.60913,39.03772],[1.609177,39.037724],[1.609221,39.037725],[1.609288,39.037709],[1.609341,39.037686],[1.609392,39.037656],[1.609411,39.037625],[1.609406,39.037593],[1.609391,39.037579],[1.609324,39.037531],[1.60928,39.037501],[1.609175,39.037448],[1.609096,39.037401],[1.609039,39.037365],[1.608985,39.037365],[1.608947,39.037388],[1.608926,39.03743],[1.608909,39.037469],[1.608884,39.037506],[1.608871,39.037542],[1.608882,39.037565],[1.60897,39.037641],[1.609013,39.037669]],[[1.602712,39.054891],[1.602748,39.054914],[1.60278,39.054921],[1.60281,39.054917],[1.602829,39.054902],[1.602831,39.054871],[1.602832,39.054841],[1.602818,39.054815],[1.602791,39.054788],[1.60276,39.054783],[1.602725,39.054771],[1.60269,39.054738],[1.602648,39.054696],[1.602606,39.054651],[1.60258,39.054595],[1.602541,39.054571],[1.602496,39.054556],[1.602447,39.054538],[1.602411,39.054533],[1.602368,39.054536],[1.602325,39.054544],[1.602311,39.054533],[1.602291,39.054519],[1.602253,39.054522],[1.602225,39.054518],[1.602186,39.054505],[1.602156,39.054511],[1.602153,39.054532],[1.602152,39.054556],[1.602149,39.054605],[1.602169,39.054634],[1.602186,39.054634],[1.602227,39.054635],[1.60223,39.054635],[1.602329,39.054664],[1.602356,39.054679],[1.602419,39.05471],[1.602481,39.054737],[1.602532,39.054746],[1.602569,39.054757],[1.602594,39.054782],[1.602601,39.054808],[1.602635,39.054832],[1.602675,39.054855],[1.602712,39.054891]],[[1.569657,38.990656],[1.569685,38.990636],[1.569719,38.990631],[1.569752,38.990602],[1.569762,38.990583],[1.569762,38.990559],[1.569747,38.990536],[1.569701,38.99052],[1.569699,38.990493],[1.569714,38.99047],[1.569696,38.990437],[1.569692,38.990393],[1.569654,38.99038],[1.569614,38.990388],[1.569599,38.990399],[1.569595,38.990427],[1.569567,38.990448],[1.569516,38.990451],[1.569488,38.990444],[1.569464,38.990429],[1.56943,38.990433],[1.569429,38.990463],[1.569426,38.990497],[1.569403,38.990531],[1.569369,38.990551],[1.56933,38.990555],[1.569307,38.990571],[1.569265,38.990606],[1.569244,38.990631],[1.569228,38.990656],[1.569236,38.990677],[1.569264,38.990698],[1.569301,38.9907],[1.569339,38.990685],[1.56939,38.990673],[1.569411,38.990665],[1.569427,38.990647],[1.569446,38.990649],[1.569476,38.990675],[1.56951,38.990703],[1.569536,38.990707],[1.569582,38.990704],[1.569586,38.990701],[1.569587,38.990701],[1.569608,38.990689],[1.569608,38.990689],[1.569623,38.99068],[1.569657,38.990656]],[[1.582818,39.003116],[1.582808,39.003141],[1.58283,39.003171],[1.58288,39.003182],[1.582903,39.003198],[1.582936,39.003221],[1.583008,39.003231],[1.583041,39.003216],[1.583052,39.0032],[1.583057,39.003181],[1.583087,39.003164],[1.583133,39.003159],[1.583176,39.00316],[1.583209,39.003158],[1.583228,39.003147],[1.583229,39.003125],[1.58323,39.003097],[1.583239,39.003081],[1.583265,39.003069],[1.583291,39.003056],[1.583322,39.003057],[1.583337,39.003067],[1.583358,39.003068],[1.583375,39.003057],[1.583396,39.003041],[1.583422,39.003029],[1.583416,39.002981],[1.583407,39.002957],[1.583369,39.002943],[1.583344,39.002922],[1.583304,39.002916],[1.583257,39.002915],[1.583236,39.00291],[1.583186,39.002891],[1.58314,39.002906],[1.583112,39.002938],[1.583102,39.002977],[1.583092,39.003001],[1.583035,39.003023],[1.58299,39.003043],[1.582975,39.003067],[1.582935,39.003087],[1.582858,39.003092],[1.582818,39.003116]],[[1.5836,39.003409],[1.583581,39.003462],[1.583586,39.003514],[1.583607,39.00357],[1.583631,39.003613],[1.583673,39.00364],[1.583704,39.00364],[1.583733,39.003637],[1.58379,39.003614],[1.583787,39.003575],[1.583786,39.003529],[1.583787,39.003507],[1.583837,39.003476],[1.583875,39.00347],[1.583918,39.003465],[1.583943,39.003436],[1.583943,39.003401],[1.583899,39.003365],[1.583864,39.003349],[1.583829,39.003347],[1.583752,39.003333],[1.583722,39.003316],[1.583656,39.003315],[1.583611,39.003363],[1.5836,39.003409]],[[1.59845,39.050906],[1.59848,39.050914],[1.598528,39.050918],[1.598588,39.050895],[1.598609,39.050871],[1.598623,39.050843],[1.598618,39.050823],[1.598588,39.050804],[1.598573,39.050785],[1.598581,39.050763],[1.5986,39.050737],[1.598626,39.050713],[1.598634,39.050692],[1.598615,39.050669],[1.59858,39.050652],[1.598548,39.050623],[1.598511,39.050595],[1.598472,39.050587],[1.598427,39.050592],[1.598382,39.050624],[1.598356,39.050661],[1.59835,39.050693],[1.598352,39.050727],[1.598359,39.050764],[1.598377,39.050805],[1.598396,39.050844],[1.598424,39.050885],[1.59845,39.050906]],[[1.576776,38.984421],[1.576849,38.9844],[1.576872,38.984382],[1.576854,38.984361],[1.576817,38.98436],[1.576787,38.984349],[1.576757,38.984328],[1.576729,38.984327],[1.576706,38.984321],[1.576672,38.984318],[1.576649,38.984325],[1.576624,38.984333],[1.576571,38.984332],[1.576551,38.984341],[1.57654,38.984361],[1.576556,38.984384],[1.576568,38.984411],[1.576558,38.984434],[1.576522,38.984449],[1.5765,38.984474],[1.576508,38.984492],[1.576533,38.984509],[1.576565,38.98452],[1.576602,38.984521],[1.57664,38.984523],[1.576674,38.984535],[1.57668,38.984567],[1.576704,38.984575],[1.576743,38.984562],[1.576767,38.984557],[1.576807,38.984557],[1.576883,38.984531],[1.576896,38.984501],[1.576879,38.984474],[1.576849,38.984467],[1.576835,38.984483],[1.576821,38.984501],[1.576788,38.984506],[1.57675,38.984505],[1.57672,38.984492],[1.576701,38.984483],[1.576685,38.984478],[1.576685,38.984458],[1.57669,38.984437],[1.576718,38.984429],[1.576734,38.984429],[1.576776,38.984421]],[[1.593804,39.054581],[1.593753,39.054566],[1.593715,39.054566],[1.593692,39.054582],[1.593683,39.054626],[1.593686,39.054692],[1.593732,39.05472],[1.59376,39.054716],[1.593783,39.05469],[1.593795,39.054678],[1.593822,39.054703],[1.593816,39.054718],[1.593771,39.054761],[1.593778,39.054799],[1.593817,39.054823],[1.593873,39.054843],[1.593877,39.05487],[1.593873,39.054924],[1.593911,39.054949],[1.593927,39.054944],[1.593927,39.054918],[1.593928,39.054897],[1.593956,39.054865],[1.593976,39.054841],[1.593967,39.05483],[1.593931,39.054808],[1.593912,39.054775],[1.593918,39.05476],[1.593943,39.054752],[1.593953,39.054737],[1.593953,39.054704],[1.593936,39.054667],[1.593894,39.054608],[1.593837,39.054598],[1.593804,39.054581]],[[1.59367,39.055317],[1.593713,39.055359],[1.593716,39.055402],[1.593728,39.055448],[1.593769,39.055498],[1.593837,39.055514],[1.593856,39.055523],[1.593833,39.055535],[1.593804,39.055547],[1.593828,39.055578],[1.593863,39.055584],[1.593895,39.055557],[1.593922,39.055542],[1.593962,39.055543],[1.593989,39.055537],[1.593989,39.05551],[1.593975,39.055496],[1.593907,39.055492],[1.593907,39.055471],[1.593915,39.055451],[1.593942,39.055444],[1.593977,39.055423],[1.593937,39.055349],[1.59392,39.05533],[1.593884,39.055309],[1.593824,39.055309],[1.593776,39.05531],[1.593782,39.05536],[1.593787,39.055393],[1.59376,39.055391],[1.593742,39.055357],[1.593743,39.055317],[1.593707,39.055279],[1.593663,39.055279],[1.59367,39.055317]],[[1.582514,39.003357],[1.582549,39.003329],[1.582577,39.00331],[1.582611,39.003297],[1.582637,39.003288],[1.582677,39.00326],[1.582678,39.003215],[1.582637,39.003208],[1.582606,39.003181],[1.582534,39.003155],[1.582511,39.00313],[1.582477,39.003103],[1.582439,39.003111],[1.582415,39.003138],[1.582468,39.003186],[1.582428,39.003218],[1.582376,39.003258],[1.582363,39.003301],[1.582376,39.003351],[1.582425,39.003371],[1.582477,39.003372],[1.582514,39.003357]],[[1.60063,39.055072],[1.60065,39.055103],[1.600679,39.055124],[1.600699,39.055146],[1.600714,39.05516],[1.600736,39.055161],[1.600756,39.055148],[1.600761,39.055125],[1.600764,39.055104],[1.600789,39.055097],[1.600801,39.055093],[1.600801,39.055073],[1.600802,39.055026],[1.60079,39.054984],[1.600751,39.054974],[1.600736,39.054947],[1.600738,39.054929],[1.600745,39.054908],[1.600733,39.054883],[1.600709,39.05485],[1.600677,39.054831],[1.600657,39.054832],[1.600641,39.054854],[1.600628,39.054881],[1.60063,39.054905],[1.600635,39.054926],[1.600639,39.054947],[1.600632,39.054958],[1.600618,39.054972],[1.600612,39.054997],[1.600618,39.055007],[1.600637,39.055014],[1.600637,39.055027],[1.600622,39.05505],[1.60063,39.055072]],[[1.595372,39.054874],[1.595362,39.054891],[1.595344,39.054912],[1.595342,39.054932],[1.595365,39.054958],[1.595409,39.054989],[1.595447,39.055007],[1.595471,39.055004],[1.595499,39.05499],[1.595529,39.054988],[1.595563,39.054994],[1.595588,39.054993],[1.595612,39.054978],[1.595637,39.054957],[1.595662,39.054933],[1.595672,39.054898],[1.595666,39.054848],[1.595659,39.054804],[1.595664,39.054769],[1.595692,39.054746],[1.595693,39.054722],[1.595672,39.054695],[1.595659,39.054688],[1.595638,39.054713],[1.595631,39.05475],[1.59563,39.054802],[1.595629,39.054825],[1.595606,39.054848],[1.5956,39.054865],[1.595593,39.054887],[1.595568,39.05491],[1.595554,39.054927],[1.595536,39.054936],[1.595505,39.054924],[1.595474,39.054906],[1.595437,39.054885],[1.595408,39.054856],[1.595385,39.054853],[1.595372,39.054874]],[[1.59791,39.051563],[1.597919,39.051585],[1.597943,39.051613],[1.597957,39.051632],[1.597976,39.051639],[1.598011,39.051629],[1.598038,39.051622],[1.598063,39.051611],[1.598075,39.05159],[1.598087,39.051575],[1.598107,39.051565],[1.598126,39.051557],[1.598141,39.051543],[1.598146,39.051524],[1.598135,39.051501],[1.598099,39.05149],[1.598065,39.051484],[1.598049,39.051478],[1.598037,39.051442],[1.598019,39.051441],[1.598005,39.051441],[1.597975,39.051447],[1.597946,39.051452],[1.597922,39.051463],[1.597904,39.051478],[1.5979,39.051499],[1.597899,39.051522],[1.597899,39.051544],[1.59791,39.051563]],[[1.595768,39.052887],[1.595792,39.052888],[1.595828,39.052874],[1.59587,39.052857],[1.59591,39.052852],[1.595933,39.052833],[1.595979,39.052832],[1.596045,39.052835],[1.596094,39.05283],[1.59611,39.052811],[1.59605,39.052789],[1.596006,39.052792],[1.595952,39.052795],[1.59588,39.052785],[1.595796,39.052785],[1.59576,39.052784],[1.595717,39.052778],[1.595686,39.052786],[1.595648,39.052802],[1.595623,39.052807],[1.595613,39.052813],[1.595612,39.052836],[1.595622,39.052861],[1.595647,39.05287],[1.595726,39.052869],[1.595768,39.052887]],[[1.58739,39.012315],[1.58738,39.012333],[1.587386,39.012352],[1.587407,39.012368],[1.587417,39.012388],[1.587396,39.012405],[1.587375,39.012434],[1.587363,39.012449],[1.587336,39.012469],[1.58732,39.012499],[1.587323,39.012513],[1.587344,39.01252],[1.58737,39.012521],[1.587395,39.012514],[1.587409,39.012506],[1.587428,39.012484],[1.587446,39.012477],[1.587467,39.012475],[1.58749,39.012463],[1.587509,39.012463],[1.587534,39.012464],[1.58756,39.012464],[1.587584,39.012446],[1.587609,39.012418],[1.587595,39.0124],[1.587572,39.012391],[1.587554,39.012367],[1.587549,39.01235],[1.587529,39.01234],[1.587487,39.012317],[1.587448,39.012316],[1.587417,39.012307],[1.58739,39.012315]],[[1.591187,39.059021],[1.59118,39.059023],[1.591168,39.059027],[1.591159,39.05903],[1.591151,39.059031],[1.591127,39.059036],[1.591125,39.059037],[1.591123,39.059039],[1.591123,39.059041],[1.591123,39.059045],[1.591126,39.059054],[1.591125,39.059057],[1.591122,39.059064],[1.591116,39.05908],[1.591116,39.059083],[1.591118,39.059089],[1.591121,39.059096],[1.59113,39.059117],[1.591131,39.059122],[1.591133,39.059138],[1.591132,39.059143],[1.59113,39.059148],[1.591129,39.059149],[1.591112,39.059171],[1.591107,39.059177],[1.591107,39.059178],[1.591095,39.059201],[1.591094,39.059206],[1.591095,39.059209],[1.591097,39.059213],[1.591102,39.059219],[1.591109,39.059228],[1.591128,39.05925],[1.591132,39.059254],[1.59114,39.059258],[1.591145,39.05926],[1.591149,39.059261],[1.591149,39.059261],[1.591164,39.059259],[1.59117,39.059258],[1.591203,39.059254],[1.591211,39.059254],[1.59123,39.059253],[1.591232,39.059252],[1.591235,39.059249],[1.591236,39.059246],[1.591236,39.059242],[1.591234,39.059236],[1.591234,39.05923],[1.591236,39.059225],[1.591243,39.059202],[1.591245,39.0592],[1.59125,39.059193],[1.591259,39.059181],[1.591263,39.059174],[1.59128,39.059146],[1.591285,39.059138],[1.591289,39.059133],[1.591292,39.059127],[1.591293,39.059122],[1.591293,39.059117],[1.591292,39.059115],[1.591289,39.059111],[1.591285,39.059107],[1.591279,39.059103],[1.59127,39.059098],[1.591264,39.059095],[1.591258,39.059094],[1.591246,39.059093],[1.591236,39.059091],[1.591232,39.059089],[1.59123,39.059088],[1.591226,39.059083],[1.591225,39.059079],[1.591223,39.059073],[1.591223,39.059062],[1.591221,39.059053],[1.591219,39.05905],[1.591206,39.059027],[1.591203,39.059024],[1.591199,39.059022],[1.591195,39.059021],[1.591194,39.059021],[1.591187,39.059021]],[[1.58192,39.007084],[1.581922,39.007114],[1.581963,39.007154],[1.581997,39.007172],[1.582027,39.007178],[1.582065,39.007169],[1.58211,39.007172],[1.58215,39.007174],[1.58219,39.007153],[1.582246,39.007126],[1.582249,39.007084],[1.58219,39.007099],[1.582101,39.007076],[1.58203,39.007067],[1.58196,39.007061],[1.58192,39.007084]],[[1.599475,39.023068],[1.599442,39.023094],[1.599407,39.023127],[1.599367,39.02315],[1.599331,39.023176],[1.599323,39.023202],[1.599347,39.023226],[1.599377,39.023241],[1.59942,39.023239],[1.599485,39.023195],[1.599528,39.023169],[1.599557,39.02314],[1.599569,39.023105],[1.599568,39.023074],[1.599558,39.023053],[1.599525,39.023048],[1.599475,39.023068]],[[1.582072,39.004421],[1.581977,39.004436],[1.581918,39.00445],[1.581854,39.004485],[1.581852,39.004509],[1.581881,39.004529],[1.581911,39.004521],[1.581947,39.0045],[1.581991,39.0045],[1.582034,39.004489],[1.582068,39.004491],[1.58211,39.004492],[1.582146,39.004476],[1.582226,39.004457],[1.582254,39.004446],[1.582249,39.004421],[1.582225,39.004407],[1.582193,39.004417],[1.582154,39.004416],[1.582124,39.004403],[1.582072,39.004421]],[[1.593567,39.055304],[1.593581,39.05527],[1.593581,39.055236],[1.593578,39.055206],[1.593551,39.055194],[1.593507,39.055171],[1.593447,39.055153],[1.593391,39.055155],[1.593342,39.05519],[1.59335,39.055219],[1.593391,39.055232],[1.593427,39.055251],[1.593462,39.055283],[1.593491,39.055301],[1.593516,39.055304],[1.593567,39.055304]],[[1.595236,39.054498],[1.595267,39.054456],[1.595244,39.054442],[1.595222,39.054445],[1.59519,39.054461],[1.595168,39.054463],[1.595137,39.054449],[1.595107,39.054449],[1.595099,39.054467],[1.595073,39.054491],[1.59507,39.054515],[1.595064,39.054539],[1.595044,39.054557],[1.595034,39.054576],[1.59504,39.054598],[1.595061,39.054612],[1.595078,39.054611],[1.595099,39.054609],[1.595135,39.0546],[1.595157,39.054581],[1.595167,39.054565],[1.595195,39.054545],[1.595216,39.054521],[1.595236,39.054498]],[[1.587956,39.001817],[1.587976,39.00183],[1.587999,39.001836],[1.588028,39.001836],[1.588053,39.001826],[1.588065,39.001815],[1.588069,39.001795],[1.588066,39.001772],[1.588069,39.001755],[1.588087,39.001743],[1.588098,39.001726],[1.588099,39.001714],[1.588085,39.001701],[1.588073,39.001683],[1.588053,39.001682],[1.58803,39.001683],[1.588018,39.001696],[1.588016,39.001717],[1.588015,39.001737],[1.588004,39.001748],[1.58798,39.001749],[1.587963,39.001745],[1.587939,39.001734],[1.58791,39.001733],[1.587885,39.001736],[1.587879,39.001751],[1.587878,39.001769],[1.587881,39.001794],[1.5879,39.001806],[1.587922,39.001807],[1.587941,39.001806],[1.587956,39.001817]],[[1.612232,39.036065],[1.612199,39.036076],[1.612167,39.036093],[1.612135,39.036097],[1.612097,39.0361],[1.612085,39.036114],[1.612086,39.036133],[1.612105,39.036147],[1.612126,39.03615],[1.612148,39.036151],[1.612192,39.036152],[1.612213,39.036152],[1.612283,39.036167],[1.612312,39.036166],[1.612334,39.036153],[1.61234,39.036129],[1.61234,39.036106],[1.612331,39.03609],[1.612303,39.036072],[1.612269,39.036064],[1.612232,39.036065]],[[1.584492,38.984555],[1.584514,38.98457],[1.584562,38.984585],[1.58459,38.984563],[1.584584,38.984528],[1.584574,38.984487],[1.58455,38.984451],[1.584538,38.984421],[1.584519,38.984411],[1.584493,38.984413],[1.584487,38.984433],[1.584487,38.984457],[1.584469,38.984471],[1.584465,38.984491],[1.584453,38.984512],[1.584429,38.984512],[1.58441,38.984519],[1.584409,38.984533],[1.584412,38.984551],[1.58443,38.984553],[1.584461,38.984548],[1.584492,38.984555]],[[1.606674,39.045322],[1.606667,39.045329],[1.606655,39.04534],[1.60662,39.04534],[1.606598,39.045365],[1.606557,39.045415],[1.606554,39.045447],[1.606561,39.045474],[1.60658,39.045489],[1.606615,39.045505],[1.606647,39.045506],[1.606666,39.045499],[1.606679,39.045475],[1.606663,39.045459],[1.606644,39.045438],[1.606655,39.045418],[1.606673,39.045402],[1.606705,39.045356],[1.606705,39.045339],[1.606686,39.045322],[1.606674,39.045322]],[[1.608279,39.037639],[1.608305,39.037621],[1.608313,39.037586],[1.608289,39.03756],[1.608246,39.037531],[1.608202,39.037518],[1.608165,39.037533],[1.608142,39.037566],[1.608147,39.037604],[1.608166,39.037628],[1.608232,39.037642],[1.608252,39.037643],[1.608279,39.037639]],[[1.579127,38.982289],[1.579097,38.982332],[1.579114,38.98238],[1.579127,38.982398],[1.579149,38.982399],[1.57917,38.982413],[1.579196,38.982439],[1.579218,38.982446],[1.579251,38.982444],[1.57927,38.982427],[1.579268,38.982403],[1.579243,38.982376],[1.57921,38.982348],[1.579187,38.982322],[1.57918,38.982292],[1.579151,38.982276],[1.579127,38.982289]],[[1.590841,39.058568],[1.590815,39.058592],[1.590806,39.058606],[1.590799,39.058632],[1.590814,39.058656],[1.590831,39.058676],[1.59085,39.058679],[1.590889,39.058675],[1.590907,39.058674],[1.590934,39.058655],[1.590949,39.058639],[1.590959,39.058611],[1.590944,39.058584],[1.590914,39.058553],[1.59089,39.058546],[1.590841,39.058568]],[[1.595016,39.053859],[1.595035,39.053898],[1.59507,39.053934],[1.595092,39.053932],[1.595114,39.053899],[1.595123,39.053862],[1.595123,39.053828],[1.595105,39.053799],[1.595091,39.053776],[1.595065,39.053771],[1.595006,39.053789],[1.594994,39.053813],[1.595016,39.053859]],[[1.603358,39.047263],[1.603358,39.047287],[1.60336,39.047308],[1.603375,39.047322],[1.603398,39.04733],[1.603416,39.047331],[1.603442,39.047349],[1.603469,39.047353],[1.603491,39.047352],[1.603509,39.047341],[1.603509,39.047325],[1.6035,39.047306],[1.603493,39.047275],[1.603436,39.04725],[1.603421,39.047256],[1.603403,39.047251],[1.603374,39.047249],[1.603358,39.047263]],[[1.596429,39.051522],[1.59647,39.051498],[1.596485,39.051483],[1.596479,39.051434],[1.596452,39.051411],[1.596417,39.05144],[1.596383,39.05145],[1.596338,39.051456],[1.596325,39.051479],[1.596346,39.0515],[1.596379,39.051529],[1.59641,39.051531],[1.596429,39.051522]],[[1.603785,39.047023],[1.603809,39.046996],[1.603808,39.046949],[1.603785,39.046927],[1.603755,39.046918],[1.603733,39.046935],[1.603701,39.046967],[1.603695,39.046993],[1.603713,39.047018],[1.603749,39.047026],[1.603785,39.047023]],[[1.646323,39.031994],[1.646304,39.032021],[1.646317,39.03205],[1.646351,39.032065],[1.646378,39.032077],[1.646402,39.032091],[1.646419,39.032091],[1.64644,39.032073],[1.646425,39.032048],[1.646405,39.032013],[1.646387,39.031989],[1.646355,39.031977],[1.646323,39.031994]],[[1.608199,39.04446],[1.608155,39.044499],[1.608154,39.044531],[1.608206,39.044557],[1.608217,39.044549],[1.608237,39.044524],[1.608257,39.044521],[1.608277,39.044501],[1.608258,39.044452],[1.608236,39.044449],[1.608199,39.04446]],[[1.601001,39.054586],[1.600944,39.05461],[1.600914,39.054619],[1.60091,39.054641],[1.60091,39.054661],[1.600923,39.054665],[1.600962,39.054665],[1.601004,39.054665],[1.601025,39.054651],[1.601051,39.054625],[1.60102,39.054582],[1.601001,39.054586]],[[1.595251,39.054689],[1.595274,39.054681],[1.595274,39.054635],[1.595251,39.054627],[1.595227,39.054613],[1.595204,39.054612],[1.595179,39.054612],[1.595158,39.05463],[1.595157,39.054651],[1.595171,39.054673],[1.595206,39.054693],[1.595222,39.054694],[1.595251,39.054689]],[[1.60698,39.044259],[1.606964,39.044274],[1.606942,39.044302],[1.606897,39.044327],[1.606893,39.044346],[1.606899,39.04436],[1.606939,39.044371],[1.606979,39.044373],[1.60698,39.044348],[1.606992,39.044308],[1.607008,39.044259],[1.60698,39.044259]],[[1.602526,39.048035],[1.602549,39.048044],[1.602567,39.048044],[1.602582,39.048043],[1.6026,39.048017],[1.602593,39.047984],[1.602581,39.047984],[1.602565,39.047985],[1.602545,39.047991],[1.602506,39.047999],[1.602469,39.048],[1.602458,39.048013],[1.602461,39.048028],[1.60248,39.048034],[1.602507,39.048034],[1.602526,39.048035]],[[1.5979,39.050884],[1.597905,39.050875],[1.597909,39.050829],[1.597887,39.050825],[1.597868,39.05083],[1.597851,39.050839],[1.597842,39.050839],[1.59782,39.050836],[1.597801,39.050841],[1.597789,39.050854],[1.597784,39.050873],[1.597787,39.050886],[1.597807,39.050889],[1.597827,39.050882],[1.597851,39.05087],[1.597863,39.050872],[1.597876,39.05088],[1.597892,39.050884],[1.5979,39.050884]],[[1.58697,39.001053],[1.586989,39.001044],[1.586999,39.001044],[1.587032,39.001034],[1.586995,39.001002],[1.586971,39.000997],[1.586933,39.00099],[1.586923,39.000986],[1.586923,39.001004],[1.586931,39.001022],[1.58693,39.001045],[1.586932,39.00106],[1.58695,39.001061],[1.58697,39.001053]],[[1.592176,39.056061],[1.592179,39.056098],[1.5922,39.056117],[1.592244,39.056123],[1.592257,39.056106],[1.592267,39.056086],[1.592242,39.056061],[1.592192,39.056051],[1.592176,39.056061]],[[1.594167,39.053805],[1.59419,39.053781],[1.594203,39.053736],[1.59418,39.05372],[1.594147,39.053722],[1.594132,39.053757],[1.594133,39.053792],[1.59415,39.053806],[1.594167,39.053805]],[[1.587216,39.001068],[1.58722,39.00108],[1.587234,39.001099],[1.587266,39.001097],[1.587309,39.001087],[1.587312,39.001084],[1.587312,39.001076],[1.587302,39.001052],[1.587237,39.001048],[1.587216,39.001068]],[[1.594106,39.053652],[1.594105,39.053652],[1.594099,39.053654],[1.594095,39.053657],[1.594092,39.05366],[1.59409,39.053663],[1.594091,39.053665],[1.594093,39.053669],[1.594106,39.053687],[1.594113,39.053699],[1.594117,39.053702],[1.59412,39.053703],[1.594125,39.053703],[1.594131,39.053703],[1.594138,39.053701],[1.594144,39.053699],[1.594153,39.053694],[1.594158,39.053692],[1.594172,39.053684],[1.594175,39.053682],[1.594176,39.053679],[1.594175,39.053677],[1.594175,39.053677],[1.594168,39.053664],[1.594167,39.053663],[1.594147,39.053659],[1.594109,39.053651],[1.594106,39.053652]],[[1.582217,39.005061],[1.582214,39.005063],[1.582209,39.005067],[1.582203,39.005073],[1.582197,39.005081],[1.582194,39.005086],[1.582194,39.005087],[1.582193,39.005092],[1.582193,39.005097],[1.582195,39.005104],[1.5822,39.00512],[1.582199,39.005123],[1.582197,39.005126],[1.582191,39.005134],[1.582192,39.005135],[1.582192,39.005135],[1.582197,39.005138],[1.5822,39.005139],[1.582203,39.005139],[1.582208,39.005138],[1.582212,39.005137],[1.582213,39.005136],[1.582218,39.005131],[1.582231,39.005116],[1.582231,39.005115],[1.58224,39.0051],[1.582243,39.005091],[1.582244,39.005086],[1.582243,39.00508],[1.582242,39.005077],[1.58224,39.005073],[1.582237,39.00507],[1.582231,39.005065],[1.58223,39.005065],[1.582223,39.005061],[1.582219,39.005061],[1.582217,39.005061]],[[1.603686,39.024535],[1.6037,39.024521],[1.603692,39.024512],[1.603664,39.024487],[1.603647,39.024484],[1.603636,39.024488],[1.603628,39.024495],[1.603635,39.024512],[1.603648,39.024531],[1.603661,39.024541],[1.603686,39.024535]],[[1.581566,39.00501],[1.581565,39.00501],[1.581558,39.005013],[1.58155,39.005018],[1.581547,39.005021],[1.581546,39.005023],[1.581546,39.005026],[1.581548,39.005031],[1.581551,39.005036],[1.581556,39.005041],[1.581561,39.005044],[1.581562,39.005045],[1.581564,39.005045],[1.581567,39.005044],[1.581571,39.005041],[1.581574,39.005038],[1.581576,39.005035],[1.581576,39.005035],[1.581579,39.005019],[1.581579,39.005018],[1.581575,39.005012],[1.581573,39.00501],[1.58157,39.00501],[1.581566,39.00501]]],[[[1.603,39.0875],[1.602586,39.087882],[1.602581,39.08788],[1.602568,39.087875],[1.602555,39.087869],[1.602541,39.087863],[1.602527,39.087856],[1.602514,39.087849],[1.602502,39.087841],[1.602488,39.087833],[1.602476,39.087824],[1.602463,39.087816],[1.602452,39.087807],[1.602439,39.087798],[1.602427,39.087789],[1.602415,39.08778],[1.602405,39.08777],[1.602393,39.087761],[1.602382,39.087751],[1.602371,39.087742],[1.602359,39.087734],[1.602346,39.087726],[1.602334,39.087718],[1.602322,39.087709],[1.602311,39.087701],[1.6023,39.087691],[1.60229,39.087681],[1.602281,39.087671],[1.602272,39.087661],[1.602262,39.08765],[1.602253,39.08764],[1.602244,39.08763],[1.602236,39.08762],[1.602226,39.087611],[1.602217,39.087603],[1.602206,39.087594],[1.602196,39.087586],[1.602185,39.087578],[1.602175,39.08757],[1.602168,39.087563],[1.602159,39.087556],[1.60215,39.087549],[1.602139,39.087542],[1.60213,39.087535],[1.60212,39.087529],[1.602111,39.087522],[1.602101,39.087515],[1.602093,39.087508],[1.60209,39.087505],[1.602082,39.087498],[1.602073,39.087491],[1.602061,39.087484],[1.602052,39.087477],[1.602043,39.08747],[1.602033,39.087464],[1.602025,39.087457],[1.602013,39.08745],[1.602006,39.087447],[1.601993,39.087442],[1.601982,39.087435],[1.601969,39.087428],[1.60196,39.087422],[1.601951,39.087415],[1.601943,39.087408],[1.601933,39.087402],[1.601922,39.087398],[1.601909,39.087397],[1.601905,39.087397],[1.601892,39.087397],[1.601878,39.087397],[1.601865,39.087396],[1.601852,39.087395],[1.60184,39.08739],[1.60183,39.087383],[1.601821,39.087377],[1.60181,39.087371],[1.601799,39.087366],[1.601787,39.087363],[1.601774,39.087362],[1.601761,39.087361],[1.601749,39.087361],[1.601736,39.087362],[1.601722,39.087361],[1.601712,39.087362],[1.601699,39.087362],[1.601686,39.087362],[1.601672,39.087362],[1.601658,39.087361],[1.601644,39.087357],[1.601635,39.087355],[1.601624,39.08735],[1.601622,39.087341],[1.601621,39.087329],[1.601622,39.08732],[1.601629,39.087321],[1.601642,39.087322],[1.601654,39.087322],[1.601666,39.087323],[1.601678,39.087322],[1.601692,39.087323],[1.601694,39.087323],[1.601705,39.087325],[1.601718,39.08733],[1.60173,39.087337],[1.601739,39.087342],[1.60175,39.087346],[1.601762,39.08735],[1.601774,39.08735],[1.601787,39.087351],[1.601801,39.087351],[1.601814,39.087351],[1.601822,39.087351],[1.601836,39.08735],[1.601849,39.087344],[1.601856,39.087337],[1.601858,39.087329],[1.601857,39.087319],[1.601858,39.087309],[1.601858,39.087299],[1.601858,39.08729],[1.601853,39.08728],[1.601848,39.087269],[1.601842,39.08726],[1.601834,39.087252],[1.601825,39.087244],[1.601813,39.087237],[1.601805,39.087231],[1.601793,39.087223],[1.601784,39.087217],[1.601775,39.087211],[1.601765,39.087205],[1.601756,39.0872],[1.601745,39.087196],[1.601734,39.087191],[1.601723,39.087185],[1.601712,39.087181],[1.601702,39.087176],[1.601691,39.087172],[1.60168,39.087165],[1.60167,39.08716],[1.601659,39.087154],[1.601648,39.087149],[1.601636,39.087144],[1.601625,39.087139],[1.601614,39.087134],[1.601603,39.087128],[1.601592,39.087123],[1.601581,39.087117],[1.60157,39.087113],[1.601559,39.087107],[1.601548,39.087102],[1.601537,39.087096],[1.601525,39.087089],[1.601513,39.087084],[1.601502,39.087078],[1.601488,39.087073],[1.601477,39.087068],[1.601466,39.087064],[1.601454,39.087059],[1.601442,39.087055],[1.601431,39.087051],[1.601416,39.087046],[1.601401,39.087044],[1.601387,39.087044],[1.601378,39.087044],[1.601366,39.087045],[1.601353,39.087049],[1.601343,39.087053],[1.601331,39.087055],[1.601318,39.087055],[1.601304,39.087056],[1.601293,39.087055],[1.601278,39.087055],[1.601266,39.087054],[1.601254,39.087057],[1.601242,39.087062],[1.601233,39.087068],[1.601223,39.087075],[1.601215,39.087084],[1.601205,39.087091],[1.601195,39.087096],[1.601181,39.087099],[1.601178,39.087099],[1.601166,39.087099],[1.601154,39.087097],[1.601141,39.087093],[1.601128,39.087089],[1.601113,39.087085],[1.601099,39.087082],[1.601084,39.087078],[1.601069,39.087078],[1.601055,39.087078],[1.60104,39.087078],[1.601027,39.087078],[1.601015,39.087077],[1.601003,39.087077],[1.600991,39.087077],[1.600978,39.087077],[1.600964,39.087077],[1.60095,39.087077],[1.600937,39.087077],[1.600925,39.087076],[1.60091,39.087076],[1.600897,39.087076],[1.600884,39.087076],[1.600871,39.087076],[1.600858,39.087076],[1.600844,39.087076],[1.600832,39.087077],[1.60082,39.087079],[1.600807,39.08708],[1.600794,39.087083],[1.600782,39.087085],[1.60077,39.087087],[1.600758,39.087089],[1.600745,39.087091],[1.600732,39.087094],[1.600719,39.087095],[1.600705,39.087095],[1.60069,39.087095],[1.600675,39.087095],[1.600659,39.087095],[1.600642,39.087095],[1.600625,39.087095],[1.60061,39.087094],[1.600594,39.087092],[1.600579,39.087088],[1.600564,39.087084],[1.600549,39.08708],[1.600534,39.087076],[1.600519,39.087073],[1.600505,39.087069],[1.600492,39.087065],[1.600479,39.08706],[1.600465,39.087054],[1.600453,39.087049],[1.60044,39.087043],[1.600428,39.087037],[1.600416,39.087032],[1.600403,39.087027],[1.600392,39.087021],[1.60038,39.087016],[1.600369,39.087012],[1.600357,39.087007],[1.600346,39.087003],[1.600334,39.086999],[1.600322,39.086995],[1.600311,39.086992],[1.600298,39.08699],[1.600284,39.086987],[1.60027,39.086984],[1.600259,39.086982],[1.600248,39.086977],[1.600239,39.086971],[1.600228,39.086964],[1.600218,39.086957],[1.600208,39.086949],[1.6002,39.08694],[1.600195,39.086931],[1.600192,39.086921],[1.600192,39.08691],[1.600192,39.086904],[1.600192,39.086895],[1.600192,39.086885],[1.600193,39.086875],[1.6002,39.086871],[1.600208,39.086864],[1.600215,39.086857],[1.600223,39.08685],[1.600233,39.086845],[1.600311,39.086846],[1.600388,39.086876],[1.600467,39.086907],[1.600501,39.086893],[1.600494,39.086846],[1.600511,39.086806],[1.600542,39.08678],[1.600568,39.086729],[1.600603,39.086727],[1.600632,39.086712],[1.600637,39.086673],[1.600646,39.086649],[1.600678,39.086626],[1.60067,39.086574],[1.600653,39.086494],[1.600657,39.086471],[1.600688,39.086476],[1.60082,39.086491],[1.600889,39.08649],[1.600934,39.086489],[1.601001,39.086484],[1.601016,39.086465],[1.60099,39.086432],[1.600947,39.086391],[1.600944,39.086382],[1.600942,39.086373],[1.600941,39.086366],[1.600941,39.086358],[1.600944,39.086357],[1.600947,39.086358],[1.601015,39.086411],[1.601052,39.086391],[1.601073,39.086401],[1.601137,39.086399],[1.601171,39.086404],[1.601222,39.086412],[1.601261,39.086404],[1.601292,39.086354],[1.60128,39.086344],[1.601199,39.086286],[1.601112,39.086243],[1.601068,39.086203],[1.600981,39.086136],[1.600888,39.086104],[1.600801,39.086057],[1.600747,39.086014],[1.600697,39.085946],[1.600616,39.085888],[1.600549,39.085831],[1.600507,39.085793],[1.600486,39.085757],[1.600461,39.085712],[1.600455,39.085672],[1.600456,39.085638],[1.600414,39.085601],[1.600407,39.085575],[1.600409,39.08554],[1.600428,39.085504],[1.600442,39.085505],[1.600473,39.085526],[1.600507,39.08554],[1.600532,39.085539],[1.600545,39.085515],[1.60053,39.085487],[1.600488,39.085448],[1.600499,39.085403],[1.600458,39.085383],[1.600397,39.08541],[1.60039,39.085443],[1.600383,39.085447],[1.600289,39.085397],[1.600287,39.085363],[1.600263,39.085307],[1.600257,39.085276],[1.600228,39.085211],[1.600177,39.085179],[1.600138,39.085129],[1.600056,39.085085],[1.600064,39.085074],[1.6001,39.085074],[1.600158,39.085084],[1.600207,39.085101],[1.60025,39.085097],[1.600276,39.085083],[1.600309,39.085048],[1.600298,39.084993],[1.600245,39.084967],[1.600172,39.084931],[1.600128,39.084885],[1.600083,39.084847],[1.600022,39.084837],[1.600015,39.084804],[1.600009,39.084768],[1.599965,39.084774],[1.599908,39.084785],[1.599896,39.084816],[1.599945,39.084839],[1.599981,39.08485],[1.599971,39.084874],[1.599908,39.084877],[1.599871,39.084872],[1.599887,39.084855],[1.599864,39.084819],[1.599792,39.084809],[1.599772,39.084774],[1.599701,39.084736],[1.59964,39.084714],[1.5996,39.084733],[1.59956,39.084737],[1.599515,39.084738],[1.599459,39.084738],[1.599417,39.084729],[1.599411,39.084679],[1.599379,39.084649],[1.599327,39.084648],[1.599295,39.084674],[1.599264,39.084703],[1.599216,39.084703],[1.599148,39.084693],[1.599056,39.084686],[1.599001,39.084663],[1.598951,39.084618],[1.598871,39.084611],[1.598829,39.08462],[1.598774,39.084624],[1.598704,39.084623],[1.598629,39.084622],[1.598437,39.084591],[1.598231,39.084508],[1.598212,39.084484],[1.598167,39.084427],[1.598097,39.084306],[1.59804,39.084161],[1.598049,39.084009],[1.598043,39.083872],[1.598069,39.083697],[1.598071,39.083679],[1.59814,39.083553],[1.59825,39.0834],[1.59828,39.083361],[1.598301,39.083334],[1.598343,39.083281],[1.59844,39.083128],[1.598458,39.08302],[1.598441,39.082907],[1.598399,39.082804],[1.598342,39.082676],[1.598377,39.082522],[1.598437,39.08232],[1.598574,39.082202],[1.59858,39.082197],[1.598756,39.082056],[1.598797,39.082016],[1.598838,39.082015],[1.598897,39.082017],[1.59896,39.082039],[1.599037,39.082062],[1.599104,39.08209],[1.599128,39.082117],[1.599129,39.082155],[1.599171,39.082174],[1.599228,39.082199],[1.599226,39.082239],[1.59924,39.082278],[1.59927,39.082309],[1.599306,39.082338],[1.599326,39.082343],[1.599358,39.082338],[1.599373,39.082302],[1.599409,39.082295],[1.599461,39.082306],[1.599545,39.082329],[1.599611,39.082339],[1.599672,39.082334],[1.599701,39.082313],[1.599729,39.0823],[1.599773,39.082262],[1.599744,39.082228],[1.599749,39.082208],[1.599788,39.082186],[1.599836,39.082175],[1.599832,39.082147],[1.599767,39.082135],[1.59972,39.082113],[1.599727,39.082088],[1.599768,39.082066],[1.599787,39.082044],[1.599771,39.082025],[1.599733,39.081996],[1.599735,39.081944],[1.599754,39.081917],[1.599789,39.081892],[1.599794,39.081874],[1.599788,39.081814],[1.59979,39.08177],[1.599797,39.081738],[1.599835,39.081718],[1.599878,39.081717],[1.599931,39.081695],[1.599996,39.08169],[1.600013,39.081696],[1.599982,39.081717],[1.599959,39.08176],[1.599973,39.0818],[1.599976,39.081854],[1.600009,39.081884],[1.60008,39.081909],[1.60014,39.081911],[1.600164,39.081931],[1.600209,39.081939],[1.600252,39.081926],[1.600318,39.081924],[1.60034,39.081914],[1.600363,39.08188],[1.600379,39.081861],[1.600402,39.081856],[1.600436,39.08188],[1.600489,39.08186],[1.600569,39.081833],[1.600621,39.081809],[1.600675,39.081801],[1.600717,39.081805],[1.600748,39.081818],[1.600775,39.081842],[1.600823,39.081877],[1.60086,39.081901],[1.600889,39.081941],[1.600938,39.081956],[1.600993,39.081957],[1.601041,39.081954],[1.60106,39.081932],[1.601068,39.081891],[1.60111,39.081871],[1.601159,39.081875],[1.601209,39.081888],[1.601286,39.081914],[1.601302,39.081923],[1.601339,39.081953],[1.601368,39.081958],[1.601454,39.081958],[1.601531,39.081975],[1.601597,39.081976],[1.60166,39.081989],[1.601699,39.081996],[1.601778,39.081997],[1.601843,39.082001],[1.601864,39.081984],[1.601873,39.081933],[1.601866,39.081879],[1.601835,39.081813],[1.601803,39.081747],[1.601805,39.081699],[1.601813,39.081678],[1.601816,39.08165],[1.601788,39.081606],[1.601757,39.081602],[1.601734,39.081602],[1.601719,39.081573],[1.601694,39.081533],[1.601654,39.081488],[1.601607,39.081398],[1.601596,39.081332],[1.601608,39.081308],[1.601658,39.081316],[1.601686,39.081307],[1.601671,39.081272],[1.601672,39.081235],[1.601623,39.081216],[1.601568,39.081216],[1.601552,39.081206],[1.601508,39.081177],[1.601459,39.081141],[1.601422,39.081105],[1.601422,39.081046],[1.601422,39.080986],[1.60144,39.08097],[1.601447,39.080959],[1.601438,39.080933],[1.601397,39.080905],[1.601377,39.080901],[1.601361,39.080878],[1.601321,39.080868],[1.601273,39.080867],[1.601201,39.080841],[1.601112,39.080833],[1.601051,39.080802],[1.601008,39.080778],[1.600956,39.080752],[1.600909,39.080724],[1.600888,39.08071],[1.60094,39.08061],[1.601022,39.080439],[1.60109,39.080455],[1.601159,39.080474],[1.60116,39.080471],[1.601255,39.08046],[1.601323,39.080462],[1.601376,39.080476],[1.601432,39.080481],[1.601473,39.080481],[1.601517,39.080473],[1.601564,39.080455],[1.601592,39.080434],[1.601621,39.080411],[1.60163,39.080394],[1.601594,39.080372],[1.601538,39.080349],[1.601474,39.080338],[1.60143,39.08032],[1.601397,39.080309],[1.601369,39.080303],[1.601292,39.080317],[1.60114,39.080326],[1.601117,39.080208],[1.601107,39.080189],[1.601025,39.080031],[1.600963,39.079846],[1.600963,39.079843],[1.601003,39.0797],[1.601081,39.079534],[1.601143,39.079405],[1.601274,39.079277],[1.601484,39.079117],[1.601706,39.078968],[1.60194,39.078858],[1.60194,39.078858],[1.602042,39.07881],[1.602256,39.078797],[1.602486,39.078847],[1.602565,39.078869],[1.602626,39.0789],[1.602661,39.078927],[1.602699,39.078996],[1.602742,39.079046],[1.602767,39.079087],[1.602809,39.079139],[1.602863,39.079168],[1.602886,39.079168],[1.60295,39.079191],[1.60299,39.079223],[1.603086,39.079245],[1.603122,39.07928],[1.603143,39.079299],[1.603169,39.079296],[1.603186,39.079265],[1.6032,39.079227],[1.60324,39.079234],[1.603309,39.079236],[1.603357,39.079238],[1.603372,39.079253],[1.603374,39.079281],[1.603423,39.079311],[1.603457,39.079308],[1.603539,39.079311],[1.603635,39.079332],[1.603685,39.079349],[1.603719,39.079386],[1.60376,39.079406],[1.603831,39.079428],[1.603931,39.079463],[1.604072,39.079501],[1.604112,39.07952],[1.604133,39.079515],[1.604143,39.079495],[1.604123,39.07947],[1.604054,39.079445],[1.604055,39.07942],[1.604085,39.07941],[1.604103,39.079396],[1.604095,39.079368],[1.604078,39.079341],[1.604078,39.079302],[1.604102,39.0793],[1.604119,39.079282],[1.604143,39.079253],[1.604167,39.079241],[1.604186,39.079231],[1.604221,39.079221],[1.604275,39.079221],[1.604322,39.079222],[1.604402,39.079242],[1.604468,39.079251],[1.604516,39.079285],[1.604553,39.079309],[1.60462,39.079325],[1.604694,39.079326],[1.604781,39.079352],[1.604855,39.079355],[1.604945,39.079356],[1.605082,39.079358],[1.60523,39.079359],[1.605326,39.07938],[1.605439,39.079402],[1.605489,39.079425],[1.605567,39.07946],[1.605616,39.079479],[1.605628,39.0795],[1.605612,39.079523],[1.605621,39.079545],[1.60562,39.079564],[1.605602,39.079568],[1.605579,39.079572],[1.605579,39.079583],[1.605608,39.079618],[1.605664,39.079646],[1.60571,39.079648],[1.605745,39.079646],[1.605779,39.079634],[1.605824,39.079627],[1.605869,39.079626],[1.605965,39.079666],[1.606046,39.079709],[1.606101,39.079778],[1.606207,39.079828],[1.606234,39.079798],[1.606258,39.079737],[1.606295,39.079745],[1.606339,39.079788],[1.606371,39.079846],[1.606403,39.079884],[1.606441,39.079922],[1.60645,39.079939],[1.606492,39.079973],[1.606552,39.08],[1.6066,39.080023],[1.60664,39.08007],[1.606687,39.080099],[1.606733,39.080118],[1.606772,39.080139],[1.606813,39.080153],[1.606844,39.080153],[1.606868,39.080148],[1.606877,39.080134],[1.606888,39.080091],[1.606868,39.080055],[1.606881,39.080044],[1.60691,39.080045],[1.606922,39.080032],[1.606921,39.080005],[1.606939,39.079963],[1.606965,39.079946],[1.606978,39.079891],[1.606953,39.079854],[1.606909,39.079824],[1.606888,39.079825],[1.60686,39.079837],[1.606825,39.079837],[1.60677,39.079796],[1.606728,39.079732],[1.606686,39.079714],[1.606665,39.079688],[1.606681,39.079673],[1.606711,39.079668],[1.606754,39.079694],[1.606791,39.079713],[1.606793,39.079689],[1.606803,39.079666],[1.606836,39.079666],[1.606829,39.079637],[1.606835,39.079614],[1.606854,39.079614],[1.606915,39.079637],[1.606945,39.079674],[1.606963,39.079708],[1.607006,39.079733],[1.60706,39.07976],[1.607109,39.079782],[1.607148,39.079798],[1.607175,39.079798],[1.607194,39.079781],[1.607202,39.079746],[1.607192,39.079696],[1.607199,39.079679],[1.607194,39.079653],[1.607147,39.079615],[1.60713,39.079591],[1.607092,39.079564],[1.607024,39.079532],[1.607002,39.079505],[1.606993,39.079466],[1.606993,39.079434],[1.606988,39.079403],[1.606959,39.079379],[1.606947,39.07935],[1.606947,39.079325],[1.606961,39.079304],[1.607056,39.079242],[1.607278,39.079155],[1.607676,39.079048],[1.60782,39.079019],[1.607934,39.079041],[1.607948,39.079061],[1.607982,39.079124],[1.608011,39.079137],[1.608069,39.07916],[1.608124,39.079162],[1.60818,39.079157],[1.608202,39.07917],[1.608196,39.079189],[1.608186,39.079223],[1.608202,39.079233],[1.608222,39.079235],[1.608248,39.079243],[1.608246,39.079267],[1.608244,39.079284],[1.608251,39.079298],[1.608276,39.079308],[1.608367,39.079323],[1.608418,39.079323],[1.608454,39.079314],[1.608457,39.079286],[1.608452,39.079254],[1.608402,39.079175],[1.608394,39.079157],[1.608398,39.079149],[1.60843,39.07916],[1.608474,39.079186],[1.608528,39.079236],[1.608557,39.079273],[1.608543,39.079304],[1.608545,39.079342],[1.608569,39.079369],[1.608625,39.079388],[1.608747,39.079402],[1.608742,39.079443],[1.608735,39.079493],[1.608749,39.079525],[1.608761,39.079552],[1.608747,39.079618],[1.608731,39.079694],[1.608685,39.079739],[1.60867,39.07978],[1.608683,39.079798],[1.608759,39.079802],[1.608984,39.079865],[1.609174,39.079892],[1.609344,39.079923],[1.609421,39.079927],[1.60935,39.080011],[1.609287,39.080005],[1.609268,39.079998],[1.609196,39.079989],[1.609153,39.080011],[1.609098,39.080013],[1.60907,39.080024],[1.609083,39.080052],[1.609099,39.080079],[1.609093,39.080106],[1.609064,39.080113],[1.609026,39.080116],[1.609019,39.080136],[1.609051,39.080157],[1.609106,39.080171],[1.609175,39.080186],[1.609188,39.080202],[1.603,39.0875]],[[1.605146,39.080009],[1.605226,39.080024],[1.60529,39.080028],[1.605339,39.080014],[1.605374,39.07999],[1.605401,39.079969],[1.605402,39.079951],[1.605365,39.079932],[1.605298,39.079903],[1.605271,39.079878],[1.605199,39.079849],[1.60515,39.079839],[1.60511,39.079812],[1.60511,39.079797],[1.605058,39.079778],[1.604997,39.079762],[1.604968,39.079748],[1.604938,39.079732],[1.604864,39.079717],[1.604817,39.079698],[1.60475,39.079687],[1.604711,39.07969],[1.604685,39.079708],[1.604693,39.079743],[1.604731,39.079792],[1.604735,39.079822],[1.604699,39.07984],[1.604699,39.079873],[1.60472,39.079907],[1.604774,39.079944],[1.604794,39.079971],[1.604839,39.079982],[1.604927,39.079983],[1.604957,39.079982],[1.60499,39.07997],[1.60499,39.079944],[1.604998,39.079921],[1.605033,39.079908],[1.605051,39.079884],[1.605071,39.079875],[1.605106,39.079891],[1.605108,39.079902],[1.605081,39.079927],[1.605081,39.079952],[1.605077,39.079974],[1.605146,39.080009]],[[1.604812,39.079553],[1.604834,39.079555],[1.604859,39.079554],[1.604887,39.079535],[1.604928,39.079522],[1.604976,39.079496],[1.604964,39.07947],[1.604912,39.079456],[1.604791,39.079455],[1.604682,39.079436],[1.604611,39.079399],[1.60459,39.079404],[1.60459,39.079432],[1.604631,39.079456],[1.604683,39.07947],[1.604736,39.07949],[1.604809,39.079507],[1.604814,39.079527],[1.604812,39.079553]],[[1.601081,39.08068],[1.601073,39.080698],[1.601075,39.080722],[1.601072,39.080743],[1.601073,39.080767],[1.601095,39.080776],[1.601125,39.080774],[1.601179,39.080757],[1.601185,39.080737],[1.601182,39.080695],[1.601143,39.080692],[1.601119,39.080691],[1.601103,39.08068],[1.601081,39.08068]],[[1.601466,39.082025],[1.601444,39.082028],[1.60145,39.082049],[1.60148,39.082064],[1.601526,39.082081],[1.601556,39.082077],[1.601605,39.082073],[1.601621,39.082051],[1.601601,39.082037],[1.601545,39.082027],[1.601509,39.082025],[1.601466,39.082025]],[[1.601361,39.086926],[1.601378,39.086939],[1.601399,39.086949],[1.601415,39.08695],[1.601432,39.086948],[1.601463,39.086939],[1.601469,39.086908],[1.601447,39.086901],[1.601424,39.086895],[1.601401,39.086884],[1.601382,39.086878],[1.601363,39.086887],[1.601359,39.086907],[1.601361,39.086926]],[[1.601256,39.08053],[1.601244,39.080559],[1.60124,39.080578],[1.601263,39.080593],[1.601291,39.080592],[1.601309,39.080579],[1.601305,39.080563],[1.601286,39.080519],[1.601265,39.080518],[1.601256,39.08053]],[[1.601295,39.080697],[1.601262,39.08071],[1.601256,39.08073],[1.601286,39.080736],[1.601325,39.080725],[1.601312,39.080696],[1.601295,39.080697]]],[[[1.641823,39.04172],[1.641815,39.041716],[1.641803,39.041709],[1.641791,39.041703],[1.641779,39.041696],[1.641766,39.041689],[1.641754,39.041683],[1.641742,39.041676],[1.641729,39.04167],[1.641721,39.041667],[1.641715,39.041665],[1.641705,39.04166],[1.641696,39.041654],[1.641686,39.041649],[1.641677,39.041643],[1.641667,39.041637],[1.641658,39.041631],[1.641649,39.041625],[1.64164,39.041619],[1.641631,39.041612],[1.641622,39.041605],[1.641614,39.041599],[1.641604,39.041592],[1.641595,39.041586],[1.641586,39.041579],[1.641577,39.041573],[1.641568,39.041567],[1.641558,39.041558],[1.64155,39.041549],[1.641542,39.041539],[1.641533,39.04153],[1.641525,39.041521],[1.641517,39.041512],[1.641508,39.041504],[1.6415,39.041496],[1.641491,39.041489],[1.641482,39.041481],[1.641474,39.041473],[1.641466,39.041464],[1.641461,39.041456],[1.641458,39.041447],[1.641456,39.041438],[1.641454,39.041428],[1.641453,39.041421],[1.641448,39.041412],[1.64144,39.041405],[1.641431,39.041397],[1.641422,39.04139],[1.641412,39.041383],[1.641405,39.041377],[1.641394,39.041371],[1.641383,39.041366],[1.641371,39.041361],[1.641359,39.041357],[1.641346,39.041353],[1.641333,39.04135],[1.64132,39.041346],[1.641306,39.041341],[1.641292,39.041337],[1.641282,39.041333],[1.641268,39.041328],[1.641261,39.041325],[1.641247,39.04132],[1.641236,39.041316],[1.641226,39.041312],[1.641215,39.041309],[1.641204,39.041305],[1.641194,39.041301],[1.641183,39.041297],[1.641172,39.041293],[1.641161,39.041289],[1.641147,39.041285],[1.641136,39.041281],[1.641132,39.04128],[1.641121,39.041277],[1.641109,39.041274],[1.641098,39.041271],[1.641086,39.041268],[1.641075,39.041265],[1.641064,39.041261],[1.641054,39.041258],[1.641039,39.041254],[1.641029,39.041249],[1.64102,39.041244],[1.64101,39.041239],[1.641,39.041234],[1.640988,39.041227],[1.640977,39.041222],[1.640963,39.041216],[1.640952,39.041213],[1.640941,39.041209],[1.64093,39.041206],[1.640919,39.041203],[1.640904,39.041201],[1.640893,39.041198],[1.640881,39.041197],[1.64087,39.041195],[1.640855,39.041193],[1.640841,39.041191],[1.640828,39.041189],[1.640818,39.041187],[1.640805,39.041182],[1.640792,39.041178],[1.64078,39.041174],[1.640767,39.041171],[1.640761,39.041169],[1.640748,39.041166],[1.640736,39.041165],[1.640723,39.041165],[1.64071,39.041164],[1.640697,39.041164],[1.640683,39.041164],[1.64068,39.041164],[1.640665,39.041164],[1.640651,39.041163],[1.640638,39.04116],[1.640623,39.041156],[1.640612,39.041151],[1.640601,39.041145],[1.640597,39.041142],[1.640586,39.041135],[1.640576,39.041128],[1.640563,39.041123],[1.64055,39.04112],[1.640543,39.041119],[1.640529,39.041119],[1.640514,39.041118],[1.640499,39.041118],[1.640484,39.041118],[1.64047,39.041116],[1.640456,39.041113],[1.640444,39.041107],[1.640432,39.041101],[1.640422,39.041096],[1.640411,39.041091],[1.6404,39.041087],[1.640387,39.041084],[1.640375,39.041081],[1.640362,39.041078],[1.640349,39.041074],[1.640335,39.041071],[1.640326,39.041069],[1.640313,39.041067],[1.6403,39.041065],[1.640287,39.041064],[1.640274,39.041062],[1.640261,39.04106],[1.640248,39.041057],[1.640235,39.041055],[1.640222,39.041052],[1.640211,39.041048],[1.640203,39.041046],[1.640193,39.041041],[1.640183,39.041035],[1.640173,39.04103],[1.640161,39.041023],[1.64015,39.041018],[1.64014,39.041013],[1.640138,39.041012],[1.640132,39.041004],[1.640128,39.040994],[1.640125,39.040985],[1.640119,39.040975],[1.640114,39.040973],[1.640101,39.040971],[1.640088,39.040968],[1.640076,39.040966],[1.640063,39.040965],[1.640056,39.040965],[1.640042,39.040965],[1.640029,39.040965],[1.640016,39.040965],[1.640004,39.040963],[1.639992,39.040959],[1.639983,39.040955],[1.639972,39.04095],[1.63996,39.040946],[1.639946,39.040944],[1.639932,39.040942],[1.639918,39.04094],[1.639904,39.040939],[1.639889,39.040938],[1.639875,39.040936],[1.639863,39.040935],[1.639851,39.040932],[1.639848,39.040931],[1.639837,39.040928],[1.639825,39.040923],[1.639811,39.040921],[1.639796,39.040919],[1.639784,39.040917],[1.639769,39.040916],[1.639755,39.040915],[1.639743,39.040914],[1.63973,39.040914],[1.639718,39.040913],[1.639706,39.040913],[1.639693,39.040914],[1.639682,39.040918],[1.639672,39.040924],[1.639665,39.040929],[1.639653,39.040934],[1.63964,39.040938],[1.639626,39.040939],[1.639613,39.04094],[1.6396,39.040941],[1.639589,39.040947],[1.63958,39.040954],[1.63957,39.04096],[1.639559,39.040961],[1.639546,39.040961],[1.639535,39.040962],[1.639524,39.040961],[1.63951,39.040961],[1.639498,39.040957],[1.639491,39.040948],[1.63949,39.040946],[1.639487,39.040937],[1.639484,39.040928],[1.639481,39.040919],[1.639477,39.04091],[1.639468,39.040901],[1.63946,39.040893],[1.639453,39.040888],[1.639446,39.04088],[1.639446,39.04087],[1.639449,39.04086],[1.639451,39.040857],[1.639457,39.040847],[1.639463,39.040839],[1.639475,39.040835],[1.639488,39.040835],[1.639491,39.040835],[1.639502,39.040835],[1.639515,39.040835],[1.639528,39.040835],[1.639541,39.040835],[1.639554,39.040836],[1.639568,39.040836],[1.639582,39.040836],[1.639596,39.040836],[1.639611,39.040836],[1.639626,39.040836],[1.639641,39.040837],[1.639656,39.040837],[1.639672,39.040837],[1.639687,39.040838],[1.639702,39.040838],[1.639714,39.040838],[1.639725,39.040838],[1.639737,39.040838],[1.639752,39.040839],[1.639764,39.040839],[1.639776,39.040839],[1.639788,39.040839],[1.639799,39.040839],[1.639811,39.04084],[1.639823,39.04084],[1.639835,39.04084],[1.63985,39.04084],[1.639865,39.040841],[1.63988,39.040841],[1.639895,39.040841],[1.63991,39.040841],[1.639925,39.040841],[1.639938,39.040842],[1.639952,39.040842],[1.639966,39.040841],[1.639979,39.04084],[1.639991,39.040839],[1.640004,39.040839],[1.640017,39.040839],[1.64003,39.04084],[1.640043,39.04084],[1.640056,39.04084],[1.640068,39.040841],[1.640081,39.04084],[1.640093,39.040841],[1.640106,39.040841],[1.64012,39.040842],[1.640134,39.040842],[1.640147,39.040842],[1.640161,39.040842],[1.640174,39.040842],[1.640188,39.040843],[1.640202,39.040843],[1.640215,39.040843],[1.640229,39.040844],[1.640244,39.040844],[1.640257,39.040846],[1.640272,39.040849],[1.640286,39.040852],[1.640299,39.040855],[1.640314,39.040858],[1.640328,39.040862],[1.640343,39.040865],[1.640357,39.040867],[1.640372,39.040869],[1.640387,39.04087],[1.6404,39.040872],[1.640414,39.040873],[1.640426,39.040874],[1.64044,39.040874],[1.640453,39.040874],[1.640464,39.040875],[1.640479,39.040875],[1.640493,39.040875],[1.640506,39.040875],[1.640519,39.040875],[1.640531,39.040876],[1.640543,39.040876],[1.640555,39.040877],[1.64056,39.040873],[1.640566,39.040865],[1.640566,39.040863],[1.640556,39.040859],[1.640547,39.040853],[1.640536,39.040848],[1.640523,39.040845],[1.640511,39.040842],[1.640499,39.040839],[1.640487,39.040837],[1.640475,39.040835],[1.640462,39.040833],[1.640449,39.04083],[1.640436,39.040826],[1.640422,39.040822],[1.640409,39.040817],[1.640396,39.040813],[1.640383,39.040809],[1.64037,39.040804],[1.640359,39.040799],[1.640351,39.040792],[1.640348,39.040787],[1.640348,39.040777],[1.640348,39.040767],[1.640349,39.040758],[1.640349,39.040746],[1.640349,39.040736],[1.64035,39.040725],[1.64035,39.040716],[1.640347,39.040712],[1.640339,39.040704],[1.640329,39.040698],[1.640317,39.040692],[1.640307,39.040687],[1.640295,39.040683],[1.640283,39.040679],[1.640272,39.040675],[1.640259,39.040673],[1.640246,39.040671],[1.640234,39.040669],[1.64022,39.040665],[1.640218,39.040665],[1.640208,39.040659],[1.640203,39.04065],[1.640201,39.040639],[1.6402,39.04063],[1.640199,39.040628],[1.640194,39.040618],[1.640186,39.040609],[1.64018,39.040599],[1.640174,39.04059],[1.640169,39.040581],[1.640165,39.040572],[1.64016,39.040563],[1.640156,39.040554],[1.640149,39.040545],[1.64014,39.040538],[1.640129,39.040531],[1.640117,39.040526],[1.64011,39.040522],[1.640101,39.040516],[1.640092,39.040508],[1.640084,39.040498],[1.640076,39.040488],[1.640068,39.040479],[1.640066,39.040477],[1.640055,39.04047],[1.640043,39.040466],[1.640031,39.040465],[1.640018,39.040465],[1.640004,39.040465],[1.639991,39.040465],[1.639977,39.040465],[1.639965,39.040464],[1.639952,39.040464],[1.639946,39.040464],[1.639934,39.040463],[1.639924,39.040458],[1.639915,39.04045],[1.639909,39.040442],[1.639907,39.040438],[1.639903,39.040427],[1.639901,39.040418],[1.639899,39.040409],[1.639899,39.040399],[1.639898,39.040389],[1.639896,39.04038],[1.639895,39.040369],[1.639895,39.040367],[1.639894,39.040358],[1.639885,39.040352],[1.639873,39.040349],[1.639862,39.040346],[1.639859,39.040343],[1.639852,39.040335],[1.639843,39.040327],[1.639834,39.04032],[1.639825,39.040315],[1.639813,39.040308],[1.639801,39.040302],[1.63979,39.040295],[1.639784,39.040287],[1.639779,39.040279],[1.639774,39.040268],[1.639772,39.040259],[1.639771,39.040252],[1.63977,39.040243],[1.639771,39.040232],[1.639771,39.040222],[1.639771,39.040213],[1.639771,39.040203],[1.639772,39.040193],[1.639772,39.040186],[1.639772,39.040175],[1.639772,39.040164],[1.639772,39.040153],[1.639773,39.040142],[1.639773,39.04013],[1.639774,39.040119],[1.639774,39.040108],[1.639774,39.0401],[1.639774,39.040089],[1.639775,39.040079],[1.639775,39.040068],[1.639776,39.040058],[1.63978,39.040048],[1.639787,39.040039],[1.639789,39.040037],[1.639797,39.040028],[1.639806,39.040021],[1.639816,39.040014],[1.639826,39.040008],[1.639836,39.040004],[1.639848,39.040001],[1.639853,39.04],[1.639867,39.039999],[1.639879,39.039998],[1.639892,39.039998],[1.639906,39.039998],[1.639919,39.039998],[1.639932,39.039999],[1.639945,39.039999],[1.639958,39.039999],[1.639971,39.039999],[1.639984,39.04],[1.639997,39.04],[1.64001,39.04],[1.640023,39.04],[1.640036,39.04],[1.640048,39.040001],[1.64006,39.040001],[1.640073,39.040001],[1.640086,39.040001],[1.640099,39.040001],[1.640111,39.040001],[1.640123,39.040001],[1.640135,39.04],[1.640148,39.04],[1.64016,39.039999],[1.640172,39.039997],[1.640184,39.039996],[1.640196,39.039994],[1.640208,39.039994],[1.64022,39.039994],[1.640232,39.039994],[1.640244,39.039994],[1.640257,39.039995],[1.640268,39.039994],[1.64028,39.039994],[1.640292,39.039993],[1.640304,39.039992],[1.640315,39.039992],[1.640327,39.039993],[1.640339,39.039993],[1.640354,39.039993],[1.640368,39.039993],[1.640382,39.039993],[1.640397,39.039993],[1.64041,39.039994],[1.640422,39.039994],[1.640434,39.039994],[1.640448,39.039994],[1.640461,39.039995],[1.640474,39.039995],[1.640485,39.039995],[1.640487,39.039995],[1.640491,39.039986],[1.640492,39.039976],[1.640492,39.039966],[1.640492,39.039956],[1.640492,39.039947],[1.640492,39.039936],[1.640491,39.039927],[1.64049,39.039916],[1.640488,39.039905],[1.640486,39.039895],[1.640484,39.039885],[1.640483,39.039875],[1.640482,39.039866],[1.640479,39.039855],[1.64048,39.039845],[1.640477,39.039835],[1.640465,39.039833],[1.640452,39.039833],[1.64044,39.039833],[1.640428,39.039833],[1.640416,39.039833],[1.640403,39.039832],[1.64039,39.039832],[1.640376,39.039832],[1.640363,39.039832],[1.640349,39.039831],[1.640335,39.039831],[1.640323,39.039831],[1.64031,39.039832],[1.640298,39.039835],[1.640287,39.039839],[1.640276,39.039844],[1.640265,39.039847],[1.640252,39.039848],[1.640249,39.039849],[1.640235,39.039848],[1.640223,39.039846],[1.640211,39.039841],[1.640198,39.039837],[1.640185,39.039832],[1.640171,39.039829],[1.64016,39.039827],[1.640147,39.039826],[1.640134,39.039825],[1.640122,39.039822],[1.64011,39.039816],[1.640101,39.039809],[1.640092,39.039802],[1.640083,39.039795],[1.640072,39.039788],[1.640062,39.039782],[1.640052,39.039775],[1.640041,39.03977],[1.640033,39.039763],[1.640024,39.039754],[1.640019,39.039746],[1.640016,39.039736],[1.640013,39.039727],[1.640011,39.039717],[1.640011,39.039707],[1.640011,39.039696],[1.640011,39.039685],[1.640012,39.039675],[1.640012,39.039664],[1.640012,39.039653],[1.640013,39.039642],[1.640013,39.039631],[1.640013,39.03962],[1.640014,39.03961],[1.640018,39.039601],[1.640024,39.039592],[1.64003,39.039583],[1.640035,39.039572],[1.640036,39.039561],[1.640037,39.039549],[1.640037,39.039537],[1.640037,39.039526],[1.640039,39.039517],[1.64004,39.039507],[1.640043,39.039498],[1.640045,39.039489],[1.640048,39.039479],[1.640051,39.039471],[1.640054,39.039461],[1.640058,39.039453],[1.640064,39.039441],[1.64007,39.039433],[1.640077,39.039424],[1.640085,39.039415],[1.640092,39.039405],[1.640097,39.039396],[1.640101,39.039386],[1.640104,39.039375],[1.640107,39.039365],[1.64011,39.039354],[1.640114,39.039344],[1.640121,39.039335],[1.640128,39.039325],[1.640136,39.039317],[1.640145,39.039308],[1.640155,39.039299],[1.640163,39.039291],[1.640171,39.039285],[1.640182,39.039279],[1.640191,39.039274],[1.640202,39.03927],[1.640214,39.039266],[1.640224,39.039261],[1.64023,39.039256],[1.640238,39.039249],[1.640239,39.039239],[1.640239,39.039229],[1.640239,39.039218],[1.640239,39.039209],[1.640239,39.0392],[1.64024,39.039191],[1.640241,39.039181],[1.640244,39.039171],[1.640248,39.039162],[1.640252,39.039153],[1.640256,39.039144],[1.640257,39.039143],[1.640262,39.039135],[1.640269,39.039127],[1.640278,39.039119],[1.64029,39.039113],[1.640292,39.039112],[1.640306,39.039111],[1.640318,39.039111],[1.64033,39.039111],[1.640342,39.039111],[1.640355,39.039111],[1.640367,39.039112],[1.640379,39.039112],[1.640391,39.039112],[1.640404,39.039112],[1.640417,39.039112],[1.640429,39.039113],[1.640442,39.039113],[1.640455,39.039113],[1.640468,39.039113],[1.640481,39.039114],[1.640494,39.039115],[1.640507,39.039117],[1.64052,39.039118],[1.640534,39.039119],[1.640547,39.039119],[1.64056,39.039119],[1.640573,39.039117],[1.640586,39.039115],[1.640598,39.039113],[1.640611,39.03911],[1.640624,39.039107],[1.640635,39.039104],[1.640648,39.039102],[1.64066,39.039099],[1.640672,39.039096],[1.640684,39.039091],[1.640696,39.039085],[1.640707,39.039079],[1.640717,39.039073],[1.640727,39.039066],[1.640732,39.039063],[1.640745,39.039058],[1.640759,39.039055],[1.640772,39.039055],[1.640786,39.039056],[1.640799,39.039056],[1.64081,39.039056],[1.640823,39.039056],[1.640836,39.039057],[1.64085,39.039057],[1.640863,39.039056],[1.640876,39.039053],[1.640883,39.03905],[1.640894,39.039044],[1.640903,39.039037],[1.640906,39.039027],[1.640906,39.039018],[1.640907,39.039013],[1.640907,39.039003],[1.640912,39.038995],[1.640923,39.038989],[1.640935,39.038984],[1.640949,39.038982],[1.640961,39.038981],[1.640973,39.038982],[1.640985,39.038982],[1.640998,39.038982],[1.64101,39.038982],[1.641023,39.038981],[1.641035,39.038979],[1.641047,39.038975],[1.641059,39.038969],[1.641068,39.038963],[1.641077,39.038957],[1.641089,39.038951],[1.641101,39.038945],[1.641112,39.038941],[1.641124,39.038941],[1.641136,39.038941],[1.641148,39.038941],[1.641161,39.038942],[1.641173,39.038942],[1.641186,39.038942],[1.641198,39.038941],[1.64121,39.038939],[1.641221,39.038936],[1.641233,39.038933],[1.641244,39.038929],[1.641258,39.038927],[1.641272,39.038927],[1.641286,39.038927],[1.641299,39.038927],[1.641313,39.038928],[1.641327,39.038928],[1.641339,39.038929],[1.64135,39.038926],[1.641361,39.038922],[1.641373,39.038916],[1.641382,39.03891],[1.641395,39.038905],[1.641409,39.038903],[1.641422,39.038903],[1.641436,39.038903],[1.64145,39.038903],[1.641453,39.038903],[1.641466,39.038901],[1.641478,39.038897],[1.641491,39.038893],[1.641502,39.038889],[1.641514,39.038884],[1.641526,39.038882],[1.641531,39.038882],[1.641543,39.038883],[1.641555,39.038885],[1.641567,39.03889],[1.641576,39.038897],[1.641582,39.038906],[1.641584,39.038911],[1.641588,39.03892],[1.641593,39.03893],[1.641596,39.038941],[1.6416,39.038951],[1.641602,39.038962],[1.641605,39.038973],[1.641607,39.038983],[1.641609,39.038994],[1.641611,39.039001],[1.641613,39.039011],[1.641614,39.039021],[1.641613,39.03903],[1.641613,39.039039],[1.641609,39.039049],[1.641606,39.039059],[1.641604,39.039065],[1.641602,39.039076],[1.641598,39.039085],[1.64159,39.039091],[1.641586,39.03909],[1.641576,39.039086],[1.641564,39.039085],[1.64156,39.039085],[1.64155,39.03909],[1.641545,39.039099],[1.641545,39.03911],[1.641545,39.039113],[1.641544,39.039123],[1.641544,39.039132],[1.641544,39.039141],[1.641543,39.039151],[1.641543,39.039158],[1.641543,39.039161],[1.641543,39.039171],[1.641543,39.039182],[1.641545,39.039192],[1.64155,39.039202],[1.641557,39.039211],[1.641565,39.039218],[1.641575,39.039223],[1.641577,39.039223],[1.641589,39.039224],[1.641601,39.039225],[1.641612,39.039225],[1.641625,39.039227],[1.641632,39.03923],[1.641642,39.039236],[1.641651,39.039243],[1.641659,39.039252],[1.641668,39.039258],[1.641676,39.039263],[1.641687,39.039269],[1.641698,39.039273],[1.64171,39.039279],[1.641723,39.039283],[1.641735,39.039288],[1.641748,39.039293],[1.641759,39.039297],[1.641771,39.039302],[1.641785,39.039307],[1.641799,39.039311],[1.641813,39.039314],[1.641828,39.039318],[1.641842,39.039321],[1.641853,39.039324],[1.641864,39.039327],[1.641876,39.039329],[1.641887,39.039331],[1.641899,39.039334],[1.64191,39.039337],[1.641922,39.03934],[1.641933,39.039342],[1.641946,39.039345],[1.641958,39.039348],[1.64197,39.039351],[1.641973,39.039352],[1.641985,39.039357],[1.641996,39.039363],[1.642007,39.039369],[1.642017,39.039376],[1.642029,39.039383],[1.642031,39.039384],[1.642042,39.039391],[1.642052,39.039398],[1.642062,39.039406],[1.642072,39.039414],[1.642081,39.039423],[1.64209,39.039431],[1.642098,39.03944],[1.642108,39.039448],[1.642117,39.039457],[1.642127,39.039466],[1.642133,39.039469],[1.642143,39.039477],[1.642154,39.039483],[1.642164,39.039489],[1.642175,39.039494],[1.642186,39.0395],[1.642196,39.039506],[1.642206,39.039513],[1.642216,39.03952],[1.642227,39.039529],[1.642235,39.039536],[1.642243,39.039542],[1.642251,39.03955],[1.642259,39.039556],[1.642268,39.039563],[1.642276,39.03957],[1.642285,39.039576],[1.642295,39.039584],[1.642304,39.039588],[1.642316,39.039595],[1.642327,39.039602],[1.642338,39.039608],[1.642348,39.039615],[1.642357,39.039622],[1.642366,39.03963],[1.642368,39.039632],[1.642377,39.03964],[1.642386,39.039648],[1.642397,39.039655],[1.642406,39.039664],[1.642412,39.039672],[1.642417,39.03968],[1.642422,39.039689],[1.642425,39.039693],[1.642429,39.039702],[1.642435,39.039711],[1.642441,39.03972],[1.642447,39.039728],[1.642456,39.039736],[1.642465,39.039743],[1.642475,39.039749],[1.642486,39.039754],[1.642497,39.039759],[1.642507,39.039763],[1.642519,39.039767],[1.64253,39.039771],[1.64254,39.039775],[1.642552,39.03978],[1.642562,39.039785],[1.642568,39.039787],[1.64258,39.03979],[1.642594,39.03979],[1.642608,39.039789],[1.64262,39.039788],[1.642627,39.039787],[1.642639,39.039787],[1.642652,39.039787],[1.642666,39.039787],[1.64268,39.039788],[1.642689,39.039788],[1.642701,39.03979],[1.642714,39.039794],[1.642728,39.039797],[1.642741,39.039801],[1.642755,39.039806],[1.642768,39.039811],[1.642782,39.039816],[1.642795,39.039821],[1.642808,39.039825],[1.642821,39.039828],[1.642834,39.039832],[1.642847,39.039836],[1.64286,39.039841],[1.642873,39.039845],[1.642886,39.03985],[1.642899,39.039855],[1.642913,39.039861],[1.642926,39.039866],[1.642938,39.039872],[1.642951,39.039879],[1.642963,39.039885],[1.642975,39.039892],[1.642988,39.039899],[1.643,39.039906],[1.643012,39.039913],[1.643022,39.039918],[1.643031,39.039925],[1.643039,39.039931],[1.643048,39.039938],[1.643057,39.039945],[1.643065,39.039952],[1.643073,39.039959],[1.643081,39.039967],[1.643089,39.039974],[1.643096,39.039981],[1.643105,39.039991],[1.643112,39.039998],[1.643119,39.040006],[1.643126,39.040013],[1.643132,39.040021],[1.643138,39.040029],[1.643144,39.040037],[1.643151,39.040048],[1.643158,39.040058],[1.643164,39.040068],[1.64317,39.040078],[1.643176,39.040089],[1.643182,39.040099],[1.643187,39.040109],[1.643188,39.04011],[1.643136,39.040172],[1.641823,39.04172]]],[[[1.645717,39.0371],[1.645717,39.037098],[1.645717,39.037089],[1.645717,39.037079],[1.645717,39.037069],[1.645717,39.037058],[1.645717,39.037048],[1.645717,39.037037],[1.645718,39.037027],[1.645718,39.037018],[1.645717,39.037008],[1.645714,39.036998],[1.64571,39.036988],[1.645705,39.03698],[1.645699,39.036972],[1.645692,39.036963],[1.645688,39.036954],[1.645684,39.036944],[1.64568,39.036936],[1.645674,39.036926],[1.645669,39.036918],[1.645665,39.036908],[1.64566,39.036902],[1.645648,39.036902],[1.645636,39.036898],[1.645636,39.036896],[1.645634,39.036886],[1.645627,39.036878],[1.645618,39.036872],[1.645607,39.036868],[1.645594,39.036865],[1.645582,39.036863],[1.645569,39.036862],[1.645563,39.03686],[1.645554,39.036853],[1.645547,39.036846],[1.64554,39.036837],[1.645534,39.036832],[1.645522,39.036829],[1.64551,39.036828],[1.645497,39.036829],[1.645485,39.036828],[1.645474,39.036827],[1.645463,39.036822],[1.645453,39.036817],[1.645442,39.036811],[1.64543,39.036806],[1.645418,39.036801],[1.645406,39.036796],[1.645394,39.036791],[1.645389,39.036789],[1.645379,39.036785],[1.645369,39.036779],[1.645359,39.036774],[1.645349,39.036769],[1.645338,39.036764],[1.645328,39.036758],[1.645318,39.036754],[1.645304,39.036749],[1.645292,39.036744],[1.645287,39.036742],[1.645276,39.036736],[1.645265,39.036731],[1.645254,39.036725],[1.645244,39.036718],[1.645234,39.03671],[1.645226,39.036703],[1.645222,39.036699],[1.645215,39.03669],[1.645208,39.036681],[1.6452,39.036673],[1.645192,39.036665],[1.645183,39.036659],[1.645177,39.036655],[1.645168,39.036648],[1.645159,39.036641],[1.64515,39.036634],[1.64514,39.036628],[1.645129,39.036624],[1.645119,39.036618],[1.645108,39.036614],[1.645104,39.036613],[1.645093,39.036607],[1.645084,39.036601],[1.645075,39.036595],[1.645066,39.036589],[1.645062,39.036586],[1.645053,39.036579],[1.645041,39.036573],[1.645029,39.036569],[1.645017,39.036565],[1.645005,39.036561],[1.644994,39.036556],[1.644984,39.036553],[1.644972,39.036549],[1.64496,39.036546],[1.644954,39.036541],[1.64495,39.036533],[1.644948,39.036524],[1.644944,39.036514],[1.644937,39.036506],[1.644926,39.036494],[1.644978,39.036505],[1.644989,39.036509],[1.645001,39.036512],[1.645013,39.036514],[1.645025,39.036515],[1.645037,39.036515],[1.64505,39.036515],[1.645062,39.036516],[1.645075,39.036518],[1.645086,39.036522],[1.6451,39.036523],[1.645108,39.036523],[1.645122,39.036523],[1.645135,39.036524],[1.645149,39.036524],[1.645163,39.036525],[1.645174,39.036527],[1.645186,39.036529],[1.645198,39.036531],[1.645207,39.036532],[1.645219,39.036532],[1.64523,39.036532],[1.645245,39.036533],[1.645258,39.036533],[1.645271,39.036534],[1.645276,39.036535],[1.645288,39.036537],[1.645299,39.036541],[1.645312,39.036546],[1.645324,39.036551],[1.645336,39.036553],[1.645341,39.036554],[1.645352,39.036556],[1.645366,39.036556],[1.645378,39.036554],[1.645387,39.036549],[1.645389,39.036547],[1.645398,39.036541],[1.64541,39.036538],[1.645423,39.036538],[1.645435,39.036539],[1.645441,39.036539],[1.645453,39.036539],[1.645466,39.036538],[1.645479,39.036533],[1.645488,39.036528],[1.645497,39.036521],[1.645507,39.036515],[1.645518,39.036507],[1.64553,39.036502],[1.645544,39.036498],[1.645557,39.036494],[1.645568,39.036492],[1.645571,39.036491],[1.645583,39.036488],[1.645593,39.036483],[1.6456,39.036475],[1.645602,39.036465],[1.645603,39.036463],[1.645602,39.036454],[1.645598,39.036444],[1.645596,39.036434],[1.645598,39.036426],[1.645608,39.036419],[1.645619,39.036414],[1.645628,39.036406],[1.645635,39.036398],[1.645641,39.036389],[1.645643,39.03638],[1.645644,39.036377],[1.645644,39.036368],[1.645644,39.036358],[1.645645,39.036348],[1.645645,39.036337],[1.645645,39.036334],[1.645645,39.036325],[1.645641,39.036315],[1.645635,39.036306],[1.645633,39.036297],[1.645632,39.036293],[1.645633,39.036283],[1.645635,39.036274],[1.64564,39.03627],[1.645648,39.036262],[1.645656,39.036255],[1.645659,39.036247],[1.645658,39.036238],[1.645655,39.036198],[1.645708,39.036265],[1.645713,39.036273],[1.645721,39.036281],[1.645729,39.036287],[1.645739,39.036293],[1.645749,39.036299],[1.645757,39.036304],[1.645767,39.036311],[1.645776,39.036318],[1.645785,39.036324],[1.645796,39.036331],[1.645807,39.036336],[1.645819,39.03634],[1.645832,39.036342],[1.645833,39.036342],[1.645845,39.036343],[1.645858,39.036343],[1.645871,39.036343],[1.645884,39.036343],[1.645892,39.036343],[1.645903,39.036341],[1.645915,39.036341],[1.645927,39.036337],[1.645936,39.036332],[1.645938,39.036331],[1.645947,39.036325],[1.645958,39.03632],[1.645969,39.036316],[1.645981,39.036311],[1.645986,39.036309],[1.645998,39.036307],[1.64601,39.036308],[1.646022,39.036308],[1.646033,39.036308],[1.646045,39.036308],[1.646057,39.03631],[1.646066,39.036315],[1.646078,39.036317],[1.646115,39.036309],[1.646125,39.03632],[1.646122,39.036329],[1.646112,39.036333],[1.64611,39.036342],[1.64611,39.036351],[1.646109,39.036361],[1.646109,39.036371],[1.646109,39.036381],[1.646108,39.03639],[1.646108,39.036399],[1.646108,39.036409],[1.646107,39.036419],[1.646106,39.036429],[1.646103,39.03644],[1.6461,39.03645],[1.646098,39.036461],[1.646096,39.03647],[1.646094,39.036479],[1.646092,39.036488],[1.646089,39.036497],[1.646085,39.036506],[1.646081,39.036516],[1.646077,39.036527],[1.646073,39.036537],[1.64607,39.036546],[1.646066,39.036555],[1.646066,39.036565],[1.646065,39.036575],[1.646064,39.036584],[1.646062,39.036595],[1.646062,39.036605],[1.646061,39.036616],[1.646065,39.036626],[1.646069,39.036636],[1.646074,39.036646],[1.646079,39.036654],[1.64608,39.036664],[1.64608,39.036668],[1.645717,39.0371]]],[[[1.645289,39.03761],[1.645277,39.037609],[1.645266,39.037609],[1.645253,39.037609],[1.645251,39.037609],[1.645239,39.037605],[1.645231,39.037596],[1.645221,39.037589],[1.645212,39.037584],[1.6452,39.037581],[1.645187,39.037578],[1.645174,39.037576],[1.645162,39.037576],[1.64515,39.037573],[1.64514,39.037568],[1.645128,39.037563],[1.645117,39.037557],[1.645115,39.037556],[1.645104,39.037551],[1.645094,39.037546],[1.645083,39.03754],[1.645071,39.037535],[1.645067,39.037533],[1.645056,39.037531],[1.645044,39.037531],[1.645032,39.037531],[1.64502,39.037531],[1.645008,39.03753],[1.644995,39.03753],[1.644982,39.037529],[1.644968,39.037528],[1.644954,39.037528],[1.64494,39.037527],[1.644927,39.037527],[1.644916,39.037527],[1.644903,39.037527],[1.64489,39.037527],[1.644877,39.037526],[1.644863,39.037526],[1.64485,39.037526],[1.644836,39.037526],[1.644825,39.037526],[1.644812,39.037525],[1.6448,39.037525],[1.644787,39.037523],[1.644773,39.037521],[1.64477,39.03752],[1.644756,39.037519],[1.644742,39.037519],[1.644728,39.037519],[1.644715,39.037518],[1.644702,39.037518],[1.64469,39.037518],[1.644678,39.037518],[1.644664,39.037518],[1.644652,39.037517],[1.644641,39.037517],[1.644638,39.037517],[1.644625,39.037517],[1.644613,39.037518],[1.644601,39.037518],[1.644589,39.037518],[1.644585,39.037517],[1.644573,39.037513],[1.644563,39.037507],[1.644553,39.037501],[1.644547,39.037495],[1.644539,39.037489],[1.64453,39.037482],[1.64452,39.037476],[1.644508,39.037475],[1.644506,39.037475],[1.644494,39.037475],[1.644482,39.037474],[1.64447,39.037474],[1.644465,39.037473],[1.644456,39.037466],[1.644456,39.037456],[1.644459,39.037453],[1.644467,39.037447],[1.644476,39.037441],[1.644485,39.037434],[1.644495,39.037432],[1.644507,39.037431],[1.64452,39.03743],[1.644525,39.037424],[1.644529,39.037415],[1.644533,39.037405],[1.644541,39.037397],[1.644546,39.037397],[1.644556,39.037393],[1.644565,39.037386],[1.644575,39.03738],[1.644584,39.037377],[1.644595,39.037373],[1.644601,39.037365],[1.644606,39.037357],[1.644606,39.037354],[1.644609,39.037345],[1.644615,39.037342],[1.644627,39.037341],[1.644639,39.037341],[1.644651,39.037342],[1.644663,39.037342],[1.644675,39.037342],[1.644686,39.037338],[1.644697,39.037338],[1.644709,39.037336],[1.644709,39.03733],[1.644719,39.037326],[1.644732,39.037326],[1.644745,39.037326],[1.644759,39.037327],[1.644772,39.037327],[1.644784,39.037327],[1.644796,39.037326],[1.644808,39.037324],[1.64482,39.037321],[1.644832,39.037319],[1.644844,39.037316],[1.644856,39.037313],[1.644869,39.03731],[1.644881,39.037308],[1.644893,39.037305],[1.644904,39.037304],[1.644916,39.037302],[1.644928,39.037301],[1.64494,39.0373],[1.644952,39.0373],[1.644964,39.0373],[1.644975,39.037299],[1.644989,39.0373],[1.645002,39.0373],[1.645015,39.0373],[1.645029,39.0373],[1.645042,39.0373],[1.645055,39.037299],[1.645067,39.037295],[1.645079,39.03729],[1.645089,39.037285],[1.645098,39.037277],[1.645103,39.037271],[1.645108,39.037262],[1.645113,39.037254],[1.645122,39.037248],[1.645134,39.037243],[1.645141,39.037241],[1.645154,39.037238],[1.645166,39.037236],[1.645178,39.037235],[1.64519,39.037235],[1.645202,39.037234],[1.645209,39.037233],[1.645223,39.037231],[1.645236,39.037231],[1.645248,39.037228],[1.645259,39.037224],[1.645264,39.037222],[1.645274,39.037215],[1.645284,39.037208],[1.645294,39.037203],[1.645306,39.037201],[1.645314,39.037205],[1.645319,39.037213],[1.64532,39.037214],[1.645332,39.037217],[1.645344,39.03722],[1.645356,39.037221],[1.645368,39.037221],[1.64538,39.037221],[1.645392,39.03722],[1.645405,39.037217],[1.645417,39.037213],[1.64543,39.03721],[1.645442,39.037209],[1.645454,39.037209],[1.645467,39.037209],[1.645479,39.03721],[1.645491,39.03721],[1.645492,39.037209],[1.645502,39.037204],[1.645512,39.037199],[1.645521,39.037194],[1.645533,39.037188],[1.645543,39.037189],[1.645547,39.037198],[1.64555,39.037199],[1.645563,39.037202],[1.645575,39.037202],[1.645588,39.037202],[1.6456,39.037203],[1.645613,39.037203],[1.645626,39.037203],[1.645632,39.037201],[1.645289,39.03761]]]]},"properties":{"featureId":"rm-reserva-marina-costa-nord-est-eivissa-tagomago--reserva-marina--autonomica--01","zoneId":"rm-reserva-marina-costa-nord-est-eivissa-tagomago--reserva-marina--autonomica","fuente":"reservas-marinas","fuenteTitulo":"Reservas marinas","nombre":"Reserva Marina costa nord-est Eivissa Tagomago","proteccion":"Reserva marina","competencia":"Autonòmica","isla":"eivissa","areaKm2":37.3749,"normas":[{"titulo":"Decreto 45/2018","fecha":"2018-12-15","url":"http://www.caib.es/eboibfront/pdf/ca/2018/157/1023899","tipo":"creacion","origen":"ideib"}],"objectIdOrigen":3216}},{"type":"Feature","geometry":{"type":"Polygon","coordinates":[[[1.161946,38.957655],[1.177657,38.953454],[1.176811,38.986464],[1.169039,38.982786],[1.164824,38.980792],[1.160365,38.978681],[1.157167,38.977167],[1.160089,38.965238],[1.161946,38.957655]],[[1.168833,38.972217],[1.16725,38.966967],[1.164267,38.967033],[1.162517,38.973917],[1.167,38.97415],[1.168833,38.972217]]]},"properties":{"featureId":"rm-reserva-marina-de-ses-bledes--reserva-marina--autonomica--01","zoneId":"rm-reserva-marina-de-ses-bledes--reserva-marina--autonomica","fuente":"reservas-marinas","fuenteTitulo":"Reservas marinas","nombre":"Reserva Marina de ses Bledes","proteccion":"Reserva marina","competencia":"Autonòmica","isla":"eivissa","areaKm2":4.2174,"normas":[{"titulo":"Decret 25/2023","fecha":"2023-05-02","url":"https://www.caib.es/sites/reservesmarines/ca/descripcia_0_0_0_0/","tipo":"creacion","origen":"ideib"}],"objectIdOrigen":3237}},{"type":"Feature","geometry":{"type":"Polygon","coordinates":[[[1.167,38.97415],[1.162517,38.973917],[1.164267,38.967033],[1.16725,38.966967],[1.168833,38.972217],[1.167,38.97415]],[[1.165193,38.97311],[1.165202,38.973104],[1.165215,38.973106],[1.165227,38.973108],[1.165239,38.973111],[1.165251,38.973112],[1.165259,38.973111],[1.165272,38.97311],[1.165283,38.973112],[1.165293,38.973107],[1.165294,38.973106],[1.165305,38.973099],[1.165314,38.973091],[1.165322,38.973082],[1.165332,38.973077],[1.165337,38.973075],[1.165349,38.973073],[1.165351,38.973082],[1.165351,38.973086],[1.16535,38.973097],[1.16535,38.973106],[1.165347,38.973115],[1.165343,38.973122],[1.165343,38.973131],[1.165344,38.973142],[1.165347,38.973151],[1.165351,38.973154],[1.165364,38.973157],[1.165377,38.973157],[1.165389,38.973157],[1.165401,38.973158],[1.165407,38.973158],[1.165413,38.97315],[1.165419,38.973142],[1.16543,38.973138],[1.165435,38.973139],[1.165448,38.973139],[1.165459,38.973143],[1.165464,38.97315],[1.165464,38.973159],[1.165462,38.973168],[1.165458,38.973178],[1.165455,38.973187],[1.165455,38.973198],[1.165454,38.973208],[1.165454,38.973218],[1.165454,38.973228],[1.165454,38.973238],[1.165463,38.973247],[1.16547,38.973254],[1.16548,38.973262],[1.165488,38.973269],[1.165498,38.973276],[1.16551,38.973283],[1.165515,38.973286],[1.165524,38.973292],[1.165536,38.973295],[1.165549,38.973295],[1.16556,38.973295],[1.165572,38.973292],[1.165584,38.973286],[1.165594,38.973279],[1.165604,38.973272],[1.165614,38.973265],[1.165625,38.973258],[1.165636,38.973251],[1.165644,38.973244],[1.165653,38.973237],[1.165663,38.973228],[1.165672,38.97322],[1.165683,38.973211],[1.165693,38.973203],[1.165703,38.973195],[1.165711,38.973187],[1.165713,38.973185],[1.165721,38.973175],[1.165727,38.973167],[1.165734,38.973158],[1.165742,38.973149],[1.165748,38.97314],[1.165752,38.973131],[1.165753,38.973122],[1.165753,38.973112],[1.16575,38.973101],[1.165747,38.973091],[1.165742,38.973083],[1.165739,38.973072],[1.165739,38.973061],[1.16574,38.973052],[1.165746,38.973044],[1.165749,38.973042],[1.165763,38.973043],[1.165773,38.973049],[1.165782,38.973057],[1.165787,38.973066],[1.165789,38.973071],[1.165793,38.973079],[1.165795,38.97309],[1.165804,38.973096],[1.16581,38.973104],[1.165821,38.973107],[1.165833,38.97311],[1.165845,38.97311],[1.165852,38.973102],[1.165853,38.973103],[1.165857,38.973113],[1.165859,38.973122],[1.165863,38.973128],[1.165871,38.973135],[1.16588,38.973143],[1.16589,38.973149],[1.165897,38.973149],[1.165909,38.973147],[1.165921,38.973143],[1.165932,38.973137],[1.165942,38.973131],[1.165951,38.973125],[1.16596,38.973119],[1.165971,38.973115],[1.165986,38.973115],[1.165998,38.973116],[1.16601,38.973116],[1.166022,38.973116],[1.166034,38.973117],[1.166049,38.973118],[1.166063,38.973118],[1.166078,38.973118],[1.166093,38.973119],[1.166107,38.973119],[1.166121,38.973119],[1.166135,38.97312],[1.166148,38.97312],[1.166161,38.973119],[1.166174,38.973118],[1.166187,38.973118],[1.166201,38.973117],[1.166214,38.973116],[1.166225,38.973112],[1.166237,38.973107],[1.166248,38.973101],[1.166259,38.973095],[1.166269,38.973088],[1.166279,38.973081],[1.166291,38.973075],[1.166301,38.973068],[1.166313,38.973062],[1.166324,38.973055],[1.166333,38.973048],[1.16634,38.97304],[1.166347,38.973032],[1.166354,38.973024],[1.166361,38.973016],[1.166371,38.97301],[1.166383,38.973009],[1.166386,38.973009],[1.1664,38.97301],[1.166412,38.973009],[1.16642,38.972999],[1.166425,38.972991],[1.166428,38.972987],[1.166435,38.972977],[1.166442,38.972967],[1.16645,38.972958],[1.166461,38.97295],[1.16647,38.972941],[1.166478,38.972931],[1.166481,38.972926],[1.166486,38.972915],[1.166492,38.972904],[1.166499,38.972895],[1.166507,38.972887],[1.166515,38.97288],[1.166524,38.972873],[1.166527,38.972872],[1.166538,38.972867],[1.166545,38.972859],[1.166547,38.972849],[1.166549,38.972838],[1.166554,38.972827],[1.166563,38.972819],[1.166574,38.972811],[1.166583,38.972805],[1.166593,38.972798],[1.166602,38.972793],[1.166605,38.972803],[1.166604,38.972813],[1.166607,38.972824],[1.166616,38.972829],[1.166628,38.972832],[1.166636,38.972826],[1.16664,38.972816],[1.166645,38.972811],[1.166655,38.972803],[1.166665,38.972796],[1.166674,38.972788],[1.166686,38.972785],[1.166696,38.972785],[1.166707,38.972786],[1.166719,38.972787],[1.166731,38.972788],[1.166746,38.972789],[1.166759,38.972791],[1.16677,38.972795],[1.166782,38.972795],[1.166785,38.972794],[1.166787,38.972783],[1.166787,38.972774],[1.166787,38.972772],[1.166778,38.972764],[1.166768,38.972756],[1.166758,38.972751],[1.166748,38.972745],[1.166738,38.972738],[1.166729,38.972731],[1.166727,38.972726],[1.166733,38.972716],[1.166742,38.97271],[1.166752,38.972703],[1.166759,38.972695],[1.166765,38.972685],[1.16677,38.972676],[1.166776,38.972667],[1.166784,38.972659],[1.16679,38.972651],[1.166792,38.97264],[1.166792,38.972629],[1.166793,38.972621],[1.166793,38.97261],[1.1668,38.972601],[1.166806,38.972592],[1.166814,38.972583],[1.166823,38.972574],[1.166829,38.972565],[1.166833,38.972561],[1.16684,38.972552],[1.166846,38.972543],[1.16685,38.972533],[1.16685,38.972522],[1.16685,38.972513],[1.166851,38.972506],[1.166852,38.972496],[1.166852,38.972486],[1.166859,38.972477],[1.166867,38.972468],[1.166877,38.972461],[1.166882,38.972457],[1.166894,38.972451],[1.166904,38.972445],[1.166914,38.972438],[1.166924,38.972429],[1.166932,38.97242],[1.166934,38.972417],[1.166942,38.972409],[1.166948,38.972401],[1.166955,38.972394],[1.166966,38.972386],[1.166978,38.972381],[1.166989,38.972376],[1.166999,38.97237],[1.167007,38.972366],[1.167014,38.972356],[1.167019,38.972345],[1.167024,38.972337],[1.16703,38.972326],[1.167035,38.972315],[1.167043,38.972307],[1.167058,38.972305],[1.16707,38.972305],[1.167082,38.9723],[1.167091,38.972293],[1.167093,38.972291],[1.1671,38.972281],[1.167103,38.972272],[1.167106,38.972263],[1.16711,38.972252],[1.167115,38.972244],[1.167119,38.972233],[1.167122,38.972224],[1.167125,38.972213],[1.167126,38.972203],[1.167127,38.972193],[1.167124,38.972184],[1.167116,38.972176],[1.167109,38.972168],[1.167104,38.972158],[1.1671,38.972148],[1.167095,38.972137],[1.167092,38.972128],[1.167091,38.972117],[1.167091,38.972106],[1.167092,38.972095],[1.167093,38.972084],[1.167096,38.972073],[1.167099,38.972062],[1.167101,38.972051],[1.167102,38.97204],[1.167104,38.97203],[1.167111,38.97202],[1.167117,38.97201],[1.167118,38.971999],[1.167118,38.97199],[1.167119,38.971981],[1.16712,38.971971],[1.16712,38.971959],[1.167121,38.971949],[1.167124,38.971938],[1.167128,38.971929],[1.167132,38.971919],[1.167138,38.97191],[1.167144,38.971902],[1.16715,38.971893],[1.16715,38.971884],[1.167149,38.971873],[1.167147,38.971868],[1.167142,38.971859],[1.167137,38.97185],[1.167133,38.971842],[1.167127,38.971831],[1.16712,38.971823],[1.167112,38.971814],[1.167106,38.971805],[1.167105,38.971803],[1.167103,38.971792],[1.167099,38.971783],[1.167095,38.971774],[1.167087,38.971764],[1.167079,38.971757],[1.167071,38.971751],[1.167068,38.971749],[1.167058,38.971743],[1.167048,38.971737],[1.167036,38.971731],[1.167026,38.971726],[1.167013,38.971723],[1.167008,38.971721],[1.167003,38.971712],[1.167001,38.971702],[1.166998,38.971693],[1.16699,38.971686],[1.166979,38.971682],[1.166977,38.971681],[1.166965,38.971678],[1.166953,38.971677],[1.166941,38.971677],[1.166928,38.971676],[1.166915,38.971676],[1.166903,38.971677],[1.166891,38.971679],[1.166879,38.971681],[1.166873,38.971681],[1.16686,38.971681],[1.166848,38.971678],[1.166836,38.971672],[1.166826,38.971665],[1.166819,38.971658],[1.166809,38.97165],[1.166799,38.971642],[1.16679,38.971635],[1.166781,38.971629],[1.166768,38.971626],[1.166758,38.971626],[1.166745,38.971625],[1.166736,38.97162],[1.166726,38.971615],[1.166724,38.971613],[1.166717,38.971605],[1.166708,38.971598],[1.166699,38.971591],[1.166688,38.971587],[1.166677,38.971586],[1.166674,38.971586],[1.166662,38.971586],[1.16665,38.971586],[1.166636,38.971584],[1.166633,38.971581],[1.166627,38.971573],[1.166624,38.971564],[1.166623,38.971555],[1.166618,38.971549],[1.166607,38.971554],[1.166596,38.971558],[1.166586,38.971563],[1.166581,38.971567],[1.166574,38.971558],[1.166577,38.971549],[1.166578,38.971548],[1.166586,38.97154],[1.166592,38.971532],[1.166592,38.971522],[1.166592,38.971513],[1.166591,38.97151],[1.166582,38.971503],[1.16657,38.971501],[1.166558,38.971501],[1.166544,38.9715],[1.166531,38.971499],[1.166519,38.971499],[1.16651,38.9715],[1.166497,38.971502],[1.166484,38.971502],[1.166472,38.971499],[1.166459,38.971496],[1.16645,38.971493],[1.166441,38.971485],[1.166439,38.971476],[1.166439,38.971466],[1.166439,38.971456],[1.166439,38.971446],[1.166437,38.971436],[1.166428,38.971431],[1.166416,38.971429],[1.166402,38.971428],[1.16639,38.971427],[1.166375,38.971427],[1.16636,38.971426],[1.166348,38.971426],[1.166336,38.971425],[1.166322,38.971425],[1.166307,38.971425],[1.166294,38.971424],[1.166282,38.971422],[1.166269,38.971423],[1.166257,38.971423],[1.166245,38.971425],[1.166242,38.971432],[1.166242,38.971441],[1.166246,38.97145],[1.16625,38.971458],[1.166257,38.971465],[1.16624,38.971477],[1.166227,38.971476],[1.166215,38.971476],[1.166204,38.971476],[1.16619,38.971475],[1.166178,38.971475],[1.166176,38.971475],[1.166165,38.971475],[1.166153,38.971474],[1.166139,38.971474],[1.166126,38.971474],[1.166118,38.971473],[1.166104,38.971473],[1.16609,38.971472],[1.166076,38.971472],[1.166062,38.971472],[1.16605,38.971472],[1.166038,38.971471],[1.166035,38.971471],[1.166023,38.971472],[1.166019,38.971482],[1.166019,38.971493],[1.166018,38.971504],[1.166018,38.971514],[1.166008,38.97152],[1.165994,38.971522],[1.165981,38.971524],[1.165974,38.971525],[1.165959,38.971527],[1.165948,38.971528],[1.165936,38.971529],[1.165923,38.971529],[1.16591,38.97153],[1.165897,38.971532],[1.165885,38.971533],[1.165872,38.971535],[1.165859,38.971537],[1.165851,38.971538],[1.165839,38.97154],[1.165828,38.971543],[1.165817,38.971546],[1.165805,38.97155],[1.165794,38.971554],[1.165783,38.971559],[1.165773,38.971563],[1.165761,38.971569],[1.16575,38.971576],[1.165739,38.971579],[1.165738,38.971579],[1.165738,38.971568],[1.165739,38.971558],[1.165739,38.971547],[1.165736,38.971537],[1.165734,38.971531],[1.165731,38.971521],[1.16573,38.97151],[1.16573,38.971499],[1.165725,38.971491],[1.165716,38.971483],[1.165712,38.97148],[1.165702,38.971476],[1.165688,38.971479],[1.165677,38.971485],[1.165666,38.971491],[1.165656,38.971496],[1.165649,38.971498],[1.165635,38.971502],[1.16562,38.971506],[1.16561,38.971509],[1.165599,38.971513],[1.165588,38.971518],[1.165576,38.971522],[1.165564,38.971525],[1.16556,38.971526],[1.165547,38.971528],[1.165535,38.971528],[1.165523,38.971527],[1.165508,38.971527],[1.165494,38.971525],[1.165478,38.971523],[1.165475,38.971522],[1.16546,38.97152],[1.165448,38.971519],[1.165436,38.971516],[1.165423,38.971511],[1.165412,38.971505],[1.165401,38.971499],[1.165391,38.97149],[1.165381,38.971484],[1.165367,38.971483],[1.165354,38.971484],[1.165344,38.971491],[1.165341,38.9715],[1.16534,38.971509],[1.16534,38.971516],[1.165339,38.971525],[1.165329,38.971533],[1.16532,38.97154],[1.165309,38.971546],[1.165299,38.971554],[1.165293,38.97156],[1.165283,38.971565],[1.165273,38.971571],[1.165263,38.971577],[1.165253,38.971584],[1.165243,38.971591],[1.165234,38.971597],[1.165224,38.971603],[1.165214,38.971608],[1.165203,38.971613],[1.165192,38.971618],[1.165182,38.971622],[1.165172,38.971628],[1.165161,38.971636],[1.165155,38.971645],[1.165155,38.971655],[1.165153,38.971666],[1.165151,38.971675],[1.165148,38.971686],[1.165144,38.971698],[1.165139,38.971709],[1.165133,38.971718],[1.165124,38.971728],[1.165116,38.971736],[1.165108,38.971744],[1.165099,38.971752],[1.165091,38.971759],[1.165084,38.971768],[1.165077,38.971775],[1.165068,38.971786],[1.16506,38.971795],[1.165054,38.971803],[1.16505,38.971805],[1.165044,38.971797],[1.165045,38.971787],[1.165044,38.971778],[1.165045,38.971767],[1.165044,38.971757],[1.165042,38.971746],[1.165037,38.971736],[1.165033,38.971726],[1.165026,38.971716],[1.165019,38.971707],[1.165009,38.971702],[1.164999,38.9717],[1.164987,38.971698],[1.164972,38.971697],[1.164957,38.971697],[1.164941,38.971697],[1.164926,38.971696],[1.164912,38.971694],[1.164899,38.971691],[1.164885,38.971689],[1.164871,38.971687],[1.16486,38.971686],[1.164847,38.971687],[1.164834,38.971687],[1.164822,38.971687],[1.16481,38.971687],[1.164803,38.971692],[1.164803,38.971701],[1.164805,38.971712],[1.164809,38.971721],[1.164818,38.971728],[1.164829,38.971735],[1.164837,38.97174],[1.164845,38.971747],[1.164851,38.971756],[1.164852,38.971765],[1.164853,38.971774],[1.164852,38.971785],[1.164851,38.971794],[1.164843,38.971802],[1.164835,38.971808],[1.164826,38.971816],[1.164816,38.971823],[1.164806,38.971829],[1.164796,38.971835],[1.164785,38.971841],[1.164776,38.971848],[1.164767,38.971854],[1.164759,38.971862],[1.164752,38.971869],[1.164741,38.971877],[1.164731,38.971884],[1.164719,38.971891],[1.164707,38.971894],[1.164694,38.971897],[1.164682,38.971902],[1.16467,38.971909],[1.164661,38.971916],[1.164653,38.971922],[1.164643,38.97193],[1.164631,38.971936],[1.164618,38.971941],[1.164604,38.971943],[1.164591,38.971944],[1.164578,38.971945],[1.164566,38.971947],[1.164555,38.971952],[1.164549,38.97196],[1.164542,38.971969],[1.164535,38.971979],[1.164533,38.971989],[1.164532,38.972],[1.164527,38.972009],[1.164515,38.972014],[1.164502,38.97202],[1.164492,38.972027],[1.164482,38.972035],[1.164474,38.972042],[1.164464,38.97205],[1.164453,38.972056],[1.16444,38.972062],[1.16443,38.972069],[1.164428,38.972079],[1.164427,38.97209],[1.164426,38.9721],[1.164426,38.972101],[1.16443,38.97211],[1.16444,38.972116],[1.164452,38.972115],[1.164457,38.972114],[1.164468,38.97211],[1.16448,38.972109],[1.164491,38.972115],[1.164492,38.972127],[1.164492,38.97213],[1.164492,38.972139],[1.164491,38.972149],[1.16449,38.972158],[1.164487,38.97217],[1.164485,38.97218],[1.164478,38.972189],[1.164472,38.972198],[1.164465,38.972207],[1.16446,38.972215],[1.16446,38.972224],[1.164459,38.972234],[1.164458,38.972245],[1.164458,38.972256],[1.164457,38.972266],[1.164457,38.972278],[1.164458,38.972288],[1.164463,38.972297],[1.16447,38.972304],[1.164481,38.972309],[1.164492,38.972312],[1.164495,38.972322],[1.16449,38.972331],[1.164485,38.972342],[1.164481,38.972351],[1.164476,38.972359],[1.164469,38.972369],[1.164461,38.972378],[1.164457,38.972388],[1.164461,38.972397],[1.164473,38.972399],[1.164483,38.972399],[1.164478,38.972408],[1.164472,38.972416],[1.164465,38.972425],[1.164462,38.972435],[1.164462,38.972446],[1.164461,38.972457],[1.164461,38.972468],[1.164462,38.972477],[1.16447,38.972486],[1.164478,38.972493],[1.164483,38.972498],[1.16449,38.972506],[1.164496,38.972515],[1.164503,38.972524],[1.16451,38.972532],[1.164516,38.97254],[1.164519,38.972546],[1.164522,38.972556],[1.164522,38.972566],[1.16452,38.972576],[1.164517,38.972586],[1.164515,38.972597],[1.164514,38.972599],[1.164509,38.972609],[1.164503,38.97262],[1.164497,38.97263],[1.16449,38.972641],[1.164485,38.972649],[1.164479,38.972658],[1.164474,38.972666],[1.164472,38.972668],[1.164465,38.972679],[1.164458,38.97269],[1.164453,38.9727],[1.16445,38.972709],[1.164447,38.97272],[1.164446,38.972722],[1.164445,38.972731],[1.164446,38.972742],[1.164445,38.972752],[1.164441,38.97276],[1.164431,38.972767],[1.164422,38.972774],[1.164415,38.972781],[1.164409,38.97279],[1.164403,38.972798],[1.164402,38.9728],[1.1644,38.972811],[1.164399,38.97282],[1.164399,38.972829],[1.164402,38.97284],[1.164406,38.972851],[1.164407,38.972856],[1.16441,38.972867],[1.164414,38.972878],[1.164422,38.972888],[1.16443,38.972897],[1.164436,38.972906],[1.164443,38.972915],[1.164449,38.972925],[1.164455,38.972935],[1.16446,38.972945],[1.164465,38.972955],[1.164469,38.972966],[1.164473,38.972978],[1.164476,38.972988],[1.164479,38.972999],[1.164482,38.97301],[1.164485,38.97302],[1.164489,38.97303],[1.164495,38.973039],[1.1645,38.973047],[1.164506,38.973056],[1.164512,38.973066],[1.164519,38.973075],[1.164525,38.973085],[1.16453,38.973094],[1.164536,38.973104],[1.164541,38.973114],[1.164546,38.973124],[1.16455,38.973134],[1.164555,38.973144],[1.164558,38.973154],[1.164562,38.973164],[1.164565,38.973175],[1.164566,38.973185],[1.16457,38.973196],[1.164571,38.973206],[1.164574,38.973217],[1.164575,38.973227],[1.164575,38.973237],[1.164575,38.973247],[1.164574,38.973257],[1.164577,38.973267],[1.164576,38.973278],[1.164576,38.973289],[1.164575,38.973301],[1.164575,38.97331],[1.164574,38.973319],[1.164573,38.973329],[1.164573,38.973338],[1.164574,38.973347],[1.164575,38.973358],[1.164581,38.973369],[1.164587,38.973379],[1.164596,38.973387],[1.164604,38.973395],[1.164613,38.973403],[1.164619,38.973412],[1.164624,38.973422],[1.164625,38.973432],[1.164625,38.973435],[1.164627,38.973446],[1.164627,38.973458],[1.164628,38.973469],[1.164631,38.973479],[1.164634,38.973488],[1.164637,38.973493],[1.164643,38.973501],[1.16465,38.97351],[1.164655,38.973519],[1.164656,38.97353],[1.164655,38.973539],[1.164655,38.973549],[1.164655,38.973552],[1.164655,38.973561],[1.164654,38.973572],[1.164654,38.973581],[1.164656,38.973591],[1.16466,38.973601],[1.164661,38.973603],[1.164666,38.973613],[1.164672,38.973622],[1.164678,38.973632],[1.164684,38.973641],[1.164688,38.973651],[1.164692,38.97366],[1.164696,38.973669],[1.164701,38.973679],[1.164706,38.973689],[1.164712,38.973699],[1.164718,38.973706],[1.164731,38.973707],[1.164743,38.973703],[1.164753,38.973698],[1.164761,38.973691],[1.164761,38.973681],[1.16476,38.973677],[1.164754,38.973669],[1.164748,38.973659],[1.164743,38.97365],[1.164738,38.973642],[1.164733,38.973632],[1.164729,38.973623],[1.164729,38.973613],[1.164729,38.973603],[1.16473,38.973593],[1.16473,38.973583],[1.16473,38.973572],[1.164731,38.973562],[1.164731,38.973552],[1.164732,38.973542],[1.164732,38.973532],[1.164736,38.973528],[1.164749,38.973525],[1.164762,38.973522],[1.164773,38.973517],[1.164785,38.973512],[1.164796,38.973508],[1.164802,38.973507],[1.164816,38.973504],[1.164829,38.973503],[1.164841,38.973498],[1.164849,38.97349],[1.16485,38.973481],[1.164851,38.973471],[1.164861,38.973466],[1.164874,38.973462],[1.164885,38.973459],[1.164895,38.973454],[1.164903,38.973447],[1.16491,38.973437],[1.164915,38.973428],[1.164921,38.973419],[1.164927,38.973411],[1.164933,38.973402],[1.164939,38.973393],[1.164943,38.973383],[1.164947,38.973373],[1.164952,38.973363],[1.164955,38.973352],[1.164958,38.973344],[1.164968,38.973339],[1.164979,38.973337],[1.164991,38.973336],[1.165002,38.973329],[1.165009,38.973321],[1.165015,38.973312],[1.165015,38.973303],[1.165016,38.973293],[1.165016,38.973284],[1.165017,38.973272],[1.165017,38.973262],[1.165018,38.973253],[1.165019,38.973243],[1.165025,38.973234],[1.165035,38.973228],[1.165046,38.973224],[1.165059,38.973222],[1.16507,38.973219],[1.165082,38.973216],[1.165093,38.973212],[1.165102,38.973204],[1.165109,38.973195],[1.165115,38.973186],[1.165121,38.973176],[1.165127,38.973167],[1.165138,38.973164],[1.16515,38.973162],[1.165162,38.973158],[1.16517,38.973149],[1.165176,38.973139],[1.165181,38.973128],[1.165187,38.973119],[1.165193,38.97311]],[[1.165769,38.969417],[1.165777,38.96941],[1.165787,38.969402],[1.165795,38.969394],[1.165801,38.969386],[1.165808,38.969377],[1.165814,38.969369],[1.165819,38.96936],[1.165825,38.969352],[1.165826,38.96935],[1.165832,38.969341],[1.16584,38.969334],[1.165853,38.969333],[1.165856,38.969333],[1.165868,38.969334],[1.165879,38.969335],[1.165892,38.969336],[1.165902,38.969336],[1.165914,38.969334],[1.165923,38.969328],[1.165931,38.969322],[1.16594,38.969315],[1.165944,38.969316],[1.16596,38.969302],[1.165954,38.969293],[1.165951,38.969283],[1.165949,38.969273],[1.165949,38.969264],[1.165952,38.969255],[1.16596,38.969248],[1.165967,38.96924],[1.165971,38.96923],[1.165971,38.96922],[1.165972,38.96921],[1.165973,38.969207],[1.165981,38.969201],[1.165989,38.969193],[1.165993,38.969184],[1.165995,38.969181],[1.165999,38.969171],[1.166003,38.969162],[1.166008,38.969153],[1.166012,38.969144],[1.166017,38.969136],[1.166022,38.969126],[1.166027,38.969117],[1.166027,38.969107],[1.166028,38.969096],[1.16603,38.969087],[1.166038,38.96908],[1.166044,38.969072],[1.166046,38.969062],[1.166046,38.969056],[1.166047,38.969045],[1.166047,38.969034],[1.166047,38.969023],[1.166046,38.969011],[1.166045,38.969001],[1.166046,38.968991],[1.166046,38.968982],[1.166047,38.968972],[1.166047,38.968962],[1.166047,38.968952],[1.166047,38.968942],[1.166046,38.968932],[1.166044,38.968923],[1.166043,38.968913],[1.166042,38.968904],[1.166041,38.968894],[1.166039,38.968884],[1.166037,38.968874],[1.166034,38.968865],[1.166027,38.968857],[1.166021,38.968854],[1.166009,38.968854],[1.165995,38.968857],[1.165983,38.968861],[1.16597,38.968865],[1.165958,38.968869],[1.165946,38.968872],[1.165934,38.968875],[1.165931,38.968884],[1.165931,38.968889],[1.165933,38.968899],[1.165936,38.968909],[1.16594,38.968919],[1.165944,38.968929],[1.165948,38.96894],[1.165951,38.968951],[1.165956,38.968961],[1.16596,38.968972],[1.165962,38.968982],[1.165962,38.968993],[1.165961,38.969004],[1.165961,38.969014],[1.165961,38.969026],[1.16596,38.969035],[1.165959,38.969043],[1.165954,38.969052],[1.165947,38.96906],[1.165938,38.969067],[1.165929,38.969074],[1.165915,38.969079],[1.165913,38.969081],[1.165902,38.969085],[1.165892,38.969091],[1.165884,38.969098],[1.165874,38.969105],[1.165863,38.969107],[1.16585,38.969107],[1.165835,38.969107],[1.165824,38.969107],[1.165812,38.969107],[1.165799,38.96911],[1.165788,38.969117],[1.165779,38.969124],[1.165773,38.969134],[1.165768,38.969143],[1.165764,38.969153],[1.165761,38.969162],[1.16576,38.969171],[1.16576,38.969181],[1.16576,38.96919],[1.165759,38.9692],[1.165758,38.96921],[1.165757,38.969221],[1.165752,38.96923],[1.165748,38.969239],[1.165742,38.969247],[1.165737,38.969258],[1.165731,38.969267],[1.165723,38.969274],[1.165713,38.969282],[1.165702,38.969289],[1.16569,38.969296],[1.165678,38.969303],[1.165667,38.969311],[1.165655,38.969318],[1.165645,38.969323],[1.165632,38.969323],[1.165617,38.969322],[1.165605,38.969322],[1.165593,38.969322],[1.165581,38.96932],[1.165569,38.969319],[1.165557,38.969317],[1.165544,38.969313],[1.165532,38.969308],[1.165521,38.969303],[1.165511,38.969298],[1.1655,38.969291],[1.165491,38.969283],[1.16548,38.969278],[1.165467,38.969278],[1.165454,38.969278],[1.165441,38.969279],[1.165428,38.969279],[1.165414,38.969278],[1.1654,38.969278],[1.165388,38.969281],[1.165378,38.969285],[1.165367,38.96929],[1.165357,38.969296],[1.165346,38.969302],[1.165336,38.969309],[1.165325,38.969314],[1.165314,38.969319],[1.1653,38.969323],[1.165289,38.969326],[1.165276,38.96933],[1.165265,38.969334],[1.165255,38.969338],[1.165243,38.969345],[1.165238,38.969353],[1.165238,38.969362],[1.165237,38.969366],[1.165241,38.969376],[1.165249,38.969384],[1.165258,38.969391],[1.165266,38.969399],[1.165274,38.969406],[1.165282,38.969413],[1.16529,38.96942],[1.165298,38.969421],[1.16531,38.96942],[1.165322,38.969418],[1.165334,38.969414],[1.165347,38.969411],[1.16536,38.969409],[1.165374,38.969408],[1.165388,38.969409],[1.165401,38.969411],[1.165413,38.969417],[1.165425,38.969423],[1.165436,38.969429],[1.165446,38.969435],[1.165454,38.969441],[1.165457,38.969451],[1.165456,38.969461],[1.165454,38.96947],[1.165448,38.96948],[1.165444,38.969491],[1.16544,38.969501],[1.165434,38.96951],[1.16543,38.969519],[1.16543,38.969529],[1.165429,38.969538],[1.165428,38.969549],[1.165428,38.96955],[1.165438,38.969556],[1.165449,38.969562],[1.165461,38.969568],[1.165472,38.969572],[1.165485,38.969574],[1.165497,38.969574],[1.165509,38.969575],[1.165509,38.969578],[1.165508,38.969587],[1.165508,38.969598],[1.165508,38.969608],[1.165514,38.969614],[1.165525,38.969619],[1.165535,38.969623],[1.165545,38.969627],[1.165552,38.969636],[1.165552,38.969645],[1.165551,38.969657],[1.165551,38.969666],[1.16555,38.969677],[1.16555,38.969681],[1.16555,38.969691],[1.165549,38.969702],[1.165551,38.969713],[1.165556,38.969722],[1.165562,38.969726],[1.165572,38.969733],[1.165584,38.969735],[1.165598,38.969736],[1.165612,38.969737],[1.165623,38.969737],[1.165635,38.969737],[1.165647,38.969734],[1.165657,38.96973],[1.165668,38.969724],[1.165676,38.969715],[1.165677,38.969706],[1.165678,38.969704],[1.165678,38.969694],[1.165678,38.969684],[1.165676,38.969675],[1.165674,38.969665],[1.165674,38.969662],[1.165676,38.969653],[1.165682,38.969643],[1.165689,38.969635],[1.165696,38.969626],[1.165705,38.969619],[1.165714,38.969613],[1.165722,38.969604],[1.165729,38.969595],[1.165738,38.969588],[1.165745,38.969579],[1.165747,38.96957],[1.165748,38.96956],[1.165748,38.969558],[1.165748,38.969547],[1.165748,38.969536],[1.165744,38.969526],[1.165739,38.969518],[1.165734,38.969516],[1.165728,38.969507],[1.165735,38.969499],[1.165746,38.969492],[1.165751,38.969489],[1.165759,38.969482],[1.165763,38.969472],[1.165764,38.96946],[1.165764,38.969451],[1.165765,38.96944],[1.165765,38.969436],[1.165765,38.969427],[1.165769,38.969417]],[[1.16532,38.968701],[1.165324,38.968701],[1.165336,38.968701],[1.165348,38.968702],[1.16536,38.968702],[1.165372,38.968704],[1.165383,38.968704],[1.165395,38.968704],[1.165407,38.968704],[1.165418,38.968705],[1.165433,38.968705],[1.165444,38.968705],[1.165457,38.968706],[1.165469,38.968706],[1.165481,38.968705],[1.165493,38.968704],[1.165505,38.968703],[1.165517,38.9687],[1.165529,38.968696],[1.165541,38.968691],[1.165553,38.968688],[1.165564,38.968684],[1.165575,38.968681],[1.165586,38.968677],[1.165597,38.968673],[1.165609,38.968671],[1.165622,38.96867],[1.165636,38.968668],[1.165648,38.968665],[1.16566,38.968661],[1.165672,38.968654],[1.165681,38.968648],[1.165693,38.968642],[1.165705,38.968636],[1.165716,38.968631],[1.165729,38.968628],[1.165743,38.968628],[1.165756,38.968628],[1.165769,38.968628],[1.165781,38.968629],[1.165795,38.968629],[1.165806,38.96863],[1.165818,38.96863],[1.165831,38.96863],[1.165843,38.968629],[1.165846,38.968627],[1.165855,38.968621],[1.16586,38.968611],[1.165865,38.968601],[1.16587,38.968591],[1.165874,38.968581],[1.165876,38.968578],[1.165889,38.968575],[1.165901,38.968579],[1.165909,38.968586],[1.165912,38.968589],[1.165918,38.968599],[1.165924,38.968607],[1.165935,38.968611],[1.165944,38.968611],[1.165957,38.968612],[1.165968,38.968618],[1.165971,38.968627],[1.165973,38.968632],[1.165978,38.968642],[1.165987,38.968649],[1.166,38.968649],[1.166007,38.968649],[1.16602,38.968648],[1.166033,38.968647],[1.166045,38.968643],[1.166057,38.968638],[1.166068,38.968632],[1.166079,38.968626],[1.166088,38.968619],[1.166097,38.968613],[1.166108,38.968609],[1.166121,38.968609],[1.166132,38.968613],[1.166142,38.96862],[1.166143,38.968622],[1.166148,38.968631],[1.16615,38.968641],[1.166152,38.968651],[1.166156,38.968659],[1.166165,38.968666],[1.166175,38.968673],[1.166186,38.96868],[1.166196,38.968685],[1.166208,38.96869],[1.166219,38.968692],[1.166231,38.968691],[1.166243,38.968689],[1.166252,38.968682],[1.166258,38.968674],[1.16627,38.968672],[1.166281,38.968674],[1.166293,38.968677],[1.166306,38.968679],[1.166318,38.96868],[1.166327,38.96868],[1.166337,38.968675],[1.166345,38.968668],[1.166354,38.968659],[1.166362,38.968651],[1.16637,38.968641],[1.166375,38.968633],[1.166381,38.968625],[1.16639,38.968617],[1.1664,38.968612],[1.16641,38.968608],[1.166421,38.968604],[1.166433,38.9686],[1.166444,38.968595],[1.166453,38.968589],[1.166462,38.968583],[1.16647,38.968576],[1.166477,38.968568],[1.166484,38.96856],[1.166491,38.968553],[1.166499,38.968546],[1.166508,38.968539],[1.166516,38.968531],[1.16652,38.968522],[1.166524,38.968512],[1.166526,38.968503],[1.16653,38.968494],[1.166534,38.968485],[1.166538,38.968475],[1.166541,38.968467],[1.166544,38.968457],[1.166544,38.968447],[1.166544,38.968436],[1.166545,38.968425],[1.166545,38.968415],[1.166546,38.968406],[1.166546,38.968396],[1.166544,38.968386],[1.166538,38.968377],[1.166532,38.968369],[1.166525,38.968361],[1.166518,38.968353],[1.166511,38.968344],[1.166503,38.968336],[1.166495,38.968328],[1.166485,38.968322],[1.166474,38.968315],[1.166464,38.96831],[1.166453,38.968307],[1.16644,38.968307],[1.166438,38.968308],[1.166427,38.968313],[1.166419,38.96832],[1.166415,38.968329],[1.166414,38.968339],[1.166413,38.968342],[1.166401,38.968346],[1.16639,38.968346],[1.166376,38.968343],[1.166364,38.968339],[1.166359,38.968335],[1.166348,38.968329],[1.166339,38.968323],[1.166329,38.968315],[1.166321,38.968307],[1.166318,38.9683],[1.166319,38.968291],[1.166321,38.968281],[1.166324,38.968271],[1.166325,38.968266],[1.166325,38.968255],[1.166326,38.968245],[1.166322,38.968236],[1.166314,38.968229],[1.166304,38.968221],[1.166293,38.968214],[1.166284,38.968208],[1.166273,38.968202],[1.166262,38.9682],[1.166252,38.9682],[1.16624,38.9682],[1.166226,38.9682],[1.166213,38.968199],[1.166203,38.968195],[1.166193,38.968189],[1.166184,38.96818],[1.166177,38.968172],[1.166172,38.968164],[1.166164,38.968157],[1.166154,38.968151],[1.166143,38.968147],[1.166131,38.968145],[1.166118,38.968145],[1.166108,38.968151],[1.166102,38.968152],[1.166088,38.968151],[1.166075,38.968151],[1.166067,38.96815],[1.166057,38.968145],[1.166045,38.968145],[1.16604,38.968144],[1.166038,38.968129],[1.16604,38.968119],[1.16604,38.968109],[1.166039,38.968106],[1.166033,38.968098],[1.166025,38.968089],[1.166017,38.968082],[1.166006,38.968075],[1.165996,38.968069],[1.165993,38.968068],[1.165981,38.968062],[1.165972,38.968057],[1.165962,38.968052],[1.165952,38.968047],[1.165943,38.968041],[1.165935,38.968034],[1.165933,38.968032],[1.165926,38.968025],[1.165918,38.968018],[1.165909,38.968012],[1.165898,38.968005],[1.165889,38.967999],[1.165879,38.967993],[1.165869,38.967987],[1.16586,38.967981],[1.165851,38.967974],[1.165842,38.967968],[1.16583,38.967962],[1.165822,38.96796],[1.16581,38.967956],[1.165799,38.967953],[1.165797,38.967952],[1.165795,38.967943],[1.165802,38.967939],[1.165813,38.967935],[1.165816,38.967926],[1.165807,38.967919],[1.165798,38.967913],[1.165788,38.967906],[1.165778,38.967899],[1.165767,38.967893],[1.165757,38.967886],[1.165746,38.96788],[1.165736,38.967874],[1.165726,38.967868],[1.165722,38.967858],[1.165723,38.967848],[1.165723,38.967838],[1.165724,38.967828],[1.165724,38.967819],[1.16572,38.96781],[1.165708,38.967803],[1.165697,38.967796],[1.165686,38.967788],[1.165674,38.967781],[1.165664,38.967773],[1.165654,38.967765],[1.165644,38.967757],[1.165633,38.967749],[1.165624,38.967743],[1.165613,38.967735],[1.165605,38.967729],[1.165596,38.967722],[1.165585,38.967715],[1.165576,38.967708],[1.165567,38.967702],[1.165558,38.967696],[1.165548,38.96769],[1.165539,38.967685],[1.165529,38.96768],[1.165515,38.967675],[1.165503,38.967671],[1.165492,38.967668],[1.165481,38.967665],[1.16547,38.96766],[1.165458,38.967653],[1.165453,38.96765],[1.165444,38.967643],[1.165436,38.967637],[1.165427,38.96763],[1.165416,38.967622],[1.165407,38.967615],[1.165397,38.967609],[1.165388,38.967602],[1.165379,38.967595],[1.16537,38.967588],[1.16536,38.967581],[1.165351,38.967573],[1.165343,38.967566],[1.165334,38.967559],[1.165324,38.967552],[1.165315,38.967545],[1.165305,38.967538],[1.165295,38.967531],[1.165285,38.967525],[1.165275,38.967519],[1.165264,38.967513],[1.165253,38.967507],[1.165242,38.967501],[1.165231,38.967496],[1.165219,38.967491],[1.165208,38.967486],[1.165197,38.967482],[1.165186,38.967479],[1.165172,38.967475],[1.165157,38.967471],[1.165145,38.967469],[1.165131,38.967465],[1.16512,38.967461],[1.165107,38.967457],[1.165093,38.967453],[1.165081,38.967451],[1.165067,38.967451],[1.165054,38.967451],[1.165046,38.96745],[1.165034,38.967451],[1.165021,38.967454],[1.165012,38.967461],[1.165002,38.967466],[1.165,38.967467],[1.164988,38.967468],[1.164974,38.967467],[1.164961,38.967465],[1.164949,38.967462],[1.164947,38.967461],[1.164934,38.96746],[1.16492,38.967459],[1.164908,38.967461],[1.164896,38.967465],[1.164883,38.967468],[1.164877,38.967469],[1.164865,38.967471],[1.164855,38.967476],[1.164845,38.967482],[1.164837,38.967489],[1.164828,38.967498],[1.164819,38.967505],[1.164811,38.967512],[1.164801,38.967521],[1.164793,38.967528],[1.164788,38.967538],[1.164786,38.967549],[1.164785,38.967558],[1.164785,38.967569],[1.164784,38.967579],[1.164784,38.967588],[1.164782,38.967599],[1.16478,38.96761],[1.164778,38.967619],[1.164778,38.96763],[1.164778,38.967641],[1.164777,38.96765],[1.164777,38.967661],[1.164776,38.967671],[1.164774,38.967681],[1.164772,38.967692],[1.16477,38.967702],[1.164768,38.967713],[1.164766,38.967724],[1.164766,38.967734],[1.164765,38.967745],[1.164764,38.967756],[1.164764,38.967767],[1.164763,38.967778],[1.164763,38.967789],[1.164763,38.967799],[1.164762,38.96781],[1.164762,38.967821],[1.164762,38.967831],[1.164762,38.967841],[1.164764,38.96785],[1.164767,38.96786],[1.164771,38.96787],[1.164773,38.967873],[1.164783,38.967881],[1.164794,38.967885],[1.164806,38.967885],[1.164815,38.967885],[1.164827,38.967881],[1.164839,38.967877],[1.16485,38.967873],[1.164859,38.967873],[1.164868,38.967881],[1.164874,38.967889],[1.16488,38.967898],[1.164884,38.967907],[1.164886,38.967918],[1.164885,38.967924],[1.164885,38.967936],[1.164884,38.967945],[1.164884,38.967954],[1.164883,38.967965],[1.164886,38.967976],[1.164893,38.967982],[1.1649,38.96799],[1.164907,38.967997],[1.164914,38.968006],[1.164914,38.968017],[1.164914,38.968021],[1.164912,38.968031],[1.164907,38.968041],[1.164902,38.968052],[1.164895,38.968063],[1.164887,38.968073],[1.164882,38.968077],[1.164871,38.968085],[1.164862,38.96809],[1.164852,38.968095],[1.16484,38.968102],[1.164831,38.968108],[1.164822,38.968114],[1.164814,38.96812],[1.164803,38.968129],[1.164795,38.968136],[1.164787,38.968142],[1.164778,38.968149],[1.164769,38.968155],[1.16476,38.968161],[1.164751,38.968167],[1.164739,38.968174],[1.164729,38.968181],[1.164719,38.968188],[1.164709,38.968193],[1.164697,38.968198],[1.164693,38.9682],[1.164681,38.968204],[1.164676,38.968212],[1.164675,38.968222],[1.164675,38.968224],[1.164675,38.968233],[1.164678,38.968243],[1.164682,38.968253],[1.164688,38.968263],[1.164694,38.968272],[1.164701,38.968282],[1.164707,38.968291],[1.164713,38.968301],[1.164715,38.968311],[1.164718,38.968321],[1.164721,38.968331],[1.164725,38.96834],[1.164731,38.96835],[1.164737,38.968359],[1.164745,38.968368],[1.164754,38.968376],[1.164763,38.968385],[1.164772,38.968393],[1.164781,38.9684],[1.164791,38.968406],[1.164801,38.968413],[1.164811,38.968419],[1.164821,38.968424],[1.164831,38.96843],[1.16484,38.968436],[1.16485,38.968442],[1.164859,38.968447],[1.16487,38.968453],[1.164878,38.96846],[1.164882,38.96847],[1.164885,38.968479],[1.164889,38.968489],[1.164892,38.968499],[1.164898,38.968509],[1.164906,38.968518],[1.164915,38.968527],[1.164925,38.968535],[1.164934,38.968541],[1.164945,38.968545],[1.164958,38.968546],[1.164969,38.968548],[1.164977,38.968553],[1.164986,38.96856],[1.164996,38.968567],[1.165005,38.968574],[1.165015,38.96858],[1.165017,38.96858],[1.165027,38.968586],[1.165034,38.968594],[1.16504,38.968604],[1.165045,38.968613],[1.165049,38.968618],[1.165059,38.968623],[1.165071,38.968626],[1.165084,38.968628],[1.165098,38.968629],[1.165105,38.968631],[1.165114,38.968639],[1.165121,38.968648],[1.165126,38.968658],[1.165131,38.968666],[1.165136,38.968675],[1.165139,38.968683],[1.16514,38.968685],[1.165146,38.968694],[1.165157,38.968699],[1.165168,38.968702],[1.165181,38.968703],[1.165195,38.968703],[1.1652,38.968703],[1.165214,38.968704],[1.165227,38.968704],[1.165239,38.968706],[1.165251,38.968707],[1.165256,38.968708],[1.165268,38.968708],[1.165281,38.968706],[1.165293,38.968703],[1.165306,38.968701],[1.16532,38.968701]],[[1.166649,38.968672],[1.16666,38.968669],[1.166664,38.968664],[1.166672,38.968656],[1.166676,38.968647],[1.166676,38.968637],[1.166677,38.968634],[1.166677,38.968624],[1.166677,38.968614],[1.166674,38.968604],[1.16667,38.968597],[1.166669,38.968588],[1.166669,38.968578],[1.16667,38.968571],[1.166664,38.968553],[1.166656,38.968547],[1.166648,38.968539],[1.166639,38.968532],[1.166633,38.968528],[1.166633,38.968519],[1.166643,38.968513],[1.166654,38.96851],[1.166665,38.968507],[1.166673,38.968499],[1.166674,38.96849],[1.166674,38.968487],[1.166675,38.968477],[1.166675,38.968468],[1.166674,38.968459],[1.166671,38.968457],[1.16666,38.968457],[1.166647,38.968458],[1.166638,38.968464],[1.166635,38.968475],[1.166633,38.968484],[1.16663,38.968493],[1.166626,38.968502],[1.166617,38.968509],[1.166605,38.968513],[1.166592,38.968515],[1.16658,38.968516],[1.166568,38.96852],[1.166556,38.968525],[1.166546,38.968531],[1.166542,38.968536],[1.166542,38.968546],[1.166542,38.968557],[1.166541,38.968568],[1.16654,38.968577],[1.166539,38.968579],[1.166533,38.968587],[1.166525,38.968595],[1.166519,38.968603],[1.166518,38.968614],[1.166517,38.968625],[1.166517,38.968635],[1.166516,38.968645],[1.166517,38.96865],[1.166524,38.968659],[1.166533,38.968665],[1.166544,38.968669],[1.166547,38.968669],[1.16656,38.968668],[1.166573,38.968667],[1.166584,38.968669],[1.166586,38.968669],[1.166598,38.968671],[1.16661,38.968671],[1.166623,38.968672],[1.166636,38.968672],[1.166649,38.968672]]]},"properties":{"featureId":"rm-reserva-marina-de-ses-bledes-zona-d-especial-proteccio-de-na-bosc-es-vaixell-i-na-gorra--zona-de-proteccio-especial--autonomica--01","zoneId":"rm-reserva-marina-de-ses-bledes-zona-d-especial-proteccio-de-na-bosc-es-vaixell-i-na-gorra--zona-de-proteccio-especial--autonomica","fuente":"reservas-marinas","fuenteTitulo":"Reservas marinas","nombre":"Reserva Marina de ses Bledes Zona d'Especial Protecció de na Bosc, es Vaixell i na Gorra","proteccion":"Zona de protecció especial","competencia":"Autonòmica","isla":"eivissa","areaKm2":0.2617,"normas":[{"titulo":"Decret 25/2023","fecha":"2025-05-02","url":"https://www.caib.es/sites/reservesmarines/ca/descripcia_0_0_0_0/","tipo":"creacion","origen":"ideib"}],"objectIdOrigen":3238}},{"type":"Feature","geometry":{"type":"MultiPolygon","coordinates":[[[[1.33458,38.866695],[1.334492,38.866776],[1.334391,38.866846],[1.334322,38.866877],[1.334232,38.86689],[1.334101,38.866909],[1.333965,38.866926],[1.333819,38.866954],[1.333724,38.866979],[1.333628,38.866999],[1.333501,38.86701],[1.333419,38.867013],[1.333368,38.866983],[1.333328,38.866965],[1.333269,38.866962],[1.333207,38.86696],[1.333147,38.866948],[1.333107,38.86693],[1.333069,38.866892],[1.33305,38.866866],[1.333056,38.86684],[1.333072,38.866831],[1.333098,38.866798],[1.333105,38.866764],[1.333095,38.866725],[1.333037,38.866695],[1.332995,38.866698],[1.332997,38.866728],[1.333036,38.866756],[1.333034,38.866777],[1.332996,38.866786],[1.332937,38.866767],[1.332873,38.866781],[1.332836,38.866783],[1.332772,38.866782],[1.332756,38.866763],[1.332719,38.866776],[1.332707,38.866811],[1.332706,38.866833],[1.332691,38.866866],[1.332659,38.866898],[1.332653,38.866931],[1.332618,38.866948],[1.332614,38.866977],[1.332661,38.867016],[1.332721,38.867042],[1.332743,38.867077],[1.332772,38.867128],[1.332827,38.867176],[1.332886,38.867217],[1.332893,38.867246],[1.332886,38.867298],[1.332882,38.867325],[1.33292,38.867391],[1.332915,38.867453],[1.332891,38.867522],[1.332884,38.867642],[1.332839,38.867683],[1.33273,38.867722],[1.33262,38.867753],[1.332608,38.867753],[1.332583,38.867751],[1.332573,38.867739],[1.332563,38.867716],[1.332548,38.867689],[1.332519,38.867681],[1.33249,38.867713],[1.332486,38.867731],[1.332477,38.867788],[1.332459,38.867855],[1.332441,38.867906],[1.332462,38.867997],[1.332436,38.868035],[1.332394,38.868068],[1.332324,38.868095],[1.332194,38.868122],[1.332089,38.868141],[1.33199,38.86816],[1.331878,38.868175],[1.331783,38.868176],[1.331748,38.868161],[1.331752,38.868093],[1.33175,38.868049],[1.331729,38.868042],[1.331724,38.86807],[1.33172,38.868098],[1.331708,38.868104],[1.331643,38.868086],[1.331581,38.868136],[1.331521,38.868157],[1.331454,38.868146],[1.33141,38.868122],[1.331365,38.868081],[1.331329,38.868039],[1.331296,38.868011],[1.331253,38.867977],[1.331209,38.867958],[1.33116,38.867946],[1.331113,38.867949],[1.331058,38.86797],[1.331024,38.868028],[1.330979,38.868054],[1.330902,38.868078],[1.330804,38.868081],[1.33058,38.868073],[1.33047,38.868057],[1.330375,38.868029],[1.330351,38.868013],[1.330329,38.868],[1.33031,38.867989],[1.330251,38.867978],[1.330215,38.867971],[1.33016,38.867977],[1.330074,38.867974],[1.329832,38.867921],[1.329762,38.867901],[1.329644,38.867852],[1.329589,38.8678],[1.329528,38.867763],[1.329478,38.867734],[1.329409,38.867711],[1.329344,38.867699],[1.329284,38.867669],[1.329229,38.867631],[1.329196,38.867586],[1.329112,38.867539],[1.329093,38.867504],[1.329093,38.867447],[1.329069,38.867393],[1.329024,38.867339],[1.328936,38.867284],[1.328902,38.867265],[1.328865,38.867237],[1.328837,38.867197],[1.328815,38.867148],[1.328816,38.867098],[1.328821,38.867061],[1.328809,38.867035],[1.328807,38.867006],[1.328813,38.866963],[1.328801,38.86691],[1.328759,38.866878],[1.32873,38.866867],[1.328718,38.866844],[1.328715,38.866808],[1.328685,38.866771],[1.328647,38.866743],[1.328623,38.866693],[1.32858,38.86665],[1.328569,38.866619],[1.328575,38.866589],[1.328567,38.86654],[1.328529,38.866504],[1.32848,38.866464],[1.328465,38.866427],[1.328465,38.86639],[1.328432,38.866363],[1.32843,38.866326],[1.328431,38.866233],[1.328403,38.866153],[1.328381,38.866123],[1.328389,38.866082],[1.328413,38.866031],[1.328438,38.865968],[1.328471,38.865903],[1.328473,38.865881],[1.328455,38.865861],[1.32842,38.865858],[1.328364,38.865856],[1.328289,38.865838],[1.328253,38.865819],[1.328243,38.865797],[1.328244,38.865756],[1.328257,38.865725],[1.328271,38.865698],[1.328261,38.865657],[1.328246,38.865613],[1.328243,38.865569],[1.328257,38.865514],[1.328274,38.865487],[1.328275,38.86544],[1.328249,38.865384],[1.328222,38.865334],[1.328212,38.865297],[1.328217,38.86527],[1.328181,38.865226],[1.328152,38.865186],[1.328144,38.865143],[1.32818,38.865101],[1.328233,38.865077],[1.328261,38.865062],[1.328253,38.865023],[1.328187,38.864986],[1.328152,38.864938],[1.328133,38.864873],[1.328088,38.864832],[1.328069,38.864757],[1.32805,38.864689],[1.328027,38.864561],[1.327993,38.864434],[1.327952,38.864313],[1.327918,38.864263],[1.327825,38.86422],[1.327724,38.864156],[1.327586,38.8641],[1.327491,38.864053],[1.327356,38.863998],[1.32728,38.863982],[1.327203,38.863935],[1.327144,38.863882],[1.327078,38.863828],[1.327019,38.863759],[1.327014,38.863681],[1.327015,38.863619],[1.326991,38.863569],[1.32698,38.863534],[1.326982,38.863483],[1.326994,38.863453],[1.327008,38.863445],[1.327032,38.863456],[1.327063,38.863452],[1.327078,38.863398],[1.327043,38.86333],[1.327043,38.863297],[1.327005,38.863245],[1.326983,38.863216],[1.326949,38.863183],[1.326928,38.863152],[1.326916,38.863131],[1.326885,38.863112],[1.326853,38.86313],[1.326876,38.863158],[1.326876,38.863189],[1.326841,38.86321],[1.326832,38.863245],[1.326789,38.863274],[1.326749,38.863265],[1.326746,38.863225],[1.326708,38.863179],[1.326667,38.863167],[1.326644,38.863183],[1.326663,38.863224],[1.326621,38.863275],[1.326562,38.863302],[1.326521,38.863301],[1.326477,38.863319],[1.326444,38.863334],[1.326386,38.863336],[1.326378,38.863323],[1.326401,38.863285],[1.326344,38.863273],[1.326249,38.863262],[1.326236,38.863231],[1.326234,38.863196],[1.326188,38.863197],[1.326177,38.86323],[1.326125,38.863229],[1.326081,38.863219],[1.326023,38.863193],[1.325963,38.8632],[1.325942,38.863214],[1.325846,38.863217],[1.325763,38.863215],[1.325729,38.863177],[1.325678,38.863161],[1.325628,38.86318],[1.325615,38.863219],[1.325556,38.863253],[1.325476,38.863252],[1.325445,38.863233],[1.325405,38.863222],[1.325338,38.863249],[1.325285,38.86323],[1.325267,38.86318],[1.325207,38.863172],[1.325137,38.863181],[1.32511,38.863208],[1.325037,38.863229],[1.325012,38.863244],[1.324956,38.86324],[1.324865,38.863231],[1.324794,38.863248],[1.324738,38.86323],[1.324736,38.863167],[1.324684,38.863146],[1.324603,38.863143],[1.324606,38.863105],[1.324651,38.863085],[1.324678,38.863049],[1.32464,38.862992],[1.324607,38.862946],[1.324549,38.862904],[1.324531,38.862871],[1.32449,38.862853],[1.324444,38.862811],[1.324379,38.862785],[1.324323,38.862764],[1.3243,38.86273],[1.324301,38.862658],[1.324257,38.862546],[1.324186,38.862468],[1.32414,38.862392],[1.324065,38.862279],[1.324027,38.86228],[1.323992,38.862308],[1.323982,38.862276],[1.323987,38.862239],[1.323964,38.862215],[1.323906,38.862188],[1.323858,38.862129],[1.323783,38.862045],[1.323749,38.861989],[1.323711,38.861911],[1.323723,38.861867],[1.323788,38.86185],[1.323791,38.861802],[1.32377,38.86174],[1.323746,38.861699],[1.323668,38.861597],[1.323574,38.861566],[1.323554,38.861573],[1.323513,38.861487],[1.323514,38.861444],[1.323492,38.861404],[1.323456,38.86141],[1.323425,38.861396],[1.323418,38.861359],[1.323392,38.861319],[1.323372,38.861305],[1.32336,38.861259],[1.323316,38.861186],[1.323274,38.86116],[1.323245,38.861119],[1.323212,38.861076],[1.323162,38.861067],[1.323131,38.861057],[1.323106,38.861018],[1.323084,38.86101],[1.323064,38.86101],[1.323055,38.860972],[1.323043,38.860888],[1.323012,38.860878],[1.322976,38.860836],[1.322922,38.860734],[1.322898,38.860698],[1.322848,38.860697],[1.322817,38.860674],[1.322806,38.860615],[1.322784,38.860554],[1.322769,38.860488],[1.322748,38.860413],[1.32271,38.860401],[1.322663,38.860395],[1.322618,38.860365],[1.322588,38.860361],[1.322597,38.860311],[1.322635,38.860296],[1.322582,38.860269],[1.322546,38.860282],[1.322515,38.860289],[1.322486,38.860272],[1.322492,38.860226],[1.322508,38.860176],[1.322537,38.860136],[1.322477,38.859988],[1.322446,38.859975],[1.322387,38.859948],[1.322358,38.859943],[1.322356,38.859908],[1.322315,38.859898],[1.322302,38.859915],[1.322296,38.859929],[1.322232,38.859906],[1.322235,38.859814],[1.322218,38.859786],[1.322183,38.859776],[1.322156,38.859792],[1.32215,38.859797],[1.322121,38.859788],[1.322104,38.859763],[1.322109,38.859727],[1.322145,38.859658],[1.322146,38.859636],[1.322119,38.859625],[1.322085,38.859622],[1.322066,38.859603],[1.322061,38.859577],[1.322072,38.859542],[1.322108,38.859497],[1.322134,38.859468],[1.32216,38.859452],[1.322163,38.859423],[1.322163,38.859388],[1.322178,38.859347],[1.322181,38.859311],[1.322179,38.859274],[1.322156,38.859222],[1.32215,38.859151],[1.322123,38.859101],[1.322064,38.859077],[1.322011,38.859038],[1.321999,38.859003],[1.322025,38.858971],[1.322104,38.858992],[1.322119,38.858962],[1.322072,38.858907],[1.322023,38.858856],[1.321986,38.858831],[1.321949,38.858832],[1.321939,38.85884],[1.321918,38.858852],[1.321892,38.858848],[1.321863,38.858822],[1.32182,38.858789],[1.321775,38.85877],[1.321713,38.858733],[1.321689,38.85871],[1.321691,38.858672],[1.321711,38.858635],[1.321755,38.858635],[1.321775,38.858632],[1.321767,38.858592],[1.32174,38.858554],[1.321751,38.858509],[1.321779,38.858464],[1.321832,38.858457],[1.321847,38.858438],[1.321847,38.858405],[1.321819,38.858369],[1.321818,38.858328],[1.32179,38.858313],[1.32174,38.858268],[1.321742,38.858213],[1.321735,38.85816],[1.321676,38.858039],[1.321635,38.858013],[1.321602,38.858017],[1.321561,38.858033],[1.321506,38.858025],[1.321472,38.858009],[1.321503,38.857947],[1.321526,38.857876],[1.321536,38.857826],[1.321537,38.857764],[1.32151,38.85766],[1.321468,38.8576],[1.321415,38.857561],[1.321391,38.857527],[1.321357,38.857483],[1.321359,38.857417],[1.321353,38.857368],[1.321335,38.857321],[1.32129,38.857264],[1.321239,38.857263],[1.321219,38.857247],[1.321218,38.85721],[1.321222,38.857141],[1.321201,38.85708],[1.321229,38.85705],[1.321216,38.857012],[1.321166,38.85698],[1.321129,38.856888],[1.321075,38.856885],[1.321023,38.856877],[1.320996,38.856847],[1.320996,38.856808],[1.32098,38.856775],[1.320997,38.85675],[1.321071,38.856761],[1.321089,38.856756],[1.32109,38.856723],[1.321056,38.856671],[1.321018,38.856663],[1.320995,38.856652],[1.321006,38.856614],[1.321024,38.856608],[1.321032,38.856572],[1.321013,38.856499],[1.321007,38.856456],[1.321017,38.85641],[1.32102,38.856373],[1.32098,38.856339],[1.320953,38.856308],[1.320951,38.856238],[1.320926,38.856152],[1.320892,38.856114],[1.320866,38.856102],[1.320812,38.856103],[1.320758,38.856107],[1.320698,38.856094],[1.320643,38.856092],[1.320602,38.856079],[1.320542,38.85603],[1.320526,38.855975],[1.320507,38.855892],[1.320492,38.855834],[1.32025,38.855833],[1.346389,38.845444],[1.353466,38.835358],[1.401944,38.766278],[1.352194,38.7185],[1.384297,38.644143],[1.384336,38.644204],[1.384362,38.644272],[1.384348,38.644319],[1.384346,38.644378],[1.384304,38.644431],[1.384234,38.644456],[1.384172,38.644481],[1.384142,38.644526],[1.384141,38.644579],[1.384154,38.644638],[1.384173,38.644707],[1.384173,38.644782],[1.384178,38.644862],[1.384183,38.64492],[1.384194,38.644994],[1.384194,38.645055],[1.384224,38.645107],[1.38426,38.645162],[1.38428,38.645223],[1.38429,38.645279],[1.384327,38.645334],[1.38438,38.645373],[1.38443,38.645446],[1.384421,38.645474],[1.384421,38.64551],[1.384372,38.645509],[1.384323,38.645479],[1.384224,38.645445],[1.384138,38.645444],[1.384117,38.645474],[1.384083,38.645475],[1.384056,38.645446],[1.384026,38.645416],[1.383975,38.645432],[1.383966,38.645485],[1.383967,38.64558],[1.383988,38.645646],[1.384016,38.645672],[1.384057,38.645698],[1.384114,38.645726],[1.384142,38.645777],[1.384202,38.645824],[1.38421,38.645835],[1.384239,38.645874],[1.384221,38.64592],[1.384174,38.645931],[1.384127,38.645944],[1.384112,38.645986],[1.384125,38.646043],[1.384179,38.646104],[1.384218,38.64618],[1.384226,38.646317],[1.384222,38.646396],[1.384217,38.646452],[1.384244,38.646516],[1.384296,38.646555],[1.384341,38.646611],[1.384352,38.646665],[1.384307,38.646688],[1.384274,38.646671],[1.384236,38.646659],[1.384195,38.646686],[1.384124,38.646743],[1.384061,38.646813],[1.384058,38.646859],[1.384031,38.646899],[1.383954,38.646953],[1.383936,38.64699],[1.38392,38.647037],[1.383868,38.647093],[1.38386,38.647134],[1.383853,38.64718],[1.383833,38.647228],[1.383831,38.647284],[1.383853,38.647339],[1.383879,38.647392],[1.383892,38.647463],[1.383895,38.647526],[1.383918,38.647586],[1.383892,38.647641],[1.383842,38.647647],[1.383794,38.647663],[1.383785,38.647708],[1.38376,38.647757],[1.383756,38.647791],[1.383786,38.647837],[1.383815,38.647892],[1.383806,38.64793],[1.383812,38.647973],[1.383853,38.648025],[1.383859,38.648088],[1.38383,38.648137],[1.383792,38.648157],[1.383739,38.648192],[1.383737,38.648209],[1.383732,38.648242],[1.383717,38.648293],[1.383716,38.64835],[1.383739,38.648425],[1.383788,38.648544],[1.383839,38.648687],[1.383841,38.648759],[1.38386,38.648831],[1.383926,38.649004],[1.383992,38.649151],[1.384063,38.649342],[1.384114,38.649481],[1.38418,38.649665],[1.384216,38.649768],[1.384241,38.649883],[1.384246,38.649971],[1.384262,38.650037],[1.384283,38.65009],[1.384327,38.650154],[1.384355,38.650215],[1.384358,38.650269],[1.38436,38.650326],[1.384377,38.650382],[1.384421,38.650427],[1.384474,38.65045],[1.384546,38.650451],[1.38462,38.650472],[1.38468,38.650492],[1.384656,38.650513],[1.38458,38.650553],[1.384572,38.650601],[1.384576,38.650648],[1.384595,38.650696],[1.384594,38.650756],[1.384607,38.650798],[1.384625,38.650832],[1.384624,38.650883],[1.384642,38.650926],[1.384662,38.650987],[1.384679,38.651053],[1.384681,38.651098],[1.384707,38.651144],[1.384772,38.65126],[1.384923,38.65137],[1.385012,38.651421],[1.385058,38.651479],[1.385155,38.651543],[1.385223,38.651571],[1.385226,38.65159],[1.38523,38.651624],[1.385216,38.651728],[1.385215,38.651807],[1.385213,38.651891],[1.38519,38.651968],[1.385158,38.652038],[1.385138,38.65212],[1.385138,38.652211],[1.385143,38.652277],[1.385176,38.65234],[1.385164,38.652359],[1.38514,38.652386],[1.385157,38.652418],[1.385197,38.652459],[1.385193,38.652493],[1.385152,38.652502],[1.385106,38.652518],[1.385099,38.652543],[1.385121,38.652568],[1.385153,38.652586],[1.385193,38.652579],[1.385202,38.652541],[1.385203,38.65254],[1.385213,38.652556],[1.385255,38.652562],[1.385311,38.652584],[1.385356,38.652631],[1.385377,38.652679],[1.38538,38.652721],[1.385404,38.652748],[1.385451,38.652753],[1.385501,38.65275],[1.385533,38.652815],[1.385554,38.652935],[1.385555,38.652941],[1.385563,38.652991],[1.385528,38.653046],[1.385533,38.653107],[1.385555,38.653166],[1.385545,38.653214],[1.385529,38.653276],[1.385541,38.653339],[1.385591,38.653388],[1.385632,38.653448],[1.385639,38.653517],[1.385611,38.65355],[1.385579,38.65359],[1.385574,38.65365],[1.3856,38.653689],[1.38562,38.653732],[1.385609,38.653814],[1.385569,38.653882],[1.385528,38.653917],[1.38548,38.653913],[1.385448,38.653936],[1.385456,38.653992],[1.385454,38.654054],[1.385416,38.654088],[1.385407,38.654137],[1.38544,38.654162],[1.385469,38.654213],[1.385507,38.654233],[1.385513,38.654271],[1.385504,38.654328],[1.385523,38.654358],[1.385558,38.654393],[1.385587,38.654464],[1.385607,38.654515],[1.385664,38.654525],[1.385725,38.654545],[1.385726,38.654584],[1.385749,38.654629],[1.385777,38.654674],[1.385775,38.654735],[1.385773,38.654799],[1.385762,38.654822],[1.385755,38.654837],[1.385756,38.654877],[1.385736,38.654931],[1.38573,38.654991],[1.385712,38.655036],[1.385695,38.65508],[1.3857,38.65512],[1.385694,38.65519],[1.385639,38.655236],[1.385567,38.655272],[1.385563,38.655304],[1.385627,38.65536],[1.385663,38.655397],[1.385649,38.65546],[1.385613,38.655488],[1.385603,38.655518],[1.385567,38.655552],[1.385544,38.655591],[1.385571,38.655625],[1.385573,38.655663],[1.385589,38.655712],[1.385605,38.655773],[1.385629,38.65588],[1.385628,38.655941],[1.385603,38.655972],[1.38564,38.656139],[1.385662,38.656198],[1.385704,38.656219],[1.38572,38.656282],[1.385708,38.656318],[1.385698,38.656351],[1.385728,38.656372],[1.385775,38.656445],[1.385813,38.656509],[1.385836,38.656577],[1.385871,38.656625],[1.385927,38.656679],[1.385963,38.656723],[1.386016,38.656731],[1.386074,38.656747],[1.386067,38.656792],[1.386064,38.656834],[1.386063,38.656842],[1.386059,38.6569],[1.386025,38.656907],[1.386007,38.656942],[1.386044,38.656984],[1.386093,38.656995],[1.386122,38.657041],[1.386116,38.657075],[1.386093,38.657127],[1.386092,38.657191],[1.386112,38.657269],[1.386133,38.657332],[1.38612,38.657381],[1.386106,38.657437],[1.386071,38.657484],[1.386024,38.657524],[1.386018,38.657575],[1.386072,38.65765],[1.386137,38.657728],[1.386154,38.657776],[1.386124,38.657817],[1.386106,38.657872],[1.386114,38.657917],[1.386167,38.65795],[1.386228,38.658003],[1.386267,38.658059],[1.386278,38.658109],[1.38632,38.658161],[1.386399,38.658235],[1.386467,38.658288],[1.386496,38.658337],[1.386464,38.658343],[1.38645,38.658379],[1.386477,38.658407],[1.386514,38.658453],[1.386546,38.658499],[1.386554,38.658567],[1.386567,38.658597],[1.386563,38.658634],[1.386606,38.658667],[1.386618,38.658727],[1.386652,38.658783],[1.386669,38.658851],[1.386678,38.658917],[1.386675,38.658981],[1.386697,38.659055],[1.3867,38.659086],[1.386704,38.659129],[1.386717,38.659196],[1.386731,38.659264],[1.386717,38.659332],[1.386674,38.659399],[1.386694,38.65947],[1.386733,38.659584],[1.386757,38.659685],[1.386792,38.659734],[1.386789,38.659759],[1.386763,38.659776],[1.38678,38.659802],[1.386794,38.659832],[1.386772,38.659849],[1.386757,38.659901],[1.386742,38.659938],[1.386725,38.65999],[1.386743,38.660033],[1.386749,38.660085],[1.386762,38.660112],[1.386783,38.660153],[1.386773,38.660213],[1.386766,38.660306],[1.386764,38.660386],[1.386789,38.660496],[1.386868,38.660682],[1.386879,38.660742],[1.386847,38.66085],[1.386816,38.66092],[1.386814,38.660924],[1.386763,38.66096],[1.3867,38.660991],[1.386682,38.661033],[1.3867,38.661095],[1.386704,38.661161],[1.386673,38.661206],[1.386618,38.661236],[1.386586,38.661227],[1.386554,38.661216],[1.386506,38.661236],[1.386509,38.661273],[1.386563,38.661294],[1.386582,38.661321],[1.386547,38.66134],[1.386534,38.661363],[1.386549,38.661382],[1.386569,38.661403],[1.386532,38.66146],[1.386493,38.661516],[1.3865,38.661566],[1.38654,38.661621],[1.386611,38.661694],[1.38663,38.661746],[1.386618,38.661771],[1.386607,38.661794],[1.386561,38.661868],[1.386543,38.661918],[1.386589,38.661983],[1.386589,38.66204],[1.38655,38.662105],[1.386523,38.662167],[1.386539,38.662354],[1.386546,38.662446],[1.386583,38.662532],[1.386597,38.662725],[1.386646,38.662892],[1.386715,38.663065],[1.386798,38.663265],[1.386857,38.663346],[1.386929,38.663421],[1.386995,38.663518],[1.387076,38.663647],[1.38711,38.663726],[1.387134,38.663814],[1.387141,38.663877],[1.387173,38.66394],[1.387214,38.664001],[1.387215,38.664084],[1.387213,38.664163],[1.387211,38.66422],[1.387242,38.664274],[1.387297,38.664311],[1.387334,38.664367],[1.387403,38.664455],[1.387439,38.664503],[1.387437,38.664558],[1.3874,38.664601],[1.387428,38.664652],[1.387472,38.664694],[1.387534,38.664697],[1.387556,38.664722],[1.387529,38.664763],[1.387469,38.664811],[1.387353,38.664866],[1.387306,38.664892],[1.387309,38.664941],[1.387333,38.664998],[1.38733,38.665062],[1.387305,38.665109],[1.387306,38.665152],[1.387399,38.665185],[1.387438,38.665217],[1.387431,38.665268],[1.387385,38.665308],[1.387378,38.665358],[1.387387,38.665417],[1.387455,38.665551],[1.387494,38.665585],[1.387506,38.665624],[1.387494,38.665665],[1.387542,38.665764],[1.387574,38.665836],[1.387621,38.665863],[1.387627,38.6659],[1.387622,38.665938],[1.387653,38.665965],[1.3877,38.665982],[1.387698,38.666034],[1.387679,38.666067],[1.387643,38.666107],[1.387598,38.666165],[1.387546,38.666203],[1.387432,38.666213],[1.387301,38.666228],[1.38723,38.666257],[1.387171,38.666291],[1.387146,38.666345],[1.387135,38.66641],[1.387096,38.666458],[1.387073,38.666529],[1.387072,38.666617],[1.387074,38.666668],[1.387075,38.666695],[1.387064,38.666751],[1.38706,38.666904],[1.387075,38.66699],[1.387102,38.667026],[1.387181,38.66705],[1.387266,38.667053],[1.387343,38.667078],[1.387376,38.667131],[1.387383,38.667179],[1.38735,38.66723],[1.387347,38.667285],[1.387328,38.667335],[1.387297,38.667381],[1.387302,38.667424],[1.387342,38.667434],[1.387385,38.667485],[1.387382,38.667518],[1.387408,38.667544],[1.387434,38.667574],[1.387442,38.66765],[1.387467,38.667723],[1.387505,38.667787],[1.387504,38.66784],[1.38744,38.667916],[1.387385,38.667963],[1.387317,38.667967],[1.387244,38.667996],[1.387191,38.667999],[1.387153,38.66801],[1.38715,38.668046],[1.387174,38.668083],[1.387209,38.668112],[1.38727,38.668171],[1.38729,38.668206],[1.387263,38.66825],[1.387195,38.668296],[1.387124,38.668346],[1.387065,38.668388],[1.387029,38.668443],[1.386995,38.668508],[1.386989,38.66857],[1.386991,38.66862],[1.386972,38.668678],[1.38697,38.668738],[1.38697,38.668744],[1.386983,38.66879],[1.387018,38.668801],[1.387026,38.668835],[1.386984,38.66886],[1.386917,38.668906],[1.386893,38.668953],[1.386886,38.669013],[1.386915,38.669046],[1.386962,38.669054],[1.386987,38.669093],[1.386959,38.669128],[1.386914,38.669153],[1.386944,38.669231],[1.386991,38.669331],[1.386969,38.669356],[1.386918,38.669347],[1.386861,38.66935],[1.38681,38.669335],[1.386785,38.669296],[1.386739,38.669268],[1.386671,38.669297],[1.386631,38.669346],[1.386645,38.669403],[1.386637,38.669451],[1.386601,38.669469],[1.386591,38.66949],[1.386661,38.66952],[1.3867,38.669523],[1.386737,38.669505],[1.386779,38.669525],[1.386824,38.669583],[1.386874,38.669609],[1.386884,38.669652],[1.38687,38.669682],[1.386836,38.669685],[1.386815,38.66972],[1.386832,38.669753],[1.386846,38.669785],[1.386829,38.669822],[1.386836,38.669856],[1.386836,38.669918],[1.386835,38.669969],[1.386833,38.67002],[1.386832,38.670071],[1.386841,38.670124],[1.386809,38.670137],[1.386758,38.67013],[1.386709,38.670133],[1.386641,38.670151],[1.386571,38.670179],[1.38652,38.670208],[1.386467,38.670227],[1.386437,38.670255],[1.386436,38.670298],[1.386402,38.670339],[1.386376,38.67038],[1.386367,38.670421],[1.386374,38.670435],[1.386403,38.670452],[1.386389,38.670477],[1.386375,38.670524],[1.386372,38.670571],[1.386376,38.670611],[1.386336,38.670663],[1.386273,38.670704],[1.386267,38.670737],[1.386306,38.670753],[1.386314,38.67079],[1.386335,38.670822],[1.386333,38.670854],[1.386331,38.670892],[1.386338,38.67093],[1.386375,38.670963],[1.386407,38.671007],[1.386386,38.671056],[1.386339,38.671091],[1.386286,38.671111],[1.386223,38.671124],[1.386189,38.671107],[1.38612,38.671077],[1.386057,38.671079],[1.386038,38.671104],[1.38607,38.671136],[1.386081,38.671161],[1.386046,38.671184],[1.386008,38.671212],[1.385998,38.671248],[1.38598,38.67125],[1.385956,38.671273],[1.385921,38.671298],[1.385923,38.671326],[1.385888,38.671374],[1.385862,38.671409],[1.385803,38.671438],[1.385775,38.671473],[1.385772,38.671516],[1.385762,38.671565],[1.385728,38.671604],[1.385734,38.671636],[1.385768,38.671645],[1.385784,38.671692],[1.38576,38.67174],[1.385724,38.671783],[1.38568,38.671806],[1.385634,38.671806],[1.385603,38.671824],[1.385566,38.671835],[1.38555,38.671862],[1.385526,38.671885],[1.385481,38.671889],[1.385467,38.671912],[1.385473,38.671944],[1.385462,38.671973],[1.385478,38.671988],[1.385517,38.671988],[1.385517,38.672012],[1.385497,38.67204],[1.38547,38.67207],[1.385451,38.672102],[1.385405,38.672123],[1.385341,38.672129],[1.385296,38.672157],[1.385226,38.672191],[1.385166,38.672216],[1.385118,38.672259],[1.385116,38.672293],[1.385082,38.672325],[1.385025,38.672353],[1.385002,38.67239],[1.384982,38.672433],[1.384986,38.672472],[1.385018,38.672518],[1.385023,38.672567],[1.385015,38.672623],[1.385013,38.672673],[1.385022,38.672715],[1.385058,38.672745],[1.385095,38.672764],[1.385113,38.672794],[1.385104,38.672828],[1.385103,38.67286],[1.38511,38.672905],[1.385144,38.672956],[1.385188,38.673004],[1.385237,38.673053],[1.385292,38.673115],[1.385299,38.673148],[1.385253,38.673215],[1.385208,38.673262],[1.385217,38.673321],[1.385268,38.673394],[1.385329,38.673465],[1.385398,38.673511],[1.3855,38.673578],[1.385559,38.673643],[1.385599,38.673693],[1.385675,38.673722],[1.385736,38.673775],[1.38578,38.673825],[1.38583,38.673838],[1.385895,38.673854],[1.385889,38.673897],[1.385935,38.673923],[1.386009,38.673908],[1.386033,38.673954],[1.385999,38.674021],[1.385976,38.674097],[1.385916,38.674158],[1.385832,38.674175],[1.385746,38.674169],[1.385678,38.674173],[1.385603,38.674218],[1.385527,38.674247],[1.385453,38.674285],[1.385414,38.674339],[1.385437,38.674417],[1.385501,38.674453],[1.38554,38.674497],[1.385501,38.674545],[1.38544,38.674579],[1.385329,38.674613],[1.385226,38.674648],[1.385135,38.674699],[1.385043,38.674746],[1.384947,38.674781],[1.384865,38.674838],[1.384786,38.67489],[1.384613,38.674904],[1.384556,38.67489],[1.38448,38.674891],[1.384427,38.674905],[1.38437,38.674967],[1.384335,38.675021],[1.38432,38.675091],[1.384265,38.675193],[1.384216,38.675275],[1.384171,38.675371],[1.384146,38.675421],[1.384151,38.675444],[1.384157,38.675476],[1.384214,38.675533],[1.384285,38.675653],[1.384312,38.67574],[1.384302,38.675815],[1.384276,38.675881],[1.384341,38.675951],[1.384347,38.676012],[1.384345,38.676085],[1.384389,38.676127],[1.384439,38.676147],[1.384473,38.676173],[1.384469,38.67621],[1.384427,38.676257],[1.38441,38.676307],[1.384416,38.67637],[1.384439,38.676416],[1.384467,38.676465],[1.384462,38.67653],[1.384449,38.676607],[1.384426,38.676677],[1.384345,38.676786],[1.384273,38.676904],[1.384206,38.676989],[1.384147,38.677098],[1.384156,38.677144],[1.384163,38.677186],[1.384112,38.677202],[1.384054,38.677195],[1.384026,38.677225],[1.384017,38.677277],[1.384032,38.677376],[1.384079,38.677418],[1.384153,38.677424],[1.384185,38.677448],[1.384193,38.677519],[1.384194,38.677596],[1.384259,38.677718],[1.384303,38.677775],[1.384295,38.677857],[1.384245,38.677939],[1.384197,38.678022],[1.384153,38.67808],[1.38407,38.678164],[1.384055,38.678245],[1.384097,38.678269],[1.384176,38.678293],[1.384217,38.678338],[1.384202,38.678404],[1.384284,38.678427],[1.384364,38.678428],[1.384397,38.678454],[1.384412,38.678504],[1.384373,38.678545],[1.384336,38.678636],[1.384342,38.678724],[1.384387,38.678817],[1.384408,38.678924],[1.384434,38.678989],[1.384457,38.679013],[1.384435,38.679037],[1.384296,38.679043],[1.384197,38.679057],[1.3841,38.679101],[1.383949,38.679182],[1.383834,38.679255],[1.38382,38.679304],[1.383756,38.679333],[1.383688,38.679375],[1.383665,38.679457],[1.383661,38.679538],[1.38365,38.679612],[1.383589,38.679671],[1.383586,38.679746],[1.383651,38.679763],[1.383767,38.679749],[1.38386,38.679733],[1.383943,38.679734],[1.384025,38.679752],[1.384146,38.67979],[1.3842,38.679831],[1.38419,38.679883],[1.384141,38.679917],[1.384097,38.679947],[1.383987,38.67998],[1.383869,38.679989],[1.383683,38.680018],[1.383604,38.68004],[1.383551,38.680009],[1.383473,38.679992],[1.383391,38.680009],[1.383395,38.680053],[1.383425,38.680118],[1.383487,38.680133],[1.383552,38.680145],[1.383591,38.680188],[1.383565,38.680216],[1.383503,38.680286],[1.383441,38.680348],[1.38337,38.680404],[1.383309,38.680473],[1.383299,38.680536],[1.383222,38.680629],[1.383186,38.680698],[1.383126,38.680804],[1.383059,38.680896],[1.38299,38.680943],[1.382956,38.680991],[1.382927,38.681055],[1.382867,38.681091],[1.382828,38.681141],[1.382824,38.681217],[1.382823,38.68131],[1.382803,38.681372],[1.382749,38.681402],[1.38272,38.68145],[1.38272,38.68151],[1.382699,38.681612],[1.382664,38.681717],[1.382588,38.681827],[1.38252,38.681916],[1.382487,38.681993],[1.382445,38.682093],[1.382432,38.682176],[1.382374,38.682221],[1.382339,38.682297],[1.382305,38.682381],[1.38229,38.682454],[1.382239,38.682486],[1.382188,38.682547],[1.382236,38.682577],[1.382309,38.682615],[1.382393,38.682698],[1.382446,38.682785],[1.382501,38.682867],[1.382517,38.682944],[1.38252,38.683019],[1.382474,38.68302],[1.382417,38.683054],[1.38244,38.683093],[1.38242,38.683115],[1.382369,38.683179],[1.382361,38.683245],[1.382345,38.683343],[1.382359,38.683408],[1.382426,38.683468],[1.382502,38.683511],[1.382567,38.683565],[1.382646,38.683579],[1.382714,38.683552],[1.382799,38.683564],[1.382846,38.683625],[1.382883,38.683688],[1.382887,38.683768],[1.382841,38.683778],[1.382757,38.6838],[1.382687,38.683854],[1.382611,38.683916],[1.382552,38.683979],[1.382539,38.684042],[1.382596,38.684091],[1.382644,38.684162],[1.382636,38.684226],[1.382631,38.684285],[1.382574,38.684343],[1.3825,38.684385],[1.382417,38.684424],[1.382297,38.684477],[1.38216,38.68453],[1.38208,38.684571],[1.382026,38.684635],[1.38198,38.684704],[1.381972,38.684768],[1.381942,38.684814],[1.381889,38.684867],[1.381869,38.684936],[1.381809,38.684994],[1.381778,38.685065],[1.381734,38.685159],[1.381712,38.685223],[1.381724,38.685291],[1.381769,38.685327],[1.381829,38.685328],[1.381848,38.685361],[1.381797,38.685443],[1.381725,38.685471],[1.381621,38.685469],[1.381568,38.685495],[1.381571,38.685568],[1.381593,38.685643],[1.381636,38.68565],[1.381679,38.685704],[1.381663,38.685751],[1.3817,38.685802],[1.381757,38.685809],[1.381813,38.685854],[1.38184,38.685926],[1.381888,38.685968],[1.381951,38.685991],[1.382011,38.686026],[1.382096,38.686037],[1.382186,38.686047],[1.382323,38.686075],[1.382439,38.686115],[1.382542,38.686172],[1.382607,38.686233],[1.38265,38.686309],[1.382695,38.686394],[1.382766,38.686471],[1.382804,38.686542],[1.382842,38.68659],[1.382821,38.686648],[1.382779,38.686663],[1.382706,38.686689],[1.382667,38.686749],[1.382664,38.686818],[1.382603,38.686874],[1.382531,38.686898],[1.382517,38.686956],[1.3825,38.687016],[1.382465,38.687074],[1.382463,38.687139],[1.382464,38.687203],[1.382521,38.687263],[1.38259,38.687331],[1.382613,38.687418],[1.382618,38.687492],[1.382619,38.687502],[1.382625,38.68758],[1.382673,38.687631],[1.382758,38.687628],[1.382825,38.687629],[1.382844,38.687642],[1.382834,38.687723],[1.382799,38.687831],[1.382783,38.687932],[1.382763,38.688007],[1.382731,38.688066],[1.382678,38.688118],[1.382627,38.688152],[1.382554,38.688166],[1.382438,38.688188],[1.382369,38.688205],[1.382284,38.688221],[1.382163,38.688211],[1.382082,38.688262],[1.382058,38.688315],[1.382071,38.688395],[1.382067,38.68846],[1.38208,38.688546],[1.382107,38.688617],[1.38215,38.68865],[1.382163,38.688702],[1.382141,38.688745],[1.382102,38.688802],[1.382056,38.688857],[1.381986,38.688914],[1.381919,38.688971],[1.381867,38.688995],[1.381784,38.689017],[1.381728,38.689048],[1.38166,38.689114],[1.381583,38.689153],[1.381486,38.689218],[1.381409,38.689274],[1.381335,38.689312],[1.381281,38.689374],[1.381261,38.689405],[1.381193,38.689459],[1.381102,38.689553],[1.38105,38.689584],[1.381003,38.689611],[1.38094,38.689653],[1.38091,38.6897],[1.380932,38.689733],[1.381015,38.689786],[1.381103,38.689863],[1.381173,38.689948],[1.381224,38.690039],[1.381241,38.690124],[1.381234,38.690171],[1.38122,38.690213],[1.381191,38.690262],[1.381138,38.690296],[1.381097,38.690335],[1.381051,38.690393],[1.381049,38.690453],[1.381078,38.690498],[1.381133,38.69056],[1.381152,38.690603],[1.3812,38.690633],[1.381235,38.690694],[1.381277,38.690754],[1.381293,38.690825],[1.381304,38.690881],[1.381325,38.691001],[1.381351,38.691055],[1.381397,38.691088],[1.38145,38.691174],[1.381466,38.691257],[1.381467,38.691365],[1.381459,38.691452],[1.38144,38.691492],[1.381425,38.691535],[1.381458,38.691586],[1.381461,38.691646],[1.381497,38.691697],[1.38149,38.691736],[1.381424,38.691827],[1.381392,38.691867],[1.38137,38.691882],[1.381313,38.691891],[1.381286,38.691956],[1.381283,38.69201],[1.381256,38.692053],[1.381201,38.692063],[1.381154,38.69208],[1.381158,38.692126],[1.381198,38.692174],[1.381194,38.692229],[1.381176,38.692279],[1.381133,38.692339],[1.381071,38.692385],[1.381001,38.692412],[1.380932,38.692422],[1.380837,38.69244],[1.380732,38.692447],[1.380652,38.692457],[1.380579,38.692502],[1.380546,38.692545],[1.380543,38.692598],[1.380547,38.692652],[1.380564,38.692713],[1.380603,38.692765],[1.38066,38.692804],[1.380712,38.692859],[1.380757,38.692895],[1.380822,38.692941],[1.380846,38.692985],[1.380892,38.693],[1.381193,38.693001],[1.381408,38.692989],[1.381483,38.69299],[1.381538,38.692985],[1.381587,38.692954],[1.381648,38.692924],[1.381719,38.692922],[1.381796,38.692937],[1.381857,38.692953],[1.381927,38.692951],[1.382015,38.692921],[1.382128,38.692881],[1.382269,38.692846],[1.382436,38.692823],[1.382593,38.692825],[1.382666,38.692838],[1.382683,38.692868],[1.382696,38.692898],[1.382754,38.692894],[1.382819,38.692871],[1.382845,38.692831],[1.38292,38.692801],[1.382996,38.692793],[1.38309,38.692795],[1.383196,38.692801],[1.383235,38.692819],[1.383222,38.692861],[1.383189,38.692919],[1.383199,38.692964],[1.383255,38.693003],[1.383301,38.693036],[1.383338,38.693025],[1.383337,38.692978],[1.383362,38.692961],[1.383417,38.692945],[1.383465,38.692933],[1.383521,38.692916],[1.383574,38.692886],[1.383639,38.692869],[1.3837,38.692868],[1.383778,38.692859],[1.383896,38.692826],[1.384,38.692826],[1.384064,38.692832],[1.384083,38.692855],[1.384049,38.692886],[1.384054,38.692918],[1.384095,38.692912],[1.38413,38.692881],[1.384189,38.692886],[1.384311,38.692918],[1.384396,38.692939],[1.384564,38.692977],[1.384607,38.69301],[1.384678,38.693039],[1.384753,38.693047],[1.384821,38.693049],[1.384885,38.693048],[1.384946,38.693028],[1.38499,38.692996],[1.385051,38.692988],[1.385122,38.692985],[1.385204,38.692977],[1.385293,38.692988],[1.385347,38.692992],[1.385418,38.692991],[1.385478,38.69297],[1.38554,38.69297],[1.385598,38.692971],[1.385656,38.692965],[1.385697,38.692975],[1.38576,38.692976],[1.385811,38.692974],[1.385869,38.692962],[1.385955,38.692964],[1.38603,38.692979],[1.386061,38.693007],[1.386041,38.693031],[1.386054,38.693063],[1.386094,38.693088],[1.386184,38.693089],[1.386248,38.693099],[1.386371,38.69315],[1.386503,38.693187],[1.386569,38.693198],[1.386667,38.693161],[1.386797,38.693155],[1.386889,38.693173],[1.38709,38.693178],[1.387243,38.693174],[1.387408,38.693149],[1.387535,38.693095],[1.387596,38.693079],[1.387667,38.693089],[1.387668,38.693047],[1.387741,38.693001],[1.387762,38.69296],[1.387838,38.692885],[1.387953,38.692839],[1.388104,38.692811],[1.388209,38.692788],[1.388238,38.692791],[1.388265,38.692794],[1.388267,38.692794],[1.38828,38.692796],[1.388291,38.692798],[1.388326,38.692809],[1.388347,38.692816],[1.388367,38.692822],[1.388445,38.69284],[1.388455,38.692843],[1.388491,38.692851],[1.388514,38.692857],[1.388531,38.692862],[1.388539,38.692865],[1.388545,38.692867],[1.388562,38.692874],[1.388581,38.692884],[1.388597,38.692894],[1.388669,38.692941],[1.388698,38.692961],[1.388725,38.692977],[1.388788,38.693014],[1.388826,38.693036],[1.388857,38.693055],[1.388876,38.693067],[1.388904,38.693086],[1.388936,38.69311],[1.388971,38.693138],[1.389053,38.693206],[1.389064,38.693215],[1.389083,38.693233],[1.38911,38.69326],[1.389114,38.693263],[1.389126,38.693277],[1.389139,38.693293],[1.389149,38.693307],[1.389159,38.693324],[1.389167,38.693338],[1.389174,38.693356],[1.389176,38.69336],[1.389178,38.693369],[1.389179,38.693381],[1.389179,38.693394],[1.389178,38.693407],[1.389173,38.69343],[1.389169,38.693446],[1.389164,38.693463],[1.389159,38.693475],[1.389153,38.693487],[1.389147,38.693497],[1.389137,38.69351],[1.389136,38.693511],[1.38913,38.693517],[1.389116,38.693525],[1.389102,38.693534],[1.389095,38.693538],[1.389087,38.693545],[1.389032,38.693604],[1.389031,38.693606],[1.389024,38.693623],[1.38895,38.693695],[1.38884,38.693799],[1.388829,38.693813],[1.388743,38.693951],[1.388759,38.694011],[1.388814,38.694082],[1.388861,38.694164],[1.388862,38.694253],[1.388843,38.694309],[1.388742,38.694346],[1.38877,38.694392],[1.388863,38.694461],[1.388911,38.694543],[1.388987,38.694614],[1.389068,38.694669],[1.389166,38.694735],[1.389214,38.694792],[1.389248,38.694863],[1.389289,38.694942],[1.389327,38.694987],[1.389387,38.695005],[1.389479,38.695018],[1.389545,38.695089],[1.389574,38.695196],[1.389531,38.695335],[1.389449,38.69544],[1.389376,38.695495],[1.389325,38.695525],[1.389327,38.695592],[1.389278,38.69565],[1.389291,38.695704],[1.38929,38.695757],[1.389273,38.695832],[1.389263,38.695919],[1.389259,38.695952],[1.38929,38.695975],[1.38934,38.695987],[1.389372,38.69598],[1.389412,38.695958],[1.38948,38.695956],[1.389565,38.695972],[1.389582,38.696009],[1.389736,38.69602],[1.389825,38.696016],[1.38986,38.696042],[1.389805,38.696091],[1.389799,38.696161],[1.389753,38.696163],[1.389699,38.696168],[1.389654,38.696251],[1.389593,38.696364],[1.389555,38.696431],[1.389558,38.696451],[1.389518,38.696506],[1.389459,38.696558],[1.389405,38.696566],[1.389354,38.696584],[1.389336,38.696606],[1.389381,38.696635],[1.389495,38.696668],[1.389572,38.696703],[1.389631,38.696782],[1.389696,38.696868],[1.389762,38.696942],[1.389859,38.69703],[1.38995,38.69711],[1.390051,38.69721],[1.39013,38.697293],[1.390231,38.697384],[1.390283,38.697453],[1.390306,38.697515],[1.390319,38.697568],[1.390353,38.697611],[1.39042,38.697651],[1.390465,38.697716],[1.39047,38.697789],[1.390464,38.697868],[1.390426,38.697928],[1.390331,38.698008],[1.390251,38.698056],[1.390203,38.698084],[1.390109,38.698152],[1.390046,38.698224],[1.390027,38.698257],[1.389975,38.698324],[1.389976,38.698408],[1.389967,38.698455],[1.390047,38.698549],[1.390151,38.698649],[1.390153,38.698702],[1.390126,38.698777],[1.39006,38.698843],[1.39003,38.69889],[1.39002,38.698969],[1.390033,38.699022],[1.390074,38.699087],[1.390158,38.699145],[1.390245,38.699202],[1.390287,38.699231],[1.390343,38.69928],[1.390377,38.699339],[1.390386,38.699421],[1.390375,38.699524],[1.39033,38.699616],[1.390285,38.699679],[1.390233,38.699743],[1.390204,38.699753],[1.390147,38.699766],[1.390114,38.699785],[1.390102,38.699822],[1.390125,38.699875],[1.390149,38.69994],[1.390234,38.700079],[1.39027,38.700169],[1.390297,38.700242],[1.390292,38.700301],[1.390262,38.700321],[1.39026,38.700324],[1.390253,38.700332],[1.390244,38.700339],[1.390234,38.700346],[1.390221,38.700348],[1.390209,38.700349],[1.390195,38.700349],[1.390183,38.700349],[1.390171,38.700349],[1.390158,38.700348],[1.390148,38.700348],[1.390142,38.700348],[1.390134,38.700348],[1.390122,38.700348],[1.390109,38.700348],[1.390097,38.700347],[1.390086,38.700347],[1.390074,38.700347],[1.390062,38.700348],[1.390051,38.700353],[1.39004,38.700358],[1.390029,38.700358],[1.390015,38.700357],[1.390003,38.700357],[1.389991,38.700357],[1.38998,38.700357],[1.389968,38.700357],[1.389954,38.70036],[1.389942,38.700363],[1.38993,38.700367],[1.389919,38.70037],[1.389907,38.700373],[1.389901,38.700374],[1.389888,38.700374],[1.389876,38.700374],[1.389863,38.700373],[1.389848,38.700372],[1.389839,38.700365],[1.389827,38.700359],[1.38982,38.700355],[1.389809,38.70035],[1.389798,38.700348],[1.389786,38.700348],[1.389775,38.700348],[1.389763,38.700351],[1.389761,38.700361],[1.389761,38.700371],[1.389762,38.700381],[1.389763,38.700391],[1.389773,38.700397],[1.389777,38.700397],[1.389788,38.700396],[1.389798,38.700402],[1.389795,38.700411],[1.389789,38.700419],[1.389784,38.700427],[1.389776,38.700436],[1.389769,38.700444],[1.389761,38.700451],[1.389749,38.700457],[1.38974,38.700463],[1.389731,38.700471],[1.389719,38.700473],[1.389705,38.700477],[1.389694,38.700482],[1.389685,38.700488],[1.389676,38.700493],[1.389665,38.700497],[1.389654,38.700501],[1.389642,38.700505],[1.389631,38.700509],[1.389619,38.70051],[1.389607,38.700509],[1.389595,38.700509],[1.389581,38.700509],[1.389567,38.700509],[1.389555,38.700508],[1.389542,38.700508],[1.389528,38.700508],[1.389514,38.700508],[1.3895,38.700507],[1.389488,38.700507],[1.389474,38.700506],[1.389461,38.700506],[1.389452,38.700506],[1.38944,38.700506],[1.389429,38.700503],[1.389416,38.700499],[1.389404,38.700496],[1.389391,38.700495],[1.389379,38.700494],[1.389367,38.700493],[1.389355,38.700492],[1.389344,38.700488],[1.389337,38.70048],[1.389329,38.700478],[1.389316,38.700479],[1.389306,38.700486],[1.3893,38.700493],[1.389297,38.700499],[1.389294,38.700508],[1.389291,38.700517],[1.38929,38.700527],[1.38929,38.700538],[1.38929,38.700547],[1.389289,38.700556],[1.389289,38.700566],[1.389289,38.700576],[1.389289,38.700585],[1.389288,38.700594],[1.389288,38.700604],[1.389288,38.700614],[1.389288,38.700624],[1.389288,38.700634],[1.389286,38.700646],[1.389282,38.70065],[1.389272,38.700657],[1.389262,38.700663],[1.38925,38.700668],[1.389241,38.700673],[1.38923,38.700679],[1.389219,38.700685],[1.389208,38.700691],[1.389197,38.700697],[1.389185,38.700703],[1.389175,38.70071],[1.389163,38.700717],[1.389151,38.700723],[1.38914,38.700729],[1.389128,38.700736],[1.389118,38.700743],[1.38911,38.700752],[1.3891,38.700761],[1.389092,38.700771],[1.389084,38.70078],[1.389077,38.700788],[1.389068,38.700796],[1.38906,38.700805],[1.38905,38.700815],[1.389039,38.700821],[1.389028,38.700827],[1.389016,38.700834],[1.389007,38.70084],[1.388996,38.700847],[1.388985,38.700854],[1.388976,38.70086],[1.388965,38.700867],[1.388954,38.700871],[1.388944,38.700876],[1.388934,38.700881],[1.388924,38.700886],[1.388914,38.700891],[1.388904,38.700896],[1.388895,38.700901],[1.388883,38.700909],[1.388875,38.700916],[1.388868,38.700925],[1.388861,38.700933],[1.388853,38.700942],[1.388844,38.700949],[1.388837,38.700957],[1.388829,38.700964],[1.388821,38.700971],[1.388817,38.70098],[1.388814,38.70099],[1.388812,38.701002],[1.38881,38.701012],[1.388806,38.701022],[1.388801,38.701031],[1.388792,38.701038],[1.38878,38.701041],[1.38877,38.701048],[1.38876,38.701054],[1.388754,38.701062],[1.388752,38.701072],[1.388752,38.701083],[1.388752,38.701092],[1.388754,38.701102],[1.38876,38.701111],[1.388765,38.701119],[1.388775,38.701124],[1.388788,38.701124],[1.3888,38.701124],[1.388808,38.701131],[1.388808,38.701133],[1.3888,38.701141],[1.388793,38.701149],[1.388786,38.701159],[1.388784,38.701169],[1.388784,38.701179],[1.388783,38.701181],[1.388783,38.70119],[1.388783,38.7012],[1.388782,38.70121],[1.388778,38.70122],[1.388771,38.701229],[1.388763,38.701237],[1.388758,38.701243],[1.388751,38.701252],[1.388749,38.701262],[1.388751,38.701272],[1.388756,38.70128],[1.388757,38.701281],[1.388769,38.701279],[1.388776,38.701271],[1.388785,38.701264],[1.388791,38.701261],[1.388798,38.701254],[1.388807,38.701247],[1.388818,38.701243],[1.388828,38.701237],[1.388838,38.70123],[1.388844,38.701226],[1.388857,38.701226],[1.388868,38.701232],[1.388875,38.70124],[1.388882,38.701248],[1.388889,38.701254],[1.388897,38.701261],[1.388906,38.701269],[1.388911,38.701277],[1.388913,38.701287],[1.388915,38.701297],[1.388917,38.701306],[1.388919,38.701317],[1.388922,38.701326],[1.388926,38.701336],[1.388929,38.701346],[1.388933,38.701356],[1.388937,38.701365],[1.388938,38.701376],[1.388938,38.701386],[1.388938,38.701396],[1.388938,38.701406],[1.388937,38.701416],[1.388937,38.701423],[1.388937,38.701433],[1.388937,38.701444],[1.388936,38.701454],[1.388936,38.701464],[1.388935,38.701466],[1.388927,38.701474],[1.388917,38.70148],[1.388908,38.701486],[1.388897,38.701492],[1.388892,38.701502],[1.388891,38.701506],[1.388895,38.701515],[1.388906,38.701518],[1.388918,38.701518],[1.388931,38.701518],[1.388944,38.701515],[1.388956,38.701515],[1.388968,38.701514],[1.388978,38.701518],[1.388989,38.701525],[1.388997,38.701532],[1.389005,38.70154],[1.389011,38.701548],[1.389013,38.701553],[1.389012,38.701563],[1.389012,38.701573],[1.389011,38.701584],[1.389004,38.701591],[1.389,38.701591],[1.388988,38.701592],[1.388974,38.701592],[1.388962,38.701595],[1.388953,38.701602],[1.388948,38.701611],[1.388946,38.701622],[1.388946,38.701631],[1.388945,38.701643],[1.388945,38.701653],[1.388945,38.701663],[1.388949,38.701674],[1.388953,38.701685],[1.388956,38.701694],[1.388955,38.701704],[1.388955,38.701714],[1.388955,38.701725],[1.388954,38.701735],[1.388955,38.701746],[1.388959,38.701755],[1.388965,38.701765],[1.388972,38.701775],[1.38898,38.701783],[1.388979,38.701793],[1.388979,38.701803],[1.388979,38.701813],[1.388978,38.701822],[1.388978,38.701831],[1.388978,38.701841],[1.388977,38.701852],[1.388977,38.701862],[1.388976,38.701871],[1.388976,38.701881],[1.388977,38.70189],[1.388978,38.7019],[1.388983,38.701911],[1.388987,38.70192],[1.388991,38.701932],[1.388997,38.701942],[1.389002,38.701951],[1.389007,38.701961],[1.38901,38.70197],[1.38901,38.701973],[1.389009,38.701985],[1.389008,38.701995],[1.388999,38.702002],[1.388988,38.702007],[1.388981,38.702015],[1.388981,38.702019],[1.388981,38.70203],[1.388982,38.702041],[1.388981,38.70205],[1.38898,38.702062],[1.388979,38.702073],[1.388978,38.702073],[1.388966,38.702072],[1.388954,38.702072],[1.388942,38.702072],[1.388929,38.702073],[1.388922,38.702076],[1.388912,38.702083],[1.388907,38.702093],[1.388907,38.702103],[1.388906,38.702113],[1.388909,38.702124],[1.388914,38.702133],[1.388919,38.702142],[1.388925,38.702152],[1.388931,38.702162],[1.388936,38.702172],[1.388941,38.702181],[1.388947,38.70219],[1.388951,38.7022],[1.388952,38.702209],[1.388953,38.70222],[1.388953,38.702231],[1.388953,38.702241],[1.388952,38.702252],[1.388953,38.702263],[1.388952,38.702275],[1.388952,38.702287],[1.388952,38.702296],[1.388952,38.702306],[1.388953,38.702317],[1.388952,38.702328],[1.388952,38.702339],[1.388952,38.702349],[1.388951,38.702359],[1.38895,38.702369],[1.388947,38.702378],[1.388944,38.702389],[1.388941,38.702398],[1.38894,38.702409],[1.38894,38.70242],[1.388938,38.70243],[1.388936,38.702441],[1.388934,38.702451],[1.388932,38.702462],[1.388931,38.702472],[1.38893,38.702481],[1.388928,38.702486],[1.388927,38.702496],[1.388927,38.702505],[1.388927,38.702516],[1.388926,38.702526],[1.388933,38.702535],[1.388936,38.702537],[1.388946,38.702541],[1.388958,38.702544],[1.388967,38.702551],[1.388975,38.702558],[1.388982,38.702566],[1.388986,38.702576],[1.388989,38.702586],[1.388991,38.702596],[1.388992,38.702607],[1.388992,38.702618],[1.388995,38.702627],[1.389002,38.702636],[1.38901,38.702647],[1.389016,38.702654],[1.389024,38.702662],[1.389031,38.70267],[1.389037,38.702678],[1.389044,38.702686],[1.389051,38.702695],[1.389057,38.702704],[1.389064,38.702713],[1.389069,38.702722],[1.389075,38.702732],[1.389082,38.702743],[1.389088,38.702753],[1.389093,38.702764],[1.389098,38.702774],[1.389102,38.702787],[1.389106,38.702799],[1.389108,38.702811],[1.389111,38.702823],[1.389114,38.702835],[1.389116,38.702847],[1.389117,38.702858],[1.389119,38.70287],[1.38912,38.702881],[1.38912,38.702891],[1.38912,38.702901],[1.389119,38.702911],[1.389119,38.70292],[1.389119,38.70293],[1.389118,38.702939],[1.389118,38.702949],[1.389118,38.702958],[1.389118,38.702968],[1.38912,38.702977],[1.389122,38.702986],[1.389126,38.702996],[1.389129,38.703005],[1.389134,38.703015],[1.38914,38.703026],[1.389146,38.703035],[1.389154,38.703045],[1.389159,38.703054],[1.389165,38.703062],[1.389171,38.703072],[1.389178,38.703082],[1.389185,38.703092],[1.389191,38.703102],[1.389195,38.703113],[1.389197,38.703122],[1.389199,38.703132],[1.389198,38.703143],[1.389198,38.703155],[1.389198,38.703164],[1.389197,38.703176],[1.389198,38.703187],[1.389204,38.703198],[1.389211,38.703208],[1.389219,38.703218],[1.389224,38.703222],[1.389231,38.703231],[1.389236,38.703239],[1.389235,38.70325],[1.389233,38.70326],[1.389227,38.70327],[1.389226,38.703272],[1.389216,38.703278],[1.389203,38.703278],[1.389191,38.703278],[1.389179,38.703277],[1.389168,38.703276],[1.389155,38.703276],[1.389141,38.703276],[1.38913,38.703281],[1.389129,38.703285],[1.389123,38.703293],[1.389121,38.703303],[1.389121,38.703313],[1.38912,38.703324],[1.38912,38.703334],[1.389119,38.703345],[1.389121,38.703356],[1.389127,38.703359],[1.38914,38.70336],[1.389153,38.70336],[1.389166,38.703364],[1.389174,38.703371],[1.389179,38.70338],[1.389178,38.703391],[1.389169,38.703396],[1.38916,38.703404],[1.389147,38.703406],[1.389135,38.703405],[1.38913,38.703405],[1.389119,38.703409],[1.389112,38.703417],[1.38911,38.703427],[1.38911,38.703438],[1.38911,38.703448],[1.389111,38.703457],[1.389113,38.703467],[1.389115,38.703477],[1.389116,38.703488],[1.389115,38.7035],[1.389115,38.703512],[1.389115,38.703524],[1.389114,38.703533],[1.389114,38.703543],[1.389114,38.703553],[1.389113,38.703563],[1.389113,38.703573],[1.389114,38.703583],[1.389113,38.703592],[1.389114,38.703601],[1.389116,38.703613],[1.389117,38.703622],[1.389118,38.703631],[1.389119,38.703643],[1.38912,38.703652],[1.38912,38.703662],[1.389119,38.703671],[1.389119,38.70368],[1.389119,38.70369],[1.389118,38.703699],[1.389118,38.703709],[1.389117,38.70372],[1.389118,38.70373],[1.38912,38.70374],[1.38912,38.703751],[1.389122,38.70376],[1.389123,38.70377],[1.389127,38.703781],[1.389133,38.703789],[1.38914,38.703799],[1.389147,38.703809],[1.389151,38.70382],[1.389155,38.703831],[1.389159,38.703842],[1.389163,38.703853],[1.389167,38.703863],[1.389168,38.703867],[1.389173,38.703875],[1.389184,38.70388],[1.389196,38.703882],[1.389208,38.703882],[1.38922,38.703884],[1.389229,38.703891],[1.389235,38.703899],[1.389241,38.703907],[1.389244,38.703913],[1.389243,38.703922],[1.389241,38.703931],[1.389237,38.70394],[1.389235,38.703948],[1.38923,38.703958],[1.389226,38.703973],[1.389221,38.703983],[1.389216,38.703989],[1.389208,38.703997],[1.389201,38.704007],[1.389196,38.704016],[1.389191,38.704025],[1.389186,38.704033],[1.389181,38.704045],[1.389175,38.704054],[1.389167,38.704063],[1.389161,38.704071],[1.389154,38.70408],[1.389146,38.704088],[1.389138,38.704095],[1.38913,38.704102],[1.389121,38.704109],[1.38911,38.704116],[1.389099,38.704123],[1.389089,38.70413],[1.389077,38.704133],[1.389065,38.704134],[1.389052,38.704133],[1.389038,38.704133],[1.389027,38.704133],[1.389014,38.704134],[1.389003,38.704139],[1.388997,38.704148],[1.388995,38.704158],[1.388994,38.704169],[1.38899,38.704179],[1.388984,38.704188],[1.388974,38.704194],[1.388963,38.704199],[1.388954,38.704207],[1.388949,38.704215],[1.388945,38.704224],[1.388945,38.704235],[1.388944,38.704245],[1.388943,38.704255],[1.388947,38.704263],[1.388949,38.704273],[1.388949,38.704277],[1.388949,38.704287],[1.388948,38.704297],[1.388948,38.704307],[1.388947,38.704317],[1.388947,38.704326],[1.388947,38.704335],[1.388948,38.704345],[1.388952,38.704356],[1.388957,38.704364],[1.388961,38.704374],[1.388963,38.704384],[1.388966,38.704394],[1.388964,38.704403],[1.388964,38.704411],[1.388964,38.70442],[1.388964,38.704433],[1.388965,38.704444],[1.388967,38.704454],[1.388972,38.704463],[1.388977,38.704472],[1.388983,38.704483],[1.388986,38.704493],[1.388987,38.704504],[1.38899,38.704515],[1.388995,38.704523],[1.388999,38.704532],[1.389004,38.70454],[1.389008,38.704549],[1.389013,38.704557],[1.389015,38.704563],[1.389019,38.704576],[1.389021,38.704587],[1.389022,38.704598],[1.389021,38.704608],[1.389021,38.704618],[1.389021,38.70463],[1.389018,38.704637],[1.38901,38.704645],[1.389004,38.704655],[1.389,38.704664],[1.388995,38.704669],[1.388992,38.704673],[1.388982,38.704681],[1.388972,38.704687],[1.388964,38.704695],[1.388956,38.704703],[1.388949,38.704711],[1.388942,38.70472],[1.388935,38.704729],[1.388928,38.704739],[1.388924,38.704748],[1.388921,38.704757],[1.388918,38.704768],[1.388916,38.704778],[1.388913,38.704788],[1.388911,38.704797],[1.388908,38.704807],[1.388906,38.704817],[1.388897,38.704823],[1.388883,38.704824],[1.388871,38.704823],[1.388862,38.704824],[1.388853,38.70483],[1.388845,38.704839],[1.388838,38.704847],[1.38883,38.704855],[1.388823,38.704865],[1.388815,38.704873],[1.38881,38.704882],[1.388809,38.704891],[1.38881,38.704899],[1.388814,38.704909],[1.388823,38.704915],[1.388835,38.704919],[1.388835,38.704929],[1.388835,38.704933],[1.388834,38.704943],[1.38883,38.704953],[1.388826,38.704963],[1.388822,38.704974],[1.38882,38.704983],[1.388816,38.704993],[1.388813,38.705002],[1.38881,38.705011],[1.388804,38.705022],[1.388799,38.705031],[1.388793,38.705042],[1.388788,38.70505],[1.388781,38.70506],[1.388772,38.705068],[1.388763,38.705075],[1.388753,38.705081],[1.388744,38.705088],[1.388735,38.705095],[1.388725,38.705103],[1.388716,38.705111],[1.388707,38.705119],[1.388698,38.705129],[1.388691,38.705138],[1.388683,38.705148],[1.388674,38.705155],[1.388665,38.705162],[1.388658,38.70517],[1.388654,38.705179],[1.388649,38.705188],[1.388646,38.705198],[1.388644,38.705207],[1.388643,38.705218],[1.388642,38.705227],[1.388642,38.705238],[1.388645,38.705247],[1.388649,38.705256],[1.388653,38.705265],[1.388659,38.705276],[1.388665,38.705287],[1.388671,38.705297],[1.388677,38.705308],[1.388681,38.705317],[1.388686,38.705325],[1.388691,38.705336],[1.388695,38.705347],[1.388697,38.705357],[1.388698,38.705366],[1.388698,38.705376],[1.388698,38.705386],[1.388697,38.705396],[1.388697,38.705406],[1.388697,38.705417],[1.388697,38.705428],[1.388698,38.705438],[1.388699,38.705448],[1.388701,38.705458],[1.388702,38.705467],[1.388705,38.705476],[1.38871,38.705487],[1.388715,38.705497],[1.388721,38.705508],[1.388725,38.705518],[1.388728,38.705528],[1.38873,38.705537],[1.388733,38.705547],[1.388735,38.705556],[1.388738,38.705566],[1.388739,38.705577],[1.388739,38.705587],[1.388739,38.705598],[1.388739,38.705609],[1.388738,38.70562],[1.388738,38.705631],[1.388738,38.705642],[1.388737,38.705653],[1.388737,38.705664],[1.388737,38.705675],[1.388736,38.705686],[1.388736,38.705698],[1.388735,38.705709],[1.388734,38.70572],[1.388731,38.705732],[1.388728,38.705743],[1.388724,38.705753],[1.38872,38.705764],[1.388716,38.705774],[1.388712,38.705785],[1.388706,38.705795],[1.388701,38.705803],[1.388695,38.705813],[1.388689,38.705821],[1.388684,38.705832],[1.388678,38.70584],[1.388672,38.705849],[1.388666,38.705857],[1.388659,38.705864],[1.388651,38.705871],[1.388645,38.705879],[1.388638,38.705888],[1.388631,38.705896],[1.388625,38.705904],[1.388617,38.705912],[1.388608,38.70592],[1.388599,38.705929],[1.388593,38.705937],[1.388587,38.705945],[1.388581,38.705953],[1.388575,38.705962],[1.388569,38.70597],[1.388562,38.705978],[1.388551,38.705983],[1.388538,38.705983],[1.388526,38.705982],[1.388514,38.705982],[1.388501,38.705984],[1.388488,38.705985],[1.388477,38.70599],[1.388469,38.705998],[1.388463,38.706008],[1.38846,38.706019],[1.38846,38.706029],[1.388459,38.70604],[1.388459,38.706049],[1.388458,38.706059],[1.388458,38.706069],[1.388458,38.706079],[1.388458,38.70609],[1.388457,38.706101],[1.388458,38.706113],[1.388458,38.706124],[1.388456,38.706135],[1.388455,38.706147],[1.388456,38.706159],[1.388455,38.706171],[1.388455,38.706184],[1.388455,38.706196],[1.388455,38.706209],[1.388454,38.706221],[1.388453,38.706233],[1.388453,38.706244],[1.388453,38.706255],[1.388452,38.706264],[1.388453,38.706273],[1.388456,38.706284],[1.38846,38.706295],[1.388468,38.706305],[1.388475,38.706314],[1.388481,38.706322],[1.388486,38.706331],[1.388489,38.706341],[1.388493,38.70635],[1.388496,38.70636],[1.3885,38.706369],[1.388503,38.706378],[1.388505,38.706387],[1.388505,38.706398],[1.388505,38.706409],[1.388504,38.70642],[1.388504,38.706432],[1.388503,38.706443],[1.388504,38.706455],[1.388503,38.706466],[1.388503,38.706479],[1.388503,38.706489],[1.388506,38.706501],[1.388511,38.706512],[1.388517,38.706523],[1.388521,38.706534],[1.388524,38.706546],[1.388526,38.706558],[1.388527,38.706571],[1.388528,38.706585],[1.38853,38.706598],[1.388531,38.706607],[1.388533,38.706616],[1.388534,38.706629],[1.388533,38.706643],[1.388533,38.706652],[1.388533,38.706664],[1.388533,38.706673],[1.388532,38.706684],[1.388532,38.706696],[1.388531,38.706708],[1.388531,38.706721],[1.388531,38.706733],[1.38853,38.706741],[1.38853,38.706745],[1.38853,38.706757],[1.388529,38.706769],[1.388529,38.70678],[1.388526,38.706789],[1.388522,38.706798],[1.388517,38.706809],[1.388512,38.70682],[1.388508,38.706832],[1.388506,38.706842],[1.388506,38.706853],[1.388505,38.706863],[1.388505,38.706875],[1.388504,38.706886],[1.388504,38.706898],[1.388505,38.706909],[1.388505,38.70692],[1.388505,38.706931],[1.388504,38.706942],[1.388505,38.706953],[1.388505,38.706965],[1.388504,38.706976],[1.388504,38.706988],[1.388503,38.706999],[1.388502,38.707011],[1.388501,38.707022],[1.388501,38.707034],[1.388501,38.707045],[1.3885,38.707059],[1.3885,38.707071],[1.3885,38.70708],[1.3885,38.707092],[1.388499,38.707104],[1.3885,38.707116],[1.388497,38.707127],[1.388493,38.707138],[1.388487,38.707147],[1.38848,38.707156],[1.388474,38.707164],[1.388467,38.707173],[1.38846,38.707181],[1.388453,38.70719],[1.388447,38.707199],[1.388438,38.707209],[1.388431,38.707217],[1.388425,38.707225],[1.388419,38.707233],[1.388413,38.707243],[1.388409,38.707254],[1.388404,38.707263],[1.388399,38.707272],[1.388393,38.70728],[1.388389,38.707289],[1.388384,38.707297],[1.388378,38.707305],[1.388373,38.707314],[1.388369,38.707324],[1.388365,38.707334],[1.388364,38.707345],[1.388363,38.707355],[1.388363,38.707365],[1.388362,38.707377],[1.388362,38.707389],[1.388362,38.7074],[1.388361,38.707412],[1.388361,38.707424],[1.38836,38.707436],[1.38836,38.707447],[1.38836,38.707459],[1.388359,38.707472],[1.388359,38.707484],[1.388358,38.707497],[1.388358,38.70751],[1.388357,38.707521],[1.388357,38.707532],[1.388355,38.707541],[1.388346,38.70755],[1.388339,38.707557],[1.388332,38.707565],[1.388327,38.707574],[1.388322,38.707583],[1.38832,38.707594],[1.388319,38.707604],[1.388318,38.707615],[1.388318,38.707624],[1.388319,38.707633],[1.388321,38.707645],[1.388324,38.707655],[1.388326,38.707664],[1.388329,38.707674],[1.388334,38.707685],[1.388339,38.707693],[1.388344,38.7077],[1.388354,38.707705],[1.388366,38.707707],[1.388377,38.707712],[1.388382,38.707722],[1.388386,38.70773],[1.388387,38.707735],[1.388389,38.707746],[1.388394,38.707755],[1.388394,38.707765],[1.388394,38.707776],[1.388393,38.707786],[1.388393,38.707796],[1.388392,38.707805],[1.388388,38.707815],[1.388379,38.707823],[1.388364,38.707825],[1.388353,38.707827],[1.38834,38.70783],[1.388328,38.707833],[1.388322,38.707841],[1.388321,38.707843],[1.388321,38.707855],[1.388321,38.707865],[1.38832,38.707874],[1.388319,38.707884],[1.388307,38.707887],[1.388298,38.707887],[1.388285,38.707886],[1.388272,38.707886],[1.388259,38.707887],[1.388253,38.707895],[1.388253,38.707903],[1.388253,38.707913],[1.388252,38.707922],[1.388254,38.707933],[1.388256,38.707943],[1.38826,38.707953],[1.388266,38.707961],[1.388275,38.707967],[1.388282,38.707974],[1.38829,38.707981],[1.388302,38.707986],[1.388316,38.707991],[1.388329,38.707994],[1.388342,38.707995],[1.38835,38.708002],[1.38835,38.70801],[1.38835,38.70802],[1.38835,38.70803],[1.388349,38.70804],[1.388349,38.708051],[1.388345,38.708061],[1.38834,38.708069],[1.388334,38.708079],[1.388331,38.708089],[1.388329,38.7081],[1.388328,38.708109],[1.388327,38.708119],[1.388326,38.708131],[1.388326,38.708141],[1.388325,38.708152],[1.388325,38.708162],[1.388323,38.708172],[1.388321,38.708181],[1.388318,38.708191],[1.388317,38.708202],[1.388315,38.708214],[1.388313,38.708225],[1.388311,38.708234],[1.388306,38.708242],[1.388296,38.708249],[1.388288,38.708255],[1.388279,38.708262],[1.388269,38.708269],[1.388262,38.708279],[1.388259,38.708289],[1.388259,38.708298],[1.388259,38.708307],[1.388261,38.708317],[1.388268,38.708324],[1.388278,38.708331],[1.388282,38.708334],[1.388286,38.708338],[1.388286,38.708339],[1.388294,38.708346],[1.388296,38.70835],[1.388295,38.708357],[1.388287,38.708369],[1.388277,38.708384],[1.38827,38.70839],[1.388255,38.708396],[1.388244,38.708399],[1.388231,38.708402],[1.388221,38.708407],[1.38821,38.708413],[1.388201,38.708421],[1.388192,38.708429],[1.388181,38.708437],[1.388171,38.708446],[1.388164,38.708453],[1.388156,38.70846],[1.388148,38.708467],[1.38814,38.708474],[1.388132,38.708481],[1.388124,38.708488],[1.388115,38.708494],[1.388107,38.708501],[1.388099,38.708508],[1.388091,38.708514],[1.388083,38.708521],[1.388074,38.708528],[1.388066,38.708535],[1.388058,38.708541],[1.38805,38.708548],[1.388039,38.708556],[1.388029,38.708565],[1.388018,38.708573],[1.388008,38.708581],[1.387999,38.708589],[1.38799,38.708597],[1.387982,38.708607],[1.387976,38.708617],[1.38797,38.708628],[1.387966,38.708638],[1.387961,38.708648],[1.387958,38.708658],[1.387955,38.708669],[1.387954,38.708678],[1.387953,38.708688],[1.387952,38.708697],[1.387952,38.708707],[1.387952,38.708717],[1.387951,38.708728],[1.387951,38.708738],[1.387951,38.708748],[1.38795,38.708758],[1.38795,38.708767],[1.38795,38.708776],[1.387949,38.708785],[1.387949,38.708794],[1.387949,38.708804],[1.387948,38.708813],[1.387948,38.708823],[1.387948,38.708832],[1.387948,38.708841],[1.387947,38.708853],[1.387947,38.708862],[1.387947,38.708871],[1.387947,38.708883],[1.387946,38.708895],[1.387946,38.708907],[1.387946,38.708917],[1.387945,38.708927],[1.387945,38.708936],[1.387946,38.708946],[1.387946,38.708957],[1.387946,38.708967],[1.387946,38.708977],[1.387945,38.708988],[1.387945,38.708999],[1.387945,38.70901],[1.387945,38.709021],[1.387944,38.709031],[1.387944,38.709041],[1.387943,38.709052],[1.387943,38.709063],[1.387943,38.709073],[1.387942,38.709083],[1.387942,38.709093],[1.387941,38.709104],[1.387941,38.709115],[1.387941,38.709126],[1.38794,38.709137],[1.387939,38.709148],[1.387935,38.709158],[1.38793,38.709168],[1.387923,38.709177],[1.387917,38.709186],[1.387911,38.709195],[1.387904,38.709205],[1.387897,38.709212],[1.387888,38.709219],[1.387879,38.709226],[1.387867,38.709234],[1.387858,38.709242],[1.38785,38.709249],[1.387842,38.709258],[1.387835,38.709268],[1.38783,38.709277],[1.387827,38.709286],[1.387825,38.709296],[1.387824,38.709307],[1.387824,38.709318],[1.387823,38.709329],[1.387823,38.709341],[1.387823,38.709352],[1.387822,38.709364],[1.387823,38.709373],[1.387823,38.709382],[1.387824,38.709391],[1.387824,38.709401],[1.387825,38.709412],[1.387828,38.709424],[1.387831,38.709433],[1.387835,38.709441],[1.387838,38.70945],[1.387842,38.709459],[1.387846,38.70947],[1.387849,38.709482],[1.387856,38.709492],[1.387861,38.709503],[1.387864,38.709513],[1.387868,38.709524],[1.387871,38.709536],[1.387875,38.709547],[1.38788,38.709558],[1.387885,38.709568],[1.387891,38.709578],[1.387898,38.709588],[1.387904,38.709599],[1.387908,38.709609],[1.387909,38.709619],[1.387907,38.709625],[1.387908,38.709636],[1.387908,38.709646],[1.387906,38.709656],[1.387905,38.709665],[1.387902,38.709675],[1.387898,38.709685],[1.387892,38.709694],[1.387876,38.70971],[1.387868,38.709717],[1.387853,38.709729],[1.387839,38.709739],[1.387821,38.709747],[1.387804,38.709756],[1.387787,38.709763],[1.387769,38.709772],[1.387757,38.709776],[1.387723,38.709789],[1.387709,38.709794],[1.38769,38.709805],[1.387673,38.709814],[1.387659,38.709821],[1.387635,38.709829],[1.387623,38.709831],[1.387611,38.709833],[1.3876,38.709838],[1.38759,38.709842],[1.387581,38.709849],[1.387571,38.709855],[1.387561,38.709862],[1.387551,38.709868],[1.387541,38.709875],[1.387529,38.709878],[1.387516,38.709879],[1.387505,38.709882],[1.387491,38.709885],[1.387479,38.709887],[1.387466,38.709892],[1.387456,38.709897],[1.387446,38.709903],[1.387437,38.709909],[1.387429,38.709917],[1.387422,38.709924],[1.387415,38.709933],[1.387408,38.709942],[1.387402,38.70995],[1.387396,38.709959],[1.387394,38.709968],[1.387394,38.709978],[1.387394,38.709987],[1.387394,38.709998],[1.387394,38.710008],[1.387392,38.710017],[1.38739,38.710027],[1.387389,38.710037],[1.387389,38.710047],[1.387389,38.710057],[1.387394,38.710066],[1.387403,38.710074],[1.38741,38.710082],[1.387417,38.71009],[1.387419,38.710102],[1.38742,38.710108],[1.387418,38.710116],[1.387413,38.710124],[1.387404,38.71014],[1.387389,38.710165],[1.387369,38.710188],[1.387357,38.710205],[1.387344,38.710218],[1.387313,38.710245],[1.387305,38.710252],[1.387274,38.710255],[1.387261,38.710255],[1.387247,38.710255],[1.387233,38.710255],[1.387219,38.710254],[1.387208,38.710254],[1.387195,38.710254],[1.387182,38.710254],[1.387169,38.710254],[1.387156,38.710253],[1.387144,38.710253],[1.387132,38.710255],[1.387122,38.71026],[1.387115,38.710263],[1.387105,38.710269],[1.387099,38.710277],[1.387095,38.710287],[1.387093,38.710297],[1.387092,38.710307],[1.38709,38.710316],[1.387087,38.710326],[1.387084,38.710336],[1.38708,38.710346],[1.387076,38.710355],[1.38707,38.710365],[1.387065,38.710374],[1.387058,38.710382],[1.387052,38.71039],[1.387045,38.710399],[1.38704,38.710409],[1.387037,38.71042],[1.387036,38.710431],[1.387035,38.710442],[1.387036,38.710447],[1.387034,38.710456],[1.387026,38.710463],[1.387014,38.710467],[1.387,38.710471],[1.386984,38.710471],[1.386971,38.710472],[1.386956,38.710475],[1.386926,38.710489],[1.38688,38.710512],[1.386869,38.710515],[1.386858,38.71052],[1.386847,38.710522],[1.386835,38.710522],[1.386822,38.710522],[1.38681,38.710523],[1.386801,38.710528],[1.386793,38.710536],[1.386787,38.710544],[1.386787,38.710547],[1.386787,38.710556],[1.386787,38.710565],[1.38679,38.710574],[1.386795,38.710583],[1.386803,38.710591],[1.386812,38.710597],[1.38682,38.710606],[1.386826,38.710615],[1.386828,38.710625],[1.38683,38.710635],[1.386836,38.710644],[1.386844,38.710652],[1.386853,38.710661],[1.386862,38.71067],[1.38687,38.710679],[1.386878,38.710689],[1.386886,38.710697],[1.386894,38.710706],[1.386902,38.710714],[1.38691,38.710723],[1.386919,38.710731],[1.386927,38.71074],[1.386935,38.710749],[1.386943,38.710758],[1.386949,38.710767],[1.386955,38.710777],[1.386959,38.710787],[1.386963,38.710797],[1.386966,38.710806],[1.38697,38.710815],[1.386977,38.710823],[1.386983,38.710832],[1.386988,38.71084],[1.386994,38.71085],[1.387001,38.710859],[1.387007,38.710869],[1.387012,38.710879],[1.387017,38.710889],[1.387022,38.710899],[1.387024,38.710905],[1.387027,38.710916],[1.387028,38.710925],[1.387029,38.710935],[1.387029,38.710945],[1.387029,38.710956],[1.387027,38.710967],[1.387027,38.710976],[1.387028,38.71098],[1.387027,38.710989],[1.387022,38.710997],[1.387017,38.711006],[1.387011,38.711015],[1.387004,38.711024],[1.386997,38.711033],[1.386992,38.711041],[1.38699,38.711045],[1.386986,38.711054],[1.38698,38.711063],[1.386978,38.711071],[1.386977,38.711081],[1.386977,38.711083],[1.386977,38.711093],[1.386977,38.711102],[1.386988,38.711102],[1.387,38.711102],[1.387008,38.711109],[1.387007,38.711119],[1.387007,38.71113],[1.387011,38.711141],[1.387016,38.711149],[1.387022,38.711158],[1.387028,38.711168],[1.38703,38.711176],[1.38703,38.711187],[1.387025,38.711197],[1.387019,38.711207],[1.387014,38.711216],[1.38701,38.711225],[1.387007,38.711236],[1.387007,38.711246],[1.387007,38.711255],[1.387007,38.711259],[1.387007,38.711268],[1.387012,38.711277],[1.387012,38.711286],[1.387016,38.711296],[1.387027,38.711298],[1.387027,38.711307],[1.387026,38.711318],[1.387027,38.711327],[1.387029,38.711337],[1.387029,38.711344],[1.387033,38.711353],[1.387044,38.711358],[1.387055,38.711361],[1.387066,38.711365],[1.387077,38.711371],[1.387078,38.711376],[1.387077,38.711385],[1.387077,38.711396],[1.387077,38.711405],[1.387077,38.711415],[1.387078,38.711425],[1.38708,38.711435],[1.38708,38.711445],[1.38708,38.711454],[1.387079,38.711464],[1.387079,38.711474],[1.387079,38.711484],[1.38708,38.711494],[1.387087,38.711502],[1.387091,38.711505],[1.387094,38.711515],[1.387094,38.711525],[1.387092,38.711534],[1.387088,38.711544],[1.387084,38.711554],[1.38708,38.711564],[1.387076,38.711573],[1.387073,38.711583],[1.38707,38.711592],[1.387067,38.7116],[1.387064,38.711611],[1.387062,38.711621],[1.387059,38.711631],[1.387055,38.711643],[1.38705,38.711651],[1.387045,38.71166],[1.387036,38.711669],[1.387027,38.711677],[1.387017,38.711683],[1.387004,38.711683],[1.386991,38.711683],[1.386978,38.711683],[1.386964,38.711683],[1.386952,38.711686],[1.386944,38.711693],[1.386937,38.711701],[1.386933,38.711711],[1.38693,38.711722],[1.386925,38.711732],[1.38692,38.711742],[1.386919,38.711752],[1.38692,38.711763],[1.386921,38.711768],[1.386925,38.711777],[1.386928,38.711786],[1.386928,38.711797],[1.38692,38.711804],[1.386914,38.711813],[1.386908,38.711823],[1.386898,38.711831],[1.386887,38.711837],[1.386882,38.711837],[1.38687,38.711834],[1.386862,38.711826],[1.386858,38.711817],[1.386858,38.711808],[1.386858,38.711798],[1.386859,38.711787],[1.386859,38.711777],[1.386859,38.711767],[1.386859,38.711756],[1.386859,38.711746],[1.38686,38.711737],[1.38686,38.711726],[1.386852,38.71172],[1.386839,38.711722],[1.386834,38.711731],[1.386832,38.711733],[1.386828,38.711742],[1.386827,38.711751],[1.386827,38.711761],[1.386826,38.711771],[1.386824,38.71178],[1.386824,38.711789],[1.386824,38.7118],[1.386823,38.71181],[1.386823,38.711819],[1.386824,38.711829],[1.386827,38.711838],[1.386834,38.711846],[1.386844,38.711855],[1.386853,38.711864],[1.386855,38.711874],[1.386855,38.711884],[1.38685,38.711891],[1.38684,38.711898],[1.386828,38.711902],[1.386816,38.711902],[1.386803,38.711902],[1.386791,38.711903],[1.386782,38.711909],[1.386778,38.711918],[1.386778,38.711928],[1.386779,38.711937],[1.386783,38.711947],[1.386786,38.711955],[1.386798,38.711959],[1.38681,38.711959],[1.386819,38.711959],[1.386818,38.711969],[1.386818,38.711978],[1.386818,38.711988],[1.386818,38.711996],[1.386816,38.712006],[1.386811,38.712015],[1.386803,38.712022],[1.386792,38.712025],[1.386789,38.712027],[1.386787,38.712029],[1.386786,38.712038],[1.386788,38.712048],[1.386789,38.712058],[1.386788,38.712067],[1.386788,38.712078],[1.386787,38.712089],[1.386787,38.712101],[1.386786,38.71211],[1.386785,38.71212],[1.386778,38.71213],[1.386771,38.712138],[1.386763,38.712146],[1.386754,38.712152],[1.386744,38.712157],[1.386732,38.712158],[1.38672,38.712158],[1.386707,38.712158],[1.386696,38.712161],[1.386685,38.712166],[1.386675,38.712172],[1.386664,38.712179],[1.386655,38.712186],[1.386646,38.712192],[1.386639,38.712199],[1.386631,38.712209],[1.386625,38.712218],[1.386619,38.712228],[1.386613,38.712238],[1.386608,38.712249],[1.386603,38.712259],[1.386597,38.71227],[1.386595,38.712281],[1.386596,38.71229],[1.386595,38.7123],[1.386595,38.71231],[1.386594,38.71232],[1.386594,38.712332],[1.386594,38.712343],[1.386588,38.712353],[1.386581,38.712361],[1.386573,38.71237],[1.386562,38.712378],[1.386552,38.712385],[1.386542,38.712392],[1.38653,38.712395],[1.386517,38.712399],[1.386504,38.712403],[1.386493,38.712406],[1.386482,38.712409],[1.386468,38.712412],[1.386456,38.712415],[1.386444,38.71242],[1.386435,38.712426],[1.386428,38.712434],[1.38642,38.712441],[1.386413,38.712448],[1.386404,38.712455],[1.386396,38.712464],[1.386391,38.712473],[1.386387,38.712483],[1.386384,38.712494],[1.38638,38.712503],[1.386377,38.712513],[1.386369,38.71252],[1.386357,38.71252],[1.386346,38.71252],[1.386335,38.712524],[1.386325,38.712531],[1.386314,38.712538],[1.386306,38.712546],[1.386302,38.712556],[1.386303,38.712566],[1.386308,38.712575],[1.386314,38.712583],[1.386325,38.712588],[1.386336,38.712591],[1.386341,38.7126],[1.386341,38.712609],[1.386341,38.712619],[1.38634,38.712629],[1.386343,38.712638],[1.386348,38.712646],[1.386359,38.712651],[1.386371,38.712651],[1.386384,38.712652],[1.386396,38.712652],[1.386408,38.712653],[1.386418,38.712658],[1.386427,38.712664],[1.386429,38.712673],[1.386428,38.712683],[1.386426,38.712694],[1.386424,38.712703],[1.386421,38.712712],[1.386418,38.712722],[1.386413,38.712732],[1.386411,38.712743],[1.386409,38.712754],[1.386407,38.712765],[1.386406,38.712775],[1.386404,38.712786],[1.386403,38.712796],[1.386403,38.712807],[1.386402,38.712817],[1.386402,38.712826],[1.386402,38.712837],[1.3864,38.712848],[1.386397,38.712857],[1.386393,38.712866],[1.386389,38.712875],[1.386384,38.712884],[1.38638,38.712893],[1.386374,38.712901],[1.386369,38.712911],[1.386364,38.71292],[1.386359,38.712929],[1.386353,38.712937],[1.386348,38.712946],[1.386343,38.712955],[1.386339,38.712964],[1.386335,38.712974],[1.386331,38.712985],[1.386328,38.712997],[1.386324,38.713006],[1.386323,38.713008],[1.386317,38.713018],[1.386311,38.713027],[1.386304,38.713036],[1.386297,38.713045],[1.38629,38.713053],[1.386283,38.713061],[1.386274,38.713067],[1.386265,38.713073],[1.386253,38.713079],[1.386241,38.713085],[1.38623,38.713091],[1.386218,38.713097],[1.386206,38.7131],[1.386195,38.713104],[1.386183,38.713107],[1.38617,38.713106],[1.386158,38.713106],[1.386146,38.713106],[1.386134,38.713106],[1.386121,38.713109],[1.386111,38.713116],[1.386104,38.713124],[1.386097,38.713132],[1.386089,38.71314],[1.38608,38.713146],[1.386071,38.713153],[1.386061,38.713159],[1.386052,38.713166],[1.386043,38.713173],[1.386033,38.71318],[1.386025,38.713187],[1.386015,38.713195],[1.386007,38.713202],[1.385998,38.713209],[1.385988,38.713215],[1.385974,38.713216],[1.385963,38.713216],[1.385951,38.713219],[1.385939,38.713224],[1.385928,38.713228],[1.385917,38.713234],[1.385907,38.713241],[1.385897,38.713246],[1.385883,38.713249],[1.38587,38.71325],[1.385857,38.713253],[1.385845,38.713257],[1.385836,38.713264],[1.385828,38.713271],[1.38582,38.713278],[1.385813,38.713287],[1.385808,38.713297],[1.385799,38.713305],[1.385792,38.713313],[1.385787,38.713322],[1.385781,38.713331],[1.385765,38.713338],[1.38575,38.713346],[1.385735,38.713352],[1.38572,38.713356],[1.385706,38.71336],[1.385692,38.713364],[1.385667,38.713375],[1.385628,38.713393],[1.385606,38.713401],[1.385576,38.713409],[1.385534,38.713418],[1.385477,38.713426],[1.385452,38.713433],[1.385433,38.713433],[1.385391,38.713434],[1.385347,38.713432],[1.385317,38.713434],[1.385303,38.713435],[1.38529,38.713434],[1.385265,38.713423],[1.385256,38.713416],[1.385243,38.713414],[1.38523,38.713414],[1.385219,38.71341],[1.385209,38.713404],[1.3852,38.713397],[1.38519,38.71339],[1.385181,38.713385],[1.385169,38.713383],[1.385156,38.713383],[1.385143,38.713385],[1.385134,38.713391],[1.385123,38.713398],[1.385114,38.713404],[1.385102,38.713405],[1.38509,38.713405],[1.385079,38.713408],[1.385069,38.713414],[1.385061,38.713421],[1.385052,38.713429],[1.385044,38.713435],[1.385036,38.713442],[1.385033,38.713447],[1.385033,38.713457],[1.385033,38.713467],[1.385033,38.713476],[1.385032,38.713485],[1.385032,38.713494],[1.385031,38.713504],[1.385031,38.713514],[1.385031,38.713523],[1.385031,38.713534],[1.385031,38.713545],[1.38503,38.713556],[1.38503,38.713567],[1.385027,38.713578],[1.385025,38.713587],[1.38502,38.713597],[1.385015,38.713608],[1.385011,38.713618],[1.385007,38.713628],[1.385005,38.713637],[1.385005,38.713639],[1.385002,38.71365],[1.385001,38.713661],[1.385,38.713671],[1.384997,38.713682],[1.38499,38.71369],[1.384979,38.713694],[1.384966,38.713698],[1.384953,38.713698],[1.384941,38.713698],[1.384935,38.713698],[1.384922,38.713698],[1.384909,38.713698],[1.384896,38.713701],[1.384886,38.713706],[1.384874,38.713711],[1.384866,38.713714],[1.384856,38.71372],[1.384848,38.713729],[1.384844,38.713737],[1.384844,38.713747],[1.384843,38.713756],[1.384842,38.713759],[1.384853,38.713763],[1.384864,38.713766],[1.384872,38.713773],[1.384862,38.713777],[1.38486,38.713782],[1.384862,38.713791],[1.384865,38.713802],[1.384855,38.713803],[1.384844,38.713802],[1.384831,38.713802],[1.384818,38.713801],[1.384805,38.713802],[1.384791,38.713801],[1.384778,38.713801],[1.384766,38.713801],[1.384753,38.713801],[1.384741,38.713801],[1.384729,38.713803],[1.384717,38.713807],[1.384706,38.713811],[1.384695,38.713818],[1.384686,38.713826],[1.38468,38.713833],[1.384671,38.713841],[1.384661,38.713849],[1.384651,38.713856],[1.384641,38.713863],[1.384631,38.713869],[1.384623,38.713876],[1.384616,38.713884],[1.384608,38.713892],[1.3846,38.713898],[1.384589,38.713904],[1.384579,38.713908],[1.384567,38.713912],[1.384555,38.713912],[1.384543,38.713912],[1.384531,38.713912],[1.384522,38.713906],[1.384516,38.713897],[1.384509,38.713889],[1.384504,38.713888],[1.384492,38.713888],[1.384482,38.713893],[1.384473,38.713899],[1.384464,38.713906],[1.384459,38.713911],[1.384459,38.71392],[1.384463,38.713929],[1.384468,38.713938],[1.384473,38.713946],[1.384478,38.713955],[1.384481,38.713964],[1.384484,38.713971],[1.384489,38.713981],[1.38449,38.713991],[1.38449,38.714001],[1.384482,38.714006],[1.384476,38.714002],[1.384463,38.714002],[1.384452,38.714005],[1.384452,38.714014],[1.384453,38.714024],[1.384458,38.714032],[1.384463,38.71404],[1.384468,38.71405],[1.384473,38.714059],[1.38448,38.714067],[1.384488,38.714074],[1.384497,38.714082],[1.384505,38.71409],[1.384514,38.714097],[1.384523,38.714104],[1.38453,38.714112],[1.384535,38.714121],[1.384538,38.71413],[1.384538,38.71414],[1.384539,38.71415],[1.384543,38.71416],[1.384549,38.714167],[1.38456,38.714173],[1.384571,38.714178],[1.384582,38.714184],[1.384591,38.71419],[1.3846,38.714196],[1.384609,38.714203],[1.384617,38.71421],[1.384625,38.714218],[1.384632,38.714225],[1.38464,38.714231],[1.38465,38.714238],[1.384659,38.714245],[1.384669,38.714252],[1.384676,38.714259],[1.384683,38.714266],[1.38469,38.714275],[1.384696,38.714285],[1.384703,38.714306],[1.384703,38.714314],[1.384705,38.714324],[1.384712,38.714337],[1.384723,38.714362],[1.38473,38.714377],[1.384752,38.714404],[1.384759,38.714413],[1.384764,38.714418],[1.384765,38.714429],[1.384771,38.714449],[1.384776,38.714459],[1.384778,38.714464],[1.384775,38.714476],[1.384766,38.714476],[1.38475,38.714476],[1.384722,38.71447],[1.384692,38.714464],[1.384674,38.714459],[1.384648,38.714452],[1.384632,38.714447],[1.384616,38.714443],[1.384602,38.714439],[1.38459,38.714435],[1.384569,38.71443],[1.384558,38.714423],[1.384539,38.714409],[1.384532,38.714402],[1.384526,38.714393],[1.384519,38.714385],[1.384511,38.714377],[1.384501,38.714372],[1.384489,38.71437],[1.384478,38.71437],[1.384466,38.714365],[1.384458,38.714358],[1.384451,38.71435],[1.384444,38.714342],[1.384433,38.714336],[1.384423,38.714332],[1.38441,38.71433],[1.384398,38.714327],[1.384388,38.71432],[1.38438,38.714312],[1.384371,38.714306],[1.38436,38.714302],[1.384349,38.7143],[1.384336,38.714299],[1.384324,38.714299],[1.384311,38.714299],[1.3843,38.714303],[1.384289,38.714308],[1.384277,38.714311],[1.384264,38.714311],[1.384252,38.714311],[1.384239,38.71431],[1.384227,38.71431],[1.384215,38.714311],[1.384202,38.71431],[1.384191,38.71431],[1.384179,38.71431],[1.384166,38.71431],[1.384153,38.71431],[1.384141,38.714309],[1.384128,38.714312],[1.384118,38.714318],[1.384111,38.714327],[1.384105,38.714335],[1.384101,38.714344],[1.384093,38.714353],[1.384081,38.714355],[1.384068,38.714355],[1.384055,38.714357],[1.384044,38.71436],[1.384033,38.714363],[1.384021,38.714366],[1.38401,38.71437],[1.383998,38.714374],[1.383987,38.714379],[1.383976,38.714382],[1.383963,38.714385],[1.38395,38.714389],[1.383938,38.714391],[1.383927,38.714393],[1.383915,38.714398],[1.383906,38.714404],[1.383897,38.714411],[1.383889,38.714418],[1.383881,38.714425],[1.383871,38.714432],[1.383864,38.714439],[1.383857,38.714448],[1.383852,38.714456],[1.383845,38.714465],[1.383836,38.714472],[1.383825,38.714476],[1.383813,38.714479],[1.383802,38.714485],[1.383794,38.714492],[1.383788,38.714501],[1.383782,38.71451],[1.383775,38.714519],[1.383768,38.714528],[1.383757,38.714531],[1.383744,38.714532],[1.383732,38.714535],[1.383722,38.714542],[1.383713,38.714549],[1.383703,38.714554],[1.383694,38.714561],[1.383685,38.714568],[1.383675,38.714573],[1.383666,38.714579],[1.383657,38.714585],[1.383647,38.714591],[1.383639,38.714598],[1.383629,38.714605],[1.383616,38.714606],[1.383604,38.714606],[1.383591,38.714606],[1.38358,38.714609],[1.383571,38.714616],[1.383564,38.714623],[1.383557,38.714633],[1.383552,38.714641],[1.383546,38.71465],[1.38354,38.71466],[1.383532,38.714668],[1.38352,38.714673],[1.383509,38.714674],[1.383497,38.714674],[1.383484,38.714674],[1.383473,38.714677],[1.383463,38.714682],[1.383454,38.714688],[1.383445,38.714695],[1.383436,38.714703],[1.38343,38.714711],[1.383425,38.71472],[1.383421,38.714729],[1.383416,38.714739],[1.38341,38.714747],[1.383402,38.714755],[1.383394,38.714761],[1.383381,38.714767],[1.38337,38.714771],[1.383358,38.714777],[1.383348,38.714783],[1.383339,38.714789],[1.383329,38.714796],[1.383319,38.714803],[1.383311,38.714811],[1.383304,38.714818],[1.383295,38.714826],[1.383286,38.714832],[1.383276,38.714838],[1.383267,38.714844],[1.38326,38.714852],[1.383256,38.714863],[1.383256,38.714872],[1.383254,38.714882],[1.383255,38.714892],[1.383254,38.714902],[1.383253,38.714912],[1.383255,38.714922],[1.383258,38.714932],[1.38326,38.714943],[1.383259,38.714949],[1.383259,38.714958],[1.383251,38.714966],[1.383244,38.714973],[1.383244,38.714983],[1.383243,38.714993],[1.38324,38.715002],[1.383231,38.715009],[1.383221,38.715015],[1.383215,38.715022],[1.383215,38.715032],[1.383214,38.715041],[1.383214,38.715051],[1.383215,38.715061],[1.383219,38.715071],[1.383224,38.715079],[1.38323,38.715088],[1.383236,38.715097],[1.383241,38.715107],[1.383246,38.715116],[1.383253,38.715124],[1.383258,38.715132],[1.383265,38.71514],[1.383273,38.715149],[1.383278,38.715157],[1.383283,38.715167],[1.383287,38.715176],[1.383293,38.715186],[1.383296,38.715195],[1.383297,38.715205],[1.383298,38.715214],[1.383299,38.715225],[1.383299,38.715234],[1.383298,38.715245],[1.383298,38.715256],[1.383298,38.715266],[1.383297,38.715277],[1.383298,38.715287],[1.383297,38.715296],[1.383293,38.715305],[1.383287,38.715314],[1.383281,38.715323],[1.383274,38.715331],[1.383269,38.715339],[1.383263,38.715347],[1.383257,38.715356],[1.38325,38.715364],[1.383243,38.715373],[1.383235,38.715381],[1.383227,38.715389],[1.38322,38.715396],[1.38321,38.715404],[1.3832,38.71541],[1.38319,38.715415],[1.383182,38.715422],[1.383176,38.71543],[1.38317,38.71544],[1.383163,38.715447],[1.383155,38.715455],[1.383144,38.71546],[1.383133,38.715466],[1.383122,38.715473],[1.383112,38.71548],[1.383102,38.715485],[1.383089,38.715484],[1.383076,38.715484],[1.383064,38.715484],[1.383051,38.715484],[1.383038,38.715483],[1.383026,38.71548],[1.383014,38.715476],[1.383008,38.715475],[1.382995,38.715477],[1.382985,38.715483],[1.382975,38.71549],[1.382967,38.715498],[1.382959,38.715507],[1.382952,38.715516],[1.382944,38.715524],[1.382936,38.715532],[1.382927,38.715539],[1.382917,38.715546],[1.382906,38.715554],[1.382897,38.715561],[1.38289,38.715571],[1.382886,38.71558],[1.382884,38.715592],[1.382883,38.715604],[1.382882,38.715615],[1.382881,38.715625],[1.382879,38.715635],[1.382875,38.715645],[1.382874,38.715646],[1.382863,38.715649],[1.382856,38.715657],[1.382852,38.715667],[1.38285,38.715677],[1.382845,38.715687],[1.382842,38.715691],[1.38283,38.715691],[1.382818,38.715691],[1.382805,38.715691],[1.382795,38.715696],[1.382789,38.715703],[1.382783,38.715711],[1.382775,38.71572],[1.382768,38.715727],[1.382762,38.715736],[1.382758,38.715746],[1.382755,38.715756],[1.382754,38.715767],[1.382754,38.715776],[1.382754,38.715779],[1.382753,38.715788],[1.38276,38.715795],[1.382771,38.715801],[1.382778,38.715809],[1.382778,38.715818],[1.382775,38.715827],[1.382769,38.715836],[1.382764,38.715846],[1.382759,38.715855],[1.382753,38.715864],[1.382747,38.715874],[1.382741,38.715882],[1.382735,38.715892],[1.382729,38.7159],[1.382723,38.715908],[1.382716,38.715916],[1.38271,38.715924],[1.382703,38.715932],[1.382697,38.71594],[1.382691,38.715948],[1.382683,38.715955],[1.382675,38.715964],[1.382667,38.715973],[1.38266,38.715982],[1.382656,38.715991],[1.382653,38.716],[1.382652,38.716009],[1.382651,38.716018],[1.382648,38.716029],[1.382644,38.716038],[1.382638,38.716048],[1.382632,38.716058],[1.382627,38.716068],[1.382622,38.716076],[1.382617,38.716085],[1.382611,38.716095],[1.382608,38.716105],[1.382608,38.716116],[1.382608,38.716126],[1.382607,38.716136],[1.382608,38.716146],[1.382616,38.716152],[1.382625,38.716159],[1.382637,38.716164],[1.382637,38.716168],[1.382634,38.716178],[1.38263,38.716187],[1.382627,38.716197],[1.382623,38.716208],[1.382618,38.716218],[1.382609,38.716224],[1.382598,38.71623],[1.382587,38.716236],[1.382576,38.716242],[1.382566,38.716249],[1.382556,38.716254],[1.382546,38.71626],[1.382536,38.716266],[1.382526,38.716272],[1.382516,38.716278],[1.382506,38.716286],[1.382499,38.716295],[1.382492,38.716304],[1.382484,38.716312],[1.382474,38.716318],[1.382464,38.716324],[1.382454,38.71633],[1.382445,38.716335],[1.382437,38.716343],[1.382429,38.71635],[1.382425,38.716359],[1.382424,38.71637],[1.382424,38.716379],[1.382424,38.716388],[1.382425,38.716398],[1.382427,38.716407],[1.382426,38.716417],[1.382426,38.716426],[1.382424,38.716435],[1.382419,38.716444],[1.382413,38.716453],[1.382404,38.71646],[1.382395,38.716468],[1.382385,38.716474],[1.382375,38.716479],[1.382364,38.716484],[1.382354,38.716491],[1.382344,38.716496],[1.382334,38.716501],[1.382323,38.716506],[1.382311,38.716511],[1.382301,38.716519],[1.382292,38.716527],[1.382283,38.716535],[1.382274,38.716543],[1.382266,38.716551],[1.382257,38.716557],[1.382247,38.716564],[1.382238,38.71657],[1.382227,38.716575],[1.382217,38.71658],[1.382207,38.716586],[1.382196,38.716589],[1.382185,38.716593],[1.382174,38.716597],[1.382162,38.716599],[1.382152,38.716605],[1.382143,38.716611],[1.382135,38.716618],[1.382127,38.716625],[1.382119,38.716631],[1.382112,38.716638],[1.382103,38.716646],[1.382096,38.716654],[1.382088,38.716661],[1.382081,38.716669],[1.382072,38.716678],[1.382064,38.716687],[1.382057,38.716695],[1.38205,38.716704],[1.382044,38.716714],[1.382038,38.716723],[1.382032,38.716732],[1.382026,38.716741],[1.382019,38.716748],[1.382013,38.716756],[1.382006,38.716766],[1.381997,38.716775],[1.381988,38.716782],[1.381977,38.716787],[1.381966,38.716792],[1.381955,38.716797],[1.381945,38.716802],[1.381934,38.716808],[1.381924,38.716813],[1.381914,38.71682],[1.381906,38.716829],[1.381899,38.716837],[1.38189,38.716846],[1.381884,38.716855],[1.381878,38.716863],[1.381869,38.716873],[1.38186,38.716881],[1.381849,38.716887],[1.381836,38.716887],[1.381824,38.716887],[1.381811,38.716886],[1.381799,38.716887],[1.381786,38.716886],[1.381774,38.716888],[1.381764,38.716893],[1.381754,38.716898],[1.381746,38.716905],[1.381738,38.716914],[1.381734,38.716923],[1.381729,38.716933],[1.381724,38.716942],[1.381718,38.716951],[1.38171,38.71696],[1.381701,38.716967],[1.381693,38.716975],[1.381686,38.716985],[1.381681,38.716994],[1.381678,38.717003],[1.381675,38.717012],[1.381672,38.717022],[1.38166,38.717023],[1.381648,38.717023],[1.381636,38.717022],[1.381624,38.717025],[1.381616,38.717032],[1.381609,38.71704],[1.381601,38.717047],[1.381592,38.717055],[1.381583,38.717062],[1.381574,38.717069],[1.381565,38.717075],[1.381555,38.717081],[1.381545,38.717087],[1.381536,38.717094],[1.381526,38.717101],[1.381517,38.717107],[1.381508,38.717114],[1.381499,38.717121],[1.38149,38.717128],[1.381482,38.717137],[1.381474,38.717146],[1.381466,38.717153],[1.381456,38.71716],[1.381446,38.717166],[1.381437,38.717173],[1.381428,38.717179],[1.381419,38.717186],[1.38141,38.717192],[1.381401,38.7172],[1.381392,38.717208],[1.381382,38.717217],[1.381374,38.717225],[1.381365,38.717234],[1.381355,38.717241],[1.381346,38.717247],[1.381336,38.717254],[1.381326,38.717259],[1.381317,38.717265],[1.381306,38.717269],[1.381295,38.717271],[1.381282,38.717271],[1.381271,38.717271],[1.381257,38.717271],[1.381245,38.71727],[1.381232,38.71727],[1.381223,38.717269],[1.381211,38.717269],[1.381203,38.717275],[1.381197,38.717284],[1.381193,38.717288],[1.381181,38.717291],[1.381171,38.717295],[1.381162,38.717301],[1.381156,38.71731],[1.381153,38.717321],[1.381153,38.717331],[1.381148,38.71734],[1.381145,38.71734],[1.381133,38.717344],[1.381126,38.717351],[1.38112,38.71736],[1.38112,38.717361],[1.38112,38.717371],[1.381122,38.71738],[1.38113,38.717388],[1.38114,38.717396],[1.381149,38.717404],[1.381157,38.717411],[1.381164,38.717418],[1.381171,38.717425],[1.38118,38.717434],[1.381188,38.717442],[1.381195,38.71745],[1.381201,38.717458],[1.381209,38.717466],[1.381216,38.717474],[1.381222,38.717483],[1.381229,38.717491],[1.381235,38.717499],[1.38124,38.717508],[1.381243,38.717517],[1.381247,38.717526],[1.38125,38.717534],[1.381256,38.717543],[1.381263,38.717553],[1.381268,38.717562],[1.381274,38.717572],[1.38128,38.717581],[1.381284,38.717591],[1.381286,38.717602],[1.381285,38.717613],[1.381281,38.717621],[1.381275,38.717629],[1.381269,38.717637],[1.381263,38.717646],[1.381255,38.717655],[1.381248,38.717663],[1.38124,38.717672],[1.381232,38.71768],[1.381225,38.717689],[1.381218,38.717699],[1.381211,38.717708],[1.381203,38.717716],[1.381195,38.717724],[1.381188,38.717734],[1.381182,38.717742],[1.381176,38.717752],[1.381168,38.717762],[1.381162,38.717769],[1.381155,38.717777],[1.381149,38.717785],[1.381143,38.717794],[1.381138,38.717803],[1.381136,38.717814],[1.381136,38.717823],[1.381136,38.717833],[1.381139,38.71784],[1.381144,38.717849],[1.381149,38.717858],[1.381153,38.717868],[1.381153,38.717879],[1.38115,38.71789],[1.381147,38.717892],[1.381134,38.717896],[1.381124,38.7179],[1.381113,38.717904],[1.381101,38.717907],[1.38109,38.71791],[1.381078,38.717912],[1.381065,38.717914],[1.381053,38.717915],[1.381041,38.717914],[1.381029,38.717914],[1.381017,38.717914],[1.381007,38.717918],[1.380999,38.717925],[1.380989,38.717932],[1.380981,38.717939],[1.380972,38.717947],[1.380966,38.71795],[1.380954,38.717953],[1.380942,38.717952],[1.380928,38.717952],[1.380923,38.717951],[1.380917,38.717943],[1.38091,38.717935],[1.380904,38.717927],[1.380894,38.717922],[1.380887,38.717922],[1.380875,38.717922],[1.380863,38.717921],[1.38085,38.717921],[1.380836,38.717921],[1.380822,38.717921],[1.380808,38.717922],[1.380796,38.717923],[1.380783,38.717923],[1.38077,38.717926],[1.380765,38.717928],[1.380754,38.717933],[1.380742,38.717935],[1.380728,38.717935],[1.380717,38.717934],[1.380702,38.717934],[1.380698,38.717933],[1.380686,38.717934],[1.380677,38.717939],[1.380672,38.717948],[1.380667,38.717958],[1.380662,38.717968],[1.380655,38.717977],[1.380648,38.717987],[1.380639,38.717994],[1.380627,38.717999],[1.380614,38.717999],[1.380606,38.717999],[1.380595,38.717998],[1.380585,38.717994],[1.380576,38.71799],[1.380567,38.717986],[1.380563,38.717981],[1.380558,38.717979],[1.380553,38.717969],[1.380546,38.71796],[1.380536,38.717956],[1.380523,38.717956],[1.380509,38.717955],[1.380496,38.717955],[1.380482,38.717954],[1.380469,38.717954],[1.380455,38.717952],[1.380442,38.71795],[1.380428,38.717949],[1.380416,38.717947],[1.380402,38.717947],[1.380389,38.717947],[1.380377,38.717945],[1.380365,38.717943],[1.380353,38.717942],[1.380342,38.717942],[1.38033,38.717942],[1.380317,38.717941],[1.380305,38.717942],[1.380293,38.717945],[1.380285,38.717953],[1.380279,38.717962],[1.380273,38.717972],[1.380268,38.717981],[1.380264,38.717989],[1.380258,38.717997],[1.38025,38.718006],[1.380242,38.718015],[1.380232,38.718021],[1.380221,38.718027],[1.38021,38.718031],[1.380197,38.718032],[1.380186,38.718033],[1.380174,38.718032],[1.380161,38.718034],[1.38015,38.718039],[1.380141,38.718045],[1.380135,38.718054],[1.380131,38.718063],[1.380126,38.718071],[1.38012,38.718081],[1.380115,38.71809],[1.380113,38.718099],[1.380113,38.718109],[1.380113,38.718118],[1.380112,38.718128],[1.380112,38.718138],[1.380111,38.718148],[1.380104,38.718157],[1.380104,38.718157],[1.380104,38.718167],[1.380112,38.718173],[1.380122,38.718179],[1.380128,38.718187],[1.380128,38.718197],[1.380128,38.718207],[1.380131,38.718217],[1.380138,38.718225],[1.38015,38.718229],[1.380162,38.718232],[1.380172,38.718239],[1.380178,38.718248],[1.380182,38.718258],[1.380187,38.718268],[1.380194,38.718275],[1.380203,38.718282],[1.380214,38.718287],[1.380225,38.71829],[1.380237,38.718293],[1.380249,38.718297],[1.380262,38.718301],[1.380273,38.718307],[1.380284,38.718312],[1.380294,38.718317],[1.380305,38.71832],[1.380317,38.718323],[1.380328,38.71833],[1.380337,38.718337],[1.380343,38.718345],[1.380348,38.718353],[1.380349,38.718355],[1.380354,38.718364],[1.380354,38.718374],[1.380351,38.718383],[1.380348,38.718393],[1.380344,38.718403],[1.380343,38.718407],[1.380343,38.718417],[1.380349,38.718426],[1.380355,38.718434],[1.380362,38.718442],[1.380365,38.718444],[1.380374,38.718452],[1.380381,38.718459],[1.380388,38.718466],[1.380399,38.718471],[1.380411,38.718472],[1.380414,38.718472],[1.380424,38.718467],[1.380432,38.718464],[1.380444,38.718456],[1.380456,38.718456],[1.380467,38.718456],[1.38048,38.718456],[1.380494,38.718456],[1.380507,38.718457],[1.380512,38.718458],[1.380523,38.718463],[1.380536,38.718467],[1.380549,38.718469],[1.380561,38.718473],[1.380566,38.718478],[1.380573,38.718486],[1.380572,38.718496],[1.380573,38.7185],[1.380572,38.71851],[1.380565,38.718517],[1.380562,38.718519],[1.380556,38.718527],[1.380555,38.718537],[1.38055,38.718545],[1.380546,38.718549],[1.380473,38.718595],[1.380505,38.718605],[1.380497,38.718619],[1.380482,38.718633],[1.38048,38.718642],[1.380481,38.718651],[1.380481,38.718661],[1.38048,38.718671],[1.380479,38.718684],[1.380474,38.718696],[1.380463,38.718702],[1.380449,38.718703],[1.380436,38.718706],[1.380435,38.718709],[1.380432,38.71871],[1.380432,38.718719],[1.380435,38.71873],[1.380438,38.718739],[1.380439,38.718749],[1.38044,38.71876],[1.380439,38.71877],[1.380438,38.71878],[1.380438,38.71879],[1.380438,38.718799],[1.380439,38.71881],[1.380442,38.718819],[1.380447,38.718828],[1.380452,38.718837],[1.380458,38.718848],[1.380464,38.718858],[1.380468,38.718868],[1.380473,38.718878],[1.380478,38.718886],[1.380485,38.718895],[1.380491,38.718905],[1.380501,38.71891],[1.380513,38.71891],[1.380525,38.71891],[1.380537,38.718912],[1.380551,38.718913],[1.380563,38.718915],[1.380574,38.718919],[1.380577,38.718928],[1.380577,38.718937],[1.380576,38.718947],[1.380576,38.718957],[1.380573,38.718967],[1.380568,38.718977],[1.380559,38.718985],[1.380549,38.718992],[1.380537,38.718995],[1.380525,38.718998],[1.380512,38.719001],[1.380501,38.719004],[1.380489,38.71901],[1.38048,38.719017],[1.380471,38.719025],[1.380464,38.719034],[1.380461,38.719045],[1.380457,38.719056],[1.380452,38.719066],[1.380447,38.719076],[1.380443,38.719084],[1.380439,38.719093],[1.380433,38.719102],[1.380428,38.719111],[1.380422,38.71912],[1.380413,38.719126],[1.3804,38.719127],[1.380387,38.719127],[1.380375,38.719127],[1.380364,38.719127],[1.38035,38.719127],[1.380339,38.719131],[1.380332,38.719138],[1.380326,38.719147],[1.380321,38.719155],[1.380312,38.719163],[1.380307,38.719172],[1.380306,38.719183],[1.380305,38.719192],[1.380305,38.719201],[1.380304,38.719211],[1.380305,38.719221],[1.380304,38.719231],[1.380304,38.719241],[1.380301,38.719252],[1.380295,38.719261],[1.380291,38.719269],[1.38029,38.719278],[1.38029,38.719289],[1.38029,38.719299],[1.380293,38.719309],[1.380301,38.719316],[1.380312,38.719323],[1.380323,38.719331],[1.380334,38.719335],[1.380345,38.719337],[1.380358,38.719342],[1.380368,38.719347],[1.380378,38.719352],[1.380382,38.719361],[1.380382,38.719371],[1.380382,38.71938],[1.380382,38.71939],[1.380381,38.719401],[1.380381,38.719411],[1.380381,38.719421],[1.380381,38.71943],[1.38038,38.719439],[1.380382,38.719449],[1.38039,38.719456],[1.3804,38.719461],[1.380412,38.719464],[1.380424,38.719468],[1.380433,38.719474],[1.380444,38.719478],[1.380455,38.719483],[1.380463,38.71949],[1.380464,38.719499],[1.380466,38.719509],[1.380473,38.719516],[1.380485,38.71952],[1.380497,38.719524],[1.380508,38.71953],[1.380518,38.719537],[1.380526,38.719545],[1.380531,38.719555],[1.380536,38.719565],[1.380542,38.719574],[1.380551,38.719583],[1.38056,38.719591],[1.380569,38.719598],[1.380579,38.719604],[1.380591,38.719611],[1.380602,38.719618],[1.38061,38.719624],[1.380619,38.719632],[1.380626,38.71964],[1.380634,38.719649],[1.380643,38.719658],[1.380651,38.719666],[1.380664,38.719674],[1.380676,38.71968],[1.380696,38.719684],[1.380759,38.719661],[1.380816,38.719681],[1.380889,38.71973],[1.380941,38.719787],[1.380971,38.719869],[1.38097,38.719905],[1.381008,38.719931],[1.381056,38.719899],[1.381059,38.719918],[1.381036,38.719957],[1.381039,38.719999],[1.381056,38.719999],[1.381066,38.720039],[1.381091,38.720056],[1.381134,38.72004],[1.381206,38.720036],[1.38126,38.720023],[1.381303,38.719998],[1.381348,38.720038],[1.381468,38.720064],[1.381483,38.720065],[1.381496,38.720068],[1.381509,38.720073],[1.381522,38.720078],[1.381531,38.720083],[1.381545,38.720089],[1.381558,38.720094],[1.381568,38.720099],[1.381582,38.720103],[1.381593,38.720107],[1.381607,38.72011],[1.381622,38.72011],[1.381635,38.720111],[1.38165,38.720111],[1.381662,38.720111],[1.381676,38.720111],[1.381688,38.720112],[1.381702,38.720112],[1.381715,38.720112],[1.381728,38.720111],[1.381742,38.720108],[1.381755,38.720105],[1.381768,38.720103],[1.381779,38.7201],[1.381789,38.720092],[1.381794,38.720082],[1.381803,38.720074],[1.381811,38.720067],[1.38182,38.720059],[1.381829,38.720052],[1.381839,38.720045],[1.381849,38.720039],[1.381859,38.720032],[1.38187,38.720026],[1.381882,38.720025],[1.381893,38.720024],[1.381906,38.720024],[1.381918,38.720025],[1.381931,38.720025],[1.381944,38.720027],[1.381955,38.720033],[1.381966,38.720039],[1.381977,38.720047],[1.38199,38.720052],[1.382002,38.720054],[1.382015,38.720054],[1.382028,38.720054],[1.382041,38.720054],[1.382053,38.720055],[1.382065,38.720057],[1.382076,38.720062],[1.382084,38.720068],[1.382092,38.720078],[1.382094,38.720087],[1.382094,38.720097],[1.38209,38.720107],[1.382085,38.720115],[1.382083,38.720124],[1.382079,38.720134],[1.382078,38.720143],[1.382077,38.720154],[1.382083,38.720155],[1.382084,38.720158],[1.382096,38.720159],[1.382108,38.720158],[1.38212,38.720158],[1.382133,38.720159],[1.382143,38.720166],[1.38215,38.720172],[1.382158,38.72018],[1.382165,38.720187],[1.382171,38.720196],[1.382176,38.720205],[1.382179,38.720214],[1.382181,38.720223],[1.382186,38.720233],[1.38219,38.720242],[1.382199,38.72025],[1.382212,38.720251],[1.38222,38.720251],[1.382223,38.720251],[1.382235,38.720251],[1.382247,38.72025],[1.382259,38.72025],[1.38227,38.72025],[1.382289,38.720252],[1.382301,38.720254],[1.382315,38.720255],[1.382326,38.720257],[1.38234,38.720269],[1.382347,38.720279],[1.382343,38.720289],[1.382332,38.720293],[1.382322,38.720299],[1.382312,38.720304],[1.382308,38.720313],[1.382307,38.720327],[1.382303,38.720336],[1.382295,38.720344],[1.382286,38.720352],[1.38228,38.72036],[1.38228,38.72037],[1.38228,38.720379],[1.382276,38.720391],[1.382263,38.720391],[1.382251,38.720391],[1.38225,38.720391],[1.382238,38.720391],[1.382231,38.720398],[1.382225,38.720406],[1.382216,38.720412],[1.382204,38.720414],[1.382192,38.720414],[1.382177,38.720414],[1.382165,38.720414],[1.382163,38.720423],[1.382165,38.720425],[1.382165,38.720426],[1.382174,38.720433],[1.382183,38.720439],[1.382194,38.720444],[1.382205,38.720447],[1.382224,38.720448],[1.382236,38.720446],[1.382246,38.720441],[1.382258,38.720434],[1.382271,38.720432],[1.382284,38.720432],[1.382297,38.720433],[1.382309,38.720433],[1.382322,38.720433],[1.382335,38.720433],[1.382349,38.720433],[1.382361,38.720432],[1.382374,38.720429],[1.382385,38.720427],[1.382397,38.720425],[1.38241,38.720424],[1.382422,38.720424],[1.382435,38.720423],[1.382447,38.720422],[1.38246,38.720422],[1.382461,38.720422],[1.382476,38.720423],[1.38249,38.720423],[1.382503,38.720423],[1.382515,38.720423],[1.382529,38.720423],[1.382549,38.720424],[1.382562,38.720425],[1.382574,38.720425],[1.382585,38.720427],[1.382597,38.720429],[1.382609,38.720432],[1.382621,38.720435],[1.382634,38.720439],[1.382647,38.720443],[1.38266,38.720447],[1.382672,38.720452],[1.382686,38.720458],[1.382699,38.720463],[1.382712,38.720467],[1.382726,38.72047],[1.38274,38.720471],[1.382754,38.720473],[1.382767,38.720475],[1.382782,38.720477],[1.382797,38.72048],[1.38281,38.720483],[1.382824,38.720487],[1.382835,38.720489],[1.382846,38.720492],[1.382858,38.720495],[1.382869,38.720498],[1.38288,38.720501],[1.382891,38.720504],[1.382903,38.720507],[1.382914,38.72051],[1.382925,38.720512],[1.382936,38.720514],[1.382948,38.720516],[1.38296,38.720518],[1.382972,38.720519],[1.382987,38.720521],[1.382999,38.720523],[1.383011,38.720525],[1.383022,38.720527],[1.383034,38.72053],[1.383045,38.720533],[1.383056,38.720536],[1.383066,38.72054],[1.383076,38.720546],[1.383086,38.720551],[1.383095,38.720557],[1.383108,38.720562],[1.38312,38.720568],[1.383132,38.720572],[1.383144,38.720573],[1.383157,38.720574],[1.383171,38.720575],[1.383183,38.720576],[1.383199,38.720576],[1.383211,38.720573],[1.38322,38.720567],[1.383237,38.720561],[1.383236,38.720572],[1.38324,38.720581],[1.38324,38.72059],[1.383232,38.720599],[1.38322,38.7206],[1.383208,38.7206],[1.383196,38.7206],[1.383183,38.720599],[1.383172,38.720599],[1.383159,38.720599],[1.383147,38.720599],[1.383134,38.720598],[1.383121,38.720598],[1.383109,38.720599],[1.383098,38.720603],[1.383082,38.720612],[1.383079,38.720621],[1.383085,38.72063],[1.383097,38.720632],[1.38311,38.720634],[1.383122,38.720636],[1.383134,38.720639],[1.383138,38.720653],[1.383147,38.720659],[1.383153,38.720667],[1.383152,38.720683],[1.38314,38.720684],[1.383126,38.720689],[1.383125,38.720698],[1.383125,38.720707],[1.383125,38.720717],[1.383133,38.720724],[1.383145,38.720726],[1.383158,38.720726],[1.383171,38.720726],[1.383184,38.720726],[1.383197,38.720726],[1.383209,38.720726],[1.383222,38.720727],[1.383234,38.720727],[1.383245,38.720725],[1.383257,38.720723],[1.383266,38.720717],[1.383272,38.720708],[1.383282,38.720701],[1.383291,38.720696],[1.383304,38.720695],[1.383316,38.720695],[1.383329,38.720695],[1.383342,38.720695],[1.383356,38.720696],[1.383369,38.720697],[1.383382,38.720698],[1.383395,38.720702],[1.383405,38.720708],[1.383417,38.720715],[1.383429,38.720722],[1.383442,38.720728],[1.383455,38.720732],[1.383469,38.720734],[1.383483,38.720738],[1.383498,38.720741],[1.383512,38.720745],[1.383527,38.720748],[1.383541,38.720751],[1.383555,38.720754],[1.383569,38.720757],[1.383583,38.720761],[1.383597,38.720765],[1.383611,38.720769],[1.383622,38.720772],[1.383636,38.720776],[1.383647,38.720776],[1.383659,38.720778],[1.383672,38.720778],[1.383684,38.720778],[1.383696,38.720778],[1.383708,38.72078],[1.383719,38.720785],[1.383729,38.720793],[1.383733,38.720801],[1.383733,38.720811],[1.383733,38.72082],[1.383735,38.72083],[1.383738,38.720841],[1.38374,38.720851],[1.383749,38.720859],[1.38376,38.720866],[1.383771,38.720872],[1.38378,38.72088],[1.383779,38.720897],[1.383774,38.720905],[1.383775,38.720917],[1.383783,38.720925],[1.383795,38.72093],[1.383806,38.720936],[1.383817,38.720943],[1.38383,38.720949],[1.383842,38.720954],[1.383854,38.720959],[1.383867,38.720961],[1.38388,38.720963],[1.383893,38.720963],[1.383907,38.720964],[1.38392,38.720965],[1.383932,38.720964],[1.383944,38.720964],[1.383957,38.720965],[1.38397,38.720965],[1.383982,38.720965],[1.383995,38.720965],[1.384007,38.720966],[1.384019,38.720966],[1.384033,38.720966],[1.384047,38.720966],[1.38406,38.720964],[1.384072,38.720961],[1.384083,38.720956],[1.384093,38.720952],[1.384105,38.720949],[1.384118,38.720947],[1.384132,38.720947],[1.384145,38.720947],[1.384157,38.720947],[1.384158,38.720938],[1.384159,38.720928],[1.38416,38.720918],[1.384169,38.720911],[1.384181,38.720912],[1.384192,38.720915],[1.384205,38.720921],[1.384215,38.720926],[1.384226,38.720934],[1.384235,38.720942],[1.384245,38.720949],[1.384256,38.720954],[1.384266,38.720959],[1.384276,38.720964],[1.384288,38.720968],[1.384301,38.720968],[1.384315,38.720969],[1.384327,38.720969],[1.384338,38.720969],[1.384352,38.720969],[1.384365,38.72097],[1.38439,38.72097],[1.384402,38.720968],[1.384409,38.720961],[1.384429,38.720956],[1.38444,38.720958],[1.384452,38.720962],[1.384463,38.720969],[1.384473,38.720974],[1.384486,38.720978],[1.384498,38.720979],[1.38451,38.720983],[1.384521,38.720988],[1.384528,38.720996],[1.384536,38.721005],[1.384543,38.721013],[1.384549,38.721021],[1.384555,38.72103],[1.384563,38.721038],[1.384574,38.72104],[1.384587,38.72104],[1.384599,38.721041],[1.384613,38.721042],[1.384623,38.721049],[1.384632,38.721057],[1.384641,38.721065],[1.384648,38.721073],[1.384656,38.721081],[1.384664,38.721089],[1.384672,38.721095],[1.38469,38.7211],[1.384703,38.7211],[1.384714,38.7211],[1.384727,38.721101],[1.38474,38.721102],[1.384747,38.721109],[1.384751,38.721124],[1.384754,38.721134],[1.38476,38.721143],[1.384769,38.721153],[1.384775,38.721162],[1.384778,38.721172],[1.384777,38.721186],[1.384767,38.721191],[1.384766,38.721201],[1.384755,38.721205],[1.384745,38.721211],[1.384738,38.721219],[1.384733,38.721229],[1.38473,38.721238],[1.384728,38.721251],[1.38473,38.721262],[1.384736,38.72127],[1.38474,38.721279],[1.384731,38.721296],[1.384713,38.721298],[1.3847,38.721298],[1.384688,38.721298],[1.384675,38.721304],[1.384675,38.721314],[1.384674,38.721325],[1.384674,38.721334],[1.384677,38.721345],[1.384685,38.721356],[1.384696,38.721359],[1.384708,38.721359],[1.384721,38.721359],[1.384733,38.721355],[1.384743,38.721349],[1.384753,38.721343],[1.384764,38.721336],[1.384773,38.72133],[1.384783,38.721327],[1.384796,38.721327],[1.384808,38.721327],[1.384821,38.721328],[1.384834,38.72133],[1.384846,38.721331],[1.38486,38.721333],[1.384877,38.721336],[1.384888,38.721339],[1.384899,38.721344],[1.384913,38.721345],[1.384926,38.721345],[1.384939,38.721343],[1.38495,38.72134],[1.384963,38.721337],[1.384977,38.721338],[1.384992,38.721338],[1.385005,38.721339],[1.385025,38.72134],[1.385037,38.72134],[1.38505,38.721337],[1.385062,38.721334],[1.385075,38.721331],[1.385089,38.721327],[1.385102,38.721324],[1.385118,38.721322],[1.385132,38.721318],[1.385144,38.721315],[1.385156,38.721319],[1.385154,38.72133],[1.385154,38.721339],[1.385155,38.721349],[1.385155,38.721358],[1.385154,38.721368],[1.385152,38.72138],[1.385148,38.721389],[1.385143,38.721398],[1.385135,38.721406],[1.385124,38.721411],[1.385115,38.721418],[1.385107,38.721425],[1.3851,38.721433],[1.385106,38.721442],[1.385119,38.721443],[1.385133,38.721443],[1.385145,38.721443],[1.385156,38.72144],[1.385168,38.721437],[1.385182,38.721435],[1.385197,38.721433],[1.385211,38.72143],[1.385226,38.721429],[1.385241,38.721429],[1.385255,38.721429],[1.38527,38.72143],[1.385283,38.72143],[1.385297,38.72143],[1.385313,38.72143],[1.385327,38.721431],[1.385341,38.721431],[1.385354,38.721434],[1.385368,38.721437],[1.385381,38.721441],[1.385394,38.721446],[1.385408,38.72145],[1.385422,38.721452],[1.385436,38.721455],[1.385448,38.721457],[1.385459,38.72146],[1.385469,38.721466],[1.385476,38.721474],[1.385477,38.721484],[1.385478,38.721498],[1.385489,38.721503],[1.385501,38.721506],[1.385515,38.721512],[1.385515,38.721521],[1.385516,38.721531],[1.385528,38.721542],[1.385538,38.72155],[1.38555,38.721554],[1.385564,38.721554],[1.385576,38.721555],[1.385588,38.721555],[1.385601,38.721555],[1.385613,38.721555],[1.385621,38.721565],[1.38562,38.721575],[1.385621,38.721584],[1.385641,38.721591],[1.385651,38.721586],[1.385661,38.721578],[1.385668,38.721571],[1.385681,38.72157],[1.385693,38.721569],[1.385704,38.721566],[1.385718,38.721563],[1.385738,38.72156],[1.38575,38.721561],[1.385763,38.721565],[1.385774,38.721569],[1.385784,38.721574],[1.385795,38.721579],[1.385804,38.721585],[1.385807,38.721595],[1.385804,38.721609],[1.385796,38.721616],[1.385787,38.721623],[1.385777,38.721629],[1.385767,38.721636],[1.385755,38.721641],[1.385738,38.721645],[1.385727,38.721649],[1.385721,38.721658],[1.385717,38.721668],[1.385712,38.721678],[1.385706,38.721688],[1.385697,38.721695],[1.38568,38.721706],[1.385668,38.721707],[1.385657,38.721709],[1.38565,38.721718],[1.385654,38.721727],[1.385678,38.721728],[1.385691,38.721727],[1.385705,38.721726],[1.385718,38.721722],[1.38573,38.721718],[1.385742,38.721713],[1.385754,38.721709],[1.385767,38.721705],[1.38578,38.721702],[1.385791,38.721698],[1.385804,38.721694],[1.385816,38.721691],[1.385827,38.721689],[1.385839,38.721688],[1.385853,38.721689],[1.385864,38.721689],[1.385876,38.721689],[1.38589,38.721689],[1.385904,38.721689],[1.385916,38.721686],[1.38593,38.721684],[1.385941,38.721682],[1.385953,38.72168],[1.385965,38.721678],[1.385977,38.721676],[1.385988,38.721676],[1.386002,38.721675],[1.386014,38.721673],[1.386026,38.721669],[1.386037,38.721664],[1.386049,38.72166],[1.38606,38.721657],[1.386071,38.721653],[1.386082,38.721649],[1.386093,38.721645],[1.386104,38.721641],[1.386117,38.721637],[1.38613,38.721636],[1.386142,38.721635],[1.386154,38.721635],[1.386167,38.721634],[1.386182,38.721634],[1.386196,38.721635],[1.38621,38.721635],[1.386224,38.721635],[1.386238,38.721635],[1.386252,38.721635],[1.386265,38.721636],[1.386277,38.721636],[1.386289,38.721636],[1.386302,38.721636],[1.386314,38.721636],[1.386329,38.721636],[1.386341,38.721639],[1.386354,38.721645],[1.386367,38.72165],[1.386379,38.721656],[1.386389,38.721661],[1.386402,38.721667],[1.386415,38.721669],[1.386429,38.72167],[1.386443,38.72167],[1.386457,38.72167],[1.386471,38.721671],[1.386486,38.721671],[1.3865,38.721672],[1.386514,38.721675],[1.386528,38.721678],[1.386541,38.721683],[1.386552,38.72169],[1.386561,38.721696],[1.38657,38.721702],[1.386579,38.721708],[1.386587,38.721715],[1.386596,38.72172],[1.386607,38.721725],[1.386617,38.721731],[1.386629,38.721736],[1.386641,38.721741],[1.386653,38.721745],[1.386666,38.721747],[1.386678,38.721749],[1.386691,38.721752],[1.386703,38.721753],[1.386716,38.721753],[1.386731,38.721753],[1.386743,38.721753],[1.386755,38.721754],[1.386768,38.721754],[1.386765,38.72177],[1.386756,38.721776],[1.386732,38.721776],[1.386719,38.72178],[1.386707,38.721786],[1.386699,38.721794],[1.386693,38.721803],[1.386686,38.721812],[1.386679,38.721822],[1.386669,38.721829],[1.386657,38.721835],[1.38664,38.721843],[1.386636,38.721851],[1.386635,38.721861],[1.386644,38.721868],[1.386656,38.72187],[1.386669,38.72187],[1.386681,38.721871],[1.386693,38.721871],[1.386707,38.721871],[1.386721,38.721871],[1.386734,38.721872],[1.386748,38.721872],[1.386762,38.721872],[1.386776,38.721873],[1.386789,38.721873],[1.386802,38.721871],[1.38681,38.721863],[1.386819,38.721854],[1.38683,38.721844],[1.386841,38.721843],[1.386852,38.721846],[1.386869,38.72185],[1.386883,38.72185],[1.386894,38.721849],[1.386906,38.721849],[1.386923,38.721857],[1.38693,38.721865],[1.386931,38.721875],[1.386928,38.721894],[1.38692,38.7219],[1.3869,38.721906],[1.386889,38.721906],[1.386879,38.721921],[1.386879,38.721932],[1.386881,38.721941],[1.386886,38.721949],[1.386897,38.721955],[1.38691,38.721957],[1.386921,38.721959],[1.386933,38.721962],[1.386941,38.72197],[1.386947,38.721979],[1.386955,38.721986],[1.386966,38.721989],[1.386977,38.72199],[1.38699,38.721992],[1.387002,38.721993],[1.387013,38.721994],[1.387025,38.721994],[1.387037,38.721997],[1.387049,38.721999],[1.387063,38.721999],[1.387074,38.722],[1.387088,38.722],[1.387101,38.722],[1.387113,38.722001],[1.387126,38.722002],[1.387137,38.722006],[1.387156,38.722015],[1.387168,38.722019],[1.387181,38.722022],[1.387193,38.722024],[1.387206,38.722026],[1.387218,38.722027],[1.38723,38.722028],[1.387242,38.722028],[1.387257,38.722028],[1.387268,38.722028],[1.387281,38.722028],[1.387293,38.722027],[1.38731,38.722028],[1.387322,38.722028],[1.387334,38.72203],[1.387345,38.722035],[1.387356,38.722041],[1.387367,38.722048],[1.387378,38.722054],[1.38739,38.722058],[1.387403,38.722061],[1.387415,38.722064],[1.387428,38.722065],[1.387441,38.722065],[1.387446,38.722065],[1.387459,38.722066],[1.387471,38.722066],[1.387485,38.722066],[1.387498,38.722068],[1.38751,38.722071],[1.38752,38.722082],[1.387521,38.722092],[1.387522,38.722102],[1.387526,38.722111],[1.387532,38.72212],[1.387553,38.722127],[1.387563,38.722133],[1.387569,38.722141],[1.387574,38.722151],[1.387578,38.722162],[1.387585,38.722178],[1.387588,38.722188],[1.387588,38.722199],[1.387587,38.72221],[1.387581,38.722221],[1.387571,38.722226],[1.387561,38.722233],[1.387551,38.722239],[1.387543,38.722246],[1.387535,38.722256],[1.387532,38.722266],[1.387531,38.722276],[1.387531,38.722285],[1.387532,38.722295],[1.387531,38.722305],[1.387533,38.722318],[1.387536,38.722327],[1.387539,38.722337],[1.387546,38.722345],[1.387557,38.72235],[1.387574,38.722356],[1.387585,38.722361],[1.38759,38.722369],[1.387592,38.72238],[1.387592,38.72239],[1.387586,38.722399],[1.387577,38.722407],[1.387569,38.722413],[1.387557,38.722425],[1.387557,38.722435],[1.387556,38.722445],[1.387556,38.72245],[1.387576,38.72246],[1.387582,38.722513],[1.387569,38.722583],[1.38756,38.72263],[1.387551,38.722695],[1.387531,38.722761],[1.387501,38.722834],[1.387485,38.722895],[1.387486,38.722968],[1.387495,38.723019],[1.387454,38.723077],[1.387435,38.723129],[1.387469,38.723175],[1.387507,38.723223],[1.38752,38.723268],[1.387455,38.723298],[1.387377,38.723274],[1.387299,38.723259],[1.387205,38.723291],[1.38714,38.723287],[1.387078,38.723238],[1.387036,38.723184],[1.387011,38.723189],[1.387005,38.723276],[1.386965,38.723311],[1.386956,38.723362],[1.386968,38.723423],[1.386924,38.723484],[1.386848,38.723516],[1.386714,38.723548],[1.386674,38.723569],[1.386641,38.723611],[1.386601,38.723646],[1.386542,38.723699],[1.386534,38.723735],[1.38656,38.723803],[1.386594,38.723856],[1.386694,38.723883],[1.386768,38.723896],[1.386863,38.723858],[1.386934,38.723863],[1.387041,38.723881],[1.387061,38.723921],[1.387092,38.723972],[1.387131,38.723978],[1.387166,38.723979],[1.387232,38.723932],[1.387283,38.7239],[1.387412,38.72388],[1.387495,38.723867],[1.387553,38.723846],[1.387696,38.723848],[1.38773,38.723899],[1.387747,38.723919],[1.387794,38.723915],[1.387816,38.72389],[1.38786,38.723849],[1.387886,38.723838],[1.387903,38.723858],[1.387908,38.72392],[1.387904,38.723945],[1.387975,38.723974],[1.388046,38.723984],[1.388097,38.723943],[1.38813,38.723932],[1.388147,38.723941],[1.388157,38.723974],[1.388166,38.724019],[1.388218,38.724088],[1.388281,38.724128],[1.388322,38.72419],[1.388341,38.724266],[1.388347,38.724311],[1.388318,38.724347],[1.388309,38.724386],[1.38834,38.724426],[1.3884,38.724466],[1.388464,38.724459],[1.388537,38.724421],[1.388583,38.724433],[1.388633,38.724448],[1.38861,38.724495],[1.38862,38.724512],[1.388675,38.724578],[1.388767,38.724638],[1.388759,38.72466],[1.388801,38.724695],[1.388858,38.724696],[1.38889,38.724659],[1.38893,38.724664],[1.389011,38.724704],[1.389092,38.724764],[1.389172,38.724842],[1.389251,38.72493],[1.389317,38.72499],[1.389378,38.725003],[1.389398,38.725007],[1.389435,38.725001],[1.38951,38.72501],[1.38975,38.725107],[1.390009,38.725193],[1.390157,38.725249],[1.390274,38.725276],[1.390426,38.725332],[1.390478,38.725288],[1.390571,38.725284],[1.39062,38.725302],[1.390634,38.725327],[1.390632,38.725354],[1.390586,38.725383],[1.390583,38.725464],[1.390629,38.725507],[1.390637,38.725529],[1.390637,38.725546],[1.390647,38.725562],[1.390654,38.7256],[1.390664,38.725645],[1.390734,38.725688],[1.390826,38.725717],[1.390817,38.72579],[1.390905,38.725834],[1.39094,38.72586],[1.391035,38.72592],[1.391115,38.725975],[1.391237,38.725963],[1.391303,38.725925],[1.39141,38.725938],[1.391536,38.726002],[1.391575,38.726034],[1.391525,38.726041],[1.391524,38.726042],[1.391538,38.72606],[1.391545,38.726069],[1.391551,38.726073],[1.391594,38.726103],[1.391641,38.726128],[1.391654,38.726136],[1.391753,38.726171],[1.391809,38.726231],[1.391916,38.726331],[1.392011,38.726411],[1.392091,38.726477],[1.392134,38.726593],[1.392125,38.726657],[1.392128,38.726685],[1.392159,38.726719],[1.392191,38.726849],[1.392134,38.726848],[1.392119,38.726893],[1.392171,38.72691],[1.39226,38.72691],[1.392289,38.726918],[1.392242,38.726934],[1.392198,38.726955],[1.392187,38.726986],[1.392247,38.727015],[1.392247,38.727015],[1.3923,38.727019],[1.392321,38.72703],[1.392363,38.727081],[1.392377,38.727121],[1.392409,38.727152],[1.392454,38.727153],[1.392496,38.727172],[1.392525,38.727202],[1.392526,38.727259],[1.392526,38.727269],[1.392524,38.72732],[1.392516,38.727357],[1.392516,38.727357],[1.392516,38.727357],[1.392512,38.727375],[1.392457,38.727444],[1.392387,38.727503],[1.392322,38.72754],[1.392311,38.727581],[1.392332,38.727595],[1.392373,38.727597],[1.392396,38.727625],[1.392401,38.727632],[1.392418,38.727681],[1.392449,38.727739],[1.392524,38.727797],[1.392577,38.72785],[1.392621,38.727898],[1.392612,38.727913],[1.392612,38.727913],[1.392612,38.727913],[1.392607,38.727921],[1.392585,38.727916],[1.392545,38.727906],[1.392447,38.727898],[1.392362,38.727887],[1.392265,38.727856],[1.392198,38.727843],[1.392206,38.727878],[1.392246,38.727918],[1.392306,38.727963],[1.392369,38.727998],[1.392364,38.728029],[1.39231,38.728054],[1.392267,38.728085],[1.392205,38.728118],[1.392145,38.728122],[1.392086,38.728122],[1.392085,38.728122],[1.392085,38.728122],[1.392084,38.728122],[1.392039,38.728135],[1.392007,38.728161],[1.392006,38.728199],[1.392006,38.728199],[1.392006,38.728199],[1.392006,38.7282],[1.392045,38.728232],[1.392049,38.728248],[1.392051,38.728259],[1.392058,38.728275],[1.392058,38.728275],[1.392066,38.728294],[1.392066,38.728294],[1.392082,38.728296],[1.392123,38.728303],[1.39214,38.72829],[1.392143,38.728289],[1.392153,38.728261],[1.392194,38.728262],[1.392251,38.728282],[1.392294,38.728324],[1.392293,38.728349],[1.392271,38.728375],[1.392272,38.728385],[1.392275,38.728399],[1.392317,38.7284],[1.392329,38.7284],[1.392394,38.728413],[1.392456,38.728425],[1.392502,38.728409],[1.392558,38.72837],[1.392616,38.728358],[1.392681,38.728357],[1.39269,38.728357],[1.392697,38.728358],[1.392753,38.728368],[1.392768,38.728371],[1.392831,38.728398],[1.392855,38.728435],[1.39291,38.728461],[1.392995,38.728488],[1.393055,38.728492],[1.39308,38.728498],[1.393176,38.728534],[1.39319,38.728563],[1.393239,38.72858],[1.393283,38.728564],[1.393343,38.728583],[1.393395,38.728603],[1.393484,38.728618],[1.393551,38.728634],[1.393613,38.72864],[1.393624,38.728674],[1.393629,38.728699],[1.393666,38.728717],[1.393704,38.728731],[1.393747,38.728775],[1.393747,38.728775],[1.393768,38.728778],[1.393792,38.728781],[1.393833,38.728789],[1.394061,38.728862],[1.394122,38.728925],[1.394153,38.728995],[1.394133,38.729036],[1.394147,38.729127],[1.39425,38.729246],[1.394258,38.72927],[1.394205,38.729288],[1.394102,38.729302],[1.394041,38.729322],[1.394018,38.729381],[1.394028,38.729424],[1.394019,38.729454],[1.393988,38.729472],[1.39399,38.729504],[1.394049,38.729565],[1.394043,38.729591],[1.394001,38.72962],[1.394014,38.729658],[1.394064,38.729708],[1.394105,38.729713],[1.394179,38.729678],[1.394218,38.729653],[1.394278,38.729637],[1.394316,38.729652],[1.39431,38.729678],[1.394308,38.729755],[1.394347,38.729817],[1.394351,38.729883],[1.394311,38.729936],[1.394294,38.729963],[1.394334,38.730009],[1.394409,38.730055],[1.394412,38.730057],[1.394481,38.730096],[1.394482,38.730097],[1.394535,38.730112],[1.39461,38.730165],[1.39471,38.730196],[1.394813,38.730234],[1.394863,38.730284],[1.394894,38.7303],[1.394935,38.730321],[1.395006,38.730318],[1.395065,38.730349],[1.395179,38.730391],[1.39527,38.730418],[1.395333,38.730434],[1.395383,38.730473],[1.395431,38.730538],[1.39547,38.730585],[1.395516,38.730612],[1.395546,38.730601],[1.395608,38.730628],[1.395724,38.73066],[1.395833,38.730676],[1.395838,38.730676],[1.395976,38.730726],[1.396135,38.730781],[1.396302,38.730829],[1.396415,38.730905],[1.396408,38.730941],[1.396387,38.731022],[1.39642,38.731127],[1.396451,38.731168],[1.396434,38.731211],[1.396389,38.731265],[1.396336,38.731313],[1.396212,38.731358],[1.395993,38.731442],[1.395842,38.731485],[1.395833,38.731486],[1.395721,38.73151],[1.395684,38.731497],[1.395649,38.731479],[1.395589,38.731466],[1.395534,38.731478],[1.395558,38.731499],[1.395533,38.73152],[1.395498,38.731528],[1.395405,38.731529],[1.395331,38.731549],[1.395224,38.731603],[1.395124,38.731646],[1.395077,38.731701],[1.395034,38.731772],[1.395008,38.731834],[1.395004,38.731898],[1.394994,38.731964],[1.394971,38.732014],[1.394953,38.73202],[1.394897,38.732039],[1.394775,38.732105],[1.394763,38.732148],[1.394811,38.732187],[1.394856,38.73223],[1.394888,38.732277],[1.394891,38.732356],[1.394871,38.732414],[1.394852,38.732501],[1.39488,38.732574],[1.394865,38.732644],[1.394822,38.732724],[1.394798,38.732805],[1.394802,38.732967],[1.394775,38.733073],[1.394719,38.733136],[1.394622,38.733179],[1.394537,38.733225],[1.394486,38.733273],[1.394506,38.733357],[1.39454,38.733391],[1.394633,38.73341],[1.39467,38.73343],[1.394701,38.733479],[1.394647,38.7335],[1.39454,38.733509],[1.394509,38.733559],[1.394505,38.733612],[1.394553,38.733635],[1.39458,38.733658],[1.394551,38.733715],[1.394536,38.733773],[1.394628,38.733806],[1.394861,38.733848],[1.394862,38.733848],[1.394891,38.73384],[1.395129,38.733876],[1.395218,38.733833],[1.395281,38.733819],[1.395318,38.733843],[1.395339,38.733871],[1.395443,38.73387],[1.395538,38.733865],[1.395618,38.733916],[1.39567,38.733947],[1.395676,38.73395],[1.395677,38.733951],[1.395756,38.733978],[1.395831,38.734024],[1.395833,38.734026],[1.395884,38.734065],[1.39595,38.734134],[1.396015,38.734219],[1.396044,38.7343],[1.396092,38.734356],[1.39612,38.734408],[1.396125,38.734448],[1.396104,38.73451],[1.396079,38.734541],[1.396018,38.734555],[1.395936,38.734573],[1.395903,38.734613],[1.39594,38.734627],[1.395975,38.734659],[1.396041,38.734643],[1.396114,38.734663],[1.39616,38.734754],[1.396194,38.734814],[1.396245,38.734853],[1.396255,38.734883],[1.396233,38.734904],[1.396181,38.734888],[1.396124,38.734882],[1.396124,38.734882],[1.39609,38.734877],[1.396032,38.734869],[1.396001,38.734894],[1.395979,38.73493],[1.395989,38.734964],[1.39602,38.735007],[1.396068,38.735038],[1.396082,38.735036],[1.396166,38.735076],[1.396325,38.7351],[1.396352,38.735115],[1.39637,38.735164],[1.396411,38.735158],[1.396459,38.735187],[1.396478,38.735219],[1.396478,38.735219],[1.396536,38.735227],[1.396621,38.735243],[1.396634,38.73529],[1.396585,38.735332],[1.396572,38.735341],[1.396531,38.735369],[1.39651,38.735437],[1.396523,38.735457],[1.396561,38.73547],[1.396643,38.735469],[1.396635,38.735448],[1.396684,38.73544],[1.396723,38.735423],[1.396741,38.735437],[1.39677,38.73543],[1.396785,38.735427],[1.396789,38.735428],[1.396797,38.73543],[1.396847,38.735445],[1.396954,38.735408],[1.397032,38.735354],[1.397123,38.735304],[1.397195,38.73525],[1.397243,38.735208],[1.397334,38.73515],[1.397363,38.735101],[1.397402,38.735036],[1.397431,38.734981],[1.397427,38.734931],[1.397382,38.73486],[1.397359,38.734824],[1.397305,38.734797],[1.397261,38.734766],[1.397243,38.734739],[1.397239,38.734732],[1.397232,38.734662],[1.397247,38.734637],[1.397292,38.734584],[1.397314,38.73455],[1.397314,38.73455],[1.397267,38.734506],[1.397258,38.734498],[1.3973,38.734456],[1.397316,38.73439],[1.397312,38.734324],[1.397326,38.734284],[1.397398,38.73427],[1.397482,38.734267],[1.397559,38.734256],[1.397594,38.734241],[1.397593,38.734188],[1.397605,38.734163],[1.397666,38.734117],[1.397762,38.734071],[1.39781,38.734012],[1.397866,38.733939],[1.397901,38.73386],[1.397902,38.733809],[1.397863,38.733736],[1.397794,38.733675],[1.397722,38.733612],[1.397638,38.733515],[1.397572,38.733414],[1.397549,38.73336],[1.397494,38.73327],[1.39746,38.733203],[1.397422,38.733121],[1.397417,38.733091],[1.397458,38.732994],[1.397432,38.732936],[1.397394,38.732925],[1.397388,38.732921],[1.397341,38.73289],[1.397308,38.732802],[1.397286,38.732697],[1.397301,38.732646],[1.397324,38.7326],[1.397326,38.732523],[1.397327,38.73245],[1.397372,38.732402],[1.397399,38.732332],[1.397397,38.732298],[1.397393,38.732225],[1.397376,38.73217],[1.397379,38.732142],[1.397401,38.732036],[1.397432,38.731979],[1.397513,38.731914],[1.397582,38.731848],[1.397599,38.731817],[1.397631,38.731762],[1.397644,38.731705],[1.397646,38.731697],[1.397646,38.731694],[1.397668,38.731584],[1.397698,38.73149],[1.397696,38.731441],[1.397681,38.731413],[1.397699,38.731328],[1.397699,38.731324],[1.397698,38.731323],[1.397665,38.731285],[1.397665,38.73127],[1.397703,38.731286],[1.397766,38.731272],[1.397847,38.731214],[1.39789,38.731119],[1.397893,38.731045],[1.397892,38.731037],[1.397892,38.731031],[1.397884,38.730947],[1.397888,38.730882],[1.39792,38.730812],[1.397984,38.730725],[1.398013,38.730661],[1.398013,38.73066],[1.398016,38.730643],[1.39802,38.730623],[1.398026,38.73059],[1.398072,38.73058],[1.398119,38.730477],[1.398131,38.730453],[1.398131,38.730419],[1.398203,38.730366],[1.398227,38.730309],[1.398234,38.730296],[1.398275,38.73027],[1.398325,38.73024],[1.39838,38.730173],[1.39841,38.730137],[1.39843,38.730111],[1.39844,38.730098],[1.398471,38.730057],[1.398538,38.729976],[1.39854,38.729973],[1.398547,38.729952],[1.398563,38.729916],[1.398565,38.729863],[1.398585,38.72982],[1.398616,38.72981],[1.398653,38.729813],[1.398685,38.729747],[1.398739,38.729733],[1.398806,38.729692],[1.398832,38.729643],[1.398843,38.729612],[1.39885,38.729607],[1.39891,38.72957],[1.398977,38.729498],[1.399068,38.729433],[1.399157,38.729379],[1.399177,38.72935],[1.399253,38.729338],[1.399399,38.729275],[1.399424,38.729264],[1.399476,38.729257],[1.39951,38.729197],[1.399564,38.729209],[1.399622,38.729176],[1.399628,38.729167],[1.399633,38.729161],[1.399636,38.729157],[1.399647,38.729154],[1.399727,38.729136],[1.399804,38.729114],[1.399842,38.7291],[1.399891,38.729084],[1.399965,38.72906],[1.399993,38.729052],[1.400028,38.729038],[1.400081,38.729019],[1.400144,38.728975],[1.400138,38.728918],[1.400151,38.728883],[1.400152,38.728881],[1.400204,38.72883],[1.400211,38.728823],[1.400224,38.728814],[1.400263,38.728787],[1.400316,38.728735],[1.400353,38.728671],[1.400386,38.72865],[1.400398,38.728642],[1.400475,38.728618],[1.40053,38.728563],[1.400554,38.728507],[1.400571,38.728484],[1.400579,38.728474],[1.400625,38.728451],[1.40065,38.728439],[1.400705,38.728425],[1.400772,38.728362],[1.400842,38.728285],[1.400843,38.728284],[1.400901,38.728232],[1.40092,38.728224],[1.400968,38.728204],[1.401052,38.728194],[1.401104,38.728157],[1.401173,38.728126],[1.401226,38.728086],[1.401301,38.728036],[1.401348,38.728007],[1.401444,38.727951],[1.401582,38.727895],[1.40171,38.727885],[1.401762,38.727866],[1.401812,38.727846],[1.401842,38.727825],[1.401902,38.727834],[1.401954,38.727805],[1.401988,38.727804],[1.402017,38.727803],[1.402056,38.727764],[1.402091,38.727771],[1.40209,38.727822],[1.402123,38.727823],[1.402168,38.727773],[1.402182,38.727728],[1.402193,38.727715],[1.402212,38.727737],[1.402234,38.727735],[1.40227,38.727695],[1.402311,38.727681],[1.402349,38.727686],[1.40239,38.727706],[1.402471,38.727728],[1.402569,38.727736],[1.402621,38.727718],[1.402648,38.72772],[1.402674,38.727744],[1.402731,38.727756],[1.402832,38.727738],[1.40292,38.727725],[1.402934,38.727723],[1.402964,38.727718],[1.402982,38.727714],[1.403013,38.727709],[1.403038,38.727686],[1.403045,38.727641],[1.403064,38.727618],[1.403116,38.727611],[1.403139,38.727677],[1.403245,38.72767],[1.403357,38.727655],[1.403379,38.727655],[1.403405,38.727703],[1.403391,38.727721],[1.403387,38.727751],[1.403438,38.727788],[1.403482,38.727774],[1.403496,38.727768],[1.40359,38.727806],[1.403702,38.727782],[1.403814,38.727781],[1.403843,38.727783],[1.403859,38.727784],[1.403893,38.727785],[1.403932,38.72776],[1.403943,38.727741],[1.403959,38.727754],[1.403988,38.727793],[1.404063,38.727817],[1.404183,38.727813],[1.404252,38.727797],[1.404257,38.727774],[1.404275,38.727746],[1.40431,38.727757],[1.404349,38.727737],[1.40439,38.727731],[1.4044,38.727748],[1.40445,38.727802],[1.404499,38.727794],[1.404546,38.727774],[1.404561,38.727768],[1.404588,38.72777],[1.404604,38.727772],[1.404688,38.727785],[1.404834,38.727815],[1.404964,38.727836],[1.405012,38.727845],[1.405035,38.727849],[1.405077,38.727871],[1.40512,38.727894],[1.405239,38.727908],[1.40526,38.727911],[1.405318,38.727925],[1.405345,38.727931],[1.405355,38.727936],[1.405393,38.727955],[1.405447,38.727997],[1.40553,38.728026],[1.405582,38.72802],[1.40562,38.72803],[1.405649,38.728042],[1.405714,38.728071],[1.405831,38.728071],[1.40593,38.728064],[1.405976,38.728073],[1.405988,38.728121],[1.406,38.728183],[1.406034,38.728224],[1.406073,38.728201],[1.406098,38.728188],[1.406174,38.728198],[1.406214,38.728218],[1.406276,38.728262],[1.406319,38.728275],[1.406328,38.728243],[1.406353,38.728235],[1.406459,38.728222],[1.406526,38.728246],[1.406612,38.728303],[1.406709,38.728343],[1.406809,38.728383],[1.406884,38.72841],[1.406927,38.728455],[1.406939,38.728507],[1.406951,38.72856],[1.407007,38.728614],[1.40707,38.728607],[1.407106,38.728571],[1.407136,38.728571],[1.407156,38.728625],[1.407213,38.72866],[1.407289,38.728646],[1.407399,38.72861],[1.407517,38.728573],[1.407591,38.728568],[1.407705,38.728576],[1.407802,38.728586],[1.407848,38.7286],[1.407891,38.728641],[1.407911,38.728697],[1.407861,38.72876],[1.407832,38.728808],[1.407796,38.728853],[1.407778,38.728903],[1.407815,38.72894],[1.407913,38.728955],[1.408011,38.72896],[1.408095,38.728947],[1.408088,38.728913],[1.408078,38.728891],[1.408128,38.728845],[1.408161,38.728822],[1.40824,38.728834],[1.408281,38.728798],[1.408318,38.728763],[1.408314,38.728807],[1.408292,38.728909],[1.408293,38.728997],[1.408291,38.729044],[1.408219,38.729061],[1.408133,38.729075],[1.408151,38.72912],[1.408216,38.729113],[1.408342,38.729106],[1.408431,38.72911],[1.408458,38.729144],[1.408436,38.729168],[1.408418,38.729188],[1.408342,38.729196],[1.408303,38.729227],[1.40836,38.729249],[1.408446,38.729279],[1.408507,38.729235],[1.408567,38.729229],[1.408643,38.729226],[1.408727,38.72924],[1.408726,38.729285],[1.408679,38.729321],[1.408689,38.729355],[1.408829,38.729327],[1.408892,38.729303],[1.408975,38.72933],[1.409083,38.72937],[1.409182,38.729448],[1.409302,38.729529],[1.409317,38.729595],[1.409307,38.729659],[1.409368,38.729691],[1.409369,38.729692],[1.409524,38.729705],[1.409676,38.729801],[1.409754,38.729875],[1.409752,38.729924],[1.409765,38.729962],[1.409792,38.729997],[1.409792,38.729997],[1.409813,38.729999],[1.409832,38.730002],[1.409832,38.730002],[1.40987,38.729985],[1.409919,38.729984],[1.409927,38.730008],[1.409915,38.730067],[1.409991,38.730072],[1.410037,38.730073],[1.410077,38.730087],[1.410093,38.730136],[1.410099,38.730183],[1.410126,38.730224],[1.410147,38.730219],[1.410199,38.730207],[1.4102,38.730206],[1.410222,38.730168],[1.410259,38.730128],[1.410379,38.730111],[1.410479,38.730119],[1.410538,38.730154],[1.410567,38.730207],[1.410617,38.730259],[1.410687,38.730297],[1.41071,38.730346],[1.410698,38.730416],[1.410645,38.730469],[1.410589,38.730504],[1.410531,38.730548],[1.410509,38.73059],[1.410554,38.730599],[1.410634,38.730552],[1.410772,38.730488],[1.410868,38.730481],[1.410998,38.730495],[1.411122,38.730536],[1.411195,38.730571],[1.411239,38.730625],[1.411262,38.730696],[1.411288,38.730749],[1.411337,38.730752],[1.411454,38.730759],[1.411696,38.730865],[1.411882,38.730932],[1.411998,38.730997],[1.412025,38.730991],[1.41203,38.730979],[1.412071,38.730953],[1.412071,38.730953],[1.412025,38.730897],[1.411917,38.730815],[1.411843,38.730739],[1.411801,38.73069],[1.411724,38.730559],[1.411717,38.730501],[1.41171,38.730453],[1.411677,38.730425],[1.411621,38.730376],[1.411586,38.730346],[1.411525,38.730299],[1.411524,38.730298],[1.411468,38.730255],[1.411351,38.730167],[1.411348,38.730165],[1.411306,38.73013],[1.411246,38.730083],[1.411241,38.730079],[1.41116,38.730008],[1.411084,38.729908],[1.411031,38.729834],[1.410976,38.729789],[1.410854,38.729681],[1.410796,38.729622],[1.41074,38.729541],[1.410704,38.729386],[1.410697,38.729344],[1.410689,38.729306],[1.410678,38.729283],[1.410643,38.729217],[1.410621,38.729191],[1.41054,38.729098],[1.410429,38.72901],[1.410378,38.728981],[1.410329,38.728952],[1.41028,38.728961],[1.410267,38.728964],[1.410167,38.728999],[1.410157,38.729003],[1.4101,38.728993],[1.409976,38.728971],[1.409895,38.728953],[1.409812,38.728928],[1.40965,38.728891],[1.409624,38.728885],[1.409505,38.728862],[1.409389,38.728839],[1.409366,38.728834],[1.409257,38.728813],[1.409137,38.728787],[1.408954,38.728727],[1.408951,38.728725],[1.408842,38.728673],[1.408807,38.728657],[1.40872,38.728618],[1.408623,38.728558],[1.408544,38.728482],[1.40848,38.72842],[1.408381,38.72835],[1.408304,38.72831],[1.408233,38.728272],[1.408114,38.728226],[1.408111,38.728225],[1.408024,38.728199],[1.408018,38.728197],[1.407928,38.72817],[1.407814,38.728131],[1.407676,38.728069],[1.407554,38.728001],[1.40747,38.727962],[1.40734,38.727879],[1.407237,38.727839],[1.407143,38.727821],[1.407096,38.727811],[1.407043,38.727781],[1.406952,38.72773],[1.406925,38.727715],[1.406886,38.727684],[1.40678,38.727607],[1.406708,38.727558],[1.406699,38.727551],[1.406624,38.727481],[1.406482,38.72739],[1.406454,38.727374],[1.406436,38.727365],[1.40638,38.727334],[1.406341,38.727313],[1.406331,38.727308],[1.406244,38.727263],[1.406153,38.727215],[1.406113,38.727203],[1.406071,38.727191],[1.405991,38.727166],[1.405944,38.72715],[1.405894,38.727133],[1.405803,38.727102],[1.405655,38.72706],[1.405461,38.727015],[1.405399,38.726996],[1.40534,38.72698],[1.405333,38.726978],[1.405275,38.726962],[1.405238,38.726952],[1.405232,38.72695],[1.4051,38.726912],[1.405043,38.726871],[1.404964,38.72679],[1.404928,38.72666],[1.404892,38.726566],[1.404841,38.726434],[1.404791,38.726294],[1.40479,38.72629],[1.404771,38.726091],[1.40477,38.726086],[1.40477,38.72608],[1.404769,38.725946],[1.404783,38.725815],[1.404799,38.725762],[1.4048,38.725757],[1.404824,38.725678],[1.404834,38.725638],[1.404835,38.725635],[1.404872,38.725501],[1.404872,38.7255],[1.404888,38.725444],[1.404897,38.725393],[1.404898,38.725392],[1.404921,38.725267],[1.404958,38.725159],[1.405019,38.72501],[1.405038,38.724972],[1.405072,38.72486],[1.405117,38.72474],[1.405148,38.724667],[1.405166,38.724617],[1.405203,38.724517],[1.40521,38.724476],[1.405251,38.724319],[1.405327,38.724143],[1.405406,38.723995],[1.405431,38.72396],[1.405441,38.723919],[1.405471,38.723802],[1.405534,38.723689],[1.405543,38.723672],[1.405602,38.723567],[1.405605,38.723563],[1.405668,38.723502],[1.405669,38.723501],[1.405714,38.723456],[1.405716,38.723453],[1.405792,38.723378],[1.405865,38.723319],[1.405892,38.723286],[1.405893,38.723285],[1.405963,38.723202],[1.405983,38.723172],[1.405984,38.723171],[1.406019,38.723122],[1.406074,38.723025],[1.406098,38.722982],[1.406098,38.722981],[1.406203,38.72281],[1.406273,38.722689],[1.406274,38.722688],[1.40633,38.722615],[1.406334,38.72261],[1.40646,38.722473],[1.40657,38.722372],[1.406582,38.722361],[1.40662,38.72233],[1.406659,38.722286],[1.406661,38.722285],[1.40675,38.72221],[1.406871,38.722116],[1.406872,38.722115],[1.407023,38.722012],[1.407025,38.722011],[1.407061,38.721992],[1.407131,38.721955],[1.407213,38.721912],[1.407378,38.721863],[1.407417,38.721865],[1.407425,38.721872],[1.407483,38.72192],[1.407518,38.721929],[1.407542,38.721908],[1.407549,38.721902],[1.407572,38.721882],[1.407601,38.721853],[1.407721,38.721738],[1.407723,38.721736],[1.407875,38.721622],[1.407916,38.721598],[1.407968,38.721567],[1.408113,38.721484],[1.408115,38.721484],[1.408159,38.721465],[1.408308,38.721403],[1.408311,38.721403],[1.408432,38.721365],[1.408434,38.721364],[1.408479,38.721353],[1.408658,38.72131],[1.408659,38.72131],[1.408736,38.721301],[1.408778,38.721297],[1.408822,38.721292],[1.408963,38.721277],[1.409116,38.721252],[1.409188,38.721242],[1.409192,38.721241],[1.409225,38.721236],[1.409405,38.721214],[1.409542,38.721207],[1.409661,38.72122],[1.40984,38.721251],[1.409886,38.721263],[1.409964,38.721276],[1.410048,38.721293],[1.41005,38.721294],[1.410156,38.721325],[1.410222,38.721348],[1.410298,38.721381],[1.410353,38.721416],[1.410515,38.721528],[1.410563,38.721577],[1.410589,38.721603],[1.41062,38.721664],[1.410646,38.721714],[1.410672,38.721795],[1.410636,38.721835],[1.410631,38.721841],[1.410624,38.721845],[1.410592,38.721863],[1.410546,38.721889],[1.410532,38.721897],[1.410493,38.72193],[1.410486,38.721936],[1.410501,38.721992],[1.410506,38.721994],[1.41056,38.722016],[1.410624,38.722006],[1.410634,38.722004],[1.410636,38.722003],[1.410702,38.721963],[1.410796,38.721927],[1.410844,38.72187],[1.410891,38.721845],[1.411002,38.721853],[1.411015,38.721854],[1.411015,38.721854],[1.411084,38.721857],[1.411186,38.721853],[1.411299,38.721852],[1.411318,38.721847],[1.411337,38.721842],[1.411368,38.721836],[1.41143,38.721825],[1.411513,38.721811],[1.411522,38.721809],[1.411571,38.721791],[1.411601,38.721787],[1.411685,38.721764],[1.411748,38.721754],[1.411788,38.721731],[1.411864,38.721688],[1.411865,38.721688],[1.411932,38.721648],[1.411949,38.721638],[1.411968,38.721628],[1.411921,38.721625],[1.411893,38.721624],[1.41179,38.721546],[1.411807,38.721533],[1.411842,38.721507],[1.411857,38.721419],[1.411859,38.721407],[1.411887,38.721386],[1.411904,38.721374],[1.411949,38.721339],[1.412006,38.721303],[1.412006,38.721302],[1.41206,38.721267],[1.412172,38.721221],[1.412223,38.721215],[1.412272,38.721208],[1.412492,38.721169],[1.41254,38.72117],[1.412679,38.721183],[1.412762,38.721206],[1.412832,38.721245],[1.412879,38.72129],[1.412916,38.7213],[1.412983,38.721319],[1.412986,38.72132],[1.413095,38.721339],[1.41313,38.721345],[1.413184,38.721356],[1.413276,38.721367],[1.413348,38.721365],[1.413484,38.721362],[1.413594,38.721358],[1.413738,38.72136],[1.413856,38.721376],[1.413931,38.721398],[1.414021,38.721442],[1.414126,38.721504],[1.414183,38.721551],[1.414184,38.721553],[1.414292,38.721672],[1.414293,38.721673],[1.41435,38.721719],[1.414351,38.721719],[1.414439,38.721745],[1.414562,38.721749],[1.414652,38.721725],[1.414827,38.721641],[1.414872,38.721623],[1.415119,38.721579],[1.415306,38.721594],[1.415346,38.721617],[1.41537,38.721629],[1.415408,38.721648],[1.415459,38.721676],[1.415506,38.721697],[1.41557,38.721742],[1.415593,38.721761],[1.415643,38.721778],[1.415674,38.721789],[1.415745,38.721792],[1.415895,38.721763],[1.416051,38.721788],[1.416099,38.721799],[1.416162,38.721799],[1.416348,38.721776],[1.416374,38.721776],[1.41666,38.721774],[1.416696,38.721743],[1.416708,38.721732],[1.416738,38.721738],[1.416798,38.721751],[1.416838,38.721795],[1.416891,38.721858],[1.416922,38.721922],[1.416946,38.721993],[1.416966,38.722047],[1.416937,38.722085],[1.416925,38.722187],[1.416992,38.722191],[1.417083,38.722196],[1.417138,38.722208],[1.417231,38.722202],[1.41731,38.72219],[1.417314,38.72219],[1.417419,38.722236],[1.417487,38.722283],[1.417524,38.722312],[1.417603,38.722318],[1.417633,38.722296],[1.417639,38.722292],[1.417676,38.722254],[1.417748,38.722181],[1.417803,38.722127],[1.417806,38.722123],[1.417844,38.722082],[1.417878,38.722044],[1.417914,38.722005],[1.417939,38.721963],[1.418,38.721922],[1.418088,38.721921],[1.418112,38.721934],[1.418171,38.721966],[1.418208,38.721988],[1.418225,38.721998],[1.418286,38.722034],[1.418287,38.722034],[1.418367,38.722095],[1.418436,38.722149],[1.418453,38.722169],[1.418483,38.722203],[1.418486,38.722214],[1.418492,38.722241],[1.41851,38.722254],[1.418538,38.722274],[1.418632,38.722278],[1.418711,38.722299],[1.418801,38.72233],[1.418813,38.722366],[1.418795,38.722387],[1.41881,38.722403],[1.418919,38.722438],[1.418967,38.722487],[1.419006,38.722521],[1.419063,38.722543],[1.419114,38.722634],[1.419151,38.722656],[1.41919,38.722622],[1.419279,38.722588],[1.419307,38.722621],[1.419337,38.722667],[1.419418,38.722801],[1.419527,38.723004],[1.419594,38.72314],[1.419632,38.723236],[1.419669,38.723328],[1.419706,38.723424],[1.419727,38.723489],[1.419773,38.723637],[1.419781,38.723683],[1.419782,38.723684],[1.419793,38.723743],[1.419803,38.723784],[1.419829,38.72389],[1.419856,38.723996],[1.419876,38.724076],[1.419899,38.724169],[1.419914,38.724234],[1.41987,38.724314],[1.419849,38.724362],[1.419768,38.724404],[1.419705,38.724444],[1.419671,38.724496],[1.419655,38.724554],[1.419655,38.724555],[1.419651,38.724588],[1.419645,38.72466],[1.419645,38.724662],[1.419642,38.724693],[1.419629,38.724768],[1.419651,38.72483],[1.419649,38.724931],[1.419624,38.725043],[1.419593,38.725066],[1.419552,38.725097],[1.419389,38.725065],[1.419349,38.725052],[1.419288,38.725024],[1.41923,38.725004],[1.419155,38.725009],[1.419161,38.725034],[1.419218,38.725064],[1.419264,38.725075],[1.419395,38.725124],[1.419418,38.725186],[1.419359,38.725319],[1.419358,38.725321],[1.419297,38.725364],[1.419222,38.72544],[1.419156,38.725511],[1.419091,38.7256],[1.419048,38.725649],[1.418962,38.725725],[1.418943,38.725741],[1.418861,38.725804],[1.41879,38.725857],[1.418785,38.725861],[1.418732,38.725906],[1.418649,38.725971],[1.418601,38.726035],[1.418531,38.726063],[1.418478,38.726097],[1.418471,38.726143],[1.41846,38.72619],[1.418438,38.72624],[1.418407,38.72629],[1.418303,38.726411],[1.418234,38.726483],[1.418134,38.72654],[1.418047,38.726584],[1.418,38.726622],[1.417978,38.726639],[1.417931,38.726677],[1.417855,38.726738],[1.417785,38.726793],[1.417716,38.726849],[1.417646,38.726904],[1.417595,38.726945],[1.417565,38.726969],[1.417498,38.727022],[1.417427,38.72708],[1.417338,38.727125],[1.417262,38.727164],[1.417168,38.727209],[1.41708,38.727252],[1.416957,38.727329],[1.416903,38.727372],[1.416821,38.727432],[1.416819,38.727433],[1.416718,38.727501],[1.416682,38.727574],[1.416672,38.727594],[1.416647,38.727645],[1.416627,38.727733],[1.416617,38.727779],[1.416554,38.727878],[1.416518,38.727918],[1.416467,38.727975],[1.416445,38.728068],[1.416452,38.728125],[1.41646,38.728209],[1.41647,38.728276],[1.416478,38.728334],[1.416479,38.728338],[1.416488,38.728405],[1.416501,38.728455],[1.416513,38.728503],[1.416514,38.728508],[1.416513,38.728522],[1.416506,38.728581],[1.416456,38.728624],[1.416459,38.728654],[1.416461,38.728684],[1.416408,38.728744],[1.416356,38.728794],[1.416333,38.728897],[1.416404,38.728925],[1.416523,38.728993],[1.416558,38.729012],[1.416615,38.729043],[1.416736,38.729082],[1.416814,38.729123],[1.416823,38.729127],[1.41688,38.729152],[1.416903,38.729162],[1.416913,38.729166],[1.416914,38.729167],[1.41699,38.729227],[1.416997,38.729234],[1.417028,38.729264],[1.417058,38.72939],[1.41705,38.729474],[1.417045,38.729528],[1.417041,38.729548],[1.417023,38.729637],[1.417016,38.729671],[1.417022,38.729743],[1.417045,38.729787],[1.417075,38.729844],[1.417094,38.729942],[1.417093,38.730009],[1.417067,38.730076],[1.417047,38.730131],[1.417014,38.730217],[1.417012,38.730224],[1.416992,38.730282],[1.416984,38.730307],[1.416956,38.730391],[1.416921,38.730495],[1.416918,38.730504],[1.416891,38.73057],[1.416889,38.730575],[1.416856,38.730668],[1.416828,38.730747],[1.416805,38.730781],[1.416765,38.730838],[1.416747,38.730864],[1.416722,38.7309],[1.416702,38.730929],[1.416672,38.730961],[1.41664,38.730995],[1.416625,38.731011],[1.416586,38.731053],[1.416529,38.731113],[1.416459,38.731199],[1.416432,38.731247],[1.416411,38.731277],[1.416404,38.731286],[1.416404,38.731286],[1.416367,38.731341],[1.416352,38.731357],[1.4163,38.731417],[1.416296,38.731421],[1.416282,38.73143],[1.416155,38.731515],[1.41613,38.731532],[1.416055,38.731594],[1.416054,38.731594],[1.416045,38.731602],[1.415969,38.731665],[1.415856,38.731741],[1.415772,38.731789],[1.415758,38.731798],[1.415665,38.73187],[1.415553,38.731946],[1.415552,38.731947],[1.415494,38.731981],[1.415464,38.731995],[1.415436,38.732008],[1.415388,38.732031],[1.415338,38.732065],[1.415285,38.732101],[1.415228,38.73214],[1.415076,38.732217],[1.414994,38.732255],[1.414911,38.732291],[1.414761,38.732329],[1.414725,38.732335],[1.41471,38.732337],[1.414665,38.732345],[1.414564,38.732357],[1.414494,38.732352],[1.414475,38.732348],[1.414414,38.732332],[1.414348,38.732313],[1.414296,38.732298],[1.414207,38.732242],[1.414105,38.732174],[1.414039,38.73213],[1.413964,38.732083],[1.413886,38.732047],[1.413685,38.731983],[1.413632,38.731975],[1.413525,38.731959],[1.413461,38.731947],[1.413299,38.731904],[1.413269,38.731887],[1.413169,38.731846],[1.4131,38.731812],[1.413057,38.7318],[1.413056,38.731799],[1.413012,38.731787],[1.412966,38.731774],[1.412964,38.731773],[1.412888,38.731753],[1.412791,38.731712],[1.412665,38.731662],[1.412615,38.731624],[1.412614,38.731623],[1.412568,38.731589],[1.412535,38.731567],[1.412439,38.731504],[1.412361,38.731486],[1.412281,38.731505],[1.412281,38.731505],[1.412281,38.731505],[1.412199,38.731561],[1.412126,38.731624],[1.412092,38.731699],[1.412091,38.7317],[1.41212,38.731752],[1.412238,38.731824],[1.412297,38.731838],[1.412334,38.73188],[1.412345,38.731892],[1.412406,38.73191],[1.412454,38.731923],[1.412456,38.731923],[1.412557,38.731902],[1.412608,38.731919],[1.412721,38.731985],[1.412822,38.73208],[1.412916,38.732131],[1.412995,38.732215],[1.413059,38.732311],[1.413067,38.732324],[1.413139,38.732463],[1.413201,38.732581],[1.413256,38.732663],[1.413339,38.732726],[1.413381,38.732789],[1.413457,38.732881],[1.413493,38.732965],[1.41351,38.733068],[1.41354,38.733162],[1.413543,38.733264],[1.413609,38.733342],[1.413594,38.733391],[1.413619,38.733468],[1.413691,38.733525],[1.413737,38.733543],[1.413763,38.733562],[1.413807,38.733634],[1.413951,38.73387],[1.413954,38.733876],[1.413954,38.733876],[1.413956,38.733879],[1.413972,38.733902],[1.414142,38.734158],[1.414167,38.734197],[1.414203,38.734241],[1.414396,38.734488],[1.414499,38.734649],[1.414504,38.734657],[1.41462,38.734765],[1.41465,38.734787],[1.414662,38.73484],[1.414707,38.734903],[1.414755,38.734934],[1.414786,38.734996],[1.414766,38.735038],[1.414721,38.735101],[1.414737,38.735189],[1.414752,38.735275],[1.414738,38.73537],[1.414701,38.735453],[1.414701,38.735566],[1.414748,38.735618],[1.414791,38.735646],[1.414809,38.735704],[1.41487,38.735754],[1.414901,38.735747],[1.414943,38.735739],[1.414955,38.735735],[1.41496,38.735734],[1.415125,38.735668],[1.415228,38.73561],[1.415301,38.735599],[1.415364,38.73561],[1.415374,38.735636],[1.415367,38.735677],[1.415383,38.735692],[1.415444,38.735667],[1.415437,38.735631],[1.415448,38.735601],[1.415503,38.735587],[1.415555,38.735588],[1.415567,38.735629],[1.415588,38.735659],[1.415624,38.735644],[1.415629,38.735604],[1.415664,38.735585],[1.415715,38.735597],[1.415723,38.735625],[1.415713,38.735669],[1.415748,38.7357],[1.415785,38.735666],[1.415789,38.735663],[1.415815,38.735624],[1.415842,38.735624],[1.415872,38.735648],[1.415873,38.735649],[1.415884,38.735641],[1.41591,38.735625],[1.415912,38.735624],[1.415933,38.735607],[1.415953,38.73557],[1.415963,38.735551],[1.415968,38.735507],[1.415971,38.735486],[1.415973,38.73546],[1.415977,38.735429],[1.415977,38.735416],[1.415979,38.7354],[1.415992,38.73529],[1.415998,38.73519],[1.415999,38.735141],[1.416009,38.735062],[1.416033,38.734975],[1.41607,38.734909],[1.416112,38.734861],[1.416171,38.734806],[1.41624,38.734767],[1.416333,38.734745],[1.41642,38.734744],[1.416504,38.734748],[1.416594,38.734751],[1.416722,38.734766],[1.416784,38.734761],[1.416799,38.734725],[1.418961,38.734739],[1.41896,38.734773],[1.419085,38.734775],[1.419088,38.734634],[1.417691,38.734634],[1.417692,38.734492],[1.417198,38.734479],[1.417198,38.734359],[1.416744,38.734346],[1.416761,38.733509],[1.416623,38.733509],[1.416611,38.734096],[1.416447,38.734093],[1.416446,38.734137],[1.416033,38.734133],[1.415992,38.734133],[1.415974,38.734133],[1.415984,38.733611],[1.415984,38.733587],[1.415986,38.733499],[1.415945,38.7335],[1.415942,38.733587],[1.415942,38.733611],[1.415927,38.734136],[1.415508,38.734129],[1.415514,38.73383],[1.415347,38.733826],[1.415352,38.733514],[1.415491,38.733517],[1.415511,38.733517],[1.415512,38.733511],[1.415513,38.733493],[1.415513,38.733488],[1.415183,38.733482],[1.415188,38.733183],[1.415234,38.733184],[1.415352,38.733184],[1.415768,38.733057],[1.416061,38.732967],[1.416166,38.733175],[1.4162,38.733162],[1.416073,38.732901],[1.416452,38.732786],[1.416467,38.732782],[1.416541,38.732943],[1.416585,38.733036],[1.416624,38.733021],[1.416503,38.73277],[1.416832,38.732671],[1.417064,38.733127],[1.416843,38.733196],[1.41686,38.733224],[1.417115,38.733144],[1.416869,38.732661],[1.417204,38.732566],[1.417222,38.732561],[1.417847,38.733317],[1.418045,38.733218],[1.417681,38.732763],[1.417748,38.732728],[1.417757,38.732724],[1.41782,38.732797],[1.417839,38.732787],[1.417715,38.732639],[1.417774,38.732607],[1.417898,38.732759],[1.417914,38.73275],[1.418175,38.73307],[1.418333,38.73299],[1.418312,38.732966],[1.418225,38.733009],[1.41819,38.733025],[1.417911,38.732671],[1.417874,38.732624],[1.418051,38.732544],[1.419511,38.732669],[1.419485,38.732849],[1.419532,38.732854],[1.419563,38.732671],[1.42016,38.732722],[1.420418,38.732744],[1.420434,38.732746],[1.420421,38.732822],[1.420555,38.732834],[1.420512,38.733149],[1.420369,38.733137],[1.420345,38.733274],[1.418844,38.733141],[1.418837,38.73319],[1.418805,38.733194],[1.418789,38.733217],[1.418785,38.733252],[1.418802,38.733281],[1.418839,38.733309],[1.418928,38.733329],[1.419223,38.733348],[1.419372,38.733365],[1.419509,38.733371],[1.419605,38.733372],[1.419719,38.73339],[1.420025,38.733419],[1.42014,38.733442],[1.42024,38.733447],[1.420343,38.733448],[1.420411,38.733447],[1.420468,38.733429],[1.420525,38.73339],[1.420591,38.733338],[1.420643,38.733299],[1.42068,38.733263],[1.420705,38.733227],[1.42076,38.733186],[1.420927,38.73306],[1.420998,38.733014],[1.421015,38.733],[1.421031,38.732987],[1.421099,38.732938],[1.42116,38.732891],[1.421278,38.732912],[1.421394,38.732941],[1.4216,38.733008],[1.421808,38.733087],[1.421921,38.733146],[1.421974,38.733189],[1.421989,38.733221],[1.422008,38.733266],[1.422015,38.733305],[1.422012,38.733335],[1.422061,38.73335],[1.422102,38.73334],[1.422101,38.733391],[1.422101,38.733392],[1.422135,38.733408],[1.422174,38.733426],[1.422253,38.733406],[1.422285,38.733419],[1.422375,38.733435],[1.422443,38.733434],[1.422507,38.733471],[1.422534,38.733512],[1.422569,38.733527],[1.422587,38.73357],[1.422646,38.733605],[1.422749,38.733623],[1.422763,38.733628],[1.422767,38.733685],[1.422738,38.733743],[1.422696,38.733815],[1.42266,38.733863],[1.42269,38.733868],[1.422717,38.733849],[1.422747,38.733828],[1.422761,38.733822],[1.422788,38.73381],[1.422789,38.733809],[1.422863,38.733778],[1.422916,38.733765],[1.422961,38.733765],[1.423006,38.733816],[1.423055,38.733843],[1.423106,38.733848],[1.423158,38.733863],[1.423227,38.733867],[1.423238,38.733868],[1.423255,38.733884],[1.42328,38.733894],[1.423324,38.733876],[1.423331,38.733884],[1.423337,38.733894],[1.423344,38.733914],[1.42334,38.733952],[1.423327,38.733963],[1.423351,38.734013],[1.423425,38.73399],[1.42347,38.734038],[1.423551,38.734056],[1.42357,38.734077],[1.423547,38.734115],[1.423609,38.73414],[1.423667,38.734119],[1.423718,38.734141],[1.423723,38.734173],[1.423716,38.734231],[1.423735,38.734246],[1.423752,38.734218],[1.423777,38.734178],[1.423845,38.734183],[1.423875,38.734198],[1.423861,38.73423],[1.423797,38.734276],[1.423794,38.734312],[1.423817,38.734345],[1.423896,38.734382],[1.423977,38.734396],[1.424107,38.734442],[1.424163,38.734462],[1.424166,38.734475],[1.42426,38.734512],[1.424312,38.734515],[1.424328,38.734545],[1.424338,38.734565],[1.4244,38.734593],[1.424475,38.734649],[1.424532,38.734691],[1.424598,38.734753],[1.424646,38.73482],[1.424612,38.73486],[1.424582,38.734894],[1.42457,38.734958],[1.424638,38.734948],[1.42469,38.734944],[1.424735,38.734981],[1.424753,38.735024],[1.424741,38.735073],[1.424809,38.735093],[1.424863,38.735104],[1.424925,38.73516],[1.424951,38.735216],[1.425029,38.735245],[1.425118,38.735265],[1.425281,38.735318],[1.425396,38.73539],[1.425546,38.735499],[1.425659,38.735573],[1.425702,38.735612],[1.42572,38.735663],[1.425889,38.735782],[1.425966,38.735847],[1.425989,38.735937],[1.425956,38.735986],[1.425955,38.735987],[1.426031,38.735991],[1.426094,38.736007],[1.426145,38.736031],[1.426182,38.736089],[1.426168,38.736102],[1.426148,38.736131],[1.426203,38.736123],[1.426216,38.736141],[1.426142,38.736182],[1.426157,38.736251],[1.426183,38.736293],[1.426193,38.73631],[1.426187,38.736345],[1.426108,38.736348],[1.426026,38.736377],[1.425938,38.73641],[1.425922,38.736433],[1.425973,38.736436],[1.426071,38.736429],[1.426167,38.736396],[1.426263,38.736371],[1.426301,38.736362],[1.426333,38.736355],[1.426377,38.736363],[1.426397,38.736367],[1.426476,38.736355],[1.426538,38.736381],[1.426621,38.736438],[1.426683,38.736483],[1.426663,38.736536],[1.426623,38.736593],[1.426641,38.736643],[1.426697,38.736692],[1.426789,38.736751],[1.426872,38.736795],[1.426926,38.736822],[1.426952,38.736836],[1.426962,38.736844],[1.427041,38.736912],[1.427075,38.736984],[1.427079,38.737072],[1.427135,38.737133],[1.427196,38.737183],[1.427233,38.737243],[1.427278,38.737297],[1.427379,38.737307],[1.427437,38.737271],[1.427504,38.737297],[1.427525,38.737362],[1.427477,38.737406],[1.427499,38.737436],[1.427556,38.737435],[1.427583,38.737443],[1.427552,38.737471],[1.427533,38.73749],[1.427589,38.73752],[1.427583,38.737552],[1.427539,38.73759],[1.427544,38.737622],[1.427602,38.73768],[1.427661,38.737726],[1.427741,38.737797],[1.427843,38.73786],[1.4279,38.737864],[1.427936,38.737868],[1.427982,38.737881],[1.428071,38.737908],[1.428073,38.737908],[1.428074,38.737908],[1.428122,38.737904],[1.428178,38.737899],[1.428224,38.737893],[1.428254,38.737916],[1.428278,38.737934],[1.428305,38.737924],[1.42834,38.737946],[1.428345,38.737969],[1.428368,38.738025],[1.42843,38.738072],[1.428518,38.738142],[1.428563,38.738219],[1.428585,38.738326],[1.42861,38.738456],[1.428672,38.738617],[1.428678,38.738694],[1.428685,38.738743],[1.428687,38.738755],[1.428716,38.738779],[1.428731,38.738792],[1.429045,38.739381],[1.429108,38.739514],[1.429171,38.739632],[1.429261,38.739759],[1.429337,38.739883],[1.4294,38.740008],[1.429458,38.740096],[1.42954,38.740216],[1.429642,38.740388],[1.429732,38.740526],[1.429824,38.740661],[1.429887,38.740779],[1.429912,38.740875],[1.429959,38.740991],[1.430023,38.741077],[1.43014,38.741198],[1.430214,38.741284],[1.430245,38.741385],[1.430267,38.741445],[1.4303,38.741536],[1.430306,38.741554],[1.430344,38.741617],[1.43038,38.741674],[1.430402,38.741711],[1.430462,38.741812],[1.430519,38.74193],[1.430561,38.742039],[1.430612,38.742191],[1.430703,38.74238],[1.430774,38.742511],[1.430826,38.742635],[1.430878,38.742747],[1.430952,38.74288],[1.430979,38.74294],[1.430997,38.742974],[1.431008,38.742997],[1.431011,38.743005],[1.431055,38.743133],[1.431075,38.743222],[1.431059,38.743348],[1.431058,38.743416],[1.431081,38.743483],[1.431131,38.743539],[1.431234,38.743607],[1.431283,38.743669],[1.431293,38.743682],[1.431347,38.743751],[1.431356,38.743768],[1.431379,38.743816],[1.431444,38.743938],[1.431481,38.744008],[1.431493,38.74403],[1.431518,38.744112],[1.431574,38.744234],[1.431611,38.744337],[1.431653,38.744398],[1.431701,38.744493],[1.431723,38.74457],[1.431724,38.744597],[1.431726,38.744653],[1.431719,38.744702],[1.431701,38.744753],[1.431701,38.744836],[1.431705,38.744906],[1.431719,38.744949],[1.431755,38.74502],[1.431689,38.745055],[1.431614,38.745084],[1.431518,38.745114],[1.431414,38.745133],[1.431312,38.745154],[1.431276,38.745159],[1.431275,38.745159],[1.431222,38.745166],[1.431192,38.745191],[1.431169,38.74522],[1.431159,38.745262],[1.431171,38.745318],[1.43117,38.745344],[1.43117,38.745344],[1.431169,38.745386],[1.431189,38.745446],[1.431288,38.74551],[1.431379,38.745561],[1.431434,38.745622],[1.431468,38.745659],[1.431545,38.745709],[1.431509,38.745817],[1.431472,38.7459],[1.431437,38.745957],[1.43138,38.746011],[1.431314,38.746046],[1.431313,38.746047],[1.431313,38.746047],[1.43128,38.746086],[1.431212,38.746185],[1.431188,38.746325],[1.431209,38.746374],[1.431209,38.746375],[1.431249,38.746371],[1.431295,38.74638],[1.431327,38.746398],[1.431339,38.746441],[1.431311,38.746472],[1.431292,38.746498],[1.431159,38.746607],[1.431175,38.74662],[1.431311,38.746512],[1.431374,38.746546],[1.431435,38.746592],[1.431469,38.74664],[1.431465,38.746671],[1.431513,38.746707],[1.431591,38.746746],[1.43167,38.746752],[1.43177,38.746756],[1.431844,38.746764],[1.43181,38.746789],[1.431738,38.74682],[1.431699,38.746849],[1.43171,38.746862],[1.431786,38.746872],[1.431854,38.746869],[1.431988,38.746854],[1.432037,38.746862],[1.432082,38.746905],[1.432107,38.746959],[1.432121,38.747032],[1.432135,38.747117],[1.432119,38.747181],[1.432095,38.747253],[1.43203,38.747316],[1.431916,38.747392],[1.431768,38.747439],[1.431686,38.747428],[1.431641,38.747385],[1.431553,38.747353],[1.431459,38.747307],[1.431405,38.747269],[1.431338,38.747247],[1.431269,38.747244],[1.431264,38.747252],[1.431274,38.747301],[1.431243,38.747313],[1.4312,38.747302],[1.431149,38.747273],[1.431099,38.747236],[1.431061,38.74722],[1.430964,38.747212],[1.430904,38.747208],[1.430843,38.747239],[1.430811,38.7473],[1.430869,38.747361],[1.430908,38.747413],[1.430992,38.747515],[1.431114,38.747628],[1.431214,38.747728],[1.431282,38.747794],[1.431321,38.747856],[1.431359,38.747951],[1.431387,38.748015],[1.431384,38.748094],[1.431372,38.748154],[1.431336,38.748234],[1.431299,38.74831],[1.431234,38.748373],[1.431148,38.748409],[1.431104,38.748447],[1.431067,38.748497],[1.430995,38.748528],[1.430909,38.748558],[1.430846,38.74857],[1.430828,38.748625],[1.430786,38.748665],[1.430727,38.748715],[1.430693,38.748778],[1.430664,38.748814],[1.430634,38.74883],[1.430583,38.748878],[1.430579,38.748918],[1.430564,38.748974],[1.430513,38.749024],[1.430506,38.74909],[1.430495,38.74916],[1.430528,38.749231],[1.430587,38.749283],[1.430646,38.749314],[1.430705,38.749332],[1.430742,38.749365],[1.430804,38.74939],[1.43089,38.749428],[1.430925,38.749435],[1.430993,38.749449],[1.431031,38.749433],[1.431074,38.749444],[1.431147,38.749456],[1.431231,38.749473],[1.431269,38.74948],[1.431318,38.749496],[1.43141,38.749496],[1.431432,38.749507],[1.431483,38.749518],[1.43153,38.749485],[1.431589,38.749446],[1.431666,38.749426],[1.431715,38.749423],[1.431774,38.749441],[1.431902,38.749439],[1.431971,38.749409],[1.432049,38.749353],[1.432173,38.749252],[1.432195,38.749215],[1.432207,38.749208],[1.432265,38.749175],[1.432347,38.749166],[1.432458,38.749188],[1.432547,38.749215],[1.432638,38.749264],[1.432704,38.74931],[1.432789,38.74938],[1.432874,38.749443],[1.432929,38.749515],[1.432976,38.749588],[1.433005,38.749691],[1.433023,38.749807],[1.433042,38.749903],[1.433079,38.750001],[1.433102,38.750062],[1.433152,38.750191],[1.433185,38.750287],[1.433201,38.750379],[1.433211,38.750501],[1.433245,38.750617],[1.433287,38.750737],[1.433323,38.750904],[1.433301,38.750989],[1.433284,38.751102],[1.43331,38.751226],[1.433368,38.751359],[1.433457,38.751553],[1.433483,38.751782],[1.433487,38.751899],[1.43348,38.752046],[1.433472,38.752189],[1.433444,38.752295],[1.433411,38.752399],[1.433344,38.752546],[1.433282,38.75269],[1.433229,38.752826],[1.43317,38.752946],[1.433127,38.753033],[1.433088,38.753062],[1.433035,38.753103],[1.432941,38.753144],[1.432828,38.753178],[1.432737,38.753213],[1.432667,38.75319],[1.432652,38.753149],[1.432609,38.753123],[1.432558,38.753092],[1.432524,38.753074],[1.432456,38.753073],[1.432381,38.753095],[1.432342,38.75313],[1.432291,38.753187],[1.432217,38.753222],[1.432177,38.753278],[1.432099,38.753328],[1.431974,38.753413],[1.4319,38.753422],[1.431829,38.753421],[1.431804,38.753437],[1.431814,38.753476],[1.43184,38.753519],[1.43189,38.753569],[1.431962,38.75362],[1.432085,38.753682],[1.432178,38.753752],[1.432324,38.753857],[1.432463,38.753947],[1.432599,38.754052],[1.432724,38.75414],[1.432737,38.754149],[1.432857,38.754226],[1.43303,38.754344],[1.433181,38.754471],[1.433335,38.754606],[1.433482,38.754771],[1.433542,38.754847],[1.433621,38.754946],[1.433697,38.755048],[1.433759,38.755152],[1.433818,38.755245],[1.433857,38.755311],[1.433914,38.755411],[1.433968,38.755516],[1.433981,38.755539],[1.43403,38.75562],[1.434035,38.755628],[1.434108,38.755732],[1.434162,38.755829],[1.434205,38.755939],[1.43423,38.75601],[1.434299,38.756128],[1.434369,38.756238],[1.434452,38.756376],[1.434498,38.756473],[1.434531,38.756549],[1.434574,38.756643],[1.434617,38.756761],[1.434632,38.756883],[1.434631,38.756983],[1.434671,38.757122],[1.434678,38.757146],[1.434746,38.757401],[1.434779,38.757649],[1.434828,38.757906],[1.434914,38.758179],[1.434904,38.75823],[1.434873,38.758265],[1.434842,38.758303],[1.434822,38.75835],[1.434811,38.75843],[1.434803,38.758505],[1.434815,38.758565],[1.434798,38.758586],[1.434777,38.75863],[1.434759,38.758689],[1.434767,38.758698],[1.434782,38.758735],[1.434763,38.758754],[1.434732,38.758761],[1.434699,38.758797],[1.434678,38.758829],[1.434658,38.758856],[1.434636,38.758873],[1.434617,38.758883],[1.434613,38.758908],[1.43459,38.758955],[1.434595,38.758972],[1.434619,38.758987],[1.4347,38.759],[1.434735,38.759009],[1.434759,38.759039],[1.434763,38.759075],[1.434764,38.759125],[1.434827,38.759136],[1.4349,38.759146],[1.434965,38.759146],[1.435,38.759176],[1.435064,38.759192],[1.435079,38.759192],[1.435201,38.759193],[1.435258,38.759171],[1.435269,38.759166],[1.435271,38.759169],[1.435341,38.759259],[1.435348,38.759268],[1.435362,38.759343],[1.435378,38.759429],[1.435374,38.759544],[1.435366,38.759635],[1.435368,38.759738],[1.435387,38.759838],[1.435402,38.759945],[1.435422,38.76011],[1.43544,38.760223],[1.43543,38.760281],[1.435418,38.760319],[1.435398,38.760412],[1.435372,38.760473],[1.435326,38.760541],[1.43524,38.760603],[1.435122,38.760624],[1.434999,38.760624],[1.434868,38.760653],[1.434834,38.760693],[1.434785,38.760711],[1.434737,38.760727],[1.434769,38.760747],[1.43478,38.760749],[1.434867,38.760764],[1.43491,38.760786],[1.434909,38.760823],[1.434884,38.760841],[1.434795,38.760876],[1.434793,38.760883],[1.434777,38.760933],[1.434767,38.760992],[1.434781,38.761061],[1.434817,38.761126],[1.434848,38.761184],[1.434836,38.761213],[1.434813,38.761245],[1.434826,38.761271],[1.434865,38.761267],[1.434922,38.761262],[1.434987,38.761257],[1.435125,38.761211],[1.43523,38.761179],[1.43532,38.761159],[1.435415,38.761165],[1.435493,38.76119],[1.43556,38.761206],[1.435456,38.761774],[1.43538,38.761766],[1.435285,38.761736],[1.435221,38.761699],[1.435165,38.76167],[1.4351,38.761666],[1.434991,38.761668],[1.43494,38.761638],[1.434913,38.761607],[1.434874,38.761566],[1.434823,38.761554],[1.434779,38.761549],[1.434751,38.761562],[1.434749,38.761564],[1.434729,38.761597],[1.434716,38.761655],[1.434741,38.761725],[1.434778,38.761769],[1.434792,38.761818],[1.434821,38.761866],[1.434854,38.76193],[1.434894,38.761969],[1.43489,38.762008],[1.434917,38.762066],[1.43492,38.762072],[1.434911,38.762126],[1.43491,38.76213],[1.434906,38.762183],[1.434919,38.762207],[1.434877,38.762231],[1.434841,38.762269],[1.434826,38.762311],[1.434849,38.762344],[1.434884,38.762359],[1.434905,38.762379],[1.434934,38.762407],[1.434974,38.762427],[1.435009,38.762456],[1.435008,38.762498],[1.435024,38.762571],[1.435021,38.762673],[1.435018,38.762776],[1.435014,38.762876],[1.434992,38.762978],[1.434967,38.76308],[1.434931,38.763181],[1.434917,38.763277],[1.43491,38.763332],[1.434917,38.763443],[1.434905,38.763501],[1.434862,38.76354],[1.434806,38.763603],[1.43476,38.763673],[1.43468,38.763792],[1.434659,38.76386],[1.434695,38.763921],[1.434686,38.763959],[1.434658,38.763978],[1.434652,38.764005],[1.434661,38.764037],[1.434692,38.7641],[1.434675,38.764127],[1.434685,38.764155],[1.434734,38.764154],[1.434763,38.764176],[1.434703,38.764183],[1.434686,38.764213],[1.434707,38.764232],[1.434767,38.764266],[1.434811,38.764269],[1.434838,38.764288],[1.434804,38.764346],[1.434803,38.76439],[1.434833,38.764399],[1.43482,38.764461],[1.434766,38.764464],[1.434675,38.764502],[1.434693,38.764551],[1.43466,38.764572],[1.434659,38.764612],[1.434705,38.76463],[1.434718,38.764643],[1.434676,38.764693],[1.434672,38.76474],[1.434702,38.764756],[1.434703,38.764813],[1.434683,38.764866],[1.434654,38.764936],[1.434647,38.765013],[1.434634,38.765123],[1.43462,38.76527],[1.434587,38.7654],[1.434545,38.765451],[1.4345,38.765501],[1.434475,38.765552],[1.434471,38.765612],[1.434448,38.765656],[1.434417,38.765709],[1.43441,38.765773],[1.434411,38.76585],[1.434377,38.765919],[1.434322,38.766044],[1.434299,38.766127],[1.434303,38.766185],[1.434315,38.766237],[1.434306,38.766296],[1.434282,38.766366],[1.434248,38.766438],[1.434241,38.766517],[1.43422,38.766576],[1.434202,38.766663],[1.434151,38.766775],[1.434102,38.766875],[1.434061,38.767],[1.43406,38.767171],[1.434026,38.767377],[1.433996,38.767468],[1.433967,38.767549],[1.43396,38.767632],[1.433939,38.767708],[1.433919,38.767781],[1.43386,38.767867],[1.433823,38.76792],[1.433775,38.768009],[1.433746,38.768062],[1.433712,38.768117],[1.433714,38.768147],[1.433733,38.768183],[1.433718,38.768221],[1.433703,38.768285],[1.433672,38.768355],[1.43363,38.768408],[1.433563,38.768458],[1.433513,38.768515],[1.433517,38.768562],[1.433538,38.768596],[1.433559,38.768656],[1.433521,38.768743],[1.43348,38.768792],[1.43348,38.76887],[1.433485,38.768934],[1.433436,38.769032],[1.433393,38.769117],[1.433341,38.769161],[1.433283,38.769192],[1.433249,38.769255],[1.433261,38.76929],[1.433288,38.769309],[1.433296,38.769333],[1.433268,38.76936],[1.433192,38.769363],[1.433116,38.769352],[1.43308,38.769387],[1.433106,38.769413],[1.433141,38.769422],[1.433211,38.769468],[1.433205,38.769485],[1.433159,38.769508],[1.433098,38.769541],[1.433089,38.769567],[1.433037,38.769608],[1.432992,38.769633],[1.432921,38.76966],[1.43289,38.769713],[1.432881,38.769751],[1.432934,38.76979],[1.432877,38.769802],[1.432879,38.769822],[1.43292,38.769822],[1.432936,38.769837],[1.432909,38.769848],[1.432868,38.769853],[1.432903,38.769877],[1.432922,38.769882],[1.432923,38.769918],[1.432931,38.769957],[1.432941,38.769982],[1.432913,38.770018],[1.432994,38.77006],[1.432996,38.770075],[1.432966,38.770087],[1.432926,38.770059],[1.432869,38.770047],[1.432788,38.770021],[1.432734,38.770005],[1.432712,38.770003],[1.432722,38.770033],[1.432689,38.770041],[1.432632,38.770031],[1.432586,38.770044],[1.432553,38.770062],[1.432587,38.770095],[1.432652,38.770111],[1.432706,38.770135],[1.432744,38.770163],[1.432785,38.770146],[1.432818,38.77013],[1.432853,38.770137],[1.432882,38.770169],[1.43289,38.770216],[1.432954,38.77024],[1.43303,38.770265],[1.433024,38.770278],[1.432983,38.770281],[1.432929,38.770272],[1.432867,38.770252],[1.432826,38.77026],[1.432839,38.770282],[1.432882,38.770303],[1.432882,38.770316],[1.432847,38.770314],[1.432816,38.770324],[1.432799,38.770368],[1.432799,38.77039],[1.432878,38.770384],[1.432932,38.770383],[1.432929,38.7704],[1.432942,38.770424],[1.433015,38.770433],[1.433042,38.770468],[1.433017,38.770486],[1.432971,38.770479],[1.432939,38.77046],[1.432901,38.770447],[1.432866,38.770435],[1.43282,38.770424],[1.432787,38.77043],[1.43281,38.770467],[1.43285,38.770503],[1.432869,38.770536],[1.43286,38.770557],[1.432859,38.770602],[1.432908,38.77063],[1.432937,38.770652],[1.432925,38.77069],[1.43289,38.770692],[1.43285,38.770638],[1.432812,38.770627],[1.432774,38.770632],[1.43273,38.770634],[1.43269,38.770638],[1.432689,38.770678],[1.432701,38.770719],[1.432676,38.770744],[1.432643,38.770763],[1.432626,38.770809],[1.432643,38.770834],[1.432652,38.770848],[1.432665,38.770874],[1.432643,38.770901],[1.432599,38.770903],[1.432558,38.770917],[1.432574,38.770952],[1.432618,38.770935],[1.432645,38.770929],[1.432669,38.770936],[1.432661,38.770959],[1.432619,38.770999],[1.432578,38.771011],[1.432515,38.771034],[1.432506,38.771068],[1.43245,38.77112],[1.432384,38.771141],[1.432349,38.77113],[1.432339,38.771104],[1.432311,38.771138],[1.432272,38.771156],[1.432228,38.771175],[1.432195,38.771211],[1.432235,38.771233],[1.432289,38.771246],[1.432343,38.771277],[1.432428,38.771274],[1.43249,38.771264],[1.432551,38.771233],[1.432611,38.771221],[1.43266,38.771211],[1.432699,38.771209],[1.432682,38.771228],[1.432649,38.771247],[1.432662,38.771281],[1.432692,38.771279],[1.432682,38.77133],[1.432701,38.771348],[1.432736,38.771365],[1.432818,38.771345],[1.432902,38.771363],[1.432959,38.771379],[1.433034,38.771418],[1.433064,38.771455],[1.433093,38.771492],[1.433126,38.771565],[1.433177,38.771623],[1.43325,38.771656],[1.433348,38.77167],[1.432337,38.775059],[1.432313,38.775139],[1.432318,38.775152],[1.43227,38.775383],[1.432263,38.775414],[1.432195,38.7756],[1.432063,38.775667],[1.431944,38.775723],[1.431834,38.775779],[1.431678,38.775836],[1.431645,38.775845],[1.431514,38.775856],[1.43142,38.775899],[1.431259,38.775937],[1.431058,38.776016],[1.430863,38.77612],[1.43073,38.776184],[1.430628,38.776242],[1.430538,38.776283],[1.430428,38.776325],[1.430323,38.776368],[1.430229,38.776426],[1.430157,38.776489],[1.430088,38.776544],[1.429996,38.776619],[1.429915,38.776708],[1.429845,38.776794],[1.429803,38.776858],[1.429757,38.776953],[1.429741,38.77707],[1.429729,38.777232],[1.429759,38.777377],[1.429793,38.777661],[1.42981,38.7779],[1.429794,38.778115],[1.42979,38.778156],[1.429776,38.778315],[1.429735,38.778551],[1.429673,38.778774],[1.429634,38.778938],[1.429587,38.779084],[1.429516,38.779231],[1.429408,38.779438],[1.429361,38.779574],[1.429175,38.779861],[1.429047,38.780085],[1.42891,38.780254],[1.428787,38.780393],[1.428642,38.780557],[1.428494,38.780722],[1.428324,38.780905],[1.428132,38.781077],[1.42791,38.781257],[1.4277,38.781404],[1.427347,38.78161],[1.427079,38.781755],[1.426744,38.781906],[1.426222,38.782097],[1.425835,38.78222],[1.425553,38.782302],[1.425328,38.782352],[1.425178,38.782386],[1.424937,38.782412],[1.424688,38.782416],[1.424649,38.782417],[1.424542,38.782424],[1.424507,38.782436],[1.424472,38.782419],[1.424436,38.782406],[1.424412,38.782386],[1.424382,38.782386],[1.424382,38.782396],[1.424379,38.782411],[1.424352,38.782417],[1.42432,38.782385],[1.424279,38.782363],[1.424246,38.782377],[1.424232,38.782403],[1.424207,38.782419],[1.424192,38.782381],[1.424162,38.782355],[1.424119,38.782342],[1.424068,38.782313],[1.424006,38.782285],[1.423944,38.782256],[1.423885,38.782223],[1.423823,38.782186],[1.423772,38.782149],[1.423732,38.782115],[1.42373,38.782097],[1.423736,38.782074],[1.423701,38.782033],[1.423697,38.781999],[1.42368,38.781986],[1.423642,38.78199],[1.423607,38.78197],[1.423627,38.781936],[1.42366,38.781915],[1.423667,38.781879],[1.423639,38.781878],[1.423619,38.781877],[1.423609,38.781877],[1.423648,38.781819],[1.423656,38.781811],[1.42366,38.781802],[1.423765,38.781766],[1.423751,38.781744],[1.423675,38.781769],[1.42364,38.781738],[1.42361,38.781742],[1.423579,38.781773],[1.423538,38.781771],[1.423498,38.781728],[1.423477,38.781695],[1.423478,38.781661],[1.42349,38.781627],[1.423501,38.781604],[1.42354,38.78157],[1.423569,38.781509],[1.423592,38.781428],[1.423617,38.781273],[1.423616,38.781198],[1.423611,38.781062],[1.42361,38.780979],[1.423596,38.780917],[1.423564,38.780848],[1.423533,38.780805],[1.423495,38.78079],[1.423477,38.780755],[1.423447,38.780731],[1.423417,38.780757],[1.4234,38.780765],[1.423382,38.780743],[1.423322,38.780738],[1.423281,38.78071],[1.423215,38.780647],[1.423178,38.780608],[1.423154,38.780582],[1.423168,38.780555],[1.423142,38.780514],[1.423109,38.780505],[1.423067,38.780447],[1.42303,38.780393],[1.422993,38.780354],[1.422918,38.780298],[1.422845,38.78025],[1.42277,38.780221],[1.422694,38.780201],[1.42262,38.78021],[1.422582,38.780218],[1.422497,38.780228],[1.422496,38.780256],[1.422485,38.780294],[1.422463,38.780298],[1.42245,38.780268],[1.422442,38.780238],[1.422394,38.78022],[1.422334,38.780228],[1.422311,38.780262],[1.422275,38.780278],[1.42224,38.780261],[1.422194,38.78026],[1.422128,38.780276],[1.42206,38.78029],[1.421967,38.780291],[1.42193,38.780254],[1.421931,38.780214],[1.421904,38.780205],[1.42189,38.780228],[1.421886,38.780258],[1.421856,38.78029],[1.421807,38.780289],[1.42169,38.780277],[1.421707,38.780251],[1.421685,38.780228],[1.421645,38.78021],[1.421673,38.780172],[1.421671,38.780144],[1.421625,38.780116],[1.421589,38.780143],[1.421554,38.780155],[1.421544,38.780119],[1.421533,38.780091],[1.421537,38.780063],[1.421514,38.780078],[1.421498,38.780091],[1.421496,38.780069],[1.421504,38.78005],[1.421454,38.78],[1.421397,38.779978],[1.421348,38.779984],[1.421307,38.779969],[1.421302,38.779945],[1.421287,38.779911],[1.421257,38.779904],[1.421211,38.779891],[1.421164,38.779903],[1.421124,38.779866],[1.421104,38.779812],[1.421069,38.779784],[1.421023,38.779766],[1.420961,38.77974],[1.420874,38.779713],[1.420821,38.779681],[1.420831,38.779598],[1.420817,38.77948],[1.420819,38.779403],[1.420841,38.779389],[1.42085,38.779361],[1.420823,38.779329],[1.420783,38.779303],[1.420773,38.779266],[1.420782,38.779234],[1.420744,38.779213],[1.420709,38.779189],[1.420669,38.779146],[1.420619,38.779096],[1.420565,38.77905],[1.420514,38.779013],[1.42045,38.778978],[1.420399,38.778954],[1.420302,38.778902],[1.420213,38.778851],[1.420162,38.778825],[1.42006,38.778764],[1.419992,38.778731],[1.419959,38.77875],[1.419947,38.77879],[1.419907,38.778794],[1.419822,38.778789],[1.419773,38.778792],[1.41971,38.778823],[1.419673,38.778878],[1.419622,38.778958],[1.419594,38.779005],[1.419553,38.779011],[1.419504,38.779023],[1.419473,38.779076],[1.419442,38.779112],[1.4194,38.779147],[1.419337,38.779183],[1.419333,38.779236],[1.419305,38.779255],[1.419248,38.779269],[1.419255,38.779303],[1.419263,38.779322],[1.419243,38.779365],[1.419258,38.779395],[1.419291,38.779412],[1.419332,38.779387],[1.419368,38.779381],[1.419384,38.77939],[1.419367,38.77943],[1.419346,38.779498],[1.419364,38.779539],[1.41941,38.779555],[1.419451,38.77957],[1.419475,38.779598],[1.419482,38.779641],[1.419497,38.779669],[1.419549,38.779684],[1.419622,38.779685],[1.419677,38.77969],[1.419698,38.779708],[1.419755,38.779717],[1.419768,38.779732],[1.419749,38.779743],[1.419702,38.779763],[1.419677,38.779786],[1.419693,38.779804],[1.419718,38.779798],[1.419786,38.779786],[1.419807,38.77972],[1.419829,38.779692],[1.419843,38.779686],[1.419903,38.77967],[1.419996,38.779659],[1.420048,38.779653],[1.420121,38.779684],[1.420177,38.779729],[1.420274,38.779763],[1.420281,38.779831],[1.42038,38.779892],[1.420415,38.77992],[1.420464,38.779944],[1.420469,38.779961],[1.42042,38.779981],[1.42031,38.779988],[1.420164,38.779986],[1.420039,38.780021],[1.419951,38.78006],[1.419898,38.780093],[1.419812,38.780131],[1.419803,38.780146],[1.419852,38.780147],[1.419901,38.780137],[1.419925,38.780139],[1.419947,38.78015],[1.419944,38.780165],[1.419911,38.78018],[1.419897,38.780199],[1.419943,38.78021],[1.419956,38.780229],[1.419949,38.780297],[1.419956,38.780342],[1.419971,38.780404],[1.419975,38.780458],[1.419969,38.780479],[1.419931,38.780493],[1.419928,38.780515],[1.419939,38.780519],[1.419979,38.780549],[1.419981,38.78059],[1.420001,38.780635],[1.420034,38.78065],[1.420079,38.780704],[1.420081,38.780747],[1.42015,38.780808],[1.420161,38.780823],[1.42019,38.780859],[1.420181,38.780876],[1.420135,38.780888],[1.420064,38.780885],[1.419974,38.780897],[1.419881,38.780906],[1.419791,38.780901],[1.419704,38.780891],[1.419614,38.78089],[1.419525,38.780882],[1.419468,38.780877],[1.419343,38.780863],[1.419272,38.78087],[1.419255,38.780893],[1.419197,38.780907],[1.419161,38.780945],[1.419179,38.780978],[1.419219,38.781012],[1.419341,38.781071],[1.419415,38.781158],[1.419475,38.781267],[1.419498,38.781357],[1.419466,38.781448],[1.41941,38.78152],[1.419345,38.781585],[1.419265,38.781654],[1.419202,38.781688],[1.419141,38.781706],[1.41907,38.78172],[1.41904,38.78172],[1.419012,38.781753],[1.41902,38.781773],[1.419039,38.781781],[1.419032,38.78182],[1.418993,38.78186],[1.418961,38.781849],[1.418904,38.781846],[1.418884,38.781882],[1.418897,38.781901],[1.4189,38.781914],[1.418844,38.781971],[1.418816,38.782],[1.418787,38.782066],[1.418757,38.782082],[1.418675,38.782073],[1.41864,38.782089],[1.418601,38.782134],[1.418532,38.782169],[1.418466,38.782191],[1.418462,38.78223],[1.4185,38.78226],[1.418502,38.782288],[1.418506,38.782339],[1.418453,38.782387],[1.418401,38.782423],[1.418338,38.782441],[1.418304,38.782468],[1.418292,38.782541],[1.418299,38.782596],[1.418264,38.782666],[1.418206,38.782736],[1.418153,38.782778],[1.418104,38.782758],[1.418056,38.782729],[1.418023,38.782752],[1.418014,38.782803],[1.418026,38.782859],[1.41803,38.782934],[1.418047,38.783002],[1.418084,38.783064],[1.418104,38.783122],[1.418098,38.783178],[1.418067,38.783209],[1.41802,38.783234],[1.418032,38.783298],[1.41801,38.783326],[1.417952,38.783361],[1.417902,38.783424],[1.417873,38.783496],[1.417869,38.78353],[1.417822,38.783575],[1.417782,38.783634],[1.417807,38.783632],[1.417826,38.783617],[1.417848,38.783618],[1.417842,38.783635],[1.417787,38.783693],[1.417747,38.78375],[1.417734,38.783829],[1.417755,38.783881],[1.417751,38.783925],[1.417719,38.783925],[1.417684,38.78389],[1.417637,38.783902],[1.417597,38.783985],[1.417585,38.784053],[1.417606,38.784087],[1.417548,38.784127],[1.417558,38.784168],[1.41759,38.784179],[1.41757,38.784234],[1.417536,38.784306],[1.41749,38.784384],[1.417451,38.784429],[1.417421,38.784445],[1.417362,38.78441],[1.417306,38.784459],[1.417311,38.784488],[1.417354,38.784498],[1.417371,38.7845],[1.417388,38.784558],[1.417392,38.78463],[1.417368,38.784743],[1.417344,38.784849],[1.417304,38.784932],[1.417288,38.784945],[1.417243,38.784972],[1.417226,38.78502],[1.417219,38.785073],[1.417171,38.785079],[1.417151,38.785113],[1.417192,38.785139],[1.417198,38.785182],[1.417203,38.785259],[1.417195,38.785315],[1.417168,38.785307],[1.417133,38.785336],[1.41712,38.785378],[1.417121,38.785409],[1.417098,38.785419],[1.417068,38.785445],[1.417095,38.785496],[1.417144,38.785495],[1.417175,38.785517],[1.417211,38.785534],[1.417234,38.785572],[1.417231,38.785611],[1.417265,38.785652],[1.417312,38.785697],[1.417308,38.785736],[1.417204,38.785742],[1.417203,38.78577],[1.417243,38.785778],[1.417274,38.785785],[1.417304,38.7858],[1.417347,38.785789],[1.417401,38.785841],[1.417495,38.78589],[1.417604,38.785954],[1.417635,38.785991],[1.417583,38.786014],[1.417567,38.786055],[1.417603,38.78607],[1.417664,38.786065],[1.4177,38.786039],[1.417743,38.786046],[1.417784,38.78608],[1.41783,38.786112],[1.417898,38.786149],[1.417932,38.786195],[1.41792,38.786217],[1.417959,38.786246],[1.418018,38.786259],[1.418053,38.786245],[1.418082,38.786268],[1.418071,38.786296],[1.418092,38.786311],[1.418098,38.786333],[1.418121,38.786343],[1.418149,38.786314],[1.418149,38.786278],[1.41819,38.786281],[1.418217,38.786301],[1.418259,38.786307],[1.418242,38.786323],[1.418248,38.786352],[1.418296,38.786372],[1.418335,38.786361],[1.418379,38.786363],[1.418443,38.7864],[1.418495,38.786425],[1.418573,38.786435],[1.418629,38.786474],[1.418681,38.786499],[1.418733,38.78653],[1.418751,38.786624],[1.418749,38.786682],[1.418761,38.786748],[1.41879,38.786834],[1.418831,38.786904],[1.418893,38.786991],[1.41893,38.787051],[1.41896,38.7871],[1.418951,38.787133],[1.418898,38.787144],[1.418897,38.787186],[1.418922,38.787217],[1.418963,38.787285],[1.41901,38.787355],[1.41911,38.787459],[1.419177,38.787521],[1.419169,38.787559],[1.419183,38.787597],[1.419188,38.787641],[1.419236,38.787637],[1.419282,38.787606],[1.419343,38.787575],[1.419422,38.787574],[1.419523,38.787583],[1.419608,38.787625],[1.419648,38.78767],[1.419645,38.787714],[1.419694,38.787723],[1.419729,38.787675],[1.419779,38.787688],[1.419848,38.787733],[1.419843,38.787762],[1.419888,38.787808],[1.419931,38.787814],[1.41999,38.787828],[1.42003,38.787865],[1.420008,38.787898],[1.420031,38.787926],[1.420081,38.787952],[1.420091,38.787938],[1.420116,38.787926],[1.42016,38.787972],[1.420216,38.788046],[1.420239,38.788136],[1.420281,38.788162],[1.420287,38.78819],[1.420297,38.788245],[1.420365,38.788354],[1.420424,38.788403],[1.420424,38.788456],[1.420377,38.78847],[1.420347,38.788434],[1.42031,38.788444],[1.420308,38.788484],[1.420332,38.788515],[1.420367,38.788503],[1.42038,38.788525],[1.42041,38.788553],[1.42041,38.788577],[1.420409,38.78859],[1.420454,38.788663],[1.42048,38.788711],[1.420517,38.788744],[1.420529,38.788805],[1.420553,38.788843],[1.420588,38.788847],[1.420589,38.788862],[1.420619,38.788884],[1.420646,38.788874],[1.420675,38.788876],[1.420718,38.78891],[1.420792,38.78892],[1.420865,38.788948],[1.420959,38.789095],[1.420952,38.789135],[1.420986,38.789178],[1.421093,38.789248],[1.4212,38.789346],[1.421264,38.789388],[1.421339,38.789457],[1.421387,38.789531],[1.42139,38.789589],[1.421431,38.789649],[1.421429,38.789719],[1.421415,38.789772],[1.421351,38.789777],[1.421315,38.789808],[1.421316,38.789868],[1.421342,38.789926],[1.421339,38.790009],[1.421311,38.790071],[1.421316,38.790137],[1.421322,38.790154],[1.421337,38.790163],[1.421342,38.790195],[1.42135,38.790212],[1.421355,38.790221],[1.421351,38.790266],[1.421343,38.790276],[1.421315,38.790306],[1.421274,38.790309],[1.421285,38.790293],[1.421302,38.790276],[1.421311,38.79024],[1.42129,38.790216],[1.421271,38.790205],[1.421238,38.790211],[1.421227,38.790232],[1.421218,38.790247],[1.421199,38.790247],[1.42117,38.790218],[1.421135,38.790188],[1.421119,38.790167],[1.421092,38.790153],[1.421046,38.790163],[1.421001,38.790116],[1.420957,38.790109],[1.420901,38.790063],[1.42088,38.790038],[1.420859,38.790003],[1.420826,38.789998],[1.420809,38.79002],[1.42079,38.790026],[1.420731,38.789997],[1.420685,38.789982],[1.420637,38.789955],[1.420597,38.789956],[1.420519,38.789932],[1.420462,38.789888],[1.420415,38.789877],[1.420346,38.789871],[1.420292,38.789872],[1.420229,38.789862],[1.420161,38.789896],[1.420127,38.789931],[1.420116,38.789983],[1.420134,38.790033],[1.420114,38.790076],[1.420081,38.790119],[1.420082,38.790132],[1.420139,38.790166],[1.420179,38.790183],[1.420211,38.790197],[1.420271,38.790208],[1.420339,38.790228],[1.420379,38.790265],[1.420397,38.790302],[1.420409,38.790364],[1.42043,38.790402],[1.420465,38.790422],[1.420462,38.79045],[1.420429,38.790479],[1.420443,38.790552],[1.420475,38.790616],[1.420525,38.790662],[1.420625,38.790691],[1.420786,38.790706],[1.420949,38.790712],[1.421063,38.790729],[1.421166,38.790734],[1.421343,38.790737],[1.421513,38.790718],[1.421556,38.790714],[1.421559,38.790716],[1.421586,38.790732],[1.42161,38.790772],[1.421647,38.790805],[1.421666,38.79082],[1.421705,38.790869],[1.421714,38.790857],[1.421672,38.790799],[1.421621,38.790741],[1.421614,38.790719],[1.421633,38.790692],[1.421708,38.790648],[1.421815,38.790615],[1.421889,38.790591],[1.422004,38.790577],[1.422101,38.7906],[1.42219,38.790657],[1.422284,38.790722],[1.422363,38.790806],[1.422416,38.790888],[1.422468,38.791008],[1.422524,38.791186],[1.422556,38.791346],[1.422549,38.79154],[1.422527,38.791668],[1.422526,38.791674],[1.422497,38.79175],[1.422478,38.791872],[1.422462,38.791991],[1.422435,38.792064],[1.422413,38.792122],[1.422287,38.792289],[1.422227,38.792407],[1.422198,38.792477],[1.422159,38.792515],[1.422145,38.792511],[1.422101,38.792534],[1.42208,38.792508],[1.422053,38.792501],[1.422014,38.792535],[1.421995,38.792549],[1.421975,38.792579],[1.421994,38.792598],[1.422021,38.792607],[1.422036,38.792631],[1.421997,38.792681],[1.421963,38.792734],[1.421919,38.792783],[1.421857,38.792863],[1.421819,38.792862],[1.421792,38.792862],[1.421783,38.792889],[1.42181,38.792896],[1.421829,38.792892],[1.421832,38.792903],[1.421814,38.79295],[1.421711,38.793057],[1.421563,38.793213],[1.421445,38.793396],[1.42132,38.79361],[1.421218,38.793773],[1.421139,38.793915],[1.421047,38.793999],[1.420941,38.794087],[1.420828,38.79416],[1.420666,38.794211],[1.420505,38.794228],[1.420338,38.794251],[1.420122,38.794301],[1.419974,38.794333],[1.419823,38.79438],[1.419673,38.794417],[1.41964,38.794425],[1.419541,38.79446],[1.419494,38.794489],[1.419459,38.794497],[1.419396,38.794498],[1.419292,38.79451],[1.41924,38.794532],[1.41919,38.79457],[1.419189,38.794606],[1.419265,38.794609],[1.419301,38.794612],[1.419303,38.794627],[1.419281,38.794639],[1.419235,38.794632],[1.419213,38.794624],[1.419202,38.79464],[1.419215,38.794664],[1.419237,38.794677],[1.419277,38.794699],[1.419287,38.794725],[1.419227,38.794752],[1.419172,38.794779],[1.419134,38.794778],[1.419106,38.794788],[1.419125,38.794806],[1.419138,38.794827],[1.419119,38.79484],[1.419075,38.794841],[1.419066,38.794867],[1.419076,38.794897],[1.419125,38.794904],[1.419174,38.794917],[1.41923,38.79495],[1.419222,38.794967],[1.419189,38.794966],[1.419149,38.794949],[1.419122,38.794948],[1.419118,38.794972],[1.419142,38.794991],[1.419134,38.795013],[1.419114,38.795023],[1.419084,38.795031],[1.419091,38.795076],[1.419158,38.795124],[1.419215,38.795135],[1.419311,38.79513],[1.419362,38.795146],[1.419429,38.795189],[1.419478,38.79519],[1.419522,38.795193],[1.419613,38.795247],[1.419605,38.795266],[1.419572,38.795285],[1.419549,38.795308],[1.419557,38.79533],[1.419657,38.795342],[1.419709,38.795368],[1.419713,38.795398],[1.41977,38.795418],[1.419827,38.795421],[1.419903,38.795441],[1.419943,38.795505],[1.419942,38.795544],[1.419965,38.795593],[1.420049,38.79562],[1.420168,38.795649],[1.420224,38.795607],[1.420242,38.795642],[1.420306,38.795683],[1.420377,38.795693],[1.420437,38.795687],[1.420477,38.795722],[1.420509,38.795775],[1.420535,38.795806],[1.420592,38.795815],[1.420627,38.795833],[1.420607,38.795864],[1.420601,38.79592],[1.420594,38.795968],[1.420683,38.796023],[1.420744,38.796077],[1.420781,38.796127],[1.420805,38.79615],[1.420829,38.796174],[1.420852,38.796232],[1.420885,38.796237],[1.420969,38.796242],[1.421045,38.796282],[1.421041,38.796324],[1.421023,38.796418],[1.421004,38.796503],[1.421014,38.796548],[1.421077,38.796559],[1.421178,38.796522],[1.421214,38.796491],[1.421247,38.796489],[1.421258,38.796506],[1.421326,38.796507],[1.421358,38.79651],[1.421423,38.796547],[1.421455,38.796592],[1.421451,38.796628],[1.421434,38.796662],[1.421452,38.796707],[1.42153,38.79674],[1.421581,38.796794],[1.42159,38.796854],[1.421591,38.796935],[1.421584,38.796995],[1.421629,38.797064],[1.421673,38.797073],[1.42171,38.797114],[1.421736,38.79714],[1.421783,38.797127],[1.421832,38.797137],[1.42185,38.797169],[1.421822,38.797194],[1.42181,38.797254],[1.421804,38.797305],[1.421792,38.797324],[1.42181,38.797373],[1.421853,38.797389],[1.421931,38.797321],[1.421984,38.797265],[1.422023,38.797225],[1.422109,38.797185],[1.422186,38.797146],[1.422255,38.797106],[1.42231,38.797054],[1.422342,38.797001],[1.422386,38.796963],[1.422471,38.796926],[1.422551,38.796891],[1.422598,38.796874],[1.422691,38.796859],[1.42287,38.796882],[1.42307,38.796853],[1.423228,38.796801],[1.422057,38.798697],[1.422031,38.798696],[1.42203,38.798698],[1.422023,38.798698],[1.422003,38.798731],[1.421949,38.798701],[1.421911,38.798705],[1.421887,38.798687],[1.421833,38.798669],[1.421748,38.79867],[1.421656,38.798682],[1.421532,38.798704],[1.421492,38.798682],[1.421472,38.798613],[1.421453,38.798624],[1.421449,38.798662],[1.421402,38.798674],[1.421392,38.798655],[1.421431,38.798626],[1.421398,38.798614],[1.42136,38.79862],[1.421316,38.798635],[1.421263,38.798677],[1.421276,38.798719],[1.421372,38.798806],[1.421374,38.798829],[1.421324,38.798901],[1.42128,38.798905],[1.421244,38.798921],[1.421247,38.798943],[1.421292,38.798997],[1.421323,38.79905],[1.4214,38.799139],[1.421499,38.799202],[1.421642,38.799264],[1.421703,38.79927],[1.412301,38.814496],[1.491389,38.8145],[1.433333,38.873056],[1.458333,38.891278],[1.441667,38.891],[1.405211,38.873065],[1.405215,38.873034],[1.405165,38.873001],[1.405139,38.872978],[1.405117,38.872955],[1.405075,38.872923],[1.405053,38.872899],[1.404991,38.872879],[1.405007,38.872865],[1.404996,38.872859],[1.404968,38.872865],[1.404945,38.872848],[1.404979,38.87282],[1.404963,38.872818],[1.404941,38.872822],[1.404936,38.872806],[1.40497,38.872783],[1.404946,38.872781],[1.404922,38.872798],[1.404893,38.872769],[1.40494,38.872737],[1.404924,38.872735],[1.4049,38.872744],[1.404897,38.872733],[1.404916,38.872719],[1.404887,38.872724],[1.404848,38.872717],[1.404837,38.872706],[1.404855,38.872691],[1.404826,38.872695],[1.404796,38.872689],[1.404699,38.872635],[1.404655,38.872625],[1.404621,38.872601],[1.404625,38.872584],[1.404604,38.872581],[1.404598,38.87259],[1.404553,38.872602],[1.404529,38.872594],[1.404517,38.872579],[1.404492,38.872581],[1.404464,38.872573],[1.404443,38.872553],[1.404452,38.872529],[1.40441,38.872512],[1.404393,38.872511],[1.404341,38.872514],[1.404368,38.872487],[1.404334,38.872496],[1.404299,38.872482],[1.404263,38.872444],[1.40427,38.872386],[1.404308,38.872352],[1.404357,38.872335],[1.404432,38.872313],[1.404541,38.872336],[1.404665,38.872348],[1.404707,38.872381],[1.404755,38.872384],[1.4048,38.872373],[1.404816,38.872358],[1.404811,38.872346],[1.404797,38.872348],[1.404752,38.872336],[1.404701,38.872314],[1.404638,38.872305],[1.404567,38.872307],[1.404399,38.872274],[1.404318,38.872237],[1.404256,38.872187],[1.404187,38.872118],[1.404104,38.872015],[1.404096,38.871972],[1.404093,38.871836],[1.404092,38.871765],[1.404112,38.871604],[1.404154,38.871462],[1.404203,38.871319],[1.404228,38.871149],[1.404228,38.871104],[1.404235,38.871036],[1.404258,38.870981],[1.4043,38.870944],[1.404346,38.870915],[1.404362,38.870895],[1.404397,38.870866],[1.404418,38.870811],[1.40443,38.870744],[1.404428,38.870702],[1.404446,38.870635],[1.404489,38.870587],[1.404472,38.870553],[1.404484,38.870502],[1.404496,38.870393],[1.40454,38.87025],[1.404552,38.870175],[1.404543,38.870083],[1.40456,38.869984],[1.404584,38.869893],[1.404624,38.869786],[1.404684,38.869698],[1.404714,38.869635],[1.404692,38.869579],[1.404717,38.869576],[1.40475,38.869591],[1.404764,38.869583],[1.404741,38.869568],[1.404703,38.869533],[1.404695,38.8695],[1.404713,38.869479],[1.404753,38.869423],[1.404848,38.86934],[1.404889,38.869301],[1.404947,38.869259],[1.40497,38.869277],[1.404981,38.869268],[1.404963,38.869251],[1.404987,38.86924],[1.405021,38.869246],[1.405056,38.869244],[1.405058,38.869223],[1.405074,38.869231],[1.405085,38.869188],[1.405113,38.869185],[1.405165,38.869184],[1.405206,38.869181],[1.405226,38.869172],[1.405256,38.869185],[1.405277,38.869186],[1.405267,38.869201],[1.405284,38.869209],[1.405285,38.869232],[1.405309,38.869215],[1.405313,38.869241],[1.405327,38.869249],[1.40535,38.86927],[1.405381,38.869276],[1.405429,38.869273],[1.405448,38.869257],[1.405455,38.86927],[1.405445,38.869284],[1.405464,38.869275],[1.405481,38.869265],[1.405487,38.869291],[1.405502,38.869262],[1.405523,38.86926],[1.405539,38.869266],[1.40556,38.869256],[1.405611,38.869268],[1.405625,38.869288],[1.405646,38.869323],[1.405681,38.869361],[1.405781,38.869411],[1.405848,38.869476],[1.405944,38.869503],[1.406189,38.869567],[1.406234,38.869592],[1.406324,38.869592],[1.406392,38.869608],[1.406461,38.8696],[1.406575,38.86961],[1.406689,38.869605],[1.406769,38.869609],[1.406878,38.869604],[1.406955,38.869605],[1.407085,38.869611],[1.407165,38.86962],[1.407196,38.869607],[1.407227,38.869629],[1.407267,38.869612],[1.407295,38.869605],[1.407334,38.86962],[1.407371,38.869619],[1.407458,38.869592],[1.407489,38.869543],[1.407528,38.869502],[1.40753,38.869479],[1.407523,38.869458],[1.407501,38.869449],[1.407492,38.869437],[1.407462,38.869435],[1.407477,38.86942],[1.407466,38.869399],[1.407454,38.869394],[1.407433,38.869403],[1.407415,38.869383],[1.407389,38.869352],[1.407399,38.869338],[1.407374,38.869325],[1.407342,38.869297],[1.40737,38.869296],[1.407399,38.869297],[1.407409,38.869273],[1.407395,38.869257],[1.407354,38.869242],[1.407326,38.869225],[1.407363,38.869222],[1.407404,38.869213],[1.407413,38.869195],[1.407397,38.869174],[1.407355,38.869155],[1.407324,38.869133],[1.407323,38.869102],[1.407324,38.869079],[1.407387,38.869065],[1.407426,38.869044],[1.40741,38.869021],[1.407415,38.869008],[1.407444,38.869008],[1.407474,38.869015],[1.407501,38.869042],[1.407535,38.869038],[1.407556,38.869004],[1.407552,38.868975],[1.407532,38.868952],[1.407515,38.868944],[1.407539,38.868927],[1.407581,38.868918],[1.4076,38.868885],[1.407592,38.868849],[1.40756,38.868819],[1.407522,38.868799],[1.407476,38.868783],[1.407467,38.868753],[1.407434,38.86873],[1.407393,38.868744],[1.407378,38.868733],[1.407397,38.868704],[1.40739,38.868668],[1.407363,38.868649],[1.407319,38.868606],[1.407303,38.868572],[1.407303,38.868548],[1.407382,38.868462],[1.407412,38.868449],[1.407455,38.86842],[1.407502,38.868329],[1.407499,38.868312],[1.407513,38.868266],[1.40755,38.868235],[1.407574,38.868221],[1.407613,38.868202],[1.407626,38.868136],[1.407625,38.868098],[1.407628,38.868053],[1.407586,38.868045],[1.407546,38.86807],[1.407521,38.868084],[1.407503,38.868088],[1.407466,38.868081],[1.407451,38.868072],[1.407512,38.868035],[1.407506,38.868006],[1.407466,38.868006],[1.407449,38.868027],[1.407381,38.868043],[1.407349,38.868037],[1.407318,38.868012],[1.407262,38.867978],[1.407187,38.867962],[1.407139,38.867937],[1.407126,38.867869],[1.407086,38.86781],[1.4071,38.867762],[1.407092,38.867723],[1.407075,38.867673],[1.40703,38.867636],[1.407007,38.8676],[1.407004,38.867552],[1.40696,38.86751],[1.406886,38.867499],[1.406831,38.867478],[1.406762,38.867473],[1.406755,38.86745],[1.406783,38.867403],[1.406792,38.867365],[1.406788,38.867327],[1.406769,38.867286],[1.406746,38.867251],[1.406691,38.8672],[1.406654,38.867212],[1.406557,38.867263],[1.40653,38.86726],[1.406458,38.867211],[1.406382,38.867186],[1.406374,38.867155],[1.406366,38.867114],[1.406374,38.867078],[1.406423,38.867056],[1.406463,38.867023],[1.406441,38.866998],[1.406401,38.866993],[1.406348,38.866978],[1.40632,38.866936],[1.406342,38.866902],[1.406375,38.866858],[1.40649,38.866839],[1.406551,38.866825],[1.406546,38.866795],[1.406501,38.86676],[1.406437,38.866755],[1.406357,38.866756],[1.406246,38.866753],[1.406165,38.866726],[1.406103,38.866699],[1.406098,38.866675],[1.406073,38.866641],[1.406041,38.866632],[1.405982,38.866626],[1.40592,38.866624],[1.405835,38.866549],[1.405831,38.866519],[1.405826,38.866479],[1.405837,38.866458],[1.405863,38.86645],[1.405904,38.866456],[1.405928,38.866465],[1.405978,38.866485],[1.406021,38.866488],[1.406068,38.866478],[1.406112,38.866439],[1.406158,38.866404],[1.406163,38.866369],[1.40618,38.866329],[1.406216,38.866283],[1.406218,38.866245],[1.406247,38.86622],[1.406249,38.866187],[1.406221,38.866174],[1.406208,38.86613],[1.406215,38.866103],[1.406218,38.866047],[1.406219,38.865986],[1.406239,38.865934],[1.406257,38.865884],[1.406289,38.865846],[1.406325,38.865813],[1.406365,38.865793],[1.406398,38.865807],[1.406409,38.865844],[1.406443,38.86585],[1.406466,38.865816],[1.406468,38.865762],[1.406469,38.86569],[1.406469,38.865634],[1.406469,38.86558],[1.406447,38.865546],[1.406407,38.865507],[1.406362,38.86546],[1.406364,38.865425],[1.406275,38.865374],[1.406258,38.865333],[1.40629,38.865316],[1.406325,38.865333],[1.406362,38.865373],[1.40641,38.865371],[1.406425,38.865339],[1.406425,38.86529],[1.406368,38.865247],[1.406327,38.865214],[1.406338,38.865185],[1.406371,38.865169],[1.40647,38.865123],[1.406512,38.865101],[1.406534,38.865068],[1.406571,38.865044],[1.406617,38.865035],[1.406643,38.864999],[1.406652,38.864972],[1.406678,38.864952],[1.406676,38.864909],[1.406655,38.864876],[1.406599,38.864837],[1.406561,38.864839],[1.406504,38.864864],[1.406451,38.864869],[1.406387,38.864864],[1.40633,38.864802],[1.406297,38.864752],[1.406234,38.864696],[1.40618,38.864648],[1.406141,38.864564],[1.406141,38.864489],[1.406132,38.864427],[1.406111,38.86437],[1.406117,38.864335],[1.406146,38.864308],[1.406123,38.864273],[1.406047,38.864272],[1.405962,38.86427],[1.405934,38.864245],[1.40595,38.864213],[1.40599,38.864211],[1.406007,38.864182],[1.405954,38.864153],[1.405933,38.864117],[1.40595,38.864095],[1.406004,38.864097],[1.406052,38.864116],[1.406086,38.864142],[1.406125,38.864142],[1.406136,38.864118],[1.406117,38.864091],[1.406052,38.864055],[1.405957,38.864027],[1.40587,38.864022],[1.405807,38.864018],[1.405757,38.863989],[1.405726,38.863952],[1.405732,38.863939],[1.405717,38.863878],[1.405713,38.863871],[1.405578,38.863865],[1.40551,38.863842],[1.405457,38.863798],[1.405451,38.863756],[1.405453,38.863719],[1.405469,38.863692],[1.405517,38.863647],[1.405561,38.863615],[1.405567,38.863572],[1.405585,38.863527],[1.40559,38.863484],[1.405589,38.863454],[1.405542,38.863448],[1.405469,38.863439],[1.405469,38.863405],[1.405469,38.863373],[1.405483,38.863334],[1.405501,38.863305],[1.405561,38.863268],[1.405616,38.863239],[1.40567,38.86323],[1.405724,38.863224],[1.405771,38.863206],[1.405769,38.863181],[1.405741,38.863146],[1.405432,38.862913],[1.405316,38.862823],[1.405337,38.862797],[1.405341,38.862747],[1.405337,38.862676],[1.405355,38.862628],[1.405389,38.862597],[1.405418,38.862585],[1.405493,38.862559],[1.405517,38.862521],[1.405554,38.862474],[1.405559,38.862416],[1.40556,38.862371],[1.40557,38.862334],[1.405594,38.862312],[1.405617,38.862282],[1.405632,38.862267],[1.405664,38.862263],[1.405722,38.862252],[1.405762,38.862244],[1.405817,38.862241],[1.405838,38.862241],[1.405862,38.862218],[1.405803,38.862164],[1.405755,38.862118],[1.405725,38.862073],[1.405687,38.862038],[1.405613,38.861924],[1.405544,38.861864],[1.405533,38.861813],[1.405537,38.861786],[1.405551,38.861754],[1.405545,38.861734],[1.405505,38.861697],[1.405497,38.861616],[1.405457,38.861555],[1.405366,38.86147],[1.405306,38.861396],[1.405288,38.861326],[1.405288,38.86128],[1.405282,38.861222],[1.405287,38.861177],[1.405302,38.861157],[1.40533,38.861155],[1.40537,38.861161],[1.405431,38.861165],[1.405479,38.861165],[1.405627,38.861093],[1.405721,38.861062],[1.405853,38.861024],[1.40591,38.861024],[1.405954,38.861008],[1.405974,38.860973],[1.405925,38.860954],[1.405913,38.860932],[1.40596,38.860902],[1.40598,38.860869],[1.406,38.860874],[1.406015,38.860891],[1.406036,38.860877],[1.406072,38.860854],[1.406132,38.860851],[1.406143,38.860826],[1.406095,38.860801],[1.406034,38.860803],[1.405968,38.860811],[1.405921,38.860794],[1.405842,38.860776],[1.40576,38.860778],[1.40571,38.860781],[1.405654,38.860781],[1.405617,38.860756],[1.405617,38.860716],[1.405629,38.860694],[1.405698,38.860662],[1.405756,38.860657],[1.405803,38.860664],[1.405848,38.860652],[1.405929,38.860633],[1.405985,38.860613],[1.406029,38.860613],[1.406078,38.86061],[1.406106,38.860579],[1.406111,38.860536],[1.406074,38.860514],[1.406034,38.860482],[1.405986,38.860481],[1.405958,38.860507],[1.405914,38.86052],[1.40579,38.860501],[1.40574,38.860491],[1.405736,38.860487],[1.405742,38.860483],[1.405718,38.86047],[1.405669,38.860445],[1.405634,38.860443],[1.405612,38.860432],[1.405631,38.860422],[1.405647,38.860404],[1.405651,38.860386],[1.405662,38.860378],[1.405673,38.86038],[1.405677,38.860398],[1.405709,38.860397],[1.405734,38.860381],[1.405746,38.860367],[1.405766,38.860368],[1.40583,38.860379],[1.405846,38.860363],[1.405802,38.86034],[1.405809,38.860329],[1.405859,38.860312],[1.405932,38.860298],[1.405922,38.860266],[1.405978,38.860216],[1.406037,38.860196],[1.406078,38.860193],[1.406105,38.860157],[1.406085,38.86012],[1.406094,38.860094],[1.406137,38.860093],[1.406201,38.86007],[1.406297,38.860035],[1.406401,38.859995],[1.406472,38.859931],[1.40652,38.85993],[1.406566,38.859931],[1.406613,38.859917],[1.40665,38.859883],[1.406652,38.859808],[1.406657,38.859764],[1.406693,38.859755],[1.406698,38.859772],[1.406757,38.859754],[1.406755,38.859723],[1.406717,38.859709],[1.406709,38.859644],[1.406734,38.859598],[1.406783,38.859563],[1.406833,38.859559],[1.406875,38.859589],[1.406917,38.859606],[1.406975,38.859595],[1.407005,38.859572],[1.407007,38.859523],[1.407033,38.859494],[1.407025,38.859447],[1.407041,38.8594],[1.406989,38.859363],[1.406983,38.859302],[1.406948,38.859296],[1.406872,38.859278],[1.40684,38.859234],[1.406841,38.859181],[1.406875,38.859138],[1.406911,38.859104],[1.406895,38.85905],[1.406834,38.859],[1.406848,38.858979],[1.406916,38.858967],[1.406946,38.858944],[1.407032,38.858955],[1.40709,38.858949],[1.407144,38.858907],[1.407195,38.858867],[1.407215,38.858861],[1.407264,38.858883],[1.407332,38.858887],[1.407387,38.85887],[1.407432,38.858874],[1.407447,38.858912],[1.407516,38.858925],[1.407574,38.858912],[1.407595,38.858872],[1.407578,38.858824],[1.407515,38.858798],[1.407463,38.858798],[1.407433,38.858811],[1.40741,38.858806],[1.407362,38.85879],[1.407268,38.858797],[1.407229,38.858777],[1.407239,38.858746],[1.407213,38.858723],[1.407165,38.858723],[1.407125,38.858699],[1.407143,38.858664],[1.407141,38.85863],[1.40715,38.858597],[1.407164,38.85857],[1.40721,38.858535],[1.407193,38.858479],[1.407154,38.85846],[1.40708,38.858498],[1.407027,38.858526],[1.406998,38.858567],[1.406975,38.858609],[1.406942,38.858615],[1.406863,38.858585],[1.406817,38.858557],[1.406781,38.85851],[1.406779,38.858479],[1.406792,38.858444],[1.406816,38.858443],[1.406859,38.858443],[1.406864,38.858412],[1.406849,38.858368],[1.40682,38.858346],[1.406807,38.858326],[1.406813,38.858303],[1.406782,38.858297],[1.406732,38.858296],[1.406676,38.858296],[1.406661,38.858275],[1.406641,38.858222],[1.406592,38.85815],[1.406557,38.858125],[1.406528,38.858131],[1.406495,38.858132],[1.406449,38.858119],[1.406426,38.858089],[1.406432,38.858023],[1.406396,38.858007],[1.40638,38.857975],[1.406381,38.857914],[1.406383,38.857866],[1.406381,38.857823],[1.406328,38.857799],[1.406333,38.857776],[1.406344,38.857764],[1.406372,38.85777],[1.40642,38.857771],[1.406469,38.857758],[1.4065,38.857732],[1.406533,38.85768],[1.406595,38.857651],[1.406694,38.857585],[1.406845,38.857481],[1.406901,38.857453],[1.40694,38.857419],[1.406938,38.857401],[1.406782,38.857362],[1.406695,38.857354],[1.406625,38.857372],[1.406558,38.857423],[1.406512,38.857433],[1.406393,38.857409],[1.406343,38.857395],[1.406359,38.857371],[1.406339,38.857342],[1.406312,38.857322],[1.406219,38.857324],[1.406197,38.857328],[1.40613,38.857307],[1.406081,38.857306],[1.406072,38.85732],[1.405995,38.857325],[1.40586,38.857309],[1.405754,38.857306],[1.405674,38.857314],[1.405599,38.857326],[1.405565,38.857319],[1.405505,38.857289],[1.405421,38.857289],[1.405262,38.857288],[1.405217,38.857272],[1.405162,38.857242],[1.405003,38.857265],[1.40489,38.857259],[1.404825,38.857259],[1.404719,38.857269],[1.404652,38.8573],[1.404578,38.857414],[1.404485,38.857441],[1.404409,38.857426],[1.404358,38.857388],[1.404362,38.857364],[1.404426,38.857309],[1.404433,38.857276],[1.404416,38.85727],[1.404369,38.857277],[1.404324,38.857278],[1.404319,38.857267],[1.40435,38.857237],[1.404503,38.857132],[1.404523,38.8571],[1.404526,38.857044],[1.404554,38.856998],[1.404591,38.856958],[1.40469,38.856869],[1.404725,38.856827],[1.404712,38.856796],[1.404717,38.856773],[1.404723,38.856741],[1.404699,38.856705],[1.404699,38.856683],[1.404702,38.856646],[1.404736,38.856621],[1.404765,38.856615],[1.404815,38.856615],[1.404846,38.856613],[1.404858,38.856588],[1.404873,38.856561],[1.404878,38.85652],[1.404864,38.856494],[1.404861,38.856471],[1.404843,38.85644],[1.404782,38.856417],[1.404692,38.856375],[1.404617,38.856375],[1.404577,38.856366],[1.404503,38.856339],[1.404463,38.856325],[1.40447,38.856318],[1.404504,38.856292],[1.404591,38.856294],[1.404626,38.856271],[1.404646,38.856262],[1.40469,38.856266],[1.404734,38.856266],[1.404773,38.85623],[1.404813,38.856198],[1.404828,38.856187],[1.404835,38.85617],[1.404832,38.856161],[1.404741,38.85613],[1.404697,38.856113],[1.404653,38.856092],[1.404592,38.856061],[1.404566,38.856041],[1.404539,38.856003],[1.404556,38.855989],[1.404601,38.855971],[1.40466,38.855967],[1.404687,38.855962],[1.404698,38.855949],[1.404701,38.855945],[1.404713,38.855915],[1.404729,38.855901],[1.404752,38.855894],[1.404772,38.855872],[1.404763,38.855862],[1.404695,38.855819],[1.404687,38.855781],[1.404688,38.85574],[1.404708,38.855704],[1.404738,38.855668],[1.40474,38.855647],[1.404736,38.855622],[1.404747,38.855578],[1.404796,38.855544],[1.404844,38.855514],[1.404896,38.855401],[1.404874,38.855319],[1.404842,38.855282],[1.404804,38.855243],[1.404753,38.855213],[1.404738,38.855185],[1.404725,38.85516],[1.404698,38.855163],[1.404656,38.855162],[1.404618,38.855162],[1.404608,38.85517],[1.404576,38.855155],[1.404551,38.855145],[1.404564,38.855121],[1.404619,38.855064],[1.404678,38.855017],[1.404728,38.854988],[1.404791,38.854962],[1.404879,38.854951],[1.405061,38.854942],[1.405151,38.854893],[1.405182,38.854845],[1.405166,38.85481],[1.40511,38.854766],[1.405076,38.854757],[1.405039,38.85476],[1.405008,38.854767],[1.404993,38.854779],[1.404979,38.854784],[1.404958,38.854774],[1.40493,38.854748],[1.404906,38.85473],[1.404886,38.854703],[1.404871,38.854668],[1.404871,38.854637],[1.404872,38.854599],[1.404873,38.85456],[1.404858,38.854552],[1.404845,38.854551],[1.40483,38.854531],[1.404823,38.854493],[1.40483,38.854458],[1.404839,38.854431],[1.404816,38.854419],[1.404787,38.854414],[1.404767,38.854391],[1.404759,38.854355],[1.404759,38.854309],[1.404737,38.854262],[1.404717,38.854241],[1.404718,38.854207],[1.404704,38.854171],[1.404687,38.854141],[1.40469,38.854119],[1.404745,38.854109],[1.404792,38.854112],[1.404814,38.854112],[1.404807,38.854087],[1.404767,38.854052],[1.40473,38.854014],[1.404701,38.853995],[1.404682,38.853963],[1.404655,38.853914],[1.404625,38.853874],[1.404597,38.853858],[1.404559,38.853857],[1.404532,38.853845],[1.404495,38.853845],[1.404473,38.853844],[1.404449,38.853822],[1.404468,38.853791],[1.404535,38.853746],[1.40455,38.853731],[1.404538,38.853707],[1.404505,38.853704],[1.404456,38.853724],[1.4044,38.85373],[1.404348,38.853739],[1.404315,38.853745],[1.404307,38.853721],[1.404302,38.853701],[1.404262,38.853683],[1.404238,38.853664],[1.404223,38.853642],[1.404176,38.85363],[1.404084,38.853652],[1.404042,38.853673],[1.404028,38.853705],[1.404029,38.85373],[1.403998,38.853732],[1.403967,38.85373],[1.403933,38.85372],[1.403897,38.853712],[1.403873,38.853696],[1.403866,38.853667],[1.403884,38.853616],[1.403919,38.853536],[1.40394,38.853515],[1.404119,38.853473],[1.404171,38.853448],[1.404224,38.853412],[1.404273,38.85333],[1.404293,38.853271],[1.404317,38.853224],[1.404383,38.853155],[1.404485,38.853062],[1.404535,38.853021],[1.40455,38.85297],[1.404531,38.852882],[1.404521,38.852861],[1.404521,38.852847],[1.40452,38.852836],[1.404521,38.852805],[1.404538,38.852787],[1.404569,38.852758],[1.404622,38.852723],[1.404628,38.852719],[1.404624,38.852681],[1.404619,38.852642],[1.404606,38.852618],[1.40456,38.852618],[1.40451,38.852638],[1.404473,38.852638],[1.404453,38.852622],[1.404459,38.852596],[1.404505,38.852563],[1.404545,38.852531],[1.404567,38.852502],[1.404568,38.85248],[1.404565,38.852457],[1.404528,38.85246],[1.404466,38.85249],[1.404418,38.852522],[1.404388,38.852523],[1.404384,38.852506],[1.404379,38.852483],[1.404352,38.852478],[1.404329,38.852455],[1.404327,38.852426],[1.404338,38.852387],[1.404335,38.852362],[1.404292,38.852358],[1.404252,38.852357],[1.404233,38.852342],[1.404243,38.852318],[1.404275,38.85229],[1.404258,38.852223],[1.404244,38.852181],[1.40418,38.852126],[1.404145,38.852073],[1.404098,38.852043],[1.404057,38.851999],[1.404017,38.85194],[1.403975,38.851874],[1.40394,38.851822],[1.403901,38.851774],[1.403859,38.851754],[1.403833,38.851738],[1.403847,38.851724],[1.403863,38.85171],[1.403863,38.851685],[1.403849,38.851651],[1.403848,38.851628],[1.40386,38.851603],[1.403844,38.851573],[1.403799,38.851513],[1.403779,38.851465],[1.40378,38.85135],[1.403779,38.851286],[1.40374,38.851241],[1.403731,38.851189],[1.403732,38.851139],[1.403719,38.851106],[1.403691,38.851101],[1.40366,38.851074],[1.403632,38.851015],[1.40363,38.850975],[1.403635,38.850894],[1.403664,38.85082],[1.403671,38.850791],[1.40365,38.85077],[1.403631,38.850695],[1.403613,38.850695],[1.403593,38.850681],[1.403585,38.850656],[1.403544,38.850641],[1.4035,38.850639],[1.403499,38.850673],[1.403517,38.850703],[1.403516,38.850733],[1.403513,38.850754],[1.403478,38.850759],[1.40345,38.850741],[1.403415,38.850721],[1.403297,38.85069],[1.403271,38.850661],[1.403261,38.850625],[1.403228,38.850595],[1.403199,38.850608],[1.403176,38.850611],[1.403144,38.850596],[1.403132,38.850566],[1.403143,38.850539],[1.403139,38.850512],[1.403099,38.850504],[1.40306,38.850495],[1.403026,38.850457],[1.40301,38.850418],[1.402963,38.850395],[1.402922,38.850367],[1.402896,38.850336],[1.402881,38.850303],[1.402884,38.850257],[1.402914,38.850215],[1.402947,38.850186],[1.402975,38.850154],[1.403,38.850127],[1.403066,38.850115],[1.403127,38.850116],[1.403172,38.850123],[1.403208,38.850115],[1.403223,38.850107],[1.403229,38.850083],[1.403219,38.850072],[1.403186,38.850053],[1.403192,38.850031],[1.403109,38.849979],[1.403063,38.849935],[1.402998,38.849869],[1.402888,38.849826],[1.402842,38.849801],[1.402788,38.849765],[1.402757,38.849754],[1.402707,38.84976],[1.402694,38.849742],[1.402692,38.849719],[1.402642,38.84971],[1.40259,38.849704],[1.40255,38.849689],[1.402512,38.849678],[1.402459,38.849679],[1.402412,38.849645],[1.402338,38.849582],[1.40229,38.849565],[1.402229,38.849527],[1.402181,38.849442],[1.402156,38.84937],[1.402155,38.849257],[1.402161,38.849025],[1.40219,38.848886],[1.402215,38.848815],[1.402198,38.848739],[1.402195,38.848661],[1.402202,38.848581],[1.402216,38.848431],[1.402241,38.848336],[1.402263,38.848286],[1.402304,38.848199],[1.402351,38.847843],[1.40238,38.847507],[1.402424,38.847277],[1.402458,38.847019],[1.402464,38.846645],[1.402479,38.846477],[1.402499,38.846292],[1.402558,38.846081],[1.402561,38.845922],[1.402568,38.845879],[1.402575,38.845687],[1.402571,38.84563],[1.402575,38.84558],[1.402581,38.845409],[1.402561,38.84529],[1.402523,38.845147],[1.402579,38.844708],[1.402611,38.844349],[1.402638,38.844083],[1.402647,38.843865],[1.402652,38.843716],[1.402663,38.843635],[1.402683,38.843557],[1.402672,38.843406],[1.402657,38.843212],[1.402707,38.84298],[1.40275,38.842761],[1.402815,38.842476],[1.402833,38.84232],[1.402854,38.842148],[1.402905,38.841866],[1.402952,38.841629],[1.402953,38.841496],[1.402983,38.841306],[1.403004,38.841125],[1.403051,38.840867],[1.403081,38.8406],[1.403162,38.840047],[1.403209,38.839832],[1.403277,38.839659],[1.403345,38.839553],[1.4035,38.839449],[1.40361,38.839397],[1.403691,38.839391],[1.403768,38.839424],[1.403877,38.839505],[1.403898,38.839514],[1.403918,38.839552],[1.403947,38.839588],[1.403982,38.839596],[1.40403,38.839597],[1.404091,38.839555],[1.404134,38.839523],[1.404186,38.839496],[1.404233,38.839457],[1.404246,38.839423],[1.404177,38.839384],[1.404133,38.839372],[1.404114,38.839347],[1.404104,38.839313],[1.404142,38.839277],[1.404172,38.839239],[1.404151,38.839203],[1.404096,38.8392],[1.404045,38.8392],[1.403989,38.839193],[1.403951,38.839155],[1.403949,38.83911],[1.403931,38.839059],[1.403886,38.839038],[1.403839,38.839037],[1.403803,38.838996],[1.40384,38.838978],[1.403917,38.838966],[1.403999,38.838957],[1.404067,38.838934],[1.404136,38.838889],[1.404176,38.838861],[1.404241,38.838853],[1.404278,38.838849],[1.404281,38.838825],[1.404232,38.838781],[1.404231,38.83873],[1.404258,38.838695],[1.404343,38.838698],[1.404379,38.838691],[1.404364,38.838658],[1.404307,38.838622],[1.404307,38.838575],[1.404308,38.838511],[1.404283,38.838456],[1.404238,38.838454],[1.404224,38.838433],[1.404144,38.838436],[1.404077,38.838429],[1.404018,38.838413],[1.404011,38.838372],[1.403969,38.838348],[1.403898,38.838348],[1.403793,38.838341],[1.403738,38.838333],[1.403661,38.838334],[1.403631,38.83833],[1.403589,38.838319],[1.403595,38.838276],[1.403627,38.838254],[1.403669,38.838248],[1.403718,38.838257],[1.403772,38.838232],[1.403791,38.838205],[1.403786,38.838167],[1.40381,38.838125],[1.403829,38.838069],[1.40387,38.838042],[1.403892,38.838068],[1.403932,38.838081],[1.403967,38.83806],[1.404,38.838062],[1.404021,38.838052],[1.404051,38.838009],[1.404077,38.837966],[1.404101,38.837928],[1.404104,38.837902],[1.404109,38.837885],[1.404093,38.837853],[1.404062,38.837838],[1.404011,38.837833],[1.404026,38.837816],[1.404053,38.83782],[1.404058,38.837782],[1.404016,38.837757],[1.40399,38.837733],[1.404035,38.837706],[1.404083,38.837699],[1.404101,38.837712],[1.404133,38.837741],[1.404157,38.837733],[1.404161,38.837703],[1.404149,38.837668],[1.404163,38.837632],[1.404196,38.837613],[1.404226,38.837577],[1.404235,38.837563],[1.404261,38.837544],[1.404302,38.837502],[1.404323,38.837482],[1.404352,38.837462],[1.404388,38.83742],[1.404426,38.837421],[1.404474,38.837434],[1.404524,38.837409],[1.404576,38.837368],[1.404613,38.837321],[1.404649,38.837282],[1.404677,38.837246],[1.404655,38.837225],[1.404657,38.837199],[1.404647,38.837151],[1.404607,38.837127],[1.404567,38.837085],[1.404564,38.837026],[1.404572,38.836967],[1.404597,38.836898],[1.404644,38.83686],[1.404706,38.836849],[1.404767,38.836838],[1.404808,38.836812],[1.404834,38.836782],[1.404836,38.836732],[1.404886,38.836695],[1.404893,38.836683],[1.404893,38.836647],[1.404852,38.836629],[1.404806,38.836629],[1.404789,38.836592],[1.404844,38.836571],[1.404881,38.836542],[1.40489,38.836507],[1.404911,38.836492],[1.404898,38.836459],[1.404856,38.836458],[1.404814,38.836457],[1.404799,38.836424],[1.404854,38.836402],[1.404877,38.836372],[1.404923,38.836365],[1.404987,38.836366],[1.405061,38.836366],[1.405111,38.836384],[1.405145,38.836393],[1.405186,38.83639],[1.40523,38.83636],[1.405268,38.836323],[1.405284,38.83627],[1.405267,38.836228],[1.405222,38.836191],[1.405209,38.836161],[1.405177,38.836135],[1.405205,38.836105],[1.405251,38.83608],[1.40528,38.836056],[1.405257,38.836019],[1.405206,38.835978],[1.405203,38.835943],[1.405167,38.835899],[1.405151,38.835839],[1.405154,38.835791],[1.405174,38.835741],[1.405213,38.835718],[1.405244,38.835719],[1.405277,38.835709],[1.405274,38.835672],[1.405219,38.835626],[1.405208,38.835564],[1.405193,38.835523],[1.405228,38.835454],[1.405267,38.835377],[1.405318,38.835333],[1.405353,38.835286],[1.405365,38.835216],[1.405398,38.835146],[1.405414,38.835093],[1.40546,38.835049],[1.405537,38.835008],[1.405583,38.834969],[1.405599,38.834925],[1.405607,38.834858],[1.405601,38.834787],[1.405602,38.834735],[1.405629,38.834697],[1.40564,38.834646],[1.405641,38.834607],[1.405678,38.834594],[1.405724,38.834603],[1.40578,38.834581],[1.405831,38.834549],[1.40586,38.834518],[1.405809,38.834497],[1.405751,38.834471],[1.405715,38.834412],[1.40572,38.834355],[1.405736,38.834315],[1.405785,38.834301],[1.405821,38.83429],[1.405815,38.834251],[1.40582,38.83421],[1.405864,38.834175],[1.405902,38.834153],[1.40592,38.834123],[1.405857,38.834072],[1.405834,38.834055],[1.405852,38.834018],[1.405892,38.833998],[1.405888,38.833958],[1.405917,38.833958],[1.405929,38.833993],[1.405954,38.834005],[1.40603,38.833998],[1.406081,38.834024],[1.406107,38.834069],[1.406101,38.83413],[1.406089,38.834188],[1.406088,38.834234],[1.406121,38.834227],[1.406134,38.834192],[1.406135,38.834155],[1.406198,38.834103],[1.406209,38.834072],[1.406176,38.834035],[1.406175,38.833999],[1.406131,38.833948],[1.406088,38.833938],[1.406026,38.833911],[1.40603,38.833862],[1.406102,38.833837],[1.406176,38.833829],[1.406247,38.833779],[1.406251,38.833752],[1.406252,38.833711],[1.406243,38.833657],[1.40618,38.833588],[1.406148,38.833584],[1.406102,38.833581],[1.406085,38.833538],[1.406123,38.833479],[1.406153,38.833471],[1.4062,38.833438],[1.406228,38.833377],[1.406203,38.83331],[1.406218,38.833263],[1.406281,38.833199],[1.406345,38.833138],[1.406357,38.833086],[1.406354,38.832999],[1.406353,38.832926],[1.406379,38.832845],[1.406386,38.832812],[1.40639,38.832781],[1.406372,38.832736],[1.406397,38.832703],[1.406404,38.832662],[1.406361,38.83263],[1.406352,38.832589],[1.406346,38.83253],[1.406345,38.832477],[1.406305,38.832455],[1.406248,38.832458],[1.406248,38.83243],[1.406291,38.832368],[1.406314,38.832318],[1.406325,38.832311],[1.406322,38.83228],[1.406296,38.832274],[1.406302,38.83225],[1.406327,38.832207],[1.406362,38.832175],[1.406405,38.832152],[1.406451,38.832141],[1.406469,38.832122],[1.406432,38.832039],[1.406429,38.831988],[1.406431,38.831938],[1.406418,38.831888],[1.406365,38.831854],[1.40627,38.831832],[1.40625,38.831803],[1.406293,38.831763],[1.406343,38.831741],[1.406373,38.831696],[1.406388,38.831669],[1.406382,38.831646],[1.406363,38.831623],[1.406299,38.831601],[1.40629,38.831595],[1.406238,38.831611],[1.406179,38.831611],[1.406152,38.831618],[1.40616,38.831641],[1.406187,38.831676],[1.406162,38.831666],[1.406092,38.831677],[1.406074,38.831678],[1.406063,38.831641],[1.406089,38.831619],[1.40609,38.831598],[1.406053,38.831582],[1.406004,38.831571],[1.405976,38.831575],[1.405948,38.831607],[1.405922,38.831596],[1.405934,38.831573],[1.405912,38.831557],[1.405838,38.831577],[1.405798,38.831556],[1.405785,38.831583],[1.405783,38.831586],[1.405719,38.83158],[1.405664,38.831548],[1.4056,38.831525],[1.405567,38.831527],[1.405545,38.83155],[1.405544,38.831587],[1.405537,38.83162],[1.405496,38.831611],[1.405425,38.831585],[1.405358,38.831553],[1.405325,38.831557],[1.405274,38.831615],[1.405232,38.831642],[1.405175,38.831634],[1.405089,38.831585],[1.405042,38.831571],[1.405023,38.831597],[1.405002,38.831653],[1.40505,38.831663],[1.405094,38.831672],[1.405093,38.831687],[1.405098,38.831727],[1.405149,38.831753],[1.40521,38.831732],[1.405249,38.831725],[1.405317,38.831686],[1.405358,38.831659],[1.405419,38.831651],[1.405485,38.831644],[1.405542,38.831652],[1.40558,38.831675],[1.405552,38.831696],[1.405482,38.831704],[1.405412,38.831735],[1.405357,38.831761],[1.4053,38.831767],[1.405281,38.831789],[1.405271,38.831816],[1.405259,38.831803],[1.405254,38.831763],[1.405215,38.831757],[1.405182,38.831792],[1.405157,38.831838],[1.405116,38.831876],[1.405081,38.831895],[1.405106,38.831918],[1.405106,38.831936],[1.405044,38.831917],[1.404998,38.831908],[1.404972,38.831947],[1.404946,38.831965],[1.4049,38.831949],[1.404854,38.831977],[1.404775,38.832008],[1.404726,38.832052],[1.404667,38.832089],[1.404634,38.832066],[1.404585,38.83207],[1.404538,38.832115],[1.404494,38.832121],[1.404451,38.832158],[1.404447,38.832219],[1.404404,38.832238],[1.404353,38.832236],[1.404351,38.832266],[1.404363,38.83232],[1.404326,38.832333],[1.404262,38.832314],[1.404203,38.832287],[1.404147,38.832275],[1.40409,38.832291],[1.404066,38.832309],[1.404118,38.83235],[1.404144,38.832373],[1.40409,38.832384],[1.404093,38.832411],[1.404052,38.832458],[1.403957,38.832473],[1.403882,38.832458],[1.403837,38.832469],[1.403822,38.832515],[1.40387,38.83253],[1.403932,38.832522],[1.403965,38.832525],[1.403992,38.832557],[1.403966,38.832587],[1.403931,38.83263],[1.403956,38.83266],[1.404012,38.832676],[1.4041,38.832707],[1.404134,38.832759],[1.404058,38.832819],[1.403988,38.832828],[1.403926,38.832819],[1.403869,38.83283],[1.403864,38.832785],[1.403879,38.832734],[1.403852,38.832704],[1.403808,38.83273],[1.403785,38.832816],[1.403735,38.832842],[1.403699,38.832801],[1.403676,38.832736],[1.403642,38.832745],[1.403621,38.832802],[1.403602,38.832848],[1.403626,38.832894],[1.403616,38.83293],[1.403563,38.832938],[1.403532,38.832989],[1.403473,38.833071],[1.403375,38.83312],[1.403281,38.833129],[1.403243,38.833087],[1.403236,38.833053],[1.403226,38.833014],[1.403209,38.832984],[1.403169,38.832995],[1.403082,38.833023],[1.403031,38.832998],[1.402994,38.833062],[1.402974,38.833122],[1.403008,38.833199],[1.403042,38.833249],[1.403067,38.833291],[1.403068,38.833313],[1.403014,38.833323],[1.40295,38.833317],[1.402921,38.833333],[1.402907,38.833359],[1.402884,38.833384],[1.402884,38.833393],[1.402884,38.833442],[1.402892,38.833459],[1.402934,38.833514],[1.402939,38.83354],[1.402888,38.833598],[1.40286,38.833639],[1.402841,38.833697],[1.402815,38.833717],[1.402784,38.833731],[1.402792,38.833778],[1.402756,38.833772],[1.402705,38.833744],[1.402641,38.833734],[1.40258,38.833737],[1.402519,38.833764],[1.402497,38.833784],[1.402449,38.833765],[1.402371,38.833737],[1.40233,38.833741],[1.40237,38.833782],[1.402417,38.833803],[1.40243,38.833825],[1.402446,38.833843],[1.402481,38.833849],[1.402496,38.833854],[1.402466,38.833884],[1.402478,38.833903],[1.402556,38.833899],[1.4026,38.833901],[1.40257,38.833923],[1.402516,38.833948],[1.402534,38.833968],[1.402519,38.833988],[1.402457,38.833982],[1.402363,38.833997],[1.40231,38.834018],[1.402322,38.83405],[1.402327,38.834084],[1.402276,38.834084],[1.402223,38.83407],[1.402155,38.834078],[1.402074,38.834079],[1.401998,38.834121],[1.401966,38.834163],[1.401907,38.834208],[1.401842,38.834219],[1.401794,38.834239],[1.401785,38.834275],[1.401764,38.834306],[1.401685,38.834307],[1.401648,38.834345],[1.401666,38.83437],[1.401636,38.834392],[1.401617,38.83444],[1.401673,38.834467],[1.40171,38.834496],[1.401689,38.834538],[1.40165,38.834542],[1.401584,38.83453],[1.401504,38.834522],[1.401424,38.834547],[1.401388,38.834565],[1.401365,38.834579],[1.401385,38.83461],[1.401401,38.834633],[1.401348,38.834657],[1.4013,38.834656],[1.401266,38.834698],[1.401211,38.834742],[1.401184,38.83478],[1.401217,38.834822],[1.401225,38.834855],[1.401221,38.834916],[1.401292,38.834942],[1.401343,38.834947],[1.401361,38.834973],[1.40135,38.83503],[1.401292,38.835041],[1.401257,38.835055],[1.401211,38.835094],[1.401172,38.835086],[1.401105,38.835083],[1.401075,38.835111],[1.401113,38.835143],[1.401153,38.83516],[1.40114,38.835191],[1.401099,38.835193],[1.401066,38.835206],[1.401009,38.835228],[1.400945,38.835233],[1.400864,38.835237],[1.400761,38.835255],[1.400742,38.835275],[1.40078,38.835296],[1.400802,38.835311],[1.400789,38.835327],[1.400747,38.835335],[1.400697,38.835363],[1.400713,38.835398],[1.400691,38.835402],[1.400637,38.835411],[1.400633,38.835446],[1.400643,38.835501],[1.400689,38.835524],[1.400668,38.835551],[1.400583,38.835575],[1.400493,38.835587],[1.400431,38.835575],[1.400406,38.835541],[1.400414,38.835507],[1.400392,38.835491],[1.400339,38.835486],[1.400289,38.835489],[1.400258,38.835511],[1.400237,38.835553],[1.400281,38.835559],[1.400336,38.835555],[1.400356,38.83558],[1.400326,38.835575],[1.40029,38.835589],[1.400276,38.835618],[1.400257,38.835649],[1.400213,38.835676],[1.400209,38.835698],[1.400167,38.835703],[1.400134,38.835688],[1.400162,38.83567],[1.400171,38.83565],[1.400157,38.835645],[1.400109,38.835658],[1.400051,38.835689],[1.400025,38.835715],[1.400045,38.835735],[1.400063,38.835771],[1.400044,38.835798],[1.399985,38.835832],[1.399958,38.835819],[1.399906,38.835816],[1.399858,38.835845],[1.399824,38.835902],[1.39984,38.835938],[1.39987,38.835921],[1.399907,38.835883],[1.399933,38.83585],[1.399983,38.835854],[1.39999,38.835875],[1.399939,38.835938],[1.399915,38.835938],[1.399849,38.835966],[1.399849,38.83598],[1.399865,38.83601],[1.399901,38.836052],[1.399963,38.836089],[1.399955,38.836118],[1.399871,38.836117],[1.399806,38.836109],[1.399736,38.836127],[1.399686,38.836173],[1.39966,38.836237],[1.399679,38.83627],[1.399727,38.836291],[1.399715,38.836308],[1.399662,38.836309],[1.399611,38.836311],[1.399565,38.836332],[1.399535,38.836371],[1.399493,38.836434],[1.399418,38.83645],[1.399339,38.836429],[1.399319,38.836396],[1.399359,38.836362],[1.39934,38.836342],[1.399308,38.836333],[1.399237,38.836359],[1.399174,38.836401],[1.39911,38.836429],[1.399047,38.83644],[1.398923,38.836428],[1.398867,38.836458],[1.398872,38.836478],[1.398947,38.836516],[1.399022,38.836546],[1.399084,38.836572],[1.399072,38.836629],[1.399022,38.836666],[1.398948,38.836713],[1.398879,38.836747],[1.398824,38.836749],[1.398813,38.836765],[1.398855,38.836793],[1.398819,38.836824],[1.398753,38.836832],[1.398693,38.836818],[1.398623,38.83679],[1.398556,38.836794],[1.398507,38.836821],[1.398511,38.836834],[1.398569,38.83685],[1.398611,38.836868],[1.398613,38.836892],[1.398664,38.836934],[1.398656,38.83697],[1.398586,38.836981],[1.39852,38.83697],[1.398448,38.836976],[1.398367,38.836985],[1.398345,38.837],[1.398354,38.837048],[1.39838,38.83711],[1.39835,38.837137],[1.398368,38.83717],[1.398412,38.837205],[1.398395,38.837256],[1.39836,38.837246],[1.398292,38.837235],[1.398206,38.83725],[1.398132,38.837286],[1.398058,38.837318],[1.39798,38.83735],[1.397911,38.837412],[1.397833,38.837475],[1.397745,38.837483],[1.39765,38.837487],[1.397565,38.837483],[1.397481,38.837492],[1.397462,38.837524],[1.397477,38.837583],[1.39752,38.837652],[1.397516,38.837698],[1.397461,38.837715],[1.397391,38.837737],[1.397379,38.83777],[1.397336,38.837817],[1.397253,38.837855],[1.397163,38.837886],[1.39708,38.837905],[1.397006,38.837913],[1.396891,38.837903],[1.396786,38.837921],[1.396685,38.837935],[1.396622,38.837943],[1.396609,38.837971],[1.396608,38.838014],[1.396609,38.838082],[1.396657,38.838095],[1.396709,38.838127],[1.396691,38.838154],[1.396612,38.838165],[1.396533,38.838162],[1.396514,38.838164],[1.396472,38.838185],[1.3964,38.838224],[1.396374,38.838226],[1.396315,38.838229],[1.396267,38.838245],[1.396235,38.838284],[1.396216,38.838338],[1.396233,38.83835],[1.396295,38.838376],[1.396344,38.838414],[1.396308,38.838455],[1.396253,38.838455],[1.396187,38.838464],[1.396156,38.838447],[1.396092,38.83844],[1.396046,38.838436],[1.395999,38.838405],[1.395953,38.838363],[1.395911,38.838356],[1.395893,38.838373],[1.395901,38.838411],[1.395965,38.838439],[1.395963,38.838457],[1.39595,38.838462],[1.395898,38.838489],[1.395821,38.838498],[1.395751,38.838492],[1.395696,38.838483],[1.395676,38.838498],[1.395673,38.838549],[1.395662,38.838605],[1.395602,38.838627],[1.39554,38.838634],[1.395494,38.838622],[1.395434,38.838608],[1.395379,38.838608],[1.395349,38.838638],[1.395345,38.838676],[1.395364,38.838753],[1.395385,38.838809],[1.395387,38.838832],[1.395355,38.838843],[1.395326,38.838803],[1.395271,38.838795],[1.395209,38.838813],[1.395141,38.838834],[1.395004,38.83886],[1.394994,38.838912],[1.394995,38.838962],[1.395015,38.838995],[1.395038,38.839043],[1.395047,38.839109],[1.395064,38.839172],[1.395041,38.839216],[1.394991,38.839243],[1.39492,38.839227],[1.394891,38.839188],[1.394882,38.839159],[1.394927,38.839149],[1.394938,38.839115],[1.3949,38.839109],[1.39485,38.839113],[1.394815,38.839117],[1.394769,38.839138],[1.394748,38.839194],[1.39474,38.839201],[1.394735,38.839217],[1.394705,38.839246],[1.394744,38.839309],[1.394729,38.839344],[1.394668,38.839354],[1.394623,38.83933],[1.394594,38.839291],[1.394573,38.839255],[1.394532,38.839245],[1.394475,38.839249],[1.394424,38.839267],[1.394378,38.839256],[1.394349,38.839246],[1.394305,38.839247],[1.394256,38.839202],[1.39419,38.839192],[1.394147,38.839232],[1.394118,38.8393],[1.394102,38.83934],[1.394157,38.839355],[1.394233,38.839321],[1.394288,38.839302],[1.394369,38.839308],[1.394381,38.83934],[1.394376,38.839389],[1.394323,38.839431],[1.394348,38.839473],[1.394359,38.839502],[1.394353,38.83955],[1.394369,38.83959],[1.394112,38.839713],[1.394068,38.839742],[1.393965,38.839787],[1.393846,38.839809],[1.393758,38.83986],[1.393636,38.839907],[1.393527,38.839946],[1.393496,38.839979],[1.393417,38.840012],[1.393308,38.840059],[1.393228,38.840102],[1.393204,38.840136],[1.393212,38.840172],[1.393218,38.840184],[1.393288,38.840212],[1.393337,38.84026],[1.393335,38.840328],[1.393297,38.840454],[1.393175,38.840578],[1.393033,38.840668],[1.392884,38.840727],[1.392795,38.84074],[1.392625,38.840764],[1.392287,38.840813],[1.392236,38.840828],[1.392094,38.840869],[1.392009,38.840895],[1.39196,38.8409],[1.391852,38.840929],[1.391614,38.841011],[1.39156,38.841024],[1.391438,38.841061],[1.391295,38.841093],[1.391289,38.841113],[1.391396,38.841121],[1.391403,38.841133],[1.39135,38.841198],[1.39123,38.841284],[1.391034,38.841379],[1.390952,38.841413],[1.390853,38.841455],[1.390637,38.841508],[1.390506,38.841551],[1.390299,38.841606],[1.390174,38.84162],[1.389977,38.841642],[1.38978,38.841636],[1.389711,38.841618],[1.389654,38.841623],[1.389546,38.84166],[1.389469,38.841712],[1.389466,38.841744],[1.389469,38.841786],[1.389419,38.841817],[1.389296,38.84185],[1.389218,38.841858],[1.389023,38.841882],[1.388802,38.841909],[1.388547,38.841972],[1.388226,38.842048],[1.387887,38.842121],[1.387631,38.842169],[1.387412,38.84223],[1.387212,38.842263],[1.387071,38.842272],[1.386541,38.842323],[1.3861,38.842349],[1.385793,38.842356],[1.385412,38.842388],[1.385009,38.842379],[1.384696,38.842392],[1.384509,38.842384],[1.384255,38.842336],[1.384201,38.842248],[1.384114,38.84202],[1.384003,38.841788],[1.383824,38.841521],[1.38375,38.841411],[1.383715,38.841373],[1.383557,38.841171],[1.383595,38.841141],[1.383542,38.841068],[1.38335,38.840948],[1.383293,38.840976],[1.383182,38.840892],[1.383276,38.840866],[1.383294,38.840844],[1.383277,38.840817],[1.383271,38.840787],[1.383226,38.840773],[1.383204,38.840761],[1.383204,38.840746],[1.383135,38.840766],[1.383005,38.84055],[1.382991,38.84055],[1.383002,38.840507],[1.382832,38.840418],[1.38289,38.840289],[1.383318,38.839567],[1.383256,38.839544],[1.382663,38.840536],[1.38258,38.840615],[1.382565,38.84065],[1.382541,38.840679],[1.382491,38.840705],[1.382413,38.84072],[1.382371,38.840716],[1.382336,38.840694],[1.38233,38.840665],[1.382324,38.840617],[1.382305,38.840589],[1.382308,38.840559],[1.38233,38.840506],[1.382319,38.840462],[1.382287,38.840422],[1.38224,38.840396],[1.382213,38.840357],[1.382211,38.840306],[1.382231,38.840285],[1.382274,38.840266],[1.38228,38.840216],[1.382247,38.840191],[1.382165,38.840159],[1.382136,38.840149],[1.382087,38.840146],[1.382031,38.840144],[1.381983,38.840151],[1.381941,38.840207],[1.381911,38.84022],[1.381836,38.840193],[1.381762,38.840142],[1.381706,38.840092],[1.381681,38.840053],[1.381681,38.84002],[1.38169,38.839989],[1.381724,38.839967],[1.381732,38.839941],[1.381742,38.839904],[1.381743,38.839878],[1.381744,38.839846],[1.381747,38.839807],[1.381763,38.839772],[1.381814,38.839741],[1.381866,38.839715],[1.381921,38.839692],[1.381954,38.839668],[1.381934,38.83963],[1.381887,38.839595],[1.38188,38.839564],[1.381833,38.839544],[1.381784,38.83952],[1.381733,38.839519],[1.381733,38.839448],[1.381727,38.839397],[1.381723,38.839342],[1.381752,38.8393],[1.381772,38.839266],[1.381866,38.839297],[1.381868,38.83918],[1.381972,38.839131],[1.38195,38.839046],[1.381684,38.839072],[1.381675,38.839041],[1.381756,38.839007],[1.381784,38.838971],[1.381795,38.838941],[1.381827,38.838889],[1.381889,38.838833],[1.381903,38.838791],[1.381898,38.838732],[1.381917,38.838708],[1.38194,38.83868],[1.381938,38.838638],[1.38193,38.83859],[1.381936,38.838539],[1.381952,38.838486],[1.381937,38.838462],[1.381903,38.838453],[1.381887,38.838418],[1.381888,38.838384],[1.381882,38.838318],[1.381854,38.838203],[1.38184,38.838117],[1.381804,38.838013],[1.381791,38.837939],[1.38178,38.837887],[1.381727,38.837836],[1.381707,38.8378],[1.38171,38.837753],[1.38173,38.837711],[1.381711,38.837688],[1.38159,38.837686],[1.381534,38.837666],[1.38151,38.83764],[1.381511,38.837598],[1.381529,38.837562],[1.38155,38.837528],[1.381584,38.837499],[1.381604,38.837506],[1.38165,38.837538],[1.381671,38.837541],[1.381672,38.837458],[1.381604,38.837366],[1.381592,38.837267],[1.38157,38.837207],[1.381485,38.837113],[1.381363,38.837022],[1.381335,38.837019],[1.381302,38.837025],[1.381267,38.837015],[1.381252,38.836965],[1.381222,38.83696],[1.38119,38.836966],[1.381152,38.836969],[1.381141,38.836947],[1.381163,38.836939],[1.381229,38.836896],[1.381233,38.836845],[1.381212,38.836779],[1.381206,38.836721],[1.381206,38.83668],[1.381214,38.836662],[1.381239,38.836665],[1.381272,38.836685],[1.381278,38.836721],[1.381307,38.836727],[1.381321,38.836697],[1.381317,38.836676],[1.381268,38.836621],[1.381203,38.836611],[1.381171,38.836591],[1.38117,38.836568],[1.381189,38.836551],[1.381184,38.83652],[1.381185,38.836474],[1.381134,38.836467],[1.381112,38.836426],[1.381095,38.836389],[1.381046,38.836383],[1.381018,38.836363],[1.381018,38.836316],[1.38098,38.836309],[1.380947,38.836322],[1.380914,38.836347],[1.380891,38.836319],[1.380889,38.83628],[1.380899,38.836256],[1.380892,38.836241],[1.380872,38.836229],[1.380842,38.836222],[1.380801,38.836199],[1.380752,38.836194],[1.380741,38.836179],[1.380754,38.836158],[1.380763,38.836123],[1.380779,38.836092],[1.380803,38.836054],[1.380804,38.836009],[1.380815,38.835978],[1.380837,38.835955],[1.380836,38.835925],[1.380833,38.835877],[1.380844,38.835871],[1.380864,38.835851],[1.380865,38.835814],[1.380866,38.835749],[1.380867,38.835667],[1.380853,38.835554],[1.380852,38.83545],[1.380855,38.835378],[1.380913,38.835199],[1.380955,38.835108],[1.380959,38.835035],[1.380952,38.834984],[1.38093,38.834935],[1.380901,38.834877],[1.380852,38.834833],[1.380804,38.834802],[1.380764,38.834774],[1.380721,38.83475],[1.380668,38.834726],[1.380639,38.834709],[1.380644,38.834683],[1.380645,38.834646],[1.380646,38.834606],[1.38064,38.834571],[1.38059,38.834503],[1.380541,38.834453],[1.3805,38.834415],[1.380452,38.834375],[1.3804,38.834323],[1.380348,38.834284],[1.380294,38.834235],[1.380258,38.83419],[1.380221,38.834169],[1.380111,38.834123],[1.380057,38.834094],[1.380018,38.834073],[1.379953,38.834057],[1.379907,38.83405],[1.379842,38.834025],[1.379787,38.834021],[1.379741,38.834021],[1.379687,38.834025],[1.379655,38.834027],[1.379622,38.834015],[1.379595,38.834017],[1.379561,38.834021],[1.379516,38.834014],[1.379484,38.833995],[1.379431,38.833977],[1.379387,38.833977],[1.379308,38.833993],[1.37928,38.834015],[1.379252,38.834026],[1.379229,38.833998],[1.379196,38.833986],[1.379165,38.834002],[1.379131,38.834006],[1.3791,38.834006],[1.379037,38.834022],[1.378968,38.834039],[1.37888,38.834055],[1.378814,38.834081],[1.378779,38.834076],[1.378749,38.834071],[1.378734,38.834075],[1.378631,38.83411],[1.378587,38.834133],[1.37854,38.834173],[1.378474,38.834221],[1.378439,38.834263],[1.378399,38.834323],[1.378364,38.834376],[1.378371,38.83442],[1.378409,38.834476],[1.378463,38.834533],[1.37847,38.834551],[1.378425,38.834573],[1.378357,38.834596],[1.378303,38.834617],[1.378273,38.834637],[1.378272,38.834674],[1.378271,38.834719],[1.378232,38.834742],[1.378157,38.834765],[1.378086,38.834765],[1.378033,38.834753],[1.378004,38.834709],[1.378006,38.834671],[1.37804,38.83462],[1.378041,38.834584],[1.37804,38.834564],[1.378059,38.834545],[1.378071,38.834528],[1.378054,38.834458],[1.378015,38.834433],[1.377975,38.834444],[1.377949,38.83448],[1.377912,38.834494],[1.377845,38.834493],[1.377758,38.834477],[1.377732,38.834478],[1.37769,38.834514],[1.377579,38.834545],[1.377533,38.834558],[1.377514,38.834591],[1.377472,38.834625],[1.377436,38.83463],[1.37742,38.834662],[1.377406,38.834697],[1.377421,38.834715],[1.377452,38.834735],[1.377453,38.834772],[1.377446,38.834806],[1.37741,38.834911],[1.377353,38.834946],[1.377302,38.834982],[1.377267,38.835017],[1.377212,38.83511],[1.377075,38.835106],[1.376977,38.835085],[1.376857,38.835042],[1.376857,38.834994],[1.376854,38.834969],[1.37683,38.834921],[1.376792,38.834878],[1.376747,38.834828],[1.376747,38.834772],[1.376753,38.834712],[1.376704,38.834668],[1.376669,38.83467],[1.376659,38.834684],[1.376621,38.834676],[1.376607,38.834649],[1.376608,38.834589],[1.376612,38.834531],[1.376613,38.834462],[1.376612,38.834419],[1.376591,38.834367],[1.376593,38.834307],[1.376621,38.834275],[1.376625,38.834203],[1.376592,38.834147],[1.376571,38.834106],[1.376524,38.834083],[1.376473,38.834082],[1.376438,38.834038],[1.376434,38.833986],[1.376437,38.833952],[1.376432,38.833913],[1.376386,38.833891],[1.37633,38.833853],[1.376296,38.833807],[1.376303,38.833764],[1.376308,38.833718],[1.376302,38.833689],[1.376266,38.833688],[1.376198,38.833713],[1.376146,38.833762],[1.376113,38.833825],[1.376067,38.833833],[1.376035,38.833829],[1.375979,38.833745],[1.375989,38.833729],[1.375996,38.8337],[1.375996,38.833662],[1.375973,38.833624],[1.375939,38.83355],[1.375907,38.833509],[1.375913,38.83348],[1.375891,38.833418],[1.375858,38.833358],[1.37586,38.833296],[1.375886,38.833208],[1.375908,38.83316],[1.375927,38.833109],[1.375966,38.833086],[1.376014,38.83305],[1.376027,38.833023],[1.376036,38.833005],[1.376007,38.832995],[1.375969,38.833021],[1.375922,38.833015],[1.375872,38.833021],[1.375859,38.832991],[1.375842,38.832924],[1.37584,38.832884],[1.375778,38.832835],[1.375651,38.832759],[1.375589,38.832744],[1.375527,38.832743],[1.375456,38.83273],[1.3754,38.832712],[1.375396,38.832675],[1.375423,38.832642],[1.375426,38.832584],[1.375461,38.832549],[1.375468,38.832527],[1.375461,38.832494],[1.375337,38.832351],[1.375249,38.832282],[1.375174,38.832245],[1.375072,38.83219],[1.375003,38.832165],[1.374948,38.832107],[1.374868,38.832042],[1.37482,38.831985],[1.37477,38.83195],[1.374701,38.831912],[1.374563,38.831884],[1.374515,38.831866],[1.374449,38.831806],[1.374432,38.831734],[1.374378,38.831677],[1.374318,38.831675],[1.374285,38.831687],[1.374236,38.831723],[1.374187,38.831734],[1.37414,38.831718],[1.374077,38.831694],[1.374022,38.8317],[1.373956,38.831744],[1.37394,38.831738],[1.373879,38.831749],[1.373766,38.831804],[1.373715,38.831817],[1.373695,38.831815],[1.373678,38.831758],[1.373698,38.831712],[1.373739,38.831666],[1.373779,38.831603],[1.373791,38.831555],[1.373785,38.831518],[1.373749,38.831496],[1.373716,38.831496],[1.373645,38.831496],[1.373566,38.831469],[1.373509,38.831467],[1.373502,38.8315],[1.373462,38.831542],[1.373362,38.831546],[1.373314,38.831541],[1.373227,38.831524],[1.373193,38.831498],[1.373194,38.831457],[1.373174,38.831432],[1.373121,38.831416],[1.373073,38.83141],[1.373035,38.831419],[1.372964,38.831431],[1.372889,38.831428],[1.3728,38.831389],[1.372761,38.831343],[1.372738,38.831333],[1.372672,38.831335],[1.372611,38.831345],[1.37258,38.831314],[1.372524,38.83122],[1.37251,38.831206],[1.372479,38.831145],[1.372436,38.831113],[1.372401,38.8311],[1.372353,38.831077],[1.372323,38.831069],[1.372287,38.831065],[1.372254,38.831064],[1.372211,38.831064],[1.37212,38.831061],[1.372065,38.830994],[1.37207,38.83097],[1.372199,38.830926],[1.372225,38.830901],[1.372196,38.830873],[1.372138,38.830871],[1.372099,38.830885],[1.372059,38.830917],[1.371939,38.830911],[1.37184,38.830971],[1.371786,38.831031],[1.371722,38.83101],[1.371691,38.830953],[1.371691,38.830885],[1.37162,38.830687],[1.371619,38.830621],[1.371625,38.830566],[1.371653,38.830498],[1.371643,38.830455],[1.371526,38.83044],[1.37146,38.830448],[1.371435,38.830505],[1.371419,38.830541],[1.37139,38.830554],[1.371323,38.830552],[1.37127,38.830493],[1.371254,38.830422],[1.371191,38.830411],[1.371156,38.830419],[1.371135,38.830482],[1.371157,38.830523],[1.371125,38.830561],[1.371125,38.830618],[1.371149,38.830669],[1.371188,38.830719],[1.371249,38.830767],[1.371299,38.830815],[1.371334,38.830831],[1.371411,38.830851],[1.3715,38.830887],[1.371518,38.830926],[1.371509,38.830971],[1.371494,38.831011],[1.371493,38.831066],[1.371513,38.831091],[1.371564,38.831107],[1.371642,38.831127],[1.371661,38.831143],[1.371637,38.831224],[1.371682,38.831233],[1.371715,38.83121],[1.371749,38.831161],[1.371771,38.831128],[1.3718,38.831107],[1.371844,38.831087],[1.371893,38.831076],[1.371951,38.83111],[1.371978,38.831141],[1.37199,38.8312],[1.371915,38.831255],[1.371827,38.831316],[1.371817,38.831374],[1.371857,38.831399],[1.371917,38.831416],[1.37192,38.831469],[1.37188,38.831515],[1.371842,38.831548],[1.371695,38.83162],[1.371598,38.831668],[1.371545,38.831725],[1.371537,38.831807],[1.371563,38.831873],[1.371641,38.83197],[1.371712,38.832022],[1.371727,38.83206],[1.371746,38.832104],[1.371836,38.832167],[1.371881,38.832201],[1.371921,38.83224],[1.371955,38.832266],[1.372039,38.832295],[1.372112,38.832292],[1.372301,38.832298],[1.37239,38.832311],[1.372455,38.832316],[1.372499,38.832337],[1.372569,38.832369],[1.372604,38.832392],[1.372614,38.832419],[1.372566,38.832483],[1.372482,38.832554],[1.372515,38.83257],[1.372589,38.832553],[1.372624,38.832562],[1.372619,38.832591],[1.372569,38.832627],[1.37251,38.832662],[1.372508,38.832684],[1.372559,38.832742],[1.372534,38.832781],[1.372484,38.832818],[1.372484,38.83286],[1.37251,38.832863],[1.372586,38.832894],[1.372586,38.832938],[1.372557,38.832974],[1.372544,38.832991],[1.372499,38.833048],[1.372444,38.833108],[1.372431,38.833176],[1.372381,38.833231],[1.372312,38.833293],[1.372297,38.833345],[1.372266,38.833429],[1.372205,38.833479],[1.372151,38.833535],[1.372116,38.833586],[1.37206,38.833618],[1.371983,38.83366],[1.371899,38.833691],[1.371863,38.833719],[1.371855,38.833759],[1.371818,38.833786],[1.371738,38.833835],[1.371697,38.833851],[1.371628,38.833856],[1.371542,38.833874],[1.3715,38.833901],[1.371452,38.833919],[1.37137,38.833931],[1.371292,38.833954],[1.371247,38.833994],[1.371205,38.834033],[1.371157,38.83405],[1.371084,38.834049],[1.370986,38.834076],[1.370904,38.834091],[1.370877,38.834108],[1.370812,38.834201],[1.370748,38.834272],[1.370649,38.834343],[1.370535,38.83441],[1.37041,38.834482],[1.370321,38.834523],[1.370189,38.834591],[1.370122,38.834647],[1.370011,38.834711],[1.369946,38.834768],[1.369889,38.834802],[1.3698,38.834812],[1.369743,38.834822],[1.369704,38.834838],[1.369685,38.834847],[1.369609,38.834902],[1.369514,38.835007],[1.369483,38.83506],[1.369412,38.835147],[1.369298,38.835178],[1.369237,38.835193],[1.369095,38.835239],[1.36898,38.835237],[1.368948,38.835219],[1.368919,38.835178],[1.368857,38.835116],[1.368795,38.835053],[1.368735,38.835041],[1.368707,38.835043],[1.368647,38.835111],[1.368654,38.835166],[1.368687,38.835203],[1.368725,38.835252],[1.368746,38.835316],[1.368806,38.835385],[1.368887,38.835448],[1.368972,38.835521],[1.369046,38.835563],[1.369104,38.835619],[1.369135,38.835699],[1.369157,38.835821],[1.369201,38.835931],[1.369239,38.836021],[1.369292,38.836127],[1.36935,38.836205],[1.369435,38.836302],[1.369512,38.836407],[1.369525,38.836477],[1.369556,38.836572],[1.369576,38.836659],[1.369595,38.836734],[1.369618,38.836779],[1.369675,38.836847],[1.369724,38.836897],[1.369738,38.836983],[1.369742,38.837049],[1.369789,38.83715],[1.369787,38.837207],[1.369765,38.837212],[1.369713,38.837209],[1.369676,38.83724],[1.369676,38.837291],[1.369718,38.837326],[1.36972,38.837356],[1.369689,38.8374],[1.369684,38.837457],[1.3697,38.837515],[1.36972,38.837567],[1.369773,38.837606],[1.369822,38.83767],[1.369807,38.837805],[1.369785,38.837916],[1.369745,38.838153],[1.369752,38.838379],[1.369769,38.83846],[1.369781,38.838521],[1.369797,38.838576],[1.369724,38.838616],[1.369753,38.838653],[1.369775,38.838653],[1.369825,38.838652],[1.369849,38.838674],[1.369882,38.838734],[1.369882,38.838796],[1.369887,38.838872],[1.369903,38.838951],[1.369899,38.839055],[1.369902,38.839115],[1.369917,38.839202],[1.369938,38.83927],[1.369968,38.839322],[1.369998,38.839397],[1.370042,38.839461],[1.370167,38.83966],[1.370283,38.839877],[1.37036,38.840085],[1.370471,38.840371],[1.370543,38.840567],[1.370613,38.84076],[1.370667,38.840931],[1.370784,38.841172],[1.370847,38.841393],[1.370854,38.841632],[1.370882,38.84183],[1.370891,38.842114],[1.370861,38.842423],[1.370867,38.842642],[1.37081,38.842652],[1.370774,38.842673],[1.370782,38.842712],[1.370852,38.842739],[1.370841,38.84278],[1.370861,38.842895],[1.3708,38.843066],[1.370782,38.843193],[1.370754,38.843236],[1.370721,38.843259],[1.370688,38.843285],[1.370711,38.843333],[1.370791,38.843335],[1.370783,38.843387],[1.370746,38.84358],[1.370741,38.843745],[1.370691,38.843982],[1.370628,38.84412],[1.370577,38.844234],[1.370517,38.844368],[1.370421,38.84467],[1.370383,38.844896],[1.370319,38.84505],[1.370239,38.845198],[1.370125,38.845349],[1.369963,38.845536],[1.369738,38.845793],[1.369619,38.845976],[1.369393,38.846251],[1.369119,38.846553],[1.368927,38.846756],[1.368793,38.846876],[1.368654,38.847088],[1.368569,38.847182],[1.368447,38.847333],[1.368395,38.84746],[1.368324,38.84756],[1.368117,38.847794],[1.36803,38.847938],[1.367961,38.848048],[1.367857,38.848247],[1.367822,38.848354],[1.367791,38.848442],[1.367703,38.848591],[1.367672,38.848692],[1.36763,38.848728],[1.367643,38.848779],[1.367645,38.848863],[1.367626,38.848908],[1.367608,38.848948],[1.367579,38.848977],[1.367561,38.848989],[1.367535,38.849029],[1.367562,38.84906],[1.367551,38.849098],[1.367525,38.849139],[1.367475,38.849155],[1.367452,38.849186],[1.367457,38.849222],[1.367507,38.849245],[1.36751,38.849266],[1.367482,38.849304],[1.367452,38.849297],[1.367413,38.849281],[1.367381,38.849313],[1.367383,38.849348],[1.367458,38.849355],[1.367471,38.84939],[1.367411,38.849433],[1.367356,38.84943],[1.367327,38.849454],[1.367342,38.849468],[1.367369,38.849499],[1.36741,38.849519],[1.367379,38.849532],[1.367338,38.849521],[1.367324,38.849531],[1.36732,38.849569],[1.367362,38.849613],[1.367367,38.8497],[1.367411,38.849705],[1.367433,38.849762],[1.367426,38.849806],[1.367408,38.849858],[1.367368,38.849958],[1.36735,38.849989],[1.367349,38.850048],[1.367361,38.850105],[1.367365,38.850181],[1.36737,38.850265],[1.367369,38.850307],[1.367351,38.850457],[1.367253,38.850588],[1.367179,38.850708],[1.36715,38.850805],[1.367109,38.850996],[1.367056,38.851177],[1.366954,38.851383],[1.366811,38.851902],[1.366742,38.852078],[1.366669,38.85221],[1.366667,38.852215],[1.36666,38.852245],[1.366654,38.85227],[1.366582,38.852452],[1.366418,38.852745],[1.366233,38.853011],[1.366053,38.853243],[1.365747,38.853652],[1.365434,38.854066],[1.365094,38.854477],[1.364814,38.854783],[1.364397,38.855233],[1.364257,38.855385],[1.364094,38.855563],[1.363814,38.855852],[1.363629,38.856037],[1.363459,38.856249],[1.363324,38.856414],[1.363136,38.856672],[1.362963,38.85687],[1.362872,38.856955],[1.362813,38.856999],[1.362781,38.857063],[1.362725,38.857109],[1.362535,38.857259],[1.362394,38.857386],[1.362291,38.857482],[1.362209,38.857558],[1.362141,38.857654],[1.36208,38.857796],[1.361916,38.858157],[1.361822,38.858304],[1.361749,38.858404],[1.361716,38.85847],[1.361663,38.858644],[1.361529,38.85891],[1.361472,38.859022],[1.361437,38.85907],[1.361409,38.859086],[1.361335,38.859084],[1.361322,38.859114],[1.361312,38.859138],[1.361376,38.859172],[1.361368,38.859291],[1.361335,38.859555],[1.361344,38.859834],[1.361382,38.860107],[1.361387,38.86026],[1.361359,38.860396],[1.361273,38.860531],[1.361132,38.860695],[1.360906,38.86089],[1.360641,38.861081],[1.360416,38.861219],[1.360154,38.861337],[1.35985,38.861501],[1.35966,38.861617],[1.359463,38.861722],[1.359254,38.861839],[1.3591,38.861961],[1.358991,38.862078],[1.358816,38.862261],[1.358619,38.862458],[1.358537,38.862561],[1.358435,38.862657],[1.358273,38.862813],[1.358089,38.86299],[1.357747,38.863232],[1.357652,38.863238],[1.357651,38.863269],[1.357651,38.863292],[1.357696,38.863302],[1.357753,38.863303],[1.357738,38.863349],[1.357686,38.863421],[1.357518,38.863557],[1.35724,38.863739],[1.357137,38.863817],[1.357092,38.863859],[1.356876,38.864024],[1.356732,38.864158],[1.356608,38.864271],[1.356491,38.864354],[1.356291,38.8645],[1.356105,38.86464],[1.355888,38.8648],[1.355683,38.864944],[1.355482,38.865069],[1.355312,38.865157],[1.355138,38.865252],[1.354953,38.865347],[1.354747,38.865492],[1.354545,38.865625],[1.354336,38.865784],[1.354082,38.865954],[1.353829,38.866117],[1.35353,38.866296],[1.353438,38.86637],[1.353009,38.866609],[1.352803,38.866696],[1.352653,38.866757],[1.352519,38.866844],[1.352391,38.866918],[1.352089,38.867079],[1.351934,38.86715],[1.351923,38.867155],[1.351785,38.867219],[1.351697,38.867266],[1.351529,38.867354],[1.351235,38.867532],[1.350995,38.867683],[1.350742,38.867854],[1.350356,38.868059],[1.35001,38.868226],[1.349624,38.868399],[1.34924,38.868577],[1.348956,38.868695],[1.348688,38.868795],[1.348502,38.868871],[1.348235,38.868974],[1.347964,38.869086],[1.347739,38.86919],[1.347536,38.86929],[1.347292,38.869438],[1.347084,38.869573],[1.34687,38.869711],[1.346704,38.869821],[1.346539,38.869923],[1.346301,38.870079],[1.346111,38.870163],[1.345735,38.870316],[1.345346,38.870456],[1.345084,38.870535],[1.344726,38.870611],[1.344255,38.870748],[1.343748,38.870901],[1.343469,38.870996],[1.34326,38.871069],[1.343079,38.871082],[1.342919,38.871058],[1.342822,38.871012],[1.34282,38.870948],[1.342783,38.870888],[1.342763,38.870861],[1.342744,38.87081],[1.342699,38.870741],[1.342613,38.870673],[1.34254,38.870646],[1.342499,38.870637],[1.342454,38.870591],[1.342436,38.870547],[1.342416,38.870504],[1.342373,38.870463],[1.342311,38.87043],[1.342269,38.870411],[1.342227,38.870395],[1.342192,38.870384],[1.342133,38.87033],[1.342106,38.870287],[1.341972,38.870219],[1.341911,38.870176],[1.34185,38.870174],[1.341785,38.870201],[1.341711,38.870172],[1.341644,38.870128],[1.341597,38.870113],[1.341522,38.870093],[1.34145,38.870089],[1.341409,38.870093],[1.341398,38.870118],[1.341379,38.87018],[1.341358,38.870205],[1.341328,38.870217],[1.341312,38.870196],[1.341305,38.870151],[1.341262,38.870127],[1.341255,38.870088],[1.341231,38.870071],[1.341219,38.870036],[1.34116,38.870016],[1.34114,38.870036],[1.341095,38.87009],[1.341066,38.870102],[1.341016,38.870114],[1.340977,38.870144],[1.340951,38.870181],[1.340956,38.870212],[1.340929,38.870229],[1.340877,38.870241],[1.340863,38.870226],[1.340869,38.870205],[1.340851,38.870195],[1.340814,38.870206],[1.340777,38.870288],[1.340717,38.870307],[1.340648,38.870306],[1.340593,38.870283],[1.340536,38.870246],[1.340499,38.870193],[1.340447,38.869892],[1.340412,38.869892],[1.340386,38.869794],[1.340603,38.869755],[1.340661,38.869742],[1.340673,38.869733],[1.340679,38.869722],[1.340674,38.869685],[1.340632,38.869675],[1.340574,38.869681],[1.340494,38.869688],[1.340441,38.869689],[1.340392,38.869692],[1.340359,38.869704],[1.340342,38.869718],[1.340298,38.869735],[1.340233,38.869737],[1.34018,38.869743],[1.340136,38.869744],[1.34009,38.869743],[1.340048,38.869719],[1.340043,38.869688],[1.340046,38.869667],[1.340006,38.869649],[1.339968,38.869648],[1.339936,38.869656],[1.339886,38.869633],[1.339846,38.86961],[1.339805,38.869591],[1.339762,38.869558],[1.339716,38.869551],[1.339679,38.869558],[1.339646,38.869563],[1.339612,38.869556],[1.339569,38.869534],[1.339529,38.869504],[1.339473,38.869481],[1.339441,38.869487],[1.339404,38.869476],[1.339373,38.869446],[1.339313,38.869403],[1.339245,38.869365],[1.339193,38.869344],[1.339124,38.869321],[1.33908,38.8693],[1.339069,38.869275],[1.339035,38.869259],[1.338959,38.869248],[1.33893,38.869238],[1.338823,38.869169],[1.33873,38.86913],[1.338665,38.869101],[1.338574,38.869076],[1.338521,38.869045],[1.338504,38.86903],[1.33844,38.868994],[1.338332,38.868979],[1.338257,38.868972],[1.338209,38.869005],[1.338186,38.869003],[1.338217,38.868966],[1.338214,38.868955],[1.338188,38.868957],[1.338164,38.868968],[1.338158,38.868991],[1.338163,38.869014],[1.338133,38.869017],[1.338087,38.869017],[1.338024,38.869013],[1.337994,38.869009],[1.337978,38.868991],[1.337932,38.868981],[1.337893,38.868985],[1.337853,38.869024],[1.337848,38.868989],[1.337822,38.868991],[1.337802,38.868998],[1.337773,38.86902],[1.337724,38.86902],[1.337698,38.869024],[1.337658,38.869034],[1.337632,38.869058],[1.337608,38.869061],[1.337584,38.869066],[1.337496,38.869041],[1.337466,38.869011],[1.337457,38.86897],[1.337431,38.868955],[1.337388,38.868964],[1.337352,38.868951],[1.337328,38.868918],[1.3373,38.86891],[1.337252,38.868889],[1.337229,38.868859],[1.337179,38.868833],[1.337159,38.868836],[1.337135,38.868834],[1.337102,38.868818],[1.337015,38.86883],[1.336939,38.868844],[1.336889,38.868845],[1.336808,38.868813],[1.33669,38.868768],[1.336659,38.868741],[1.336618,38.868714],[1.336586,38.868728],[1.336527,38.868655],[1.336436,38.868564],[1.336317,38.868462],[1.336345,38.868433],[1.33631,38.868421],[1.336268,38.868424],[1.336228,38.868398],[1.336171,38.868362],[1.336133,38.868344],[1.336096,38.868352],[1.336076,38.868376],[1.336054,38.868371],[1.336057,38.868345],[1.336043,38.868304],[1.33599,38.86829],[1.335944,38.868288],[1.335925,38.8683],[1.335893,38.868338],[1.335878,38.868362],[1.335885,38.868434],[1.335883,38.868463],[1.33585,38.868487],[1.335803,38.868512],[1.33576,38.868542],[1.335715,38.868569],[1.335658,38.868588],[1.335503,38.868589],[1.335475,38.86858],[1.335444,38.868581],[1.335422,38.868595],[1.335449,38.868614],[1.335466,38.86864],[1.335444,38.868631],[1.335416,38.868612],[1.335404,38.868616],[1.335437,38.868649],[1.33544,38.86867],[1.335406,38.868637],[1.335393,38.868645],[1.335412,38.868681],[1.335415,38.868698],[1.335381,38.86867],[1.33537,38.868676],[1.3354,38.868728],[1.335393,38.868742],[1.335359,38.868718],[1.33535,38.868727],[1.335364,38.868749],[1.335337,38.868735],[1.335326,38.868743],[1.335324,38.868786],[1.335312,38.868794],[1.335308,38.868752],[1.335295,38.86875],[1.335294,38.868777],[1.33528,38.868784],[1.335273,38.868759],[1.335264,38.868756],[1.335264,38.86878],[1.335252,38.868787],[1.335248,38.868751],[1.335232,38.868749],[1.335222,38.868814],[1.335198,38.868819],[1.335197,38.868756],[1.335178,38.86873],[1.33515,38.868721],[1.335153,38.868735],[1.335127,38.868741],[1.335128,38.868708],[1.335121,38.868706],[1.335118,38.86873],[1.335083,38.86873],[1.335067,38.86872],[1.335051,38.868709],[1.335033,38.868693],[1.335017,38.868691],[1.335041,38.868654],[1.335034,38.868644],[1.335015,38.868679],[1.334998,38.868672],[1.335006,38.868657],[1.335,38.868648],[1.334997,38.868652],[1.334991,38.868647],[1.335008,38.868624],[1.335002,38.868619],[1.334983,38.868642],[1.334972,38.868656],[1.334957,38.868645],[1.33498,38.868618],[1.33497,38.868611],[1.334948,38.868633],[1.334902,38.86859],[1.334924,38.868567],[1.334918,38.868556],[1.334895,38.86858],[1.334877,38.868568],[1.334903,38.868545],[1.334902,38.868538],[1.334869,38.868556],[1.334794,38.86849],[1.334815,38.868468],[1.334802,38.868451],[1.334772,38.868455],[1.334764,38.868445],[1.334747,38.86845],[1.334741,38.868432],[1.334715,38.868428],[1.334702,38.86841],[1.334733,38.8684],[1.334766,38.868398],[1.334753,38.868386],[1.334716,38.868378],[1.334749,38.868374],[1.334746,38.868337],[1.334705,38.86833],[1.334737,38.868322],[1.334704,38.868314],[1.334722,38.868308],[1.334726,38.868291],[1.334709,38.86829],[1.33474,38.868272],[1.33473,38.868251],[1.334751,38.868225],[1.33474,38.868218],[1.334708,38.868211],[1.334718,38.8682],[1.334751,38.868205],[1.334761,38.868196],[1.334725,38.868191],[1.334698,38.868181],[1.33472,38.868175],[1.3347,38.868171],[1.334694,38.868162],[1.3347,38.868142],[1.334728,38.868151],[1.334728,38.86814],[1.334712,38.868126],[1.334719,38.868117],[1.334738,38.868128],[1.334761,38.868124],[1.33473,38.868092],[1.33476,38.86811],[1.334769,38.868107],[1.334743,38.868063],[1.334764,38.86807],[1.334775,38.86807],[1.33478,38.868055],[1.334804,38.868088],[1.334832,38.868086],[1.334809,38.868042],[1.334822,38.868023],[1.334818,38.868017],[1.334821,38.868001],[1.334844,38.868002],[1.334851,38.867982],[1.334842,38.867964],[1.334875,38.867973],[1.334884,38.867964],[1.334863,38.867952],[1.334866,38.86794],[1.33488,38.867949],[1.3349,38.867947],[1.334876,38.867935],[1.334884,38.86792],[1.33492,38.867948],[1.334938,38.867932],[1.334905,38.867912],[1.334906,38.86791],[1.334909,38.867892],[1.334914,38.867891],[1.33492,38.867894],[1.334933,38.867886],[1.334924,38.867874],[1.334939,38.867865],[1.334954,38.867872],[1.334964,38.86786],[1.33495,38.867843],[1.334948,38.867828],[1.334965,38.867822],[1.334993,38.867828],[1.335006,38.867811],[1.335077,38.86779],[1.335111,38.867772],[1.335162,38.867663],[1.335184,38.867559],[1.335223,38.867497],[1.335256,38.867473],[1.335262,38.867444],[1.335251,38.867382],[1.335263,38.867336],[1.335274,38.867318],[1.335217,38.867298],[1.335193,38.867283],[1.335183,38.867269],[1.335201,38.86727],[1.335223,38.867274],[1.335257,38.867223],[1.335278,38.867223],[1.335299,38.86719],[1.335301,38.86717],[1.335283,38.867141],[1.335263,38.867093],[1.335251,38.867053],[1.33526,38.866989],[1.335259,38.866921],[1.33526,38.866839],[1.335283,38.866785],[1.335301,38.866735],[1.335309,38.866689],[1.335301,38.86665],[1.335284,38.866614],[1.335266,38.866584],[1.335213,38.86652],[1.33522,38.8665],[1.335238,38.866466],[1.335233,38.866445],[1.335208,38.866425],[1.335159,38.8664],[1.335165,38.866381],[1.335182,38.866366],[1.335221,38.86634],[1.335286,38.866301],[1.335329,38.866282],[1.335359,38.866258],[1.335403,38.866228],[1.335416,38.866212],[1.335454,38.866173],[1.335483,38.866129],[1.335486,38.866036],[1.335471,38.865972],[1.335472,38.865922],[1.335471,38.865895],[1.335445,38.865895],[1.335425,38.8659],[1.335419,38.865925],[1.335426,38.86598],[1.335443,38.866025],[1.335441,38.86605],[1.335422,38.866068],[1.335419,38.866084],[1.335418,38.866102],[1.335415,38.866113],[1.335389,38.866132],[1.335386,38.866158],[1.335384,38.866181],[1.335351,38.866194],[1.335289,38.866239],[1.335254,38.866266],[1.335207,38.866276],[1.335158,38.8663],[1.335127,38.866305],[1.335101,38.866325],[1.335097,38.866351],[1.335057,38.866377],[1.334975,38.866389],[1.334938,38.866393],[1.334901,38.866415],[1.334863,38.866445],[1.334824,38.866474],[1.334776,38.866506],[1.334728,38.866522],[1.33472,38.86653],[1.334699,38.866549],[1.334684,38.866579],[1.334662,38.866582],[1.334653,38.866584],[1.334628,38.866598],[1.334633,38.866619],[1.334638,38.866629],[1.33462,38.866656],[1.334613,38.86665],[1.334614,38.866649],[1.334607,38.866636],[1.334598,38.866638],[1.334595,38.866606],[1.334574,38.866583],[1.334569,38.866569],[1.334565,38.866551],[1.33454,38.866552],[1.33453,38.86656],[1.334513,38.866571],[1.334505,38.866595],[1.334524,38.866582],[1.334548,38.866567],[1.334553,38.866603],[1.334547,38.866624],[1.334561,38.866633],[1.334598,38.866638],[1.334574,38.866645],[1.334594,38.866657],[1.33462,38.866656],[1.33458,38.866695]],[[1.334611,38.866558],[1.334622,38.866567],[1.334639,38.866563],[1.334644,38.866548],[1.334634,38.866534],[1.334619,38.866539],[1.334611,38.866558]],[[1.418685,38.7819],[1.418701,38.781909],[1.418744,38.781916],[1.418745,38.781897],[1.418729,38.78189],[1.418688,38.78189],[1.418685,38.7819]],[[1.334491,38.866677],[1.334498,38.866665],[1.334495,38.866656],[1.334486,38.866658],[1.334463,38.866668],[1.334445,38.86667],[1.334443,38.866686],[1.334457,38.866686],[1.334466,38.866695],[1.334483,38.866698],[1.334491,38.866677]],[[1.418775,38.781861],[1.418791,38.781878],[1.418819,38.781862],[1.418825,38.781851],[1.418814,38.781836],[1.418782,38.781835],[1.418775,38.781861]],[[1.418519,38.782026],[1.418529,38.782039],[1.418567,38.782063],[1.418572,38.78205],[1.418557,38.782026],[1.418541,38.782001],[1.418519,38.782026]],[[1.418648,38.78197],[1.418669,38.78199],[1.418688,38.781996],[1.418707,38.781988],[1.418702,38.781973],[1.418667,38.781949],[1.418648,38.78197]],[[1.420734,38.789959],[1.420737,38.789948],[1.420724,38.789933],[1.42067,38.789922],[1.420669,38.789945],[1.420713,38.789965],[1.420734,38.789959]],[[1.367189,38.849611],[1.367206,38.849619],[1.367221,38.849605],[1.367229,38.849571],[1.36723,38.849547],[1.367221,38.849534],[1.3672,38.84956],[1.367189,38.849611]],[[1.418706,38.782041],[1.418736,38.782054],[1.418753,38.782029],[1.418767,38.781997],[1.418756,38.781982],[1.418726,38.781995],[1.418706,38.782041]],[[1.394794,38.839082],[1.394795,38.839094],[1.394815,38.839104],[1.394845,38.839095],[1.394854,38.839063],[1.394836,38.839041],[1.394807,38.839053],[1.394794,38.839082]],[[1.418317,38.782262],[1.418363,38.782284],[1.418412,38.782263],[1.418407,38.782255],[1.418378,38.782235],[1.418356,38.782232],[1.41832,38.782249],[1.418317,38.782262]],[[1.417442,38.784008],[1.417479,38.784028],[1.417496,38.784028],[1.41751,38.78402],[1.417518,38.783992],[1.417513,38.783967],[1.417483,38.783971],[1.417442,38.784008]],[[1.367286,38.849677],[1.367296,38.849712],[1.367313,38.849716],[1.367325,38.849718],[1.367337,38.8497],[1.367336,38.849671],[1.367321,38.849636],[1.367299,38.849634],[1.367286,38.849677]],[[1.427657,38.776261],[1.427673,38.776255],[1.427674,38.776231],[1.427639,38.776203],[1.427606,38.776203],[1.427579,38.776228],[1.427551,38.776242],[1.427605,38.776245],[1.427635,38.776246],[1.427657,38.776261]],[[1.409056,38.817201],[1.409081,38.817173],[1.40907,38.817157],[1.409055,38.817151],[1.409042,38.817148],[1.409006,38.817147],[1.408986,38.817149],[1.408985,38.817165],[1.40899,38.81718],[1.409023,38.817196],[1.40904,38.817205],[1.409056,38.817201]],[[1.42328,38.780527],[1.423292,38.780586],[1.423344,38.780581],[1.42334,38.780542],[1.423321,38.780512],[1.423303,38.780499],[1.423289,38.780501],[1.42328,38.780527]],[[1.39888,38.836672],[1.398912,38.836654],[1.39892,38.836625],[1.398924,38.836611],[1.398894,38.836605],[1.398861,38.836613],[1.398844,38.836633],[1.39884,38.836653],[1.398849,38.836673],[1.39888,38.836672]],[[1.423372,38.780696],[1.423383,38.780686],[1.42338,38.780671],[1.423389,38.780664],[1.423397,38.78065],[1.423387,38.780637],[1.423365,38.780626],[1.423351,38.78063],[1.423343,38.780657],[1.423321,38.780664],[1.423304,38.780682],[1.423317,38.780706],[1.423344,38.780709],[1.423372,38.780696]],[[1.421283,38.797792],[1.421286,38.797805],[1.421295,38.79781],[1.421307,38.797816],[1.421384,38.797791],[1.421412,38.797779],[1.421417,38.797762],[1.421388,38.797754],[1.421385,38.797753],[1.421341,38.797752],[1.421333,38.797756],[1.421302,38.797771],[1.421297,38.797773],[1.421283,38.797792]],[[1.427752,38.775975],[1.427758,38.776013],[1.4278,38.776027],[1.427826,38.776046],[1.427847,38.776048],[1.427875,38.776035],[1.427866,38.776005],[1.427825,38.775988],[1.427778,38.775964],[1.427752,38.775975]],[[1.400422,38.835431],[1.400461,38.835416],[1.400485,38.835399],[1.400473,38.835373],[1.400435,38.835398],[1.400419,38.835388],[1.40039,38.835375],[1.400344,38.835382],[1.400318,38.835397],[1.400325,38.835422],[1.400356,38.835445],[1.400367,38.835451],[1.400422,38.835431]],[[1.411536,38.818245],[1.411545,38.81826],[1.411573,38.818266],[1.411594,38.818275],[1.411618,38.818273],[1.411636,38.818268],[1.411651,38.818248],[1.411669,38.818243],[1.411676,38.818198],[1.411655,38.818198],[1.411612,38.818198],[1.411579,38.8182],[1.411556,38.818213],[1.411538,38.818227],[1.411536,38.818245]],[[1.399507,38.836356],[1.399513,38.836329],[1.399499,38.836303],[1.399512,38.836274],[1.399485,38.836258],[1.399446,38.836257],[1.399409,38.836268],[1.3994,38.836286],[1.399412,38.836315],[1.399443,38.83635],[1.399483,38.836357],[1.399507,38.836356]],[[1.406696,38.831899],[1.406755,38.831837],[1.406733,38.83183],[1.406677,38.831841],[1.406616,38.831856],[1.406577,38.831875],[1.406577,38.831908],[1.406607,38.831908],[1.406652,38.831911],[1.406696,38.831899]],[[1.404134,38.837967],[1.404183,38.837977],[1.40422,38.837957],[1.404254,38.837933],[1.404272,38.837943],[1.404281,38.837969],[1.404321,38.837961],[1.40434,38.837957],[1.404353,38.837941],[1.404333,38.837915],[1.4043,38.837912],[1.404243,38.83792],[1.40419,38.837908],[1.404155,38.837924],[1.404134,38.837967]],[[1.406416,38.831217],[1.406426,38.831194],[1.406344,38.831193],[1.40632,38.83122],[1.40632,38.831245],[1.406337,38.831258],[1.406356,38.831306],[1.406394,38.831325],[1.406415,38.831288],[1.406416,38.831217]],[[1.40923,38.816279],[1.409233,38.8163],[1.409261,38.816317],[1.409293,38.816335],[1.409313,38.816354],[1.40934,38.816356],[1.409354,38.816355],[1.409363,38.816338],[1.409371,38.816312],[1.409396,38.81628],[1.409343,38.816264],[1.409309,38.816264],[1.409283,38.816267],[1.40925,38.81627],[1.40923,38.816279]],[[1.418327,38.778496],[1.41834,38.778516],[1.418371,38.778521],[1.418422,38.778521],[1.418432,38.778514],[1.418472,38.778509],[1.418524,38.77851],[1.418562,38.778513],[1.41861,38.778514],[1.418645,38.778503],[1.418699,38.77848],[1.418699,38.778454],[1.418669,38.778462],[1.418622,38.778482],[1.418577,38.778479],[1.418532,38.77848],[1.418477,38.778486],[1.418424,38.778486],[1.418356,38.778485],[1.418327,38.778496]],[[1.391911,38.726772],[1.391925,38.726801],[1.391941,38.726818],[1.391962,38.726812],[1.392002,38.726794],[1.392056,38.72679],[1.392101,38.72679],[1.392136,38.726762],[1.392126,38.726727],[1.392086,38.726724],[1.392084,38.726724],[1.392078,38.726724],[1.392042,38.726731],[1.392004,38.726731],[1.391962,38.726738],[1.391911,38.726772]],[[1.412216,38.816726],[1.412226,38.816738],[1.412235,38.816744],[1.412249,38.816753],[1.412256,38.816763],[1.412282,38.816773],[1.412323,38.816778],[1.412354,38.816766],[1.412365,38.816737],[1.412418,38.816707],[1.412403,38.81669],[1.412377,38.816681],[1.412332,38.816681],[1.412296,38.816677],[1.412269,38.816676],[1.412256,38.816688],[1.412216,38.816726]],[[1.404132,38.838158],[1.404136,38.838183],[1.404136,38.838221],[1.404142,38.838256],[1.404172,38.838257],[1.404208,38.838281],[1.404215,38.838323],[1.404247,38.838337],[1.404271,38.838335],[1.404268,38.838316],[1.404251,38.838284],[1.404252,38.838251],[1.404252,38.838215],[1.40422,38.8382],[1.404197,38.838168],[1.404151,38.838142],[1.404132,38.838158]],[[1.405889,38.835066],[1.405892,38.835013],[1.405916,38.834969],[1.405936,38.83495],[1.405922,38.834876],[1.405898,38.834846],[1.405893,38.834819],[1.405871,38.834805],[1.405845,38.834812],[1.405844,38.834835],[1.40587,38.834873],[1.40587,38.834931],[1.405865,38.834977],[1.405845,38.835034],[1.405841,38.835078],[1.405865,38.835097],[1.405889,38.835066]],[[1.405501,38.871431],[1.405526,38.87137],[1.40552,38.871354],[1.40548,38.871356],[1.405437,38.87138],[1.405378,38.871413],[1.405347,38.871445],[1.405348,38.871475],[1.405382,38.871484],[1.405414,38.871485],[1.405457,38.871473],[1.405501,38.871431]],[[1.403486,38.832906],[1.403488,38.832868],[1.403456,38.832844],[1.403382,38.832836],[1.403364,38.832836],[1.403347,38.832853],[1.403334,38.832884],[1.403319,38.83291],[1.403287,38.832961],[1.403307,38.832999],[1.403328,38.833006],[1.403349,38.832966],[1.403346,38.832914],[1.403383,38.832909],[1.403447,38.832918],[1.403486,38.832906]],[[1.430226,38.774375],[1.430252,38.774404],[1.430285,38.77442],[1.430319,38.774425],[1.430341,38.774465],[1.430362,38.774506],[1.430402,38.77451],[1.430407,38.77449],[1.430381,38.77448],[1.430386,38.774438],[1.430384,38.774406],[1.430357,38.77438],[1.430352,38.774336],[1.430343,38.774306],[1.430309,38.774313],[1.430298,38.774346],[1.430251,38.774353],[1.430226,38.774375]],[[1.421931,38.791476],[1.421938,38.791534],[1.42198,38.791553],[1.422039,38.791537],[1.422084,38.791464],[1.422065,38.791431],[1.422043,38.791388],[1.421996,38.791381],[1.42197,38.791426],[1.421931,38.791476]],[[1.404375,38.816856],[1.404375,38.816878],[1.404394,38.816915],[1.404415,38.816947],[1.404437,38.816961],[1.404475,38.816963],[1.404496,38.816948],[1.404509,38.816926],[1.404536,38.816906],[1.404541,38.816886],[1.404575,38.816848],[1.404586,38.816828],[1.404588,38.816795],[1.404572,38.81677],[1.404549,38.816771],[1.404532,38.816784],[1.404532,38.816804],[1.404508,38.816809],[1.404494,38.816824],[1.404494,38.816849],[1.404479,38.816856],[1.404431,38.816853],[1.404375,38.816856]],[[1.39455,38.839201],[1.39455,38.839204],[1.394548,38.839206],[1.394551,38.839223],[1.394593,38.839227],[1.394639,38.839221],[1.394689,38.839199],[1.394723,38.83915],[1.394757,38.839103],[1.394752,38.839062],[1.394726,38.839034],[1.39468,38.839034],[1.394651,38.839055],[1.394628,38.839086],[1.394613,38.839132],[1.39455,38.839201]],[[1.405711,38.83572],[1.405719,38.835669],[1.405726,38.83561],[1.405739,38.835581],[1.405763,38.835565],[1.405787,38.835531],[1.405788,38.835498],[1.405788,38.835465],[1.405774,38.835427],[1.405765,38.835345],[1.405745,38.835363],[1.405722,38.835382],[1.405716,38.835415],[1.405724,38.835453],[1.405728,38.835491],[1.405687,38.835521],[1.405661,38.835566],[1.405664,38.835609],[1.405668,38.835645],[1.405667,38.835688],[1.405677,38.83572],[1.405711,38.83572]],[[1.405932,38.830584],[1.405941,38.830607],[1.405981,38.83063],[1.406033,38.830641],[1.406088,38.830623],[1.406155,38.830586],[1.406192,38.830585],[1.406246,38.830586],[1.406276,38.830562],[1.406282,38.830527],[1.406222,38.830511],[1.406147,38.830519],[1.406061,38.830549],[1.405986,38.830557],[1.405932,38.830584]],[[1.42955,38.775017],[1.429582,38.775041],[1.429592,38.775062],[1.429632,38.77504],[1.429659,38.775001],[1.429705,38.774984],[1.429738,38.774963],[1.429742,38.774926],[1.429751,38.774894],[1.429724,38.774885],[1.429669,38.77488],[1.4296,38.774885],[1.429544,38.774902],[1.429521,38.774937],[1.429543,38.774953],[1.429583,38.774966],[1.429576,38.774989],[1.42955,38.775017]],[[1.410923,38.818425],[1.410933,38.818478],[1.410949,38.818493],[1.410978,38.818497],[1.411007,38.818493],[1.411047,38.818472],[1.411084,38.818465],[1.41113,38.818461],[1.411172,38.818461],[1.411209,38.818449],[1.411225,38.818414],[1.411197,38.818402],[1.41116,38.818386],[1.411117,38.818377],[1.411077,38.818371],[1.411049,38.818379],[1.410981,38.818384],[1.410934,38.818403],[1.410923,38.818425]],[[1.431757,38.77187],[1.431769,38.771903],[1.431787,38.771936],[1.431815,38.771962],[1.431868,38.771961],[1.431921,38.771942],[1.431978,38.771918],[1.432021,38.77189],[1.432042,38.77186],[1.432023,38.771839],[1.431979,38.771814],[1.431926,38.771813],[1.43187,38.77182],[1.431819,38.771854],[1.431757,38.77187]],[[1.431962,38.771523],[1.43198,38.771545],[1.432028,38.771567],[1.43206,38.771591],[1.432101,38.771597],[1.432147,38.771597],[1.432179,38.771569],[1.432173,38.771547],[1.432167,38.771516],[1.432197,38.771485],[1.432239,38.771451],[1.432248,38.771409],[1.4322,38.771402],[1.432161,38.771422],[1.432104,38.77144],[1.432038,38.771472],[1.432004,38.771499],[1.431962,38.771523]],[[1.3707,38.829903],[1.37072,38.829873],[1.370733,38.829841],[1.370744,38.829819],[1.370778,38.829781],[1.370807,38.829766],[1.370827,38.82974],[1.370834,38.829709],[1.370814,38.829649],[1.370807,38.829615],[1.370779,38.829602],[1.370729,38.8296],[1.370723,38.829618],[1.370742,38.829657],[1.370717,38.82968],[1.370676,38.829702],[1.370666,38.829729],[1.370662,38.829762],[1.370661,38.829809],[1.370671,38.829874],[1.370673,38.829903],[1.3707,38.829903]],[[1.419243,38.778799],[1.419285,38.778837],[1.41932,38.778863],[1.419383,38.778863],[1.419415,38.778826],[1.419439,38.778801],[1.419472,38.778779],[1.419512,38.778748],[1.419521,38.778708],[1.419494,38.778682],[1.419445,38.778649],[1.41939,38.778661],[1.419381,38.778711],[1.419344,38.778718],[1.419299,38.778751],[1.419241,38.778747],[1.419213,38.778732],[1.419167,38.778707],[1.41911,38.778696],[1.419044,38.778664],[1.41902,38.778674],[1.419034,38.778701],[1.419049,38.778734],[1.419055,38.778764],[1.419086,38.778773],[1.4191,38.778788],[1.419128,38.778786],[1.419172,38.778796],[1.419205,38.778785],[1.419243,38.778799]],[[1.428284,38.775137],[1.42831,38.77516],[1.428352,38.775142],[1.428387,38.775113],[1.428399,38.775067],[1.428402,38.775018],[1.428417,38.77497],[1.42843,38.774947],[1.42847,38.774956],[1.428524,38.774974],[1.428571,38.774965],[1.428602,38.774928],[1.428599,38.774879],[1.428556,38.774863],[1.428469,38.774862],[1.428413,38.774864],[1.428371,38.774837],[1.428316,38.774844],[1.428256,38.77487],[1.428246,38.774911],[1.428289,38.774924],[1.428326,38.774968],[1.428323,38.775035],[1.428287,38.775094],[1.428284,38.775137]],[[1.420784,38.79231],[1.420785,38.792361],[1.42084,38.792401],[1.420897,38.792438],[1.420953,38.792426],[1.421016,38.792377],[1.421025,38.792353],[1.42104,38.792304],[1.421068,38.79226],[1.421056,38.792185],[1.421019,38.792133],[1.420947,38.792106],[1.420909,38.792137],[1.420906,38.792213],[1.420874,38.792264],[1.420784,38.79231]],[[1.430815,38.752761],[1.430827,38.752801],[1.430866,38.752838],[1.430916,38.75285],[1.430972,38.752851],[1.431045,38.752874],[1.431117,38.752904],[1.431177,38.752899],[1.431195,38.752853],[1.431147,38.752807],[1.431093,38.752764],[1.431078,38.752707],[1.431034,38.752663],[1.430965,38.752647],[1.430904,38.752677],[1.430836,38.752717],[1.430815,38.752761]],[[1.401891,38.815902],[1.40189,38.81594],[1.401923,38.815969],[1.401961,38.815957],[1.401995,38.815951],[1.402036,38.815957],[1.402084,38.815949],[1.402112,38.815941],[1.402149,38.815926],[1.402185,38.815876],[1.402182,38.815858],[1.402119,38.815849],[1.40206,38.815848],[1.402059,38.815833],[1.402085,38.815801],[1.402094,38.815795],[1.402137,38.815795],[1.402183,38.815804],[1.402227,38.815833],[1.40227,38.81583],[1.402293,38.815802],[1.402276,38.815774],[1.402236,38.815755],[1.402187,38.815754],[1.40213,38.815749],[1.402095,38.81572],[1.402058,38.81571],[1.402013,38.81572],[1.40196,38.815736],[1.40193,38.81576],[1.401916,38.815784],[1.401912,38.815855],[1.401891,38.815902]],[[1.427443,38.775947],[1.4275,38.77595],[1.427518,38.775925],[1.42752,38.775899],[1.427545,38.775878],[1.427517,38.775852],[1.427516,38.775839],[1.42755,38.775842],[1.427591,38.775871],[1.427633,38.775884],[1.427689,38.775846],[1.427724,38.775835],[1.427867,38.775841],[1.427913,38.775828],[1.427909,38.775806],[1.427842,38.7758],[1.427776,38.775795],[1.427743,38.775801],[1.427685,38.77579],[1.427664,38.775797],[1.427664,38.77581],[1.427631,38.775823],[1.427578,38.775817],[1.427526,38.775771],[1.4275,38.775788],[1.427476,38.775825],[1.427436,38.775806],[1.427411,38.775762],[1.427334,38.775758],[1.427262,38.775745],[1.427212,38.775778],[1.427171,38.775818],[1.427202,38.77586],[1.427233,38.775898],[1.427276,38.775911],[1.427344,38.775897],[1.427403,38.775907],[1.427443,38.775947]],[[1.427767,38.775455],[1.427784,38.7755],[1.427747,38.775534],[1.427707,38.775577],[1.427729,38.775607],[1.427773,38.775613],[1.42782,38.775616],[1.427834,38.775661],[1.427788,38.775699],[1.427784,38.775738],[1.42783,38.775754],[1.427879,38.775746],[1.42793,38.775711],[1.427933,38.775673],[1.427958,38.775664],[1.428005,38.775642],[1.428022,38.775595],[1.428034,38.775563],[1.428014,38.775524],[1.427959,38.775496],[1.427927,38.775442],[1.427877,38.775419],[1.427824,38.775391],[1.427768,38.775411],[1.427767,38.775455]],[[1.42862,38.775619],[1.428656,38.775597],[1.428654,38.775577],[1.428606,38.775571],[1.428585,38.775534],[1.428606,38.775501],[1.428611,38.775473],[1.428575,38.775454],[1.42856,38.775413],[1.428574,38.775376],[1.428614,38.775342],[1.428599,38.775299],[1.428567,38.775274],[1.428528,38.775272],[1.428462,38.775253],[1.428425,38.77522],[1.428323,38.77521],[1.428294,38.775227],[1.428245,38.775241],[1.428261,38.775273],[1.428313,38.775287],[1.428361,38.775291],[1.428376,38.775324],[1.428422,38.775356],[1.428461,38.775386],[1.428445,38.775418],[1.428447,38.775446],[1.428493,38.775476],[1.428461,38.775477],[1.428409,38.775458],[1.428375,38.775471],[1.428361,38.775501],[1.428368,38.775517],[1.428397,38.775534],[1.428415,38.775558],[1.428457,38.775566],[1.428496,38.775545],[1.428522,38.775552],[1.428523,38.775575],[1.42854,38.775605],[1.428577,38.775619],[1.42862,38.775619]],[[1.421165,38.792131],[1.421191,38.792193],[1.42123,38.792226],[1.421263,38.792221],[1.421297,38.792205],[1.421359,38.792204],[1.421411,38.792189],[1.421424,38.792145],[1.421449,38.792085],[1.421446,38.79203],[1.421406,38.792006],[1.421385,38.791949],[1.421383,38.791883],[1.421319,38.791867],[1.421262,38.7919],[1.421209,38.791948],[1.421152,38.791996],[1.421142,38.792068],[1.421165,38.792131]],[[1.370882,38.828688],[1.370912,38.828754],[1.370988,38.828845],[1.3711,38.828952],[1.371148,38.829001],[1.371147,38.829041],[1.371187,38.829104],[1.371232,38.829139],[1.371273,38.829168],[1.371317,38.829178],[1.371341,38.829144],[1.371345,38.829109],[1.37132,38.82904],[1.371296,38.829008],[1.371324,38.828983],[1.371281,38.828955],[1.371259,38.82891],[1.371218,38.828871],[1.371154,38.828822],[1.371147,38.828784],[1.371101,38.828773],[1.371026,38.828767],[1.370984,38.828708],[1.370938,38.828657],[1.370895,38.828636],[1.370882,38.828688]],[[1.435741,38.884968],[1.435751,38.885076],[1.435908,38.885162],[1.436096,38.885199],[1.436204,38.885142],[1.436235,38.885066],[1.436164,38.884968],[1.435961,38.884968],[1.435741,38.884968]],[[1.421464,38.79159],[1.421495,38.791646],[1.42153,38.791668],[1.421559,38.791687],[1.421677,38.791685],[1.421686,38.791668],[1.421703,38.791635],[1.421723,38.791596],[1.42178,38.791578],[1.42183,38.79154],[1.421847,38.791494],[1.421841,38.79146],[1.421815,38.79143],[1.421748,38.791416],[1.421697,38.791386],[1.421654,38.791336],[1.421571,38.791289],[1.421471,38.791291],[1.421437,38.791345],[1.42139,38.791388],[1.421398,38.791427],[1.421419,38.791476],[1.421443,38.791527],[1.421464,38.79159]],[[1.431128,38.750263],[1.431173,38.750296],[1.431227,38.750311],[1.431302,38.7503],[1.431364,38.750267],[1.431411,38.750217],[1.43147,38.750163],[1.431523,38.750132],[1.431551,38.750099],[1.431534,38.750081],[1.431502,38.750053],[1.431472,38.750025],[1.431423,38.750001],[1.431417,38.749998],[1.431347,38.749993],[1.431287,38.749994],[1.431263,38.750001],[1.431206,38.750018],[1.431133,38.750044],[1.431079,38.750068],[1.431006,38.750112],[1.430952,38.750134],[1.430894,38.750161],[1.430867,38.750197],[1.430894,38.750224],[1.430961,38.75022],[1.431051,38.750226],[1.431128,38.750263]],[[1.428836,38.775821],[1.428912,38.775822],[1.42903,38.775796],[1.429089,38.775768],[1.429107,38.775714],[1.429184,38.775687],[1.429342,38.775697],[1.429405,38.775697],[1.429418,38.775651],[1.429403,38.775584],[1.42941,38.775548],[1.429472,38.775542],[1.429521,38.775538],[1.42962,38.775539],[1.429708,38.775536],[1.429729,38.775507],[1.429687,38.775502],[1.429591,38.775508],[1.4295,38.775507],[1.429437,38.775492],[1.429384,38.775518],[1.429365,38.775553],[1.429302,38.775552],[1.429261,38.775551],[1.429232,38.775525],[1.429233,38.775493],[1.429219,38.775461],[1.429252,38.775433],[1.429271,38.775401],[1.429267,38.775359],[1.429244,38.775339],[1.429194,38.775343],[1.429126,38.775297],[1.429065,38.775279],[1.429001,38.775288],[1.428936,38.775291],[1.428932,38.775324],[1.428968,38.775338],[1.429011,38.775359],[1.429053,38.775361],[1.429104,38.775363],[1.429119,38.775392],[1.429106,38.775424],[1.429061,38.775431],[1.42901,38.77544],[1.42899,38.775479],[1.429001,38.775511],[1.428984,38.775536],[1.428963,38.775561],[1.428993,38.775589],[1.429003,38.775619],[1.428953,38.775657],[1.42894,38.775687],[1.428904,38.775715],[1.428852,38.775715],[1.428821,38.775715],[1.428762,38.775767],[1.428758,38.775782],[1.428787,38.775807],[1.428836,38.775821]],[[1.429744,38.755533],[1.429757,38.755584],[1.429787,38.755619],[1.429829,38.755658],[1.429862,38.75569],[1.429908,38.755711],[1.429959,38.755714],[1.429979,38.755735],[1.430015,38.755738],[1.430037,38.755713],[1.43008,38.755708],[1.430142,38.755709],[1.430196,38.755721],[1.430235,38.755724],[1.430279,38.755704],[1.430314,38.755688],[1.430362,38.755682],[1.43043,38.755643],[1.43046,38.75562],[1.430474,38.755602],[1.430474,38.755564],[1.430448,38.755524],[1.430415,38.755485],[1.430371,38.755467],[1.430318,38.755434],[1.430242,38.75542],[1.430186,38.755431],[1.430133,38.755448],[1.430084,38.755434],[1.430005,38.755387],[1.429934,38.755379],[1.429891,38.755412],[1.429867,38.755441],[1.429805,38.755462],[1.429757,38.755484],[1.429744,38.755533]],[[1.434959,38.885042],[1.434958,38.885241],[1.434863,38.885296],[1.434752,38.88534],[1.434797,38.885473],[1.434971,38.885534],[1.435189,38.885469],[1.435426,38.885435],[1.435464,38.88532],[1.435338,38.885155],[1.435306,38.885024],[1.435191,38.884973],[1.435037,38.884951],[1.434959,38.885042]],[[1.405796,38.871483],[1.405796,38.871521],[1.405788,38.871543],[1.405757,38.871558],[1.405689,38.871547],[1.405622,38.871546],[1.405596,38.871554],[1.405567,38.871568],[1.405565,38.871589],[1.405566,38.871609],[1.405583,38.871623],[1.405636,38.871659],[1.405686,38.871708],[1.405726,38.871751],[1.405786,38.87181],[1.405848,38.871856],[1.405921,38.871895],[1.405979,38.871903],[1.406021,38.871909],[1.406071,38.87193],[1.406104,38.87196],[1.406127,38.871986],[1.406166,38.872023],[1.406202,38.872063],[1.40623,38.872094],[1.406275,38.872126],[1.406311,38.87215],[1.406348,38.872154],[1.406414,38.872124],[1.40644,38.872109],[1.406472,38.872106],[1.406505,38.872095],[1.406532,38.872076],[1.406554,38.872048],[1.40658,38.872018],[1.406558,38.871984],[1.406564,38.871952],[1.406597,38.871925],[1.406636,38.871887],[1.406637,38.871831],[1.406637,38.871793],[1.406638,38.871732],[1.406639,38.87169],[1.406619,38.871659],[1.406586,38.871604],[1.406564,38.871564],[1.406534,38.871541],[1.406483,38.871534],[1.406426,38.87153],[1.406373,38.871501],[1.406305,38.871479],[1.406231,38.871479],[1.406074,38.871477],[1.405993,38.871472],[1.405925,38.871439],[1.405878,38.871437],[1.405846,38.871443],[1.405803,38.871461],[1.405796,38.871483]],[[1.405353,38.830603],[1.405378,38.830629],[1.405369,38.830643],[1.405293,38.830666],[1.405246,38.830674],[1.405171,38.830678],[1.405157,38.830706],[1.405216,38.830753],[1.405209,38.830801],[1.405211,38.830877],[1.405233,38.830944],[1.405277,38.830952],[1.405307,38.830918],[1.405304,38.830876],[1.405332,38.830843],[1.405364,38.830853],[1.405412,38.830854],[1.405467,38.830888],[1.405434,38.830927],[1.405405,38.830971],[1.40544,38.830997],[1.405494,38.830996],[1.405578,38.830993],[1.405655,38.831006],[1.405686,38.831],[1.405762,38.830976],[1.405818,38.830949],[1.405871,38.830926],[1.405898,38.83089],[1.405891,38.83086],[1.405837,38.830845],[1.405762,38.83085],[1.405726,38.830843],[1.405735,38.830818],[1.405692,38.830797],[1.405637,38.830783],[1.405613,38.830757],[1.405653,38.83074],[1.405704,38.830739],[1.405747,38.830713],[1.405783,38.830699],[1.405799,38.830672],[1.405801,38.830617],[1.405812,38.830579],[1.405849,38.830555],[1.405887,38.830531],[1.406022,38.830487],[1.406064,38.830461],[1.406051,38.830442],[1.406012,38.830392],[1.405944,38.830367],[1.405869,38.830365],[1.405856,38.830339],[1.405894,38.83033],[1.405941,38.83034],[1.406,38.830351],[1.406056,38.830349],[1.406099,38.830361],[1.40615,38.830373],[1.406233,38.830402],[1.406265,38.830384],[1.406305,38.830353],[1.406292,38.830324],[1.406235,38.830299],[1.406177,38.830291],[1.406133,38.830256],[1.406059,38.830252],[1.406027,38.830274],[1.406004,38.830264],[1.405978,38.830229],[1.405927,38.830226],[1.405871,38.830227],[1.40583,38.830251],[1.405818,38.830285],[1.40577,38.830313],[1.405723,38.830312],[1.40566,38.830317],[1.405623,38.830284],[1.405562,38.830274],[1.405504,38.830303],[1.405429,38.830302],[1.405421,38.830261],[1.405428,38.830229],[1.405458,38.830174],[1.405461,38.830131],[1.405412,38.830109],[1.405348,38.830139],[1.405286,38.83016],[1.405241,38.830205],[1.405204,38.830258],[1.405182,38.8303],[1.405133,38.830342],[1.405088,38.830393],[1.405099,38.830439],[1.405124,38.830479],[1.405113,38.830522],[1.405125,38.830544],[1.405206,38.830583],[1.405256,38.830594],[1.40529,38.830593],[1.405353,38.830603]],[[1.430588,38.751068],[1.430593,38.751117],[1.430583,38.751153],[1.430592,38.75119],[1.430622,38.751231],[1.430642,38.751277],[1.430642,38.751314],[1.430657,38.75136],[1.430695,38.751393],[1.430749,38.751417],[1.430809,38.751446],[1.430878,38.751467],[1.430968,38.75147],[1.431094,38.751472],[1.431171,38.751474],[1.431245,38.751456],[1.431325,38.751446],[1.431384,38.751441],[1.43144,38.75141],[1.431493,38.751364],[1.431546,38.751317],[1.431588,38.751268],[1.431605,38.751217],[1.431597,38.751157],[1.431558,38.751088],[1.431528,38.751024],[1.431485,38.750962],[1.431437,38.750933],[1.431356,38.750898],[1.431285,38.750882],[1.431199,38.750867],[1.431156,38.750866],[1.431117,38.750871],[1.43103,38.750846],[1.43092,38.750844],[1.430833,38.750851],[1.430766,38.750878],[1.430727,38.750894],[1.430659,38.750926],[1.430611,38.750973],[1.43059,38.751021],[1.430588,38.751068]],[[1.434539,38.884346],[1.434664,38.884313],[1.434824,38.884294],[1.434884,38.88417],[1.434878,38.884046],[1.434646,38.883731],[1.434498,38.883614],[1.434355,38.883582],[1.434202,38.883653],[1.43397,38.883708],[1.433902,38.883837],[1.43384,38.883963],[1.433877,38.884081],[1.434018,38.884091],[1.434046,38.884201],[1.434084,38.884283],[1.434154,38.884322],[1.434233,38.884409],[1.434375,38.884429],[1.434539,38.884346]],[[1.425521,38.77692],[1.425542,38.776942],[1.425631,38.77696],[1.425723,38.776981],[1.425745,38.776996],[1.425775,38.777005],[1.425819,38.776978],[1.425828,38.776952],[1.425801,38.776933],[1.425828,38.776914],[1.42581,38.77689],[1.425821,38.776873],[1.425876,38.776876],[1.425916,38.776889],[1.425948,38.776918],[1.425956,38.776924],[1.425986,38.776927],[1.426068,38.776906],[1.42609,38.776902],[1.426161,38.776916],[1.426243,38.776904],[1.426279,38.776873],[1.426323,38.776829],[1.426359,38.776817],[1.426416,38.776807],[1.426465,38.776809],[1.426499,38.776769],[1.426529,38.776755],[1.4266,38.776773],[1.426684,38.776778],[1.426709,38.776774],[1.426707,38.776734],[1.426726,38.776736],[1.426769,38.776735],[1.426814,38.776706],[1.426879,38.776721],[1.426914,38.776718],[1.426945,38.776656],[1.426935,38.776613],[1.426906,38.776572],[1.426953,38.776575],[1.427004,38.776597],[1.42704,38.776574],[1.427067,38.776564],[1.427119,38.776552],[1.427202,38.776517],[1.427235,38.776483],[1.427241,38.776458],[1.427261,38.776443],[1.427313,38.776427],[1.427364,38.776427],[1.427395,38.776404],[1.427382,38.776383],[1.427344,38.776387],[1.42733,38.776371],[1.427377,38.776357],[1.42742,38.776358],[1.427421,38.776334],[1.427399,38.77633],[1.427329,38.77631],[1.427311,38.776275],[1.427271,38.776224],[1.427223,38.77618],[1.427183,38.776141],[1.427119,38.776096],[1.427032,38.776071],[1.426974,38.7761],[1.426913,38.77614],[1.426858,38.776199],[1.426813,38.776262],[1.426775,38.776347],[1.426687,38.776382],[1.42662,38.776358],[1.426574,38.776344],[1.426538,38.776354],[1.426482,38.776424],[1.426503,38.776458],[1.426549,38.776487],[1.426559,38.7765],[1.426553,38.776536],[1.426485,38.776556],[1.426395,38.776544],[1.426346,38.776554],[1.426329,38.77659],[1.426319,38.776637],[1.426265,38.776643],[1.426208,38.776618],[1.426165,38.776596],[1.426147,38.776571],[1.426114,38.776551],[1.426079,38.776559],[1.426024,38.77658],[1.425971,38.776622],[1.425922,38.776631],[1.425864,38.776661],[1.425823,38.776666],[1.425798,38.776689],[1.425759,38.776734],[1.425729,38.776727],[1.425712,38.776754],[1.425676,38.776803],[1.42561,38.776815],[1.425569,38.776838],[1.425549,38.776874],[1.425521,38.77692]],[[1.406988,38.826796],[1.40699,38.826821],[1.407016,38.826851],[1.407054,38.826885],[1.407079,38.826939],[1.407081,38.826988],[1.40708,38.827018],[1.407099,38.827045],[1.407107,38.827067],[1.407121,38.827074],[1.407161,38.827099],[1.407211,38.827133],[1.407266,38.827163],[1.407276,38.82719],[1.407308,38.827223],[1.40735,38.827236],[1.407397,38.827232],[1.407453,38.82721],[1.40749,38.827209],[1.40754,38.82718],[1.407556,38.827143],[1.407589,38.827121],[1.407625,38.827122],[1.407661,38.827112],[1.407689,38.827083],[1.407708,38.82705],[1.407733,38.827024],[1.407753,38.827005],[1.407801,38.826997],[1.407827,38.827018],[1.407826,38.827058],[1.407832,38.827092],[1.407859,38.827095],[1.40789,38.827099],[1.407921,38.827079],[1.407917,38.827048],[1.407902,38.827017],[1.407893,38.82699],[1.407907,38.826973],[1.407944,38.826962],[1.407976,38.826942],[1.408003,38.826938],[1.408066,38.826904],[1.408055,38.82687],[1.408024,38.826868],[1.40799,38.826849],[1.407913,38.82686],[1.407867,38.826853],[1.407842,38.826827],[1.40784,38.826788],[1.407807,38.826753],[1.407777,38.826722],[1.407778,38.82669],[1.407778,38.826658],[1.407799,38.826609],[1.407832,38.826587],[1.407875,38.826559],[1.407916,38.826532],[1.407954,38.826526],[1.407999,38.826555],[1.40805,38.826589],[1.408077,38.826574],[1.408104,38.826533],[1.408099,38.826518],[1.408027,38.826504],[1.408001,38.826465],[1.408045,38.826465],[1.408081,38.826438],[1.408136,38.826427],[1.408172,38.826415],[1.408179,38.826387],[1.408183,38.826361],[1.408168,38.826328],[1.408186,38.826309],[1.408229,38.826302],[1.408278,38.826302],[1.408292,38.826286],[1.408223,38.826275],[1.408146,38.826254],[1.408061,38.826227],[1.407998,38.8262],[1.407936,38.82616],[1.407902,38.826142],[1.407827,38.826088],[1.407793,38.82604],[1.407758,38.825999],[1.407739,38.826],[1.407726,38.826029],[1.407702,38.826082],[1.407709,38.826129],[1.407728,38.826164],[1.407759,38.826213],[1.407766,38.826273],[1.407766,38.826335],[1.407761,38.826389],[1.407771,38.826421],[1.407788,38.82646],[1.407745,38.826494],[1.407681,38.826495],[1.407603,38.826512],[1.407551,38.826524],[1.407487,38.826523],[1.407435,38.826529],[1.40739,38.826517],[1.407337,38.826508],[1.407293,38.826526],[1.407237,38.826534],[1.407191,38.826538],[1.407152,38.826559],[1.407144,38.826586],[1.407171,38.826607],[1.407199,38.826608],[1.407247,38.826612],[1.407275,38.826632],[1.407296,38.826666],[1.407298,38.826687],[1.407284,38.826707],[1.407271,38.826712],[1.407233,38.826724],[1.407198,38.826732],[1.407125,38.82673],[1.40705,38.826745],[1.40701,38.826769],[1.406988,38.826796]],[[1.405041,38.814008],[1.405071,38.813984],[1.405101,38.813953],[1.405109,38.813933],[1.405181,38.813904],[1.405191,38.813863],[1.405168,38.813835],[1.40514,38.813791],[1.405063,38.813771],[1.405019,38.813751],[1.405002,38.813737],[1.404937,38.813734],[1.404864,38.813755],[1.404807,38.813754],[1.40473,38.81375],[1.404663,38.813764],[1.404635,38.813807],[1.404604,38.813818],[1.404533,38.813851],[1.40448,38.813851],[1.404468,38.813834],[1.404468,38.813813],[1.404441,38.813809],[1.404375,38.813821],[1.404315,38.813846],[1.404255,38.813848],[1.404209,38.813854],[1.404156,38.813886],[1.404156,38.813928],[1.404166,38.813966],[1.404108,38.813974],[1.404045,38.813976],[1.404022,38.813963],[1.403974,38.81395],[1.403927,38.813951],[1.403889,38.813975],[1.403879,38.814023],[1.403855,38.814061],[1.403776,38.814068],[1.403673,38.814089],[1.403621,38.814104],[1.403574,38.814097],[1.403527,38.814096],[1.403473,38.814093],[1.403452,38.814071],[1.40343,38.814052],[1.40343,38.814037],[1.403399,38.814025],[1.40337,38.814017],[1.403282,38.814016],[1.403217,38.814017],[1.40315,38.814028],[1.403081,38.814027],[1.403023,38.814036],[1.402954,38.814035],[1.402881,38.814034],[1.402822,38.814034],[1.402784,38.814058],[1.40273,38.814119],[1.402733,38.814162],[1.402737,38.814216],[1.402773,38.814276],[1.402819,38.814302],[1.402833,38.814351],[1.402873,38.814369],[1.402913,38.814354],[1.402914,38.814305],[1.402914,38.81426],[1.402921,38.814222],[1.402951,38.814205],[1.403002,38.814206],[1.403049,38.814203],[1.403082,38.81419],[1.403119,38.814186],[1.403158,38.814187],[1.40319,38.8142],[1.403217,38.814218],[1.403261,38.81426],[1.403269,38.814294],[1.403295,38.814308],[1.403326,38.814314],[1.403364,38.814322],[1.403373,38.814351],[1.403373,38.814386],[1.4034,38.814412],[1.403443,38.814429],[1.403483,38.81444],[1.403518,38.814454],[1.403556,38.814463],[1.403584,38.814451],[1.403627,38.814447],[1.403651,38.814451],[1.403669,38.814462],[1.403668,38.814505],[1.403667,38.814543],[1.403675,38.814576],[1.403707,38.814599],[1.403739,38.814603],[1.403768,38.81459],[1.403804,38.814568],[1.403853,38.814538],[1.403902,38.814496],[1.403924,38.814454],[1.403925,38.81442],[1.40389,38.814288],[1.403915,38.814267],[1.403973,38.814315],[1.404012,38.814344],[1.404059,38.814373],[1.404083,38.814416],[1.404102,38.814457],[1.40413,38.814461],[1.404165,38.814454],[1.404196,38.814401],[1.404204,38.814349],[1.404207,38.814315],[1.404212,38.814285],[1.404247,38.814275],[1.404296,38.814249],[1.404363,38.81424],[1.404418,38.814241],[1.404458,38.814241],[1.404485,38.814232],[1.404522,38.814212],[1.404567,38.814212],[1.404583,38.814186],[1.404567,38.814163],[1.404541,38.814137],[1.404555,38.814122],[1.404579,38.814123],[1.404594,38.814132],[1.404632,38.814148],[1.404667,38.81414],[1.40471,38.814115],[1.404755,38.814096],[1.404817,38.81411],[1.404839,38.814144],[1.404884,38.814165],[1.404914,38.814156],[1.404926,38.814103],[1.404985,38.814079],[1.405077,38.81409],[1.405095,38.814064],[1.405041,38.814008]],[[1.438641,38.888731],[1.438786,38.888688],[1.438808,38.888488],[1.438902,38.888315],[1.438963,38.888161],[1.439047,38.888032],[1.438997,38.887851],[1.438825,38.88776],[1.438675,38.887697],[1.438485,38.887611],[1.438235,38.887596],[1.438031,38.887621],[1.437893,38.887765],[1.43784,38.887905],[1.437848,38.888081],[1.437994,38.888238],[1.438254,38.888348],[1.438383,38.888384],[1.438367,38.888496],[1.438252,38.888572],[1.43828,38.88869],[1.438448,38.888736],[1.438641,38.888731]],[[1.429908,38.753808],[1.429941,38.753846],[1.429983,38.753871],[1.429995,38.753912],[1.429977,38.753951],[1.429939,38.753992],[1.429899,38.754028],[1.429857,38.75403],[1.429824,38.754061],[1.429822,38.754092],[1.429838,38.754139],[1.429866,38.754204],[1.429886,38.754261],[1.42992,38.754305],[1.429954,38.754363],[1.429952,38.75441],[1.42995,38.754453],[1.429983,38.754496],[1.430053,38.754568],[1.430128,38.754625],[1.430193,38.754663],[1.430266,38.754694],[1.430352,38.754701],[1.430435,38.754703],[1.430506,38.754704],[1.430577,38.754691],[1.430638,38.754665],[1.430678,38.754621],[1.430721,38.754591],[1.430778,38.754541],[1.430833,38.754488],[1.430869,38.754443],[1.430887,38.754385],[1.430884,38.754316],[1.430886,38.754296],[1.430888,38.754268],[1.430902,38.754216],[1.430914,38.754158],[1.430912,38.75412],[1.430931,38.754088],[1.430939,38.754044],[1.430907,38.754],[1.430904,38.753961],[1.430902,38.753935],[1.430938,38.753881],[1.43098,38.753869],[1.431021,38.753845],[1.431069,38.753804],[1.431119,38.753779],[1.431168,38.753764],[1.431212,38.753729],[1.431255,38.753687],[1.431337,38.75361],[1.43138,38.753563],[1.431371,38.753507],[1.431333,38.753464],[1.431225,38.753482],[1.431128,38.753499],[1.431085,38.753481],[1.43105,38.75344],[1.431006,38.753376],[1.430982,38.753321],[1.43094,38.753274],[1.430883,38.753261],[1.430836,38.753261],[1.430771,38.753301],[1.430708,38.753345],[1.430644,38.75335],[1.430607,38.753382],[1.430587,38.753409],[1.430525,38.753433],[1.430494,38.753419],[1.430442,38.753409],[1.430301,38.75346],[1.430213,38.753498],[1.430143,38.753529],[1.430095,38.753593],[1.430033,38.753669],[1.429976,38.753709],[1.429934,38.753751],[1.429908,38.753808]],[[1.417261,38.774974],[1.417302,38.774956],[1.417385,38.7749],[1.417458,38.774842],[1.417514,38.774789],[1.417558,38.774751],[1.41759,38.774699],[1.417616,38.774663],[1.417635,38.774627],[1.417642,38.774557],[1.417642,38.774482],[1.417635,38.774408],[1.417606,38.774338],[1.417563,38.774257],[1.417514,38.774172],[1.417475,38.774103],[1.417429,38.774057],[1.417385,38.773999],[1.417334,38.773957],[1.417329,38.773917],[1.417297,38.773872],[1.41725,38.773822],[1.417206,38.773771],[1.417159,38.773727],[1.417099,38.773692],[1.417041,38.773658],[1.416975,38.773634],[1.416912,38.773625],[1.416857,38.773603],[1.416788,38.773588],[1.41673,38.773573],[1.416654,38.773542],[1.416587,38.77355],[1.416523,38.773571],[1.416434,38.773556],[1.416338,38.773529],[1.41625,38.773522],[1.416139,38.773497],[1.416016,38.773462],[1.415959,38.773468],[1.415949,38.773474],[1.415958,38.77352],[1.415997,38.773584],[1.41602,38.773639],[1.416037,38.773696],[1.416081,38.773762],[1.416116,38.773791],[1.416167,38.773842],[1.416198,38.773916],[1.416211,38.773975],[1.416209,38.774028],[1.416211,38.77409],[1.416249,38.774136],[1.416305,38.774226],[1.416323,38.774281],[1.416343,38.774312],[1.416386,38.77433],[1.416448,38.774324],[1.416507,38.774326],[1.416535,38.774362],[1.416535,38.774401],[1.416611,38.774453],[1.416661,38.774451],[1.41671,38.774486],[1.41677,38.774534],[1.416844,38.774601],[1.416892,38.774663],[1.416932,38.774709],[1.41699,38.774732],[1.417036,38.774766],[1.417075,38.774817],[1.417101,38.774879],[1.41714,38.774921],[1.417155,38.774966],[1.417195,38.774987],[1.417261,38.774974]],[[1.40413,38.815839],[1.4041,38.815801],[1.404101,38.81576],[1.404091,38.815729],[1.404053,38.815696],[1.404033,38.815665],[1.40401,38.815652],[1.403955,38.815653],[1.403911,38.815657],[1.403848,38.815659],[1.403762,38.815658],[1.403729,38.815659],[1.403665,38.815677],[1.403579,38.815696],[1.403523,38.8157],[1.40344,38.815698],[1.403361,38.815693],[1.403288,38.815693],[1.403206,38.815722],[1.403127,38.815737],[1.403049,38.815767],[1.402962,38.815772],[1.402881,38.815775],[1.402806,38.815775],[1.402779,38.815787],[1.402776,38.815817],[1.402751,38.815827],[1.402696,38.815811],[1.402633,38.815797],[1.402568,38.815799],[1.402503,38.815793],[1.402459,38.815793],[1.402398,38.81582],[1.40237,38.815855],[1.402382,38.815872],[1.402403,38.815902],[1.402421,38.815933],[1.402455,38.815933],[1.402468,38.815913],[1.402479,38.815892],[1.402495,38.815879],[1.402518,38.815884],[1.402557,38.815907],[1.402584,38.81595],[1.402629,38.815976],[1.402625,38.816002],[1.402613,38.816028],[1.402609,38.81606],[1.402593,38.816082],[1.402569,38.816104],[1.40255,38.816115],[1.40253,38.816115],[1.402501,38.816115],[1.40246,38.816099],[1.402433,38.816072],[1.402397,38.816057],[1.40237,38.81607],[1.402356,38.816105],[1.402356,38.816125],[1.402379,38.816144],[1.40242,38.81616],[1.402465,38.816175],[1.402515,38.816199],[1.402548,38.816219],[1.402599,38.816254],[1.402652,38.816276],[1.402669,38.816295],[1.402654,38.816312],[1.402627,38.816321],[1.402595,38.816329],[1.402571,38.816345],[1.402582,38.816358],[1.40261,38.816371],[1.402678,38.816386],[1.402759,38.816397],[1.402963,38.816407],[1.403005,38.816391],[1.403053,38.816388],[1.403105,38.816404],[1.403173,38.816425],[1.403235,38.816444],[1.403277,38.81645],[1.403305,38.816443],[1.403332,38.81644],[1.403357,38.816423],[1.403361,38.816404],[1.403351,38.816403],[1.40335,38.816401],[1.403297,38.816401],[1.40325,38.81639],[1.40324,38.816376],[1.403257,38.816369],[1.403276,38.81635],[1.403315,38.816334],[1.403342,38.816335],[1.403377,38.816347],[1.403422,38.816369],[1.403457,38.816377],[1.403468,38.816364],[1.403483,38.816336],[1.403513,38.816334],[1.403527,38.816353],[1.403532,38.81638],[1.403561,38.816398],[1.403574,38.816381],[1.403601,38.81638],[1.403621,38.816393],[1.403607,38.816411],[1.403605,38.816444],[1.403611,38.816477],[1.403628,38.816491],[1.403654,38.816475],[1.403657,38.816444],[1.403665,38.816414],[1.403682,38.81641],[1.403714,38.816401],[1.40377,38.816419],[1.403799,38.816421],[1.403826,38.816426],[1.403861,38.816449],[1.403865,38.816479],[1.403885,38.816521],[1.403917,38.816516],[1.403956,38.816497],[1.403993,38.81652],[1.403992,38.816553],[1.403998,38.816594],[1.404008,38.816609],[1.404047,38.816607],[1.404067,38.816616],[1.40408,38.816645],[1.404079,38.816677],[1.404085,38.81671],[1.404108,38.816726],[1.404144,38.816727],[1.404194,38.816739],[1.4042,38.816774],[1.404235,38.81679],[1.40427,38.816819],[1.404297,38.816834],[1.4043,38.816831],[1.404308,38.816834],[1.404326,38.816805],[1.404325,38.816777],[1.404315,38.816724],[1.404332,38.816694],[1.40435,38.816695],[1.404367,38.816705],[1.404387,38.816716],[1.404406,38.816721],[1.40444,38.816715],[1.404461,38.816722],[1.404481,38.816736],[1.40452,38.816743],[1.404552,38.816732],[1.404567,38.816722],[1.404567,38.816703],[1.404546,38.816659],[1.404533,38.816611],[1.404492,38.816555],[1.404471,38.816505],[1.404472,38.816457],[1.404493,38.816419],[1.404508,38.816363],[1.404528,38.816303],[1.404536,38.816251],[1.404536,38.816201],[1.404537,38.816138],[1.40451,38.81609],[1.404476,38.816042],[1.404437,38.815998],[1.404405,38.81595],[1.404393,38.815911],[1.404358,38.815902],[1.404341,38.815889],[1.404319,38.815874],[1.404259,38.815852],[1.404193,38.81585],[1.40413,38.815839]],[[1.416911,38.794057],[1.416925,38.794123],[1.416935,38.794179],[1.416936,38.794247],[1.416868,38.794384],[1.41683,38.794482],[1.41682,38.794584],[1.416792,38.79472],[1.416804,38.794789],[1.416833,38.794847],[1.416897,38.794911],[1.417,38.794941],[1.4171,38.794963],[1.41719,38.794973],[1.417312,38.794973],[1.417416,38.794963],[1.417493,38.794932],[1.41751,38.794916],[1.417603,38.794881],[1.417661,38.794852],[1.417736,38.794784],[1.417852,38.794716],[1.417949,38.794653],[1.418026,38.794594],[1.41814,38.794517],[1.418237,38.794437],[1.418318,38.794351],[1.418368,38.794292],[1.418402,38.794244],[1.418381,38.794209],[1.418373,38.79419],[1.418407,38.794148],[1.418391,38.794118],[1.418455,38.794048],[1.418498,38.793968],[1.418535,38.793911],[1.418609,38.793897],[1.41871,38.793885],[1.418795,38.79382],[1.418841,38.793736],[1.418873,38.793657],[1.418986,38.793578],[1.419048,38.793498],[1.419096,38.793422],[1.41914,38.793395],[1.419235,38.793402],[1.41928,38.793362],[1.41933,38.793299],[1.419458,38.793177],[1.419534,38.793057],[1.419692,38.792942],[1.419841,38.792754],[1.419881,38.792663],[1.419893,38.792388],[1.419848,38.792328],[1.419789,38.792257],[1.419775,38.792188],[1.419771,38.792128],[1.419778,38.792058],[1.419812,38.791971],[1.419841,38.791912],[1.419894,38.791866],[1.419957,38.791846],[1.420006,38.791831],[1.420026,38.791782],[1.420027,38.791738],[1.420037,38.79167],[1.420037,38.791668],[1.420033,38.79162],[1.42,38.791605],[1.419913,38.791585],[1.419832,38.791564],[1.41974,38.791563],[1.419646,38.791617],[1.419561,38.791646],[1.419468,38.791655],[1.419395,38.791635],[1.419368,38.791594],[1.419369,38.791579],[1.419359,38.791545],[1.419234,38.791501],[1.419124,38.791459],[1.419077,38.791454],[1.41906,38.791488],[1.419048,38.791562],[1.419041,38.791609],[1.419046,38.791639],[1.419081,38.791663],[1.419081,38.791668],[1.41908,38.791701],[1.419044,38.791722],[1.419006,38.791717],[1.418946,38.791727],[1.41895,38.791767],[1.418912,38.791779],[1.418861,38.791775],[1.418792,38.791788],[1.418744,38.791777],[1.418626,38.791743],[1.418558,38.791755],[1.418506,38.791737],[1.41841,38.791716],[1.418351,38.791739],[1.418374,38.79177],[1.418358,38.791787],[1.418292,38.791781],[1.418268,38.791819],[1.418256,38.79186],[1.418285,38.791874],[1.418336,38.791873],[1.418375,38.791872],[1.418372,38.791899],[1.418309,38.791934],[1.418258,38.791993],[1.418149,38.792055],[1.417999,38.792109],[1.417892,38.792134],[1.417796,38.792133],[1.417736,38.792139],[1.417717,38.792195],[1.417699,38.792237],[1.417704,38.792278],[1.417673,38.792317],[1.41768,38.792367],[1.417688,38.792418],[1.417625,38.792431],[1.417475,38.792452],[1.417364,38.792485],[1.417325,38.792524],[1.41734,38.79257],[1.417384,38.792615],[1.417373,38.792633],[1.417371,38.792672],[1.417416,38.792735],[1.41746,38.792811],[1.417474,38.792888],[1.417473,38.792948],[1.417498,38.792987],[1.41755,38.793024],[1.417603,38.793087],[1.417594,38.793122],[1.417574,38.793192],[1.417594,38.793241],[1.417596,38.793301],[1.417579,38.793354],[1.417503,38.793381],[1.417487,38.793417],[1.417504,38.793459],[1.417473,38.793475],[1.41742,38.793451],[1.417379,38.793456],[1.41736,38.793486],[1.417387,38.793509],[1.41743,38.793537],[1.417419,38.793562],[1.41739,38.793567],[1.417385,38.793596],[1.417403,38.793637],[1.417431,38.79367],[1.41743,38.793723],[1.417418,38.793763],[1.417401,38.793801],[1.417376,38.793827],[1.417343,38.79383],[1.417262,38.793804],[1.417203,38.793771],[1.417138,38.793766],[1.417089,38.793769],[1.417039,38.793794],[1.416983,38.793857],[1.416953,38.793972],[1.416911,38.794057]],[[1.409808,38.81868],[1.409808,38.818728],[1.409856,38.818763],[1.409895,38.818757],[1.409942,38.818735],[1.409985,38.818739],[1.41004,38.818751],[1.41007,38.818725],[1.410089,38.818671],[1.410064,38.818632],[1.410015,38.818619],[1.409984,38.818595],[1.409992,38.818567],[1.41001,38.818542],[1.410042,38.818526],[1.410058,38.818541],[1.410089,38.818562],[1.410112,38.81854],[1.410119,38.818512],[1.410129,38.818466],[1.410167,38.818443],[1.410213,38.818425],[1.410252,38.818451],[1.410256,38.818495],[1.410297,38.818518],[1.410333,38.818501],[1.410334,38.818466],[1.410347,38.81844],[1.410359,38.818411],[1.410326,38.818392],[1.410272,38.818382],[1.410266,38.818352],[1.410311,38.818322],[1.410356,38.818322],[1.410417,38.818294],[1.410465,38.81827],[1.410497,38.818272],[1.410529,38.81829],[1.410549,38.818314],[1.410589,38.818334],[1.410647,38.81834],[1.410714,38.81832],[1.41076,38.818314],[1.410812,38.818299],[1.410826,38.818301],[1.410909,38.818297],[1.410934,38.818252],[1.410978,38.818222],[1.411005,38.818194],[1.410991,38.81817],[1.410962,38.818149],[1.410931,38.818111],[1.410931,38.818074],[1.410916,38.818046],[1.410903,38.818043],[1.410829,38.817982],[1.410826,38.817951],[1.410846,38.817917],[1.410841,38.817879],[1.410833,38.817852],[1.410827,38.817829],[1.410797,38.817796],[1.410806,38.817765],[1.41083,38.817751],[1.410868,38.817753],[1.410917,38.817755],[1.410951,38.817786],[1.41096,38.817825],[1.410957,38.817871],[1.411007,38.817891],[1.41108,38.817893],[1.411137,38.817878],[1.411204,38.817876],[1.411231,38.817854],[1.411211,38.817827],[1.411166,38.817791],[1.41112,38.81779],[1.411076,38.817771],[1.411028,38.817716],[1.411031,38.817675],[1.411061,38.817657],[1.411089,38.817618],[1.41109,38.817565],[1.411092,38.817513],[1.411074,38.817484],[1.411034,38.817451],[1.411021,38.817418],[1.41105,38.817395],[1.411077,38.817393],[1.41109,38.817387],[1.41116,38.817395],[1.411159,38.817431],[1.411181,38.817477],[1.411181,38.817524],[1.411217,38.817552],[1.411254,38.817563],[1.411289,38.817563],[1.4113,38.817538],[1.411272,38.817506],[1.411251,38.817471],[1.411207,38.817443],[1.411191,38.817413],[1.411221,38.817391],[1.411258,38.817409],[1.411288,38.817412],[1.411313,38.817411],[1.411349,38.817371],[1.411379,38.817357],[1.411423,38.817348],[1.411455,38.817324],[1.411455,38.817298],[1.411456,38.817259],[1.411457,38.817217],[1.41146,38.817187],[1.411488,38.817156],[1.411476,38.817123],[1.411439,38.817082],[1.411455,38.817062],[1.4115,38.817038],[1.41155,38.817035],[1.411614,38.817038],[1.411659,38.817035],[1.411716,38.817016],[1.411778,38.817017],[1.411804,38.817005],[1.411795,38.816974],[1.411744,38.816969],[1.411695,38.816941],[1.411654,38.816933],[1.411638,38.816908],[1.411608,38.816868],[1.411576,38.816841],[1.411516,38.816838],[1.411464,38.816836],[1.411432,38.816821],[1.411432,38.816799],[1.41146,38.816768],[1.411495,38.816748],[1.411529,38.816741],[1.411556,38.816729],[1.411558,38.816702],[1.411535,38.816696],[1.4115,38.816713],[1.411468,38.816726],[1.411442,38.816723],[1.41143,38.816687],[1.411431,38.816647],[1.411439,38.81659],[1.411461,38.816566],[1.411494,38.816534],[1.411494,38.816495],[1.411499,38.816444],[1.411516,38.816409],[1.41155,38.8164],[1.411569,38.816373],[1.411588,38.816324],[1.411623,38.816305],[1.411658,38.816273],[1.41166,38.816232],[1.411643,38.81621],[1.411612,38.816198],[1.411606,38.816152],[1.411636,38.816129],[1.411676,38.816094],[1.411692,38.816059],[1.411681,38.816004],[1.411672,38.815963],[1.411692,38.81592],[1.411703,38.815881],[1.411694,38.815843],[1.411658,38.815806],[1.411653,38.81577],[1.411663,38.815743],[1.411664,38.815695],[1.411678,38.815663],[1.411713,38.815651],[1.411742,38.815645],[1.411763,38.815643],[1.411801,38.815603],[1.411833,38.815566],[1.411859,38.815532],[1.411865,38.815487],[1.411903,38.815468],[1.411943,38.815436],[1.411931,38.815401],[1.411883,38.815394],[1.411872,38.815374],[1.41188,38.815329],[1.411896,38.815301],[1.411923,38.815303],[1.411943,38.815282],[1.411925,38.815263],[1.411917,38.815239],[1.411946,38.815212],[1.411967,38.815207],[1.411996,38.815196],[1.412007,38.815172],[1.411996,38.815122],[1.412007,38.815106],[1.412036,38.815094],[1.412035,38.815056],[1.412021,38.815025],[1.412022,38.815001],[1.412022,38.814973],[1.41198,38.814962],[1.411953,38.814937],[1.411957,38.814905],[1.411998,38.814899],[1.412014,38.81488],[1.411992,38.81484],[1.412016,38.814807],[1.412045,38.814794],[1.412089,38.814765],[1.412154,38.814759],[1.4122,38.81475],[1.41224,38.814717],[1.41225,38.814668],[1.412262,38.814662],[1.412304,38.814647],[1.412347,38.814608],[1.412388,38.814588],[1.412488,38.814547],[1.412424,38.814516],[1.412311,38.81455],[1.412274,38.814549],[1.412245,38.814496],[1.412222,38.814451],[1.412206,38.814416],[1.412188,38.814351],[1.412154,38.814319],[1.412138,38.814273],[1.412101,38.814248],[1.412044,38.814219],[1.411993,38.81421],[1.411959,38.814193],[1.411895,38.814186],[1.411866,38.814169],[1.41184,38.814134],[1.411806,38.814115],[1.4117,38.814133],[1.411651,38.814145],[1.411629,38.814134],[1.411614,38.814115],[1.411606,38.814066],[1.411584,38.814041],[1.411567,38.814018],[1.411569,38.813999],[1.411543,38.813966],[1.411498,38.813941],[1.411471,38.813913],[1.411462,38.813885],[1.411464,38.813868],[1.411473,38.813809],[1.411421,38.813787],[1.41138,38.813801],[1.411358,38.81383],[1.411334,38.813875],[1.411313,38.813899],[1.411248,38.813946],[1.411233,38.813973],[1.411241,38.813999],[1.411228,38.814029],[1.411197,38.814056],[1.411149,38.814055],[1.411113,38.814055],[1.411066,38.814083],[1.41106,38.814104],[1.411084,38.814133],[1.411086,38.814168],[1.411062,38.814204],[1.411029,38.814248],[1.411019,38.814281],[1.411019,38.814319],[1.411017,38.814356],[1.411003,38.814398],[1.410976,38.81443],[1.410939,38.814456],[1.410899,38.814487],[1.410873,38.814518],[1.410868,38.81457],[1.410835,38.81462],[1.410804,38.81467],[1.410762,38.814719],[1.410713,38.814771],[1.410692,38.814788],[1.410617,38.814845],[1.410601,38.814882],[1.410573,38.814926],[1.410525,38.814963],[1.41049,38.814979],[1.41046,38.814994],[1.410406,38.815009],[1.410372,38.815052],[1.410333,38.815101],[1.4103,38.815147],[1.410282,38.815191],[1.410245,38.815222],[1.410186,38.815244],[1.410114,38.815245],[1.410069,38.815258],[1.410029,38.815275],[1.409988,38.815319],[1.409983,38.815368],[1.409966,38.815401],[1.40993,38.81544],[1.409896,38.815469],[1.409863,38.815507],[1.409853,38.815534],[1.409853,38.81557],[1.409859,38.815607],[1.409837,38.815634],[1.409809,38.815668],[1.40978,38.815685],[1.409742,38.815707],[1.409735,38.815745],[1.409753,38.815771],[1.409773,38.815797],[1.409765,38.815839],[1.409731,38.815882],[1.409727,38.815928],[1.409701,38.81597],[1.409684,38.816006],[1.409647,38.816031],[1.409614,38.816063],[1.40959,38.816099],[1.409586,38.816129],[1.409585,38.816188],[1.409585,38.816236],[1.409578,38.816274],[1.409545,38.816294],[1.409512,38.816322],[1.409498,38.816366],[1.409514,38.816409],[1.409531,38.816446],[1.409552,38.816466],[1.40958,38.816496],[1.409608,38.816531],[1.409608,38.816568],[1.409607,38.816617],[1.4096,38.816647],[1.409578,38.816707],[1.409547,38.816743],[1.409524,38.816792],[1.409523,38.816843],[1.409527,38.816882],[1.409524,38.816906],[1.409498,38.816948],[1.409497,38.816984],[1.409485,38.81702],[1.409456,38.817038],[1.409417,38.817049],[1.409356,38.817073],[1.4093,38.817084],[1.409269,38.817092],[1.409242,38.817131],[1.409235,38.817176],[1.409251,38.817218],[1.40928,38.817258],[1.409293,38.817292],[1.409274,38.817312],[1.409232,38.817315],[1.409195,38.817315],[1.409176,38.817342],[1.409188,38.817369],[1.409188,38.817409],[1.409183,38.817457],[1.409206,38.81748],[1.409214,38.817501],[1.409192,38.817514],[1.409161,38.817521],[1.409128,38.817547],[1.40913,38.817568],[1.409143,38.817592],[1.409124,38.817623],[1.409095,38.817664],[1.40911,38.817709],[1.409148,38.817739],[1.409195,38.817766],[1.409213,38.817803],[1.409231,38.817837],[1.409279,38.817876],[1.409283,38.817914],[1.40928,38.817966],[1.409269,38.818006],[1.409254,38.818073],[1.409231,38.818116],[1.409253,38.818164],[1.409293,38.818204],[1.409328,38.818268],[1.409326,38.818319],[1.409316,38.818378],[1.409323,38.818416],[1.409374,38.818445],[1.409421,38.818492],[1.409437,38.818538],[1.409474,38.818574],[1.409497,38.818604],[1.409546,38.818625],[1.409593,38.818628],[1.409634,38.818617],[1.409676,38.818593],[1.409699,38.81858],[1.409735,38.81858],[1.409783,38.818595],[1.40981,38.818625],[1.409808,38.81868]]],[[[1.43607,38.758998],[1.436073,38.758979],[1.43607,38.758913],[1.436114,38.758887],[1.436126,38.758878],[1.436157,38.75883],[1.436173,38.758751],[1.436208,38.758684],[1.43624,38.758635],[1.436327,38.758471],[1.436353,38.758397],[1.43634,38.758315],[1.436318,38.758225],[1.436321,38.758144],[1.436307,38.758065],[1.436298,38.757986],[1.436287,38.757913],[1.436258,38.757883],[1.436242,38.757866],[1.436193,38.757794],[1.436177,38.757711],[1.436182,38.757619],[1.436193,38.75753],[1.436191,38.757428],[1.436172,38.757333],[1.436201,38.757279],[1.436245,38.75719],[1.436304,38.757119],[1.436347,38.757077],[1.436376,38.757013],[1.436409,38.756991],[1.436435,38.756961],[1.436401,38.75692],[1.436358,38.756879],[1.436342,38.756808],[1.436347,38.756736],[1.436355,38.756688],[1.436366,38.756627],[1.436443,38.756546],[1.436505,38.756545],[1.436528,38.756538],[1.436546,38.756533],[1.436605,38.756493],[1.436639,38.756436],[1.43666,38.756392],[1.436667,38.75633],[1.436715,38.75628],[1.436762,38.756268],[1.436774,38.756232],[1.436831,38.756152],[1.436896,38.756068],[1.436964,38.756006],[1.437039,38.755941],[1.437079,38.755886],[1.437098,38.755793],[1.437103,38.755735],[1.437131,38.755713],[1.437166,38.75572],[1.437193,38.755637],[1.437222,38.755578],[1.437192,38.755522],[1.437144,38.75548],[1.437069,38.755438],[1.436993,38.755391],[1.436978,38.755381],[1.436937,38.755321],[1.436921,38.755222],[1.436921,38.755221],[1.436905,38.755084],[1.436897,38.755019],[1.436882,38.754885],[1.436902,38.754702],[1.436953,38.754566],[1.437007,38.754449],[1.437011,38.754439],[1.437013,38.754425],[1.437042,38.754252],[1.437104,38.753993],[1.437135,38.753894],[1.437154,38.753788],[1.437185,38.753671],[1.437217,38.753529],[1.437235,38.753403],[1.437246,38.753318],[1.437249,38.753229],[1.437263,38.753118],[1.437293,38.753031],[1.437321,38.752925],[1.437349,38.752828],[1.437385,38.752715],[1.437413,38.752599],[1.437429,38.752516],[1.43745,38.752378],[1.437464,38.752273],[1.43747,38.752184],[1.437486,38.752103],[1.437511,38.752014],[1.437559,38.751851],[1.437594,38.751707],[1.437621,38.751558],[1.437645,38.751403],[1.437679,38.751184],[1.437731,38.750914],[1.437767,38.750797],[1.437779,38.750689],[1.437836,38.750532],[1.437884,38.75048],[1.437945,38.750443],[1.437968,38.750394],[1.437973,38.750326],[1.437932,38.750244],[1.437953,38.750031],[1.437997,38.749934],[1.438033,38.749905],[1.438088,38.749889],[1.43811,38.749866],[1.438139,38.749822],[1.438194,38.749729],[1.438206,38.749695],[1.438208,38.749614],[1.438236,38.749512],[1.438253,38.749417],[1.438262,38.749304],[1.438258,38.749242],[1.438265,38.749193],[1.438293,38.749091],[1.438337,38.749009],[1.438342,38.748915],[1.438336,38.748849],[1.438344,38.748766],[1.438377,38.748677],[1.438427,38.748554],[1.43846,38.748483],[1.438498,38.748387],[1.43857,38.748259],[1.438623,38.748153],[1.438649,38.748079],[1.438679,38.748005],[1.438685,38.747984],[1.438707,38.747905],[1.438739,38.747819],[1.438786,38.74773],[1.438846,38.747642],[1.438888,38.747591],[1.438901,38.747536],[1.438903,38.74747],[1.438902,38.747438],[1.438902,38.747419],[1.438902,38.747382],[1.438902,38.747331],[1.438913,38.747246],[1.438931,38.747117],[1.438954,38.746995],[1.438973,38.746889],[1.438999,38.74677],[1.439024,38.74666],[1.439063,38.74656],[1.439126,38.746455],[1.439136,38.746417],[1.439148,38.746368],[1.439146,38.746268],[1.439145,38.746214],[1.439145,38.746129],[1.439168,38.745987],[1.439221,38.745858],[1.439259,38.745613],[1.439347,38.745367],[1.439405,38.745234],[1.439453,38.745132],[1.439515,38.745022],[1.439524,38.744967],[1.439508,38.744845],[1.439532,38.744722],[1.439573,38.744581],[1.4396,38.744443],[1.439642,38.744284],[1.439708,38.744097],[1.439766,38.743961],[1.439839,38.743854],[1.439885,38.743784],[1.439931,38.743714],[1.440021,38.743604],[1.440098,38.743533],[1.440162,38.743493],[1.44025,38.743454],[1.440345,38.743457],[1.440456,38.743456],[1.440543,38.743481],[1.440573,38.743502],[1.440588,38.743533],[1.440585,38.743546],[1.440576,38.74357],[1.440565,38.743599],[1.440588,38.743652],[1.440648,38.743659],[1.440733,38.743632],[1.440783,38.743582],[1.44087,38.743538],[1.440909,38.743504],[1.440931,38.743461],[1.440983,38.743425],[1.441087,38.743384],[1.441137,38.743348],[1.441151,38.743316],[1.441143,38.743292],[1.441121,38.743267],[1.441078,38.743245],[1.441026,38.743247],[1.440923,38.743248],[1.440825,38.743232],[1.440674,38.743105],[1.440654,38.743082],[1.440573,38.742989],[1.440506,38.742867],[1.440483,38.74275],[1.440499,38.742601],[1.44055,38.742433],[1.44059,38.742286],[1.440638,38.742167],[1.440681,38.742018],[1.440723,38.741906],[1.440773,38.741795],[1.440829,38.741712],[1.440871,38.741649],[1.440907,38.741568],[1.440932,38.741492],[1.440953,38.741411],[1.440973,38.741291],[1.441007,38.7412],[1.441065,38.741109],[1.44114,38.741011],[1.441234,38.740923],[1.441308,38.740853],[1.441394,38.740775],[1.441482,38.740688],[1.44157,38.740638],[1.441665,38.740602],[1.441775,38.74058],[1.441865,38.740563],[1.441892,38.74057],[1.441902,38.740593],[1.441909,38.740613],[1.441921,38.740647],[1.441989,38.740654],[1.44209,38.740618],[1.44218,38.740587],[1.442227,38.740551],[1.442325,38.740539],[1.442423,38.740504],[1.44247,38.740479],[1.442484,38.740428],[1.442496,38.740383],[1.442477,38.740332],[1.442486,38.740274],[1.442468,38.740225],[1.442422,38.74021],[1.442325,38.740151],[1.442282,38.74011],[1.442241,38.740063],[1.442193,38.740061],[1.442132,38.74009],[1.442065,38.74006],[1.442,38.739965],[1.441985,38.739869],[1.441989,38.739801],[1.442031,38.739714],[1.442083,38.739661],[1.442171,38.739609],[1.442272,38.739592],[1.442356,38.739606],[1.442378,38.739623],[1.442369,38.73968],[1.442374,38.739723],[1.442447,38.739719],[1.442481,38.739671],[1.44253,38.739616],[1.442634,38.739587],[1.442728,38.73953],[1.442796,38.739469],[1.442841,38.739418],[1.442841,38.739375],[1.442831,38.739343],[1.442798,38.739313],[1.442747,38.739298],[1.442663,38.739299],[1.442605,38.739311],[1.442518,38.739353],[1.442439,38.739338],[1.442334,38.739254],[1.442289,38.739162],[1.442284,38.739072],[1.44231,38.738991],[1.442358,38.738896],[1.442452,38.738782],[1.442551,38.738706],[1.442644,38.738655],[1.442748,38.738618],[1.442865,38.738599],[1.442936,38.738598],[1.442955,38.738611],[1.442962,38.738651],[1.442984,38.738688],[1.442953,38.738734],[1.442966,38.738764],[1.443037,38.738754],[1.443103,38.73871],[1.443172,38.738674],[1.4432,38.738615],[1.443246,38.7386],[1.443371,38.738604],[1.443388,38.738593],[1.443364,38.738546],[1.443395,38.738474],[1.443387,38.738444],[1.443358,38.738388],[1.443309,38.738356],[1.443255,38.73834],[1.443195,38.738342],[1.443113,38.738352],[1.443027,38.738313],[1.442935,38.738248],[1.442908,38.738195],[1.442912,38.73811],[1.44296,38.738005],[1.443012,38.737948],[1.443067,38.737904],[1.443149,38.737868],[1.443179,38.73787],[1.443215,38.737871],[1.443343,38.737874],[1.443463,38.737843],[1.443509,38.737816],[1.443535,38.737767],[1.443567,38.737791],[1.443583,38.737823],[1.443613,38.737825],[1.443697,38.737811],[1.443801,38.737793],[1.443907,38.737768],[1.443987,38.737707],[1.444034,38.73765],[1.444144,38.737584],[1.444253,38.73753],[1.444338,38.737507],[1.444404,38.737469],[1.444495,38.737383],[1.444577,38.737334],[1.444676,38.737282],[1.444744,38.737242],[1.444778,38.737199],[1.444775,38.737167],[1.444754,38.737118],[1.444793,38.737042],[1.444832,38.737004],[1.444862,38.736963],[1.444871,38.73694],[1.444814,38.736931],[1.444762,38.736952],[1.444708,38.736926],[1.444637,38.73691],[1.444555,38.736914],[1.444495,38.736946],[1.444438,38.73693],[1.444344,38.73688],[1.444319,38.736858],[1.444279,38.736822],[1.444222,38.736798],[1.444144,38.736783],[1.444062,38.736774],[1.443991,38.736779],[1.44391,38.736745],[1.443862,38.73664],[1.443833,38.736571],[1.443843,38.73648],[1.443887,38.736401],[1.443937,38.736348],[1.443967,38.736332],[1.443994,38.73634],[1.444015,38.736381],[1.444053,38.736407],[1.444111,38.736386],[1.444149,38.736331],[1.444196,38.73628],[1.444216,38.736275],[1.444248,38.736268],[1.444268,38.736225],[1.44432,38.736215],[1.444377,38.736218],[1.444473,38.736169],[1.444555,38.736121],[1.444632,38.736041],[1.444674,38.735994],[1.444713,38.735922],[1.444722,38.735873],[1.444698,38.735809],[1.444696,38.735777],[1.444751,38.735713],[1.444793,38.73565],[1.444856,38.735603],[1.444892,38.735535],[1.444926,38.735431],[1.444956,38.735393],[1.445036,38.735379],[1.445096,38.735328],[1.445099,38.7353],[1.445149,38.735273],[1.445212,38.735231],[1.445201,38.735222],[1.445201,38.735199],[1.44524,38.735169],[1.445238,38.735099],[1.445252,38.735042],[1.445302,38.734984],[1.445346,38.73497],[1.445375,38.735006],[1.445433,38.734992],[1.445463,38.734943],[1.445504,38.734914],[1.445559,38.73492],[1.445627,38.734904],[1.445734,38.73486],[1.445789,38.734779],[1.445814,38.734737],[1.445834,38.734688],[1.44584,38.734626],[1.445803,38.734547],[1.445793,38.73446],[1.445813,38.734385],[1.44583,38.734326],[1.445848,38.734241],[1.445873,38.734207],[1.445919,38.734198],[1.44602,38.734191],[1.446085,38.734183],[1.446161,38.734209],[1.446237,38.734237],[1.44633,38.734249],[1.446398,38.734243],[1.446422,38.734237],[1.446433,38.734209],[1.446412,38.734173],[1.446372,38.73414],[1.446304,38.734125],[1.446209,38.73412],[1.446116,38.7341],[1.44609,38.734036],[1.446081,38.733921],[1.446129,38.733793],[1.446162,38.733714],[1.446185,38.733619],[1.446226,38.733604],[1.446294,38.733613],[1.446322,38.733592],[1.446326,38.733498],[1.446361,38.733473],[1.446406,38.733435],[1.446444,38.733403],[1.446526,38.733415],[1.446585,38.733453],[1.446618,38.733432],[1.446621,38.733405],[1.446673,38.733382],[1.446706,38.733335],[1.446707,38.73329],[1.446696,38.733258],[1.446678,38.733237],[1.446705,38.733211],[1.446724,38.733192],[1.446684,38.733124],[1.446639,38.733034],[1.446646,38.73297],[1.446711,38.732962],[1.446717,38.732926],[1.446693,38.732883],[1.446683,38.732836],[1.446818,38.732662],[1.446986,38.73251],[1.447094,38.732404],[1.447134,38.732426],[1.447194,38.732429],[1.447279,38.732383],[1.447358,38.732377],[1.447459,38.732343],[1.447509,38.732291],[1.447515,38.732242],[1.447546,38.732193],[1.447554,38.732165],[1.447517,38.732137],[1.447531,38.732105],[1.447582,38.732108],[1.44761,38.732095],[1.447635,38.732034],[1.447619,38.731984],[1.447576,38.731933],[1.447582,38.73191],[1.447628,38.731944],[1.447666,38.731959],[1.447737,38.731945],[1.447773,38.731877],[1.447812,38.731809],[1.447865,38.731739],[1.447857,38.731703],[1.447833,38.731632],[1.447812,38.731568],[1.447837,38.731534],[1.447873,38.731554],[1.447896,38.731599],[1.447954,38.731601],[1.448006,38.731542],[1.448058,38.731493],[1.448105,38.731445],[1.448163,38.731386],[1.448223,38.731377],[1.44828,38.731384],[1.448359,38.731379],[1.44846,38.731337],[1.448532,38.731278],[1.448588,38.731195],[1.448605,38.731127],[1.44861,38.731108],[1.448717,38.731081],[1.448818,38.731035],[1.448865,38.731003],[1.448939,38.730978],[1.448994,38.730947],[1.449005,38.73087],[1.449008,38.730859],[1.449077,38.730804],[1.449121,38.730771],[1.449111,38.730741],[1.449152,38.730694],[1.44925,38.730661],[1.449273,38.730614],[1.449314,38.730602],[1.449316,38.73064],[1.44934,38.730651],[1.449412,38.730581],[1.449451,38.73052],[1.449539,38.730469],[1.449837,38.730331],[1.450212,38.730178],[1.450509,38.730117],[1.45085,38.730085],[1.451119,38.730085],[1.451236,38.730093],[1.451391,38.730096],[1.451481,38.730093],[1.451529,38.730069],[1.45156,38.730112],[1.451584,38.730147],[1.451657,38.730158],[1.45169,38.73016],[1.451763,38.730174],[1.451781,38.730236],[1.451874,38.730243],[1.451933,38.730269],[1.451966,38.730301],[1.451976,38.730339],[1.451943,38.730382],[1.451896,38.730435],[1.451874,38.730471],[1.451906,38.730492],[1.452023,38.730461],[1.452138,38.730432],[1.452234,38.730365],[1.452279,38.730295],[1.452329,38.730206],[1.452354,38.730119],[1.452388,38.730021],[1.452422,38.729927],[1.452456,38.729834],[1.452447,38.729734],[1.452418,38.729595],[1.452419,38.729516],[1.452432,38.729414],[1.452477,38.729314],[1.452546,38.729223],[1.45259,38.729168],[1.452601,38.729155],[1.452654,38.729096],[1.452739,38.729037],[1.452848,38.728993],[1.452957,38.728966],[1.45305,38.72896],[1.453131,38.728972],[1.453199,38.728996],[1.453259,38.729017],[1.453296,38.72905],[1.453304,38.729103],[1.45327,38.729168],[1.453265,38.729179],[1.453223,38.729247],[1.453231,38.729299],[1.453281,38.729359],[1.453393,38.729402],[1.453471,38.729454],[1.45353,38.729501],[1.453608,38.729549],[1.453714,38.729584],[1.453765,38.729629],[1.453797,38.729674],[1.453815,38.729772],[1.453841,38.729836],[1.45389,38.729879],[1.453952,38.729933],[1.453989,38.729963],[1.454038,38.729983],[1.454104,38.729958],[1.454256,38.729955],[1.454298,38.729915],[1.454323,38.729844],[1.454351,38.729811],[1.454378,38.729796],[1.454465,38.729788],[1.454544,38.729825],[1.454617,38.72984],[1.454671,38.729856],[1.454712,38.72986],[1.454775,38.729831],[1.454784,38.729784],[1.454795,38.729744],[1.454853,38.729702],[1.454941,38.729649],[1.454967,38.72967],[1.45494,38.729711],[1.454947,38.72977],[1.455007,38.729809],[1.455003,38.729835],[1.455028,38.729848],[1.455096,38.729844],[1.455227,38.7298],[1.455301,38.729737],[1.455398,38.729694],[1.455433,38.729666],[1.455489,38.729625],[1.455527,38.729577],[1.455555,38.729543],[1.4556,38.729522],[1.455636,38.729487],[1.455638,38.729431],[1.455587,38.729384],[1.455569,38.729323],[1.455592,38.729279],[1.455598,38.729233],[1.455599,38.729174],[1.455602,38.729168],[1.455623,38.729135],[1.455665,38.729135],[1.455719,38.729134],[1.455759,38.729109],[1.455761,38.729071],[1.455798,38.72904],[1.455868,38.729021],[1.455909,38.729009],[1.455912,38.728956],[1.455932,38.728924],[1.455922,38.728877],[1.455864,38.728788],[1.455773,38.728752],[1.455716,38.728741],[1.455673,38.728711],[1.455615,38.728707],[1.455537,38.728714],[1.455464,38.728715],[1.455375,38.728699],[1.455313,38.72872],[1.455284,38.728752],[1.455234,38.728778],[1.455177,38.728779],[1.455099,38.728789],[1.45503,38.728765],[1.455002,38.728764],[1.454932,38.728776],[1.454877,38.728805],[1.454837,38.728832],[1.454778,38.728843],[1.454725,38.728851],[1.454685,38.728854],[1.454641,38.728853],[1.454616,38.728864],[1.45457,38.728861],[1.454507,38.72886],[1.454507,38.72886],[1.454442,38.728873],[1.454357,38.72887],[1.454295,38.728857],[1.454201,38.728784],[1.454115,38.728677],[1.454073,38.728585],[1.454044,38.728497],[1.454002,38.728371],[1.453984,38.728266],[1.453972,38.728158],[1.45396,38.728066],[1.453966,38.727991],[1.45398,38.727934],[1.454014,38.727872],[1.454047,38.727817],[1.454083,38.727762],[1.454114,38.727694],[1.454134,38.727639],[1.45417,38.727573],[1.454225,38.727503],[1.454308,38.72745],[1.454384,38.72743],[1.45445,38.727424],[1.454498,38.727441],[1.454536,38.727482],[1.45459,38.727529],[1.454622,38.727536],[1.454709,38.727532],[1.454772,38.727505],[1.454786,38.727473],[1.454768,38.727439],[1.454725,38.727415],[1.454662,38.727404],[1.454556,38.727393],[1.454437,38.727351],[1.454359,38.727302],[1.454316,38.727222],[1.454312,38.727122],[1.45433,38.727011],[1.454353,38.726894],[1.45439,38.726788],[1.454438,38.726667],[1.454472,38.726556],[1.454525,38.726448],[1.454597,38.726338],[1.454674,38.726245],[1.454795,38.726141],[1.454903,38.726055],[1.454996,38.725989],[1.455103,38.725941],[1.455226,38.725878],[1.455346,38.725843],[1.455447,38.725816],[1.455551,38.725795],[1.455655,38.725766],[1.455726,38.72572],[1.455763,38.725641],[1.455791,38.725556],[1.455872,38.72538],[1.455917,38.725246],[1.455984,38.725132],[1.456062,38.725036],[1.456075,38.725026],[1.456122,38.725002],[1.456167,38.724971],[1.456202,38.724955],[1.456257,38.724943],[1.456299,38.724935],[1.456344,38.724895],[1.456344,38.724832],[1.456339,38.72481],[1.45638,38.724794],[1.456404,38.724805],[1.456451,38.724796],[1.456511,38.724793],[1.456576,38.724772],[1.456627,38.72476],[1.456651,38.724735],[1.456692,38.7247],[1.456734,38.724678],[1.456768,38.724647],[1.456824,38.724613],[1.45686,38.724575],[1.456842,38.724548],[1.456824,38.724517],[1.45685,38.724521],[1.456921,38.724532],[1.45697,38.724549],[1.457016,38.724548],[1.457083,38.724544],[1.457155,38.724538],[1.457209,38.724514],[1.457264,38.724449],[1.457319,38.724399],[1.45738,38.724335],[1.457444,38.724275],[1.457498,38.724247],[1.457574,38.724211],[1.457621,38.724183],[1.457665,38.724124],[1.45771,38.724067],[1.457852,38.724025],[1.458081,38.723969],[1.45835,38.723971],[1.458592,38.724007],[1.458695,38.724032],[1.458787,38.724073],[1.458852,38.724122],[1.458897,38.724202],[1.458902,38.724268],[1.458892,38.724355],[1.458839,38.724463],[1.45883,38.724517],[1.458857,38.724555],[1.458903,38.724551],[1.458972,38.724516],[1.458986,38.724463],[1.45897,38.724426],[1.459015,38.724375],[1.45907,38.724335],[1.459152,38.724287],[1.459248,38.724226],[1.459275,38.7242],[1.459265,38.724179],[1.459154,38.724118],[1.459103,38.724092],[1.459116,38.724084],[1.459251,38.724158],[1.459329,38.724164],[1.459339,38.724139],[1.459353,38.724105],[1.459424,38.724099],[1.459521,38.724119],[1.459611,38.724131],[1.459698,38.724116],[1.459699,38.724061],[1.459681,38.724008],[1.459711,38.723989],[1.459809,38.723962],[1.459883,38.723937],[1.459954,38.723916],[1.460006,38.723874],[1.460059,38.723817],[1.460138,38.723802],[1.460211,38.723781],[1.460185,38.723702],[1.460202,38.723632],[1.460216,38.723602],[1.460231,38.72353],[1.46025,38.723517],[1.46028,38.723548],[1.460304,38.723548],[1.460316,38.723492],[1.460365,38.723467],[1.460436,38.723446],[1.460501,38.72346],[1.460545,38.723479],[1.46055,38.723511],[1.460547,38.723543],[1.460532,38.723586],[1.460545,38.723682],[1.460567,38.723671],[1.460559,38.723603],[1.460592,38.723612],[1.460676,38.723649],[1.460762,38.723724],[1.46081,38.723761],[1.460862,38.723787],[1.46091,38.723769],[1.461001,38.72373],[1.461127,38.723729],[1.461173,38.723733],[1.461241,38.723731],[1.461314,38.723691],[1.461376,38.723677],[1.461412,38.723702],[1.461469,38.723718],[1.461534,38.723689],[1.461582,38.723706],[1.461601,38.723747],[1.461676,38.723734],[1.46171,38.723683],[1.461736,38.723629],[1.461823,38.723603],[1.461864,38.723566],[1.461918,38.72355],[1.461981,38.723564],[1.46215,38.72358],[1.462221,38.723588],[1.462281,38.723566],[1.462293,38.723495],[1.462326,38.72347],[1.462412,38.723482],[1.462481,38.723472],[1.46267,38.723501],[1.462732,38.723507],[1.462811,38.72348],[1.46284,38.723426],[1.462813,38.723399],[1.462776,38.723338],[1.462765,38.723303],[1.462808,38.723286],[1.462827,38.723237],[1.462783,38.723216],[1.462694,38.723193],[1.46268,38.723137],[1.462705,38.723088],[1.462758,38.723066],[1.462805,38.723064],[1.462822,38.722987],[1.462813,38.722928],[1.46277,38.722856],[1.462761,38.722813],[1.462821,38.722797],[1.46289,38.722777],[1.462939,38.722744],[1.463017,38.722739],[1.463083,38.722741],[1.463139,38.722742],[1.463182,38.722752],[1.463204,38.72278],[1.463232,38.722771],[1.46326,38.722748],[1.463267,38.722777],[1.463289,38.722814],[1.463302,38.72286],[1.46332,38.722892],[1.463349,38.722934],[1.463391,38.722951],[1.463456,38.722919],[1.463496,38.722884],[1.463539,38.722846],[1.463532,38.722795],[1.4635,38.722711],[1.463499,38.722673],[1.463537,38.722661],[1.463581,38.722657],[1.463619,38.722626],[1.46363,38.722594],[1.463676,38.722559],[1.463754,38.72256],[1.463855,38.722593],[1.463931,38.722652],[1.463994,38.722744],[1.464065,38.722816],[1.464125,38.722839],[1.464162,38.722798],[1.464218,38.722823],[1.464202,38.722863],[1.464194,38.722912],[1.464276,38.722915],[1.46437,38.722918],[1.46445,38.722959],[1.46446,38.723017],[1.464492,38.723069],[1.464597,38.723123],[1.464678,38.723167],[1.464729,38.723145],[1.464737,38.723092],[1.46473,38.723017],[1.464732,38.722946],[1.464724,38.722861],[1.464732,38.722813],[1.464763,38.722781],[1.464774,38.722731],[1.464713,38.722715],[1.464689,38.722681],[1.46466,38.722656],[1.464505,38.722599],[1.464453,38.72256],[1.464433,38.722541],[1.464629,38.722574],[1.464707,38.722582],[1.464738,38.722535],[1.464799,38.722522],[1.464941,38.722545],[1.465004,38.722589],[1.465066,38.722635],[1.465161,38.722688],[1.465245,38.722721],[1.465336,38.722776],[1.46538,38.722828],[1.465425,38.722885],[1.465523,38.722929],[1.465653,38.722983],[1.465685,38.722989],[1.465713,38.723018],[1.465696,38.723062],[1.465678,38.723079],[1.465735,38.723184],[1.465826,38.723315],[1.465869,38.723408],[1.465913,38.723463],[1.465968,38.723509],[1.466087,38.72359],[1.466217,38.723638],[1.466423,38.723764],[1.46651,38.723833],[1.466632,38.723915],[1.466743,38.723993],[1.466926,38.724149],[1.467028,38.724202],[1.46719,38.724273],[1.46728,38.724339],[1.467328,38.724383],[1.467477,38.72442],[1.467642,38.724488],[1.467722,38.724558],[1.467893,38.724663],[1.467968,38.724757],[1.468145,38.724887],[1.468302,38.724989],[1.468424,38.725068],[1.468568,38.725141],[1.468707,38.72522],[1.468826,38.725302],[1.468891,38.725376],[1.46903,38.725483],[1.469159,38.725562],[1.469232,38.72562],[1.469332,38.725701],[1.469401,38.725761],[1.469485,38.725803],[1.469546,38.725796],[1.46962,38.725828],[1.469781,38.725913],[1.469933,38.726066],[1.469977,38.726157],[1.469992,38.726188],[1.470003,38.726275],[1.470028,38.726365],[1.470086,38.726448],[1.470187,38.726509],[1.470345,38.726574],[1.470409,38.726587],[1.470513,38.726618],[1.470599,38.726658],[1.470718,38.726732],[1.470753,38.726762],[1.470769,38.726792],[1.47077,38.726805],[1.470775,38.726835],[1.470761,38.726876],[1.470727,38.726897],[1.470639,38.726932],[1.470564,38.727011],[1.470558,38.72707],[1.470598,38.727146],[1.47074,38.727253],[1.470959,38.727373],[1.471291,38.727463],[1.47138,38.727486],[1.471475,38.727489],[1.471578,38.72753],[1.471627,38.727571],[1.471978,38.72771],[1.472029,38.727757],[1.472221,38.727931],[1.472295,38.72798],[1.472385,38.728011],[1.472565,38.728137],[1.47264,38.728168],[1.472695,38.728162],[1.472719,38.728105],[1.472693,38.72802],[1.472628,38.727948],[1.4725,38.727836],[1.472441,38.727677],[1.472429,38.727591],[1.472352,38.727476],[1.472306,38.727386],[1.472271,38.727291],[1.472244,38.72719],[1.47218,38.727122],[1.472127,38.72704],[1.472058,38.72695],[1.472075,38.726918],[1.47213,38.726892],[1.472134,38.726816],[1.472139,38.726767],[1.472156,38.726734],[1.472142,38.726674],[1.472094,38.726613],[1.472008,38.726571],[1.471986,38.726564],[1.471889,38.726478],[1.471776,38.726358],[1.471646,38.726196],[1.471541,38.726032],[1.47149,38.725961],[1.471459,38.725843],[1.471418,38.72576],[1.471333,38.725644],[1.471293,38.725615],[1.471212,38.725541],[1.471158,38.725523],[1.471127,38.725502],[1.471031,38.725371],[1.470937,38.725184],[1.470912,38.72513],[1.470905,38.72505],[1.470885,38.724962],[1.470789,38.724683],[1.470741,38.724592],[1.470687,38.724411],[1.470714,38.724217],[1.470732,38.724098],[1.470792,38.72398],[1.47085,38.723812],[1.470899,38.723659],[1.470905,38.723532],[1.470919,38.723417],[1.47096,38.72335],[1.470949,38.723272],[1.470972,38.723204],[1.471064,38.723163],[1.471174,38.723127],[1.471231,38.723135],[1.471255,38.723094],[1.471235,38.722989],[1.471144,38.722876],[1.471063,38.722695],[1.47099,38.722629],[1.470896,38.722461],[1.470843,38.722331],[1.470805,38.722216],[1.470737,38.722056],[1.470689,38.721889],[1.4707,38.721844],[1.470766,38.721891],[1.470818,38.721885],[1.470786,38.72183],[1.470725,38.721769],[1.470717,38.721684],[1.470718,38.721664],[1.470724,38.72157],[1.470769,38.721534],[1.470848,38.721555],[1.470923,38.721558],[1.471013,38.721551],[1.471069,38.721536],[1.471082,38.721509],[1.471048,38.721457],[1.47098,38.721322],[1.470943,38.721291],[1.470899,38.721303],[1.470863,38.721305],[1.470806,38.721265],[1.470749,38.721189],[1.470763,38.721145],[1.470813,38.721146],[1.470851,38.721081],[1.470865,38.72103],[1.470777,38.720986],[1.470709,38.72095],[1.470675,38.7209],[1.470678,38.720827],[1.4707,38.720764],[1.470753,38.720712],[1.470915,38.720587],[1.470845,38.72051],[1.470838,38.72046],[1.470998,38.720321],[1.47104,38.720269],[1.471032,38.720198],[1.471034,38.720115],[1.470988,38.72008],[1.470964,38.720004],[1.470949,38.719933],[1.470952,38.719923],[1.470975,38.719856],[1.471032,38.719826],[1.471055,38.719862],[1.471106,38.719886],[1.471111,38.719889],[1.471163,38.719881],[1.471215,38.71982],[1.507222,38.719889],[1.472222,38.7535],[1.43616,38.758984],[1.43607,38.758998]],[[1.459884,38.725835],[1.459931,38.72583],[1.459971,38.725799],[1.459981,38.725741],[1.459956,38.72574],[1.459912,38.725751],[1.459848,38.725774],[1.459785,38.725774],[1.459744,38.725793],[1.459744,38.725809],[1.45978,38.725818],[1.459805,38.725818],[1.459884,38.725835]],[[1.459566,38.725985],[1.459569,38.726019],[1.45959,38.726057],[1.45963,38.726076],[1.459654,38.726072],[1.459666,38.726038],[1.45968,38.72601],[1.459705,38.725997],[1.459723,38.725969],[1.45967,38.725921],[1.45964,38.72592],[1.459603,38.725923],[1.459581,38.72594],[1.459566,38.725985]],[[1.458567,38.726391],[1.458613,38.726408],[1.458656,38.72641],[1.458771,38.726388],[1.458864,38.726367],[1.458891,38.726333],[1.458881,38.726291],[1.458824,38.726275],[1.458747,38.726317],[1.458695,38.72634],[1.458619,38.726346],[1.458581,38.726361],[1.458567,38.726391]],[[1.460066,38.724492],[1.460104,38.724495],[1.460132,38.724465],[1.460119,38.72442],[1.460109,38.724375],[1.460144,38.72435],[1.460134,38.724322],[1.460055,38.724305],[1.460017,38.724304],[1.459962,38.724353],[1.459882,38.724399],[1.459827,38.724435],[1.459868,38.724467],[1.459917,38.724457],[1.459971,38.72446],[1.459996,38.724432],[1.459996,38.724411],[1.460046,38.724405],[1.460064,38.724428],[1.460061,38.72445],[1.460066,38.724492]],[[1.452444,38.731453],[1.452516,38.731442],[1.452534,38.731395],[1.452469,38.731345],[1.452476,38.73131],[1.45251,38.731274],[1.452507,38.731229],[1.452475,38.731188],[1.452433,38.731181],[1.45238,38.731198],[1.452368,38.731227],[1.452319,38.731267],[1.452272,38.731308],[1.452273,38.731355],[1.452307,38.731404],[1.452367,38.731437],[1.452444,38.731453]],[[1.456873,38.728607],[1.456903,38.728611],[1.456922,38.728571],[1.456931,38.728516],[1.456934,38.728469],[1.456862,38.728415],[1.456843,38.728372],[1.456881,38.728353],[1.456928,38.72836],[1.456977,38.728316],[1.456999,38.728295],[1.456983,38.728269],[1.456948,38.728252],[1.456858,38.728232],[1.456793,38.728208],[1.456753,38.728207],[1.456695,38.728245],[1.456673,38.728277],[1.456669,38.728354],[1.456701,38.728377],[1.456755,38.728423],[1.456755,38.728461],[1.456749,38.728478],[1.456732,38.728518],[1.456718,38.728552],[1.456721,38.72858],[1.456742,38.728604],[1.456775,38.728602],[1.456794,38.728594],[1.456827,38.728581],[1.456857,38.728581],[1.456873,38.728607]],[[1.459509,38.72487],[1.459547,38.724878],[1.459571,38.724874],[1.459583,38.724827],[1.4596,38.724774],[1.459639,38.724734],[1.459639,38.724696],[1.459656,38.724636],[1.459684,38.724579],[1.45975,38.724535],[1.459813,38.724522],[1.459832,38.724503],[1.459814,38.724454],[1.459781,38.724411],[1.459752,38.724383],[1.459711,38.724394],[1.459678,38.724417],[1.459635,38.724399],[1.459594,38.724378],[1.45952,38.724409],[1.459424,38.724485],[1.459391,38.724498],[1.459358,38.724536],[1.459382,38.724606],[1.459388,38.724713],[1.459358,38.724751],[1.459368,38.724811],[1.45942,38.724828],[1.459458,38.724809],[1.459488,38.724833],[1.459509,38.72487]],[[1.456558,38.7264],[1.456574,38.726359],[1.456611,38.726323],[1.456685,38.7263],[1.456748,38.726282],[1.456828,38.726282],[1.456852,38.726292],[1.456871,38.726338],[1.456884,38.72637],[1.456922,38.726388],[1.456984,38.726394],[1.457077,38.72637],[1.457133,38.726349],[1.457188,38.726315],[1.457224,38.726283],[1.45725,38.726246],[1.45725,38.726218],[1.457244,38.72619],[1.457202,38.726169],[1.457123,38.726165],[1.457054,38.726161],[1.456985,38.726124],[1.456919,38.7261],[1.456817,38.726098],[1.456754,38.726107],[1.456686,38.72612],[1.456611,38.726139],[1.45654,38.72615],[1.456473,38.726139],[1.456426,38.72611],[1.456384,38.726085],[1.456309,38.726071],[1.45623,38.726075],[1.45616,38.726091],[1.456084,38.726144],[1.456022,38.726169],[1.455961,38.726206],[1.455949,38.726244],[1.455953,38.726288],[1.45598,38.726323],[1.456011,38.726352],[1.456024,38.726395],[1.45603,38.72643],[1.456056,38.726445],[1.456099,38.726434],[1.456147,38.726429],[1.456173,38.726447],[1.456165,38.726474],[1.456164,38.726515],[1.45618,38.726527],[1.456221,38.7265],[1.456262,38.726469],[1.456296,38.726466],[1.456344,38.726488],[1.456383,38.7265],[1.456432,38.726508],[1.456494,38.726518],[1.456539,38.726539],[1.456589,38.726535],[1.456633,38.726531],[1.456665,38.726544],[1.456664,38.72652],[1.456644,38.726486],[1.456621,38.726458],[1.456567,38.72643],[1.456558,38.7264]],[[1.452509,38.730764],[1.452558,38.730805],[1.452596,38.730835],[1.452587,38.730867],[1.452586,38.730937],[1.452651,38.730969],[1.452738,38.730951],[1.452804,38.730926],[1.452873,38.730858],[1.45289,38.730799],[1.452901,38.730763],[1.452926,38.730709],[1.453004,38.730631],[1.453056,38.730585],[1.453111,38.73057],[1.453143,38.730588],[1.453184,38.73056],[1.45322,38.730528],[1.453251,38.730458],[1.453263,38.730386],[1.453305,38.73029],[1.453306,38.73022],[1.453292,38.730205],[1.453227,38.730183],[1.453162,38.730151],[1.453223,38.730057],[1.45327,38.730021],[1.453262,38.730002],[1.453222,38.729993],[1.453126,38.73004],[1.453087,38.730067],[1.45301,38.730135],[1.452994,38.730113],[1.453008,38.730058],[1.452984,38.730051],[1.452935,38.730083],[1.45291,38.730121],[1.452863,38.730118],[1.452804,38.730116],[1.452776,38.730145],[1.452743,38.730175],[1.452682,38.730221],[1.452627,38.730302],[1.452585,38.730372],[1.452521,38.730465],[1.452482,38.730576],[1.452515,38.730732],[1.452509,38.730764]]],[[[1.384343,38.644036],[1.384644,38.643338],[1.384661,38.643379],[1.384671,38.6434],[1.384677,38.643411],[1.384683,38.643419],[1.384692,38.643428],[1.384702,38.643438],[1.384718,38.643451],[1.384761,38.643487],[1.384767,38.643494],[1.38477,38.643498],[1.384774,38.643505],[1.384781,38.643519],[1.384785,38.643523],[1.384795,38.643534],[1.384813,38.64355],[1.384824,38.643562],[1.38483,38.64357],[1.384835,38.643579],[1.384836,38.643581],[1.384841,38.643593],[1.384844,38.643603],[1.384847,38.643618],[1.384848,38.643628],[1.384851,38.643652],[1.38485,38.643654],[1.384846,38.643658],[1.384844,38.64366],[1.384836,38.643663],[1.384828,38.643666],[1.384819,38.643667],[1.384806,38.643669],[1.384776,38.643671],[1.384722,38.643677],[1.384717,38.643678],[1.384708,38.643682],[1.3847,38.643686],[1.384693,38.643692],[1.384689,38.643698],[1.384685,38.643705],[1.384683,38.643712],[1.384681,38.64372],[1.384681,38.64373],[1.384682,38.643741],[1.384684,38.643755],[1.384689,38.643775],[1.38469,38.643779],[1.384709,38.643849],[1.384713,38.643861],[1.38472,38.643876],[1.384733,38.643902],[1.384768,38.643972],[1.384777,38.643996],[1.384788,38.644045],[1.384734,38.644062],[1.384655,38.64406],[1.384605,38.644046],[1.38456,38.644018],[1.384492,38.644021],[1.384389,38.64404],[1.384343,38.644036]]],[[[1.38543,38.641541],[1.385431,38.641549],[1.385434,38.641559],[1.385437,38.641568],[1.385445,38.641584],[1.385453,38.641603],[1.385453,38.641604],[1.385463,38.641641],[1.385468,38.641667],[1.38547,38.641677],[1.385472,38.641691],[1.385472,38.641692],[1.38547,38.641706],[1.385468,38.641723],[1.385465,38.641734],[1.385461,38.641744],[1.385458,38.641748],[1.385455,38.64175],[1.385449,38.641752],[1.385441,38.641754],[1.385426,38.641758],[1.385423,38.64176],[1.385421,38.641762],[1.385415,38.641769],[1.385409,38.641778],[1.385407,38.641784],[1.385407,38.641789],[1.385407,38.64179],[1.385408,38.6418],[1.385411,38.641812],[1.385412,38.641827],[1.385412,38.641838],[1.385411,38.641844],[1.385408,38.641849],[1.385405,38.641854],[1.385399,38.641858],[1.385394,38.641862],[1.385391,38.641863],[1.38538,38.641867],[1.385366,38.641871],[1.385354,38.641874],[1.385341,38.641877],[1.385327,38.641881],[1.385324,38.641883],[1.385321,38.641886],[1.385319,38.641889],[1.385319,38.641892],[1.38532,38.641896],[1.385322,38.641902],[1.385323,38.641911],[1.385325,38.641931],[1.385324,38.641935],[1.385322,38.641938],[1.385317,38.641944],[1.385313,38.641947],[1.385306,38.64195],[1.385298,38.641952],[1.38529,38.641953],[1.38528,38.641952],[1.385267,38.641951],[1.385254,38.641948],[1.385244,38.641946],[1.385429,38.641517],[1.38543,38.641541]]],[[[1.38476,38.643076],[1.384765,38.643081],[1.384767,38.643084],[1.384776,38.643097],[1.384787,38.643116],[1.384812,38.643156],[1.384814,38.643159],[1.384818,38.643163],[1.384822,38.643165],[1.384831,38.643169],[1.384841,38.643175],[1.384842,38.643175],[1.384849,38.643183],[1.384854,38.643189],[1.384857,38.643194],[1.384859,38.6432],[1.384859,38.643204],[1.384858,38.643208],[1.384856,38.643211],[1.384856,38.643211],[1.384847,38.643217],[1.384839,38.64322],[1.384831,38.643222],[1.384822,38.643223],[1.384812,38.643224],[1.384799,38.643223],[1.384786,38.64322],[1.384773,38.643217],[1.384761,38.643213],[1.38475,38.643208],[1.384741,38.643202],[1.384741,38.643202],[1.384715,38.643182],[1.384712,38.64318],[1.384758,38.643073],[1.38476,38.643076]]],[[[1.385471,38.641419],[1.385472,38.641417],[1.385474,38.641419],[1.385471,38.641419]]]]},"properties":{"featureId":"rm-reserva-marina-dels-freus-d-eivissa-i-formentera--reserva-marina--autonomica--01","zoneId":"rm-reserva-marina-dels-freus-d-eivissa-i-formentera--reserva-marina--autonomica","fuente":"reservas-marinas","fuenteTitulo":"Reservas marinas","nombre":"Reserva Marina dels Freus d'Eivissa i Formentera","proteccion":"Reserva marina","competencia":"Autonòmica","isla":["eivissa","formentera"],"areaKm2":120.3738,"normas":[{"titulo":"Norma no especificada en el servicio oficial","fecha":null,"url":"https://www.caib.es/sites/reservesmarines/ca/plano_de_situacion_y_zonificacion-872/","tipo":"creacion","origen":"ideib"}],"objectIdOrigen":3213}},{"type":"Feature","geometry":{"type":"Polygon","coordinates":[[[1.491389,38.810167],[1.463889,38.810167],[1.474027,38.797418],[1.474028,38.797417],[1.474043,38.797463],[1.474081,38.797481],[1.474165,38.797499],[1.474234,38.797524],[1.474282,38.797531],[1.474334,38.797532],[1.474358,38.797549],[1.474397,38.797543],[1.474436,38.79754],[1.474466,38.797561],[1.474485,38.797613],[1.47449,38.797656],[1.474493,38.797695],[1.474468,38.797732],[1.474402,38.797772],[1.474346,38.797775],[1.474303,38.797791],[1.474272,38.797807],[1.474229,38.797793],[1.47418,38.797785],[1.47412,38.797785],[1.474083,38.797788],[1.474074,38.797824],[1.474142,38.797855],[1.474183,38.797889],[1.474219,38.797939],[1.474231,38.798035],[1.474246,38.798094],[1.474313,38.798132],[1.474358,38.798142],[1.474359,38.798197],[1.474343,38.798222],[1.474386,38.798256],[1.474366,38.798298],[1.474329,38.798314],[1.474322,38.798347],[1.474298,38.798393],[1.474259,38.798417],[1.474168,38.798415],[1.474078,38.798412],[1.474031,38.79842],[1.474014,38.798445],[1.474063,38.79848],[1.474118,38.798509],[1.474138,38.798539],[1.474136,38.798562],[1.474192,38.798589],[1.474247,38.798652],[1.47427,38.798707],[1.474238,38.798717],[1.474193,38.798705],[1.474158,38.798686],[1.474115,38.79871],[1.474084,38.798724],[1.474043,38.798729],[1.474015,38.798755],[1.474038,38.798807],[1.474035,38.798852],[1.474009,38.798873],[1.473993,38.798901],[1.473994,38.798971],[1.474005,38.798984],[1.474016,38.798998],[1.474037,38.799009],[1.474054,38.799018],[1.474054,38.799018],[1.474082,38.799034],[1.474118,38.799053],[1.474124,38.799094],[1.474098,38.799116],[1.474086,38.799148],[1.474115,38.799216],[1.474134,38.799261],[1.474178,38.799301],[1.474205,38.799331],[1.474222,38.799387],[1.474203,38.799415],[1.474203,38.79945],[1.474266,38.799489],[1.474284,38.799489],[1.474299,38.799467],[1.474334,38.799471],[1.474365,38.799521],[1.474374,38.799596],[1.474347,38.79962],[1.47434,38.799648],[1.474379,38.799692],[1.474392,38.799729],[1.474427,38.799754],[1.47447,38.799747],[1.474472,38.799722],[1.474499,38.799708],[1.474542,38.799724],[1.474556,38.799768],[1.474611,38.799802],[1.474656,38.79981],[1.474676,38.799784],[1.474688,38.799763],[1.474665,38.799738],[1.474671,38.799721],[1.474691,38.799736],[1.474698,38.79974],[1.474717,38.799763],[1.47472,38.799785],[1.474734,38.799809],[1.474756,38.799817],[1.474739,38.799844],[1.474737,38.799877],[1.474737,38.799907],[1.474747,38.799939],[1.474805,38.799955],[1.474841,38.799987],[1.474862,38.800008],[1.474871,38.800018],[1.474871,38.800092],[1.474891,38.800151],[1.47489,38.800203],[1.47489,38.800247],[1.47491,38.800274],[1.474944,38.800289],[1.474989,38.800284],[1.474999,38.800262],[1.474993,38.800241],[1.475028,38.800233],[1.475065,38.800232],[1.475103,38.800231],[1.475131,38.80024],[1.475172,38.800245],[1.475202,38.800266],[1.475224,38.800296],[1.475255,38.800342],[1.475299,38.800389],[1.475337,38.800418],[1.47541,38.800474],[1.475467,38.800552],[1.475504,38.800613],[1.475531,38.80066],[1.475557,38.800681],[1.47561,38.800758],[1.475627,38.800793],[1.475634,38.800832],[1.47562,38.800841],[1.475637,38.800894],[1.475664,38.800981],[1.475688,38.801],[1.475708,38.801009],[1.475713,38.801075],[1.475747,38.801152],[1.475739,38.801206],[1.475731,38.80125],[1.475753,38.801305],[1.475805,38.801364],[1.475828,38.801413],[1.475827,38.801463],[1.475826,38.801532],[1.475867,38.801569],[1.475918,38.801587],[1.475962,38.801645],[1.476003,38.801723],[1.476019,38.801787],[1.47606,38.80186],[1.476102,38.801928],[1.476147,38.802037],[1.476182,38.802111],[1.476198,38.802164],[1.476227,38.802214],[1.476263,38.80224],[1.476296,38.80226],[1.476323,38.802322],[1.476344,38.802401],[1.47638,38.802468],[1.476389,38.802534],[1.476414,38.802592],[1.476474,38.802677],[1.476509,38.802752],[1.476536,38.802842],[1.47655,38.802921],[1.476549,38.802986],[1.476527,38.803027],[1.476514,38.803087],[1.476524,38.803158],[1.47654,38.803229],[1.476513,38.803264],[1.476511,38.803312],[1.476521,38.803356],[1.476541,38.803423],[1.476592,38.803478],[1.47666,38.803531],[1.47671,38.803578],[1.476781,38.80366],[1.476844,38.803695],[1.476905,38.803743],[1.476934,38.803789],[1.476964,38.803838],[1.477021,38.803931],[1.477072,38.804037],[1.477083,38.80409],[1.477075,38.804125],[1.47707,38.80416],[1.477067,38.804222],[1.477053,38.804281],[1.477027,38.80432],[1.476998,38.804336],[1.476984,38.804383],[1.477008,38.804449],[1.477015,38.804497],[1.477046,38.804524],[1.477075,38.804505],[1.477088,38.804487],[1.477133,38.804488],[1.477149,38.804513],[1.477207,38.80455],[1.477257,38.804596],[1.477296,38.804649],[1.477299,38.804697],[1.477297,38.80475],[1.477316,38.804795],[1.477333,38.804844],[1.47736,38.80489],[1.477414,38.804909],[1.4775,38.804941],[1.477548,38.804949],[1.477577,38.804952],[1.477602,38.804997],[1.477633,38.805016],[1.477646,38.804997],[1.477687,38.805005],[1.477777,38.805093],[1.477831,38.805091],[1.477861,38.805079],[1.477848,38.805049],[1.477887,38.805028],[1.477915,38.805016],[1.477955,38.805028],[1.477997,38.805023],[1.478151,38.804989],[1.478322,38.804956],[1.478391,38.804955],[1.478403,38.804977],[1.478447,38.804975],[1.478484,38.804963],[1.478533,38.80495],[1.478555,38.804915],[1.478599,38.804874],[1.478608,38.80482],[1.478584,38.804779],[1.478527,38.804724],[1.478453,38.804682],[1.478426,38.804657],[1.478399,38.804575],[1.478397,38.804544],[1.478397,38.804502],[1.478365,38.804453],[1.478333,38.804417],[1.478291,38.804409],[1.478251,38.804384],[1.478234,38.804347],[1.478206,38.804322],[1.478177,38.804292],[1.478155,38.804248],[1.478143,38.804203],[1.478121,38.804182],[1.478086,38.804161],[1.478063,38.804101],[1.478057,38.804034],[1.47805,38.803976],[1.478044,38.8039],[1.478044,38.803872],[1.47805,38.803844],[1.478007,38.80383],[1.477975,38.803816],[1.477917,38.803767],[1.477878,38.803708],[1.477855,38.803655],[1.477822,38.803617],[1.477787,38.803564],[1.477755,38.803505],[1.477734,38.803439],[1.477727,38.803381],[1.477684,38.803322],[1.477649,38.803263],[1.477642,38.803223],[1.47767,38.803182],[1.477716,38.803158],[1.477747,38.803135],[1.477749,38.803101],[1.477761,38.803069],[1.477728,38.803033],[1.477677,38.803007],[1.47764,38.802976],[1.477585,38.80294],[1.477515,38.802919],[1.477436,38.80287],[1.477387,38.802864],[1.477391,38.802854],[1.477421,38.802846],[1.477427,38.802835],[1.47742,38.80282],[1.47738,38.802781],[1.47738,38.802739],[1.477377,38.802701],[1.477354,38.802655],[1.477329,38.802597],[1.477335,38.802536],[1.477342,38.802491],[1.477329,38.802446],[1.477326,38.802399],[1.477307,38.802373],[1.477288,38.8024],[1.477272,38.802407],[1.477265,38.802368],[1.477276,38.802319],[1.4773,38.802288],[1.477305,38.802251],[1.477261,38.802245],[1.47724,38.802192],[1.477211,38.80217],[1.477187,38.802151],[1.477179,38.802093],[1.477187,38.802061],[1.477189,38.802027],[1.477156,38.801983],[1.477158,38.801943],[1.477168,38.801937],[1.47716,38.801884],[1.477125,38.801808],[1.477162,38.801739],[1.477203,38.80171],[1.477246,38.801709],[1.477234,38.801671],[1.477184,38.801636],[1.477171,38.8016],[1.477227,38.80155],[1.477259,38.80153],[1.477258,38.80149],[1.4773,38.801448],[1.477335,38.801436],[1.477362,38.801449],[1.47738,38.801469],[1.477441,38.801417],[1.477428,38.801391],[1.477374,38.801382],[1.477321,38.801349],[1.477276,38.801325],[1.477261,38.801287],[1.477287,38.801248],[1.477312,38.801195],[1.477322,38.801137],[1.477336,38.801126],[1.477359,38.80108],[1.477366,38.801026],[1.477362,38.800983],[1.477336,38.800941],[1.477308,38.80089],[1.477323,38.800841],[1.477357,38.800796],[1.477358,38.800749],[1.477379,38.80069],[1.477363,38.800659],[1.477348,38.800629],[1.477374,38.800579],[1.477404,38.800545],[1.477489,38.800517],[1.477534,38.800444],[1.477576,38.80038],[1.477621,38.800328],[1.477673,38.800289],[1.477731,38.800256],[1.477788,38.800232],[1.477813,38.80023],[1.477829,38.80023],[1.477841,38.800188],[1.477866,38.800166],[1.477933,38.800156],[1.477979,38.800164],[1.478043,38.800188],[1.478073,38.800182],[1.478103,38.800153],[1.478145,38.800112],[1.478181,38.800081],[1.47824,38.800073],[1.478278,38.80007],[1.478321,38.800083],[1.478338,38.800077],[1.478368,38.800078],[1.478404,38.800077],[1.478445,38.80003],[1.47843,38.800003],[1.478386,38.799996],[1.478371,38.799968],[1.478397,38.799943],[1.478446,38.799938],[1.478467,38.799899],[1.478443,38.799874],[1.478459,38.799832],[1.478508,38.799813],[1.478574,38.799804],[1.478602,38.799774],[1.47866,38.799757],[1.478741,38.799747],[1.47881,38.799721],[1.478885,38.79968],[1.478937,38.799651],[1.478977,38.799611],[1.479023,38.79959],[1.47906,38.799575],[1.479062,38.799545],[1.479121,38.799526],[1.479143,38.799498],[1.479167,38.79949],[1.479196,38.79948],[1.479277,38.799479],[1.479334,38.799462],[1.479343,38.799438],[1.479297,38.799429],[1.479321,38.799408],[1.479396,38.799407],[1.479431,38.799384],[1.479492,38.799383],[1.479551,38.799363],[1.479614,38.79935],[1.479648,38.79932],[1.479629,38.799296],[1.479711,38.799273],[1.479782,38.799269],[1.479854,38.79927],[1.479909,38.799286],[1.47997,38.799287],[1.480025,38.799279],[1.480082,38.799291],[1.480139,38.799267],[1.480183,38.799238],[1.480269,38.799225],[1.480365,38.799188],[1.480472,38.799171],[1.480581,38.799145],[1.480686,38.799138],[1.480747,38.799146],[1.480803,38.799161],[1.480866,38.799158],[1.480918,38.79916],[1.480957,38.799169],[1.480992,38.799153],[1.481017,38.799141],[1.481047,38.799099],[1.481099,38.799059],[1.481144,38.799019],[1.481203,38.799006],[1.481257,38.798989],[1.481292,38.798962],[1.481337,38.798966],[1.481332,38.799011],[1.481336,38.799036],[1.48135,38.799054],[1.481371,38.799079],[1.481444,38.799079],[1.481507,38.799067],[1.48156,38.79905],[1.481639,38.799063],[1.481692,38.799075],[1.481728,38.799051],[1.4818,38.799061],[1.481859,38.799077],[1.481912,38.799087],[1.481979,38.799102],[1.482013,38.799107],[1.482028,38.799085],[1.482038,38.79905],[1.482108,38.799053],[1.482168,38.799095],[1.482204,38.799129],[1.48222,38.799162],[1.482271,38.799157],[1.482296,38.799116],[1.482321,38.799082],[1.482274,38.798983],[1.482221,38.798871],[1.48216,38.798827],[1.482092,38.79878],[1.482024,38.798719],[1.481994,38.798673],[1.481961,38.79863],[1.48189,38.798606],[1.481862,38.798606],[1.481795,38.798603],[1.481742,38.798626],[1.481725,38.798676],[1.481723,38.798729],[1.481684,38.798739],[1.481667,38.798697],[1.481639,38.798648],[1.481579,38.798608],[1.481546,38.798576],[1.481497,38.798554],[1.481457,38.798566],[1.48142,38.798564],[1.48141,38.798548],[1.481441,38.798536],[1.481411,38.798506],[1.481358,38.798502],[1.481331,38.798515],[1.4813,38.798539],[1.481285,38.7985],[1.48127,38.798437],[1.481246,38.79839],[1.481237,38.798364],[1.481224,38.798321],[1.481153,38.798293],[1.4811,38.798289],[1.481057,38.798302],[1.481035,38.798312],[1.480997,38.798299],[1.480951,38.79825],[1.480936,38.798196],[1.480935,38.798148],[1.480922,38.798123],[1.480944,38.798109],[1.480974,38.798123],[1.481,38.79809],[1.481002,38.798049],[1.480966,38.798035],[1.480938,38.798066],[1.480909,38.798058],[1.4809,38.798026],[1.480866,38.798014],[1.480856,38.798058],[1.480819,38.798068],[1.480783,38.798069],[1.480757,38.798033],[1.480769,38.79799],[1.480761,38.797948],[1.480726,38.797915],[1.480689,38.7979],[1.480644,38.797919],[1.480606,38.797927],[1.48058,38.797889],[1.480544,38.797848],[1.480534,38.797829],[1.480464,38.797742],[1.480388,38.797697],[1.480293,38.797669],[1.480242,38.797641],[1.480193,38.797616],[1.480131,38.797608],[1.480094,38.797593],[1.48005,38.797557],[1.479996,38.797547],[1.479951,38.797532],[1.479889,38.797508],[1.47983,38.797485],[1.479757,38.797436],[1.479701,38.797388],[1.479685,38.797356],[1.479673,38.797325],[1.47968,38.797284],[1.479707,38.79725],[1.479725,38.797226],[1.479674,38.797194],[1.479611,38.797181],[1.479557,38.797167],[1.479542,38.797124],[1.479507,38.797088],[1.47947,38.797083],[1.479445,38.797056],[1.479455,38.797023],[1.479491,38.797006],[1.479498,38.796981],[1.479473,38.796947],[1.479482,38.796917],[1.479451,38.796886],[1.479456,38.796856],[1.479462,38.796815],[1.479409,38.796786],[1.479363,38.796804],[1.479313,38.796806],[1.479263,38.796784],[1.479218,38.79674],[1.479219,38.796712],[1.479248,38.796698],[1.4793,38.796672],[1.47929,38.796645],[1.479228,38.796642],[1.479169,38.796652],[1.479167,38.796652],[1.479102,38.796651],[1.47907,38.796625],[1.479052,38.796584],[1.47904,38.796552],[1.479022,38.796524],[1.478973,38.796497],[1.478947,38.796463],[1.478936,38.796424],[1.478897,38.796403],[1.478881,38.796416],[1.478881,38.796447],[1.478848,38.796439],[1.478838,38.796379],[1.478818,38.796332],[1.478815,38.796251],[1.478815,38.796251],[1.47882,38.796217],[1.478835,38.796198],[1.478843,38.796187],[1.478845,38.796114],[1.478835,38.796078],[1.478793,38.796054],[1.478734,38.796042],[1.478722,38.796042],[1.478672,38.796041],[1.47864,38.796024],[1.478646,38.795997],[1.478651,38.795991],[1.478666,38.79597],[1.478686,38.795935],[1.478676,38.795903],[1.478659,38.795872],[1.478675,38.795844],[1.478684,38.79583],[1.478721,38.79581],[1.478722,38.79581],[1.478723,38.795804],[1.478724,38.795801],[1.478729,38.795781],[1.478718,38.795772],[1.47869,38.795752],[1.478639,38.795738],[1.478616,38.795715],[1.478622,38.79567],[1.478648,38.79563],[1.478641,38.795591],[1.47866,38.795538],[1.478671,38.795484],[1.478684,38.795435],[1.478685,38.795377],[1.478708,38.795336],[1.478738,38.79531],[1.478728,38.795267],[1.47871,38.795238],[1.478733,38.795196],[1.478736,38.79519],[1.47876,38.795134],[1.478767,38.795108],[1.478781,38.795056],[1.478825,38.795007],[1.478858,38.794969],[1.478868,38.794957],[1.478878,38.79491],[1.478903,38.794855],[1.478932,38.794814],[1.478929,38.794754],[1.478898,38.794669],[1.478892,38.794609],[1.478883,38.794561],[1.478853,38.794527],[1.478854,38.794497],[1.478917,38.794445],[1.479019,38.794385],[1.479068,38.794356],[1.479095,38.79434],[1.479167,38.794287],[1.479175,38.794281],[1.47919,38.794268],[1.479251,38.794217],[1.479317,38.794153],[1.479372,38.794096],[1.479408,38.794031],[1.479437,38.793971],[1.479464,38.793908],[1.479504,38.793832],[1.479517,38.793774],[1.4795,38.793711],[1.479482,38.793679],[1.479462,38.79364],[1.479429,38.793581],[1.479399,38.793478],[1.479375,38.793411],[1.479357,38.793349],[1.479357,38.793248],[1.479352,38.793074],[1.479346,38.793021],[1.479346,38.792918],[1.479357,38.792853],[1.479377,38.792809],[1.479378,38.792744],[1.479383,38.792682],[1.479417,38.792629],[1.479446,38.792592],[1.479456,38.792485],[1.47947,38.792365],[1.479482,38.792281],[1.479478,38.792235],[1.479463,38.792148],[1.479427,38.792072],[1.479418,38.792057],[1.479401,38.792029],[1.479346,38.791956],[1.479347,38.791896],[1.479349,38.791829],[1.479379,38.791784],[1.479422,38.79176],[1.479447,38.791698],[1.479468,38.791667],[1.479485,38.791642],[1.479495,38.791581],[1.479487,38.791531],[1.479489,38.79148],[1.479506,38.791392],[1.479522,38.791329],[1.479555,38.791277],[1.479598,38.791238],[1.479609,38.791177],[1.479607,38.791107],[1.479584,38.791017],[1.479536,38.790965],[1.479505,38.790906],[1.47949,38.790842],[1.479488,38.790775],[1.479491,38.790702],[1.479493,38.790641],[1.479517,38.790621],[1.479586,38.790588],[1.479631,38.790567],[1.479666,38.790547],[1.479684,38.7905],[1.479687,38.790434],[1.479686,38.790372],[1.479679,38.790318],[1.479636,38.790292],[1.479631,38.790249],[1.479639,38.790199],[1.47966,38.790165],[1.479723,38.790127],[1.479754,38.790091],[1.479796,38.790076],[1.479833,38.790079],[1.479863,38.790048],[1.479863,38.790001],[1.47986,38.789953],[1.479858,38.78992],[1.479824,38.789854],[1.479805,38.789794],[1.479811,38.789752],[1.479825,38.789688],[1.479833,38.789593],[1.47984,38.789521],[1.479852,38.789497],[1.479894,38.789496],[1.479915,38.789542],[1.479944,38.789576],[1.479981,38.78957],[1.480029,38.789529],[1.48013,38.789496],[1.480184,38.789456],[1.480225,38.789418],[1.480203,38.78937],[1.480198,38.789359],[1.48016,38.789318],[1.480167,38.789266],[1.480194,38.789228],[1.480276,38.789209],[1.480278,38.789208],[1.480364,38.789199],[1.480421,38.789188],[1.480451,38.789188],[1.480449,38.789221],[1.48044,38.78925],[1.480471,38.789257],[1.480506,38.789213],[1.480533,38.789164],[1.480538,38.789084],[1.48055,38.788997],[1.480496,38.788975],[1.480498,38.788938],[1.480516,38.788897],[1.480514,38.788884],[1.480507,38.788846],[1.480449,38.788805],[1.480391,38.788767],[1.480351,38.788738],[1.480315,38.7887],[1.48031,38.788669],[1.480293,38.788624],[1.480295,38.788589],[1.480301,38.788551],[1.480259,38.788526],[1.480244,38.788509],[1.480234,38.788496],[1.480234,38.788476],[1.480259,38.78845],[1.480277,38.788412],[1.480275,38.788371],[1.480261,38.788342],[1.480241,38.788322],[1.480227,38.788297],[1.48023,38.788257],[1.480248,38.788207],[1.480277,38.788172],[1.480286,38.788149],[1.480299,38.788111],[1.480326,38.78808],[1.48035,38.788055],[1.480361,38.788043],[1.480361,38.788043],[1.480306,38.788],[1.480306,38.787971],[1.480306,38.780167],[1.491389,38.780167],[1.491389,38.810167]],[[1.477366,38.800855],[1.477378,38.800891],[1.477401,38.80095],[1.477425,38.800936],[1.477437,38.800896],[1.47743,38.800871],[1.477406,38.800847],[1.477366,38.800855]],[[1.477466,38.801479],[1.47746,38.8015],[1.477484,38.8015],[1.477512,38.801467],[1.477526,38.801433],[1.477519,38.801416],[1.477469,38.801449],[1.47744,38.801442],[1.477447,38.801459],[1.477466,38.801479]],[[1.477587,38.800492],[1.477572,38.800517],[1.477591,38.80053],[1.477618,38.80052],[1.477627,38.800499],[1.477611,38.800488],[1.477587,38.800492]],[[1.477289,38.801541],[1.477323,38.801569],[1.477335,38.801537],[1.477338,38.801523],[1.477319,38.801514],[1.477289,38.801541]],[[1.478065,38.800273],[1.478071,38.800281],[1.478073,38.800283],[1.47808,38.800278],[1.478092,38.800269],[1.478111,38.800248],[1.478098,38.800244],[1.478065,38.800273]]]},"properties":{"featureId":"rm-reserva-marina-dels-freus-d-eivissa-i-formentera--zona-de-proteccio-maxima--autonomica--01","zoneId":"rm-reserva-marina-dels-freus-d-eivissa-i-formentera--zona-de-proteccio-maxima--autonomica","fuente":"reservas-marinas","fuenteTitulo":"Reservas marinas","nombre":"Reserva Marina dels Freus d'Eivissa i Formentera","proteccion":"Zona de protecció màxima","competencia":"Autonòmica","isla":["eivissa","formentera"],"areaKm2":4.4535,"normas":[{"titulo":"Norma no especificada en el servicio oficial","fecha":null,"url":"https://www.caib.es/sites/reservesmarines/ca/plano_de_situacion_y_zonificacion-872/","tipo":"creacion","origen":"ideib"}],"objectIdOrigen":3214}},{"type":"Feature","geometry":{"type":"Polygon","coordinates":[[[1.491389,38.8145],[1.412301,38.814496],[1.421703,38.79927],[1.421708,38.799271],[1.421752,38.799235],[1.421805,38.799181],[1.421844,38.799132],[1.421889,38.799099],[1.421949,38.799076],[1.421976,38.799081],[1.421992,38.799117],[1.422002,38.799154],[1.422006,38.79919],[1.422071,38.799216],[1.422113,38.799181],[1.422135,38.799153],[1.422176,38.799171],[1.422229,38.799212],[1.422313,38.799239],[1.422362,38.799261],[1.422372,38.799297],[1.42236,38.79934],[1.42232,38.799422],[1.4223,38.799441],[1.422261,38.799492],[1.422217,38.799525],[1.422211,38.799559],[1.42224,38.799592],[1.422299,38.799614],[1.422354,38.799608],[1.422403,38.799588],[1.422448,38.799548],[1.422501,38.799499],[1.422567,38.799475],[1.422638,38.799465],[1.422714,38.799455],[1.422808,38.799416],[1.422891,38.799366],[1.422966,38.79929],[1.423016,38.799225],[1.423056,38.799138],[1.423096,38.799096],[1.423103,38.799026],[1.423142,38.798988],[1.423186,38.798935],[1.423207,38.798848],[1.423233,38.798793],[1.423237,38.798719],[1.423252,38.798685],[1.423287,38.798661],[1.42331,38.798645],[1.423414,38.798602],[1.423483,38.798577],[1.42349,38.798526],[1.423506,38.798509],[1.423518,38.798471],[1.423505,38.798441],[1.423489,38.798424],[1.423441,38.798415],[1.423435,38.798414],[1.423383,38.798409],[1.42323,38.798456],[1.423174,38.798462],[1.423088,38.798471],[1.423031,38.798428],[1.423014,38.798372],[1.422965,38.79835],[1.422897,38.798332],[1.422881,38.798317],[1.422825,38.798297],[1.422773,38.798294],[1.422754,38.798309],[1.422693,38.798357],[1.422636,38.798431],[1.422587,38.798437],[1.422551,38.798455],[1.422488,38.798506],[1.422421,38.798577],[1.422411,38.798626],[1.422468,38.798674],[1.422483,38.798702],[1.42244,38.798695],[1.422367,38.79867],[1.422307,38.79867],[1.422219,38.798685],[1.422105,38.798701],[1.422057,38.798697],[1.423228,38.796801],[1.423237,38.796798],[1.423317,38.796735],[1.423354,38.796657],[1.423394,38.796574],[1.423415,38.7965],[1.423458,38.796421],[1.423525,38.796324],[1.423565,38.796246],[1.42361,38.796178],[1.423666,38.796124],[1.423717,38.796063],[1.423829,38.796036],[1.423927,38.79604],[1.423995,38.796034],[1.424074,38.796012],[1.424142,38.796032],[1.42421,38.796063],[1.424266,38.796096],[1.424303,38.796128],[1.424308,38.796162],[1.42423,38.796249],[1.424222,38.796263],[1.424182,38.796338],[1.424183,38.79638],[1.424279,38.79636],[1.424337,38.796314],[1.424404,38.796251],[1.424421,38.796221],[1.424484,38.796233],[1.424604,38.796192],[1.424677,38.796133],[1.424708,38.796087],[1.424804,38.796033],[1.424841,38.795954],[1.424886,38.795919],[1.424985,38.79588],[1.425018,38.795835],[1.425066,38.795791],[1.42515,38.79578],[1.425255,38.79574],[1.425294,38.795698],[1.425307,38.795701],[1.425381,38.795689],[1.425396,38.79564],[1.425429,38.795621],[1.425483,38.795628],[1.425524,38.795644],[1.425576,38.795608],[1.425633,38.795639],[1.425701,38.795642],[1.425781,38.795609],[1.4258,38.795573],[1.425769,38.795522],[1.425734,38.7955],[1.425675,38.79548],[1.425574,38.795472],[1.425522,38.795482],[1.42541,38.795491],[1.425328,38.795492],[1.425247,38.795478],[1.425165,38.795475],[1.425078,38.795489],[1.425029,38.79546],[1.425009,38.795405],[1.425007,38.795366],[1.42497,38.795314],[1.424943,38.795291],[1.424886,38.795313],[1.424841,38.79537],[1.424844,38.795458],[1.424843,38.795505],[1.424782,38.795563],[1.424727,38.795575],[1.424581,38.795554],[1.424451,38.795506],[1.424354,38.795466],[1.424257,38.795398],[1.42418,38.795336],[1.424127,38.795241],[1.42412,38.795177],[1.42416,38.795111],[1.424205,38.795065],[1.424271,38.795013],[1.424335,38.794954],[1.424363,38.794907],[1.424429,38.794904],[1.424474,38.794851],[1.424508,38.794784],[1.424569,38.794733],[1.424649,38.794671],[1.424732,38.794642],[1.424809,38.794615],[1.424913,38.794555],[1.425032,38.794505],[1.425131,38.794451],[1.425191,38.794426],[1.425293,38.794406],[1.425346,38.794347],[1.425373,38.794363],[1.425413,38.794365],[1.425466,38.794324],[1.425495,38.794269],[1.425572,38.794218],[1.425633,38.794181],[1.425693,38.79416],[1.425724,38.794125],[1.425697,38.794099],[1.425741,38.794097],[1.425861,38.794065],[1.425944,38.794025],[1.426057,38.793967],[1.426101,38.793934],[1.426118,38.793906],[1.426108,38.793872],[1.426051,38.793867],[1.426031,38.793913],[1.425957,38.793925],[1.425897,38.793946],[1.425812,38.793979],[1.425727,38.793999],[1.425663,38.79403],[1.425611,38.794038],[1.425508,38.794019],[1.425413,38.794022],[1.425315,38.794027],[1.425208,38.794041],[1.425083,38.794056],[1.424946,38.794052],[1.424841,38.794027],[1.424782,38.793986],[1.424753,38.793928],[1.424732,38.793898],[1.424697,38.793859],[1.424714,38.793849],[1.424731,38.793823],[1.424713,38.793795],[1.424678,38.793752],[1.424686,38.793646],[1.424693,38.793571],[1.424703,38.793477],[1.424738,38.793391],[1.42478,38.793327],[1.424804,38.793242],[1.424819,38.793185],[1.42486,38.79316],[1.424894,38.793116],[1.425003,38.793096],[1.425045,38.793052],[1.425099,38.792973],[1.425168,38.79291],[1.425202,38.792866],[1.425195,38.792808],[1.425218,38.792764],[1.425216,38.792723],[1.425167,38.792712],[1.425193,38.792668],[1.425221,38.792638],[1.425213,38.792613],[1.425282,38.792562],[1.425329,38.792518],[1.425374,38.792474],[1.425434,38.792451],[1.425524,38.792359],[1.425596,38.792307],[1.425698,38.792257],[1.425789,38.792192],[1.42585,38.792125],[1.425909,38.792047],[1.42597,38.791994],[1.426039,38.791952],[1.426104,38.79187],[1.426155,38.791768],[1.426184,38.791684],[1.426188,38.791668],[1.426205,38.791601],[1.426272,38.791559],[1.426357,38.791503],[1.426435,38.791446],[1.426437,38.791361],[1.426443,38.791342],[1.426507,38.79126],[1.426566,38.791199],[1.426629,38.791165],[1.426698,38.791115],[1.4267,38.791055],[1.426732,38.791056],[1.426826,38.791012],[1.426883,38.790902],[1.42692,38.790828],[1.426987,38.790765],[1.427043,38.790696],[1.427073,38.79069],[1.427139,38.790663],[1.4272,38.790608],[1.427255,38.790564],[1.427311,38.790503],[1.42735,38.790495],[1.427404,38.790509],[1.427456,38.790499],[1.427457,38.79045],[1.427425,38.790422],[1.427453,38.79036],[1.427492,38.790327],[1.427566,38.790298],[1.42764,38.790196],[1.427671,38.790146],[1.427759,38.790106],[1.427845,38.790009],[1.427915,38.789929],[1.427951,38.789887],[1.42797,38.789813],[1.428021,38.789703],[1.428075,38.789612],[1.42814,38.789515],[1.428196,38.789415],[1.428209,38.789322],[1.428184,38.789221],[1.428201,38.789098],[1.428208,38.789032],[1.428209,38.788978],[1.428182,38.78894],[1.428142,38.788922],[1.428162,38.788865],[1.428188,38.788825],[1.428213,38.788804],[1.428278,38.788787],[1.428336,38.788758],[1.428373,38.788684],[1.428355,38.788637],[1.428378,38.788593],[1.428411,38.788593],[1.428434,38.788538],[1.428473,38.788494],[1.428493,38.788458],[1.428564,38.788429],[1.428612,38.788361],[1.428622,38.788274],[1.428623,38.788232],[1.428625,38.788159],[1.428582,38.788105],[1.428568,38.78802],[1.428628,38.787914],[1.42869,38.787806],[1.428761,38.787688],[1.428839,38.787608],[1.428919,38.787532],[1.429016,38.787476],[1.429072,38.787415],[1.429136,38.787324],[1.429234,38.787219],[1.42932,38.78713],[1.429363,38.787071],[1.429402,38.78701],[1.429458,38.78693],[1.429493,38.786866],[1.429521,38.786822],[1.429585,38.786765],[1.429651,38.786743],[1.429725,38.786705],[1.429733,38.786691],[1.42975,38.786661],[1.429798,38.786619],[1.429785,38.786568],[1.429736,38.786567],[1.42969,38.786579],[1.429623,38.786612],[1.429587,38.786663],[1.42951,38.786694],[1.429429,38.78668],[1.429416,38.786616],[1.429367,38.786617],[1.429292,38.78658],[1.429255,38.786543],[1.429272,38.786494],[1.429286,38.786461],[1.429279,38.786428],[1.429258,38.78639],[1.429329,38.786361],[1.429393,38.786317],[1.429411,38.786262],[1.429387,38.786223],[1.429377,38.786178],[1.429429,38.786177],[1.429489,38.786188],[1.429541,38.786159],[1.42955,38.78611],[1.429562,38.786078],[1.429627,38.786075],[1.42965,38.78605],[1.429626,38.786013],[1.429657,38.785969],[1.429733,38.785955],[1.4298,38.785888],[1.429853,38.785837],[1.429884,38.785784],[1.429886,38.785727],[1.429895,38.785661],[1.429943,38.785608],[1.430009,38.785569],[1.430067,38.785555],[1.430118,38.785549],[1.430176,38.785548],[1.430214,38.785525],[1.430263,38.785538],[1.43027,38.785574],[1.430336,38.785552],[1.430384,38.785501],[1.430415,38.785451],[1.430489,38.785435],[1.430592,38.785432],[1.430666,38.785422],[1.430735,38.7854],[1.430808,38.785388],[1.43089,38.785395],[1.430934,38.785372],[1.430905,38.785319],[1.43095,38.785266],[1.431,38.785209],[1.430994,38.785143],[1.430952,38.785047],[1.430954,38.784955],[1.43095,38.784887],[1.430902,38.784835],[1.430912,38.784773],[1.430989,38.784723],[1.431053,38.784664],[1.43112,38.784586],[1.431198,38.784528],[1.431232,38.78446],[1.43128,38.784373],[1.431311,38.784335],[1.431332,38.784278],[1.431354,38.784236],[1.431334,38.784182],[1.431286,38.784141],[1.431226,38.78414],[1.431168,38.784173],[1.431127,38.784154],[1.431115,38.784096],[1.431103,38.784032],[1.431055,38.783988],[1.430969,38.783945],[1.43094,38.783882],[1.430942,38.783797],[1.430946,38.783738],[1.430966,38.783682],[1.431028,38.783611],[1.431023,38.783574],[1.43103,38.783519],[1.431113,38.783473],[1.431103,38.783416],[1.431082,38.783373],[1.431015,38.78334],[1.430973,38.783239],[1.430983,38.783167],[1.431021,38.783039],[1.431094,38.782974],[1.431164,38.782884],[1.43119,38.782831],[1.431215,38.782782],[1.431238,38.782744],[1.431322,38.782732],[1.431371,38.782761],[1.431412,38.782763],[1.431402,38.782723],[1.431402,38.782708],[1.431465,38.782696],[1.431468,38.782677],[1.431412,38.782644],[1.431477,38.782641],[1.431581,38.782627],[1.431611,38.782604],[1.431631,38.782553],[1.431619,38.782508],[1.43157,38.782503],[1.431534,38.782511],[1.431484,38.782455],[1.431429,38.78245],[1.43137,38.782434],[1.431275,38.782316],[1.431228,38.782217],[1.431217,38.782108],[1.431213,38.78204],[1.43121,38.781933],[1.431222,38.781859],[1.431259,38.781772],[1.431315,38.781732],[1.431399,38.781725],[1.431463,38.781694],[1.431521,38.781641],[1.43155,38.781576],[1.431567,38.781516],[1.431555,38.781471],[1.431528,38.781445],[1.431453,38.781374],[1.431399,38.781273],[1.431389,38.781194],[1.431389,38.781107],[1.431412,38.781037],[1.431414,38.780951],[1.431415,38.780881],[1.431443,38.780745],[1.431443,38.780632],[1.43148,38.78056],[1.4315,38.780494],[1.431537,38.780429],[1.431558,38.78035],[1.431608,38.780293],[1.431661,38.780236],[1.431685,38.780145],[1.431684,38.780072],[1.431711,38.779981],[1.431702,38.779896],[1.431662,38.779844],[1.431603,38.779792],[1.431528,38.779746],[1.43148,38.779675],[1.431477,38.779571],[1.4315,38.779398],[1.431514,38.779288],[1.431522,38.779177],[1.431508,38.779055],[1.431477,38.778874],[1.431484,38.778786],[1.431512,38.778646],[1.431555,38.778514],[1.431626,38.778417],[1.43169,38.778344],[1.431761,38.778321],[1.431783,38.778326],[1.431842,38.778358],[1.431876,38.778404],[1.431903,38.778438],[1.431971,38.778458],[1.432023,38.778442],[1.432067,38.778425],[1.432114,38.778369],[1.432156,38.778314],[1.432171,38.778244],[1.43213,38.778145],[1.432086,38.778048],[1.43209,38.77798],[1.432123,38.777868],[1.432172,38.777793],[1.432179,38.777783],[1.43224,38.777735],[1.432312,38.7777],[1.432323,38.777695],[1.432363,38.777677],[1.432405,38.777658],[1.432471,38.777623],[1.432523,38.777578],[1.432524,38.777577],[1.432556,38.777501],[1.432567,38.777437],[1.432568,38.777428],[1.432599,38.777339],[1.432609,38.777309],[1.432619,38.777239],[1.432598,38.777196],[1.432587,38.777171],[1.432536,38.777149],[1.432535,38.777149],[1.432509,38.777161],[1.432477,38.777133],[1.432477,38.777133],[1.432439,38.777098],[1.432429,38.777094],[1.432391,38.77708],[1.432368,38.777104],[1.432356,38.77715],[1.432323,38.777165],[1.432261,38.777134],[1.432192,38.77708],[1.432136,38.777017],[1.432137,38.776964],[1.432179,38.776924],[1.432251,38.77688],[1.432327,38.776873],[1.432393,38.776848],[1.432438,38.77681],[1.432476,38.776787],[1.432514,38.776799],[1.432566,38.776797],[1.432613,38.776765],[1.432618,38.776762],[1.432632,38.77673],[1.432637,38.776719],[1.432653,38.776681],[1.432657,38.776664],[1.432668,38.776617],[1.432679,38.776564],[1.43268,38.77656],[1.43268,38.77656],[1.432651,38.776528],[1.432613,38.776502],[1.432609,38.776442],[1.432624,38.776401],[1.43263,38.776363],[1.432592,38.776352],[1.432524,38.77637],[1.432498,38.776413],[1.432543,38.776462],[1.432575,38.77651],[1.432563,38.776546],[1.43253,38.776558],[1.432436,38.77652],[1.432315,38.776446],[1.432243,38.776364],[1.432215,38.776296],[1.432187,38.776221],[1.432163,38.776154],[1.432159,38.776092],[1.432175,38.775984],[1.432215,38.775925],[1.432276,38.775857],[1.432337,38.77582],[1.432403,38.775812],[1.43247,38.775826],[1.432505,38.775867],[1.432526,38.775912],[1.432598,38.775949],[1.43272,38.775985],[1.432833,38.77594],[1.432916,38.775866],[1.433014,38.775761],[1.433068,38.775647],[1.433133,38.775543],[1.433181,38.775469],[1.433253,38.775423],[1.433367,38.775414],[1.433388,38.775446],[1.433397,38.775465],[1.433412,38.775496],[1.433441,38.77551],[1.433452,38.775515],[1.433493,38.775501],[1.433508,38.775451],[1.433511,38.775442],[1.433491,38.775379],[1.433483,38.775345],[1.433473,38.775298],[1.433491,38.775228],[1.433478,38.775192],[1.433425,38.775165],[1.433352,38.775128],[1.433288,38.775078],[1.433278,38.77501],[1.43331,38.77496],[1.433318,38.774946],[1.43331,38.774925],[1.433259,38.774901],[1.433152,38.774923],[1.433102,38.774963],[1.432944,38.775084],[1.432833,38.775189],[1.432794,38.775222],[1.432681,38.775315],[1.432575,38.775392],[1.432432,38.775482],[1.4323,38.775549],[1.432195,38.7756],[1.432263,38.775414],[1.43227,38.775383],[1.432318,38.775152],[1.432313,38.775139],[1.432337,38.775059],[1.433348,38.77167],[1.43338,38.771664],[1.433513,38.771672],[1.43366,38.771672],[1.43378,38.771674],[1.433865,38.771677],[1.433949,38.771672],[1.434042,38.771658],[1.434098,38.771614],[1.434109,38.771576],[1.434091,38.771527],[1.434097,38.771503],[1.434115,38.771431],[1.434113,38.771405],[1.434169,38.771344],[1.434221,38.771307],[1.434198,38.77127],[1.434187,38.771244],[1.434238,38.771194],[1.434282,38.771133],[1.434308,38.771086],[1.434323,38.771024],[1.434349,38.770963],[1.434383,38.770891],[1.434417,38.77084],[1.434421,38.770834],[1.434457,38.770777],[1.434466,38.770709],[1.434481,38.77066],[1.434504,38.770583],[1.434533,38.770505],[1.434565,38.770431],[1.434586,38.770356],[1.434601,38.770271],[1.434608,38.770201],[1.434623,38.77015],[1.434655,38.770068],[1.434692,38.77],[1.434737,38.769904],[1.434747,38.769826],[1.434764,38.769704],[1.434766,38.769615],[1.434761,38.769564],[1.434765,38.76953],[1.434804,38.7695],[1.434837,38.769447],[1.434836,38.769401],[1.434804,38.769375],[1.434832,38.769305],[1.434859,38.769316],[1.434892,38.76932],[1.434908,38.76921],[1.43489,38.769173],[1.434892,38.769056],[1.434927,38.768865],[1.434926,38.768747],[1.434915,38.768634],[1.434939,38.768551],[1.434952,38.768464],[1.434987,38.768373],[1.434996,38.768307],[1.435022,38.768243],[1.435036,38.768218],[1.435077,38.768223],[1.435091,38.768195],[1.435098,38.768119],[1.435099,38.768072],[1.435106,38.768036],[1.435056,38.767928],[1.435009,38.767847],[1.434965,38.767752],[1.434942,38.767675],[1.434961,38.767556],[1.434982,38.767488],[1.435,38.767414],[1.435026,38.767331],[1.435049,38.767293],[1.435104,38.767236],[1.435133,38.767175],[1.435142,38.767115],[1.435163,38.767064],[1.435183,38.767018],[1.435186,38.767005],[1.435211,38.76699],[1.435285,38.766942],[1.435319,38.766889],[1.435326,38.766813],[1.435291,38.766699],[1.435291,38.766684],[1.435329,38.766546],[1.435348,38.76644],[1.435356,38.766351],[1.435346,38.766272],[1.435346,38.76625],[1.435343,38.766182],[1.435383,38.766082],[1.435421,38.765974],[1.435439,38.765915],[1.435456,38.765853],[1.435449,38.765808],[1.435404,38.765748],[1.435368,38.765666],[1.435348,38.765572],[1.435336,38.76551],[1.43528,38.765467],[1.435256,38.765433],[1.435295,38.765384],[1.435255,38.765343],[1.435246,38.765281],[1.435243,38.765237],[1.435242,38.765217],[1.43523,38.765153],[1.435212,38.765089],[1.435235,38.765044],[1.435252,38.765008],[1.435229,38.764959],[1.435253,38.764961],[1.435294,38.764946],[1.435302,38.764943],[1.435303,38.764897],[1.435304,38.764883],[1.435308,38.764826],[1.43533,38.764781],[1.435326,38.764721],[1.435314,38.764679],[1.435255,38.764637],[1.435223,38.764592],[1.435229,38.764562],[1.435236,38.764484],[1.435254,38.764418],[1.435267,38.764343],[1.435287,38.76429],[1.435345,38.764263],[1.435406,38.764194],[1.435433,38.76416],[1.435457,38.764131],[1.435501,38.764073],[1.435521,38.764046],[1.435553,38.763976],[1.435604,38.763877],[1.435633,38.763773],[1.435635,38.763681],[1.435686,38.763584],[1.435705,38.763512],[1.435697,38.763433],[1.43568,38.76336],[1.43562,38.763261],[1.435615,38.763173],[1.435617,38.763112],[1.435607,38.763086],[1.435584,38.763047],[1.435594,38.762994],[1.435626,38.762909],[1.435652,38.762873],[1.435659,38.762833],[1.435659,38.762814],[1.435667,38.762744],[1.435685,38.762697],[1.435683,38.762595],[1.435689,38.762539],[1.43569,38.762535],[1.4357,38.762476],[1.43571,38.762422],[1.435712,38.762419],[1.435733,38.762389],[1.435759,38.76234],[1.435785,38.762298],[1.435803,38.762247],[1.435799,38.762205],[1.435777,38.762186],[1.435759,38.76217],[1.435708,38.762152],[1.435777,38.762121],[1.435768,38.76205],[1.435783,38.762021],[1.435823,38.762028],[1.435835,38.762021],[1.435854,38.76201],[1.435863,38.76198],[1.435888,38.761963],[1.43587,38.761929],[1.435863,38.761919],[1.435844,38.76189],[1.435814,38.761885],[1.435831,38.761864],[1.435818,38.761855],[1.43581,38.761836],[1.435827,38.761811],[1.435844,38.761792],[1.435838,38.761747],[1.43584,38.761746],[1.435884,38.761737],[1.435896,38.761714],[1.435856,38.761688],[1.435821,38.761685],[1.435787,38.761689],[1.435698,38.761699],[1.43556,38.761744],[1.435469,38.761776],[1.435456,38.761774],[1.43556,38.761206],[1.43558,38.761211],[1.435632,38.761208],[1.435682,38.761153],[1.435716,38.761109],[1.43571,38.761062],[1.435699,38.760983],[1.435725,38.760913],[1.435765,38.760865],[1.43578,38.760827],[1.435784,38.760801],[1.435789,38.760785],[1.435796,38.760765],[1.435793,38.760754],[1.435781,38.760695],[1.435793,38.760674],[1.435822,38.760638],[1.43583,38.760627],[1.435892,38.760567],[1.435914,38.760539],[1.435942,38.760503],[1.435946,38.760497],[1.435942,38.760478],[1.435939,38.760463],[1.435882,38.760443],[1.435845,38.760406],[1.435822,38.760356],[1.435829,38.760318],[1.435857,38.760291],[1.435864,38.760236],[1.435844,38.760193],[1.435839,38.760161],[1.43589,38.760119],[1.435948,38.760092],[1.435961,38.76009],[1.435975,38.760087],[1.435992,38.760068],[1.435991,38.760055],[1.43599,38.760038],[1.435973,38.759982],[1.435948,38.759926],[1.435924,38.759898],[1.435906,38.759878],[1.435849,38.759852],[1.435839,38.759819],[1.43585,38.759815],[1.435867,38.75982],[1.435886,38.759822],[1.435867,38.759807],[1.435835,38.759787],[1.435825,38.759764],[1.435891,38.759403],[1.435898,38.759367],[1.435965,38.759004],[1.436043,38.758992],[1.43607,38.758998],[1.43616,38.758984],[1.472222,38.7535],[1.491389,38.780166],[1.480306,38.780167],[1.480306,38.787971],[1.480306,38.788],[1.480276,38.787975],[1.480246,38.787997],[1.480223,38.788011],[1.480187,38.788028],[1.480151,38.788056],[1.48014,38.788064],[1.480099,38.788069],[1.480061,38.788069],[1.480013,38.788075],[1.479975,38.78806],[1.479951,38.788046],[1.479912,38.788056],[1.479872,38.788061],[1.479853,38.788085],[1.479812,38.788093],[1.479778,38.788101],[1.47975,38.788093],[1.479705,38.788103],[1.47965,38.788121],[1.479611,38.788126],[1.479578,38.788157],[1.479561,38.788184],[1.479532,38.7882],[1.479514,38.788236],[1.479483,38.788261],[1.479476,38.788295],[1.479475,38.788333],[1.479478,38.788363],[1.479476,38.788385],[1.479452,38.788392],[1.479419,38.788406],[1.479415,38.78843],[1.479413,38.788461],[1.479389,38.788483],[1.479352,38.788487],[1.479316,38.788491],[1.479305,38.788521],[1.479285,38.788559],[1.479275,38.788567],[1.479287,38.788589],[1.47931,38.788606],[1.479298,38.788628],[1.479261,38.788628],[1.479226,38.788624],[1.479219,38.788652],[1.479221,38.788691],[1.479246,38.788693],[1.479273,38.788689],[1.479276,38.788715],[1.479246,38.788737],[1.479218,38.788727],[1.479194,38.788724],[1.47918,38.788744],[1.479197,38.788766],[1.479186,38.7888],[1.479167,38.788801],[1.479154,38.788802],[1.479119,38.788783],[1.479065,38.788789],[1.479025,38.788809],[1.478978,38.78881],[1.478942,38.788824],[1.478912,38.78885],[1.478862,38.788904],[1.478834,38.788914],[1.47879,38.788984],[1.478739,38.789057],[1.478727,38.78908],[1.478738,38.789118],[1.478734,38.789142],[1.478717,38.789153],[1.478712,38.789178],[1.478698,38.789156],[1.478663,38.789161],[1.478662,38.789185],[1.478641,38.789254],[1.478614,38.789269],[1.478587,38.789284],[1.478529,38.789304],[1.478464,38.789341],[1.478454,38.789347],[1.478354,38.789407],[1.478274,38.789456],[1.478198,38.789484],[1.478135,38.789506],[1.47807,38.78953],[1.478008,38.789548],[1.477955,38.789602],[1.477926,38.78965],[1.477953,38.789769],[1.477868,38.78979],[1.477826,38.78976],[1.477809,38.789789],[1.477778,38.789845],[1.477719,38.789933],[1.477696,38.789981],[1.477693,38.790076],[1.477675,38.790139],[1.477652,38.790191],[1.477599,38.790239],[1.47755,38.790269],[1.477527,38.790324],[1.477494,38.790408],[1.477465,38.790498],[1.477441,38.790556],[1.477405,38.790619],[1.477422,38.790655],[1.477449,38.79066],[1.477454,38.790687],[1.477435,38.7907],[1.477388,38.790716],[1.477366,38.790741],[1.477345,38.79081],[1.477315,38.790902],[1.477277,38.791015],[1.477255,38.791114],[1.477236,38.791215],[1.477209,38.791297],[1.477199,38.791385],[1.477197,38.791455],[1.477194,38.791528],[1.477195,38.791596],[1.477183,38.791638],[1.477165,38.791667],[1.477149,38.791694],[1.477131,38.791747],[1.477122,38.791797],[1.477121,38.791837],[1.477101,38.791868],[1.477049,38.791903],[1.477005,38.791908],[1.476981,38.791912],[1.476945,38.791936],[1.476923,38.791968],[1.476906,38.791966],[1.476876,38.791967],[1.47683,38.792012],[1.476792,38.792036],[1.476762,38.792035],[1.476718,38.792058],[1.476694,38.7921],[1.476691,38.792155],[1.476673,38.792194],[1.476629,38.792236],[1.476595,38.792238],[1.476563,38.792245],[1.476534,38.792288],[1.476496,38.792315],[1.476487,38.792346],[1.476456,38.792378],[1.476416,38.792434],[1.476385,38.792465],[1.476359,38.792476],[1.476325,38.792525],[1.476308,38.792579],[1.476284,38.792621],[1.476255,38.79265],[1.476249,38.792693],[1.476231,38.792744],[1.476203,38.792787],[1.476166,38.792833],[1.476142,38.792866],[1.476133,38.792923],[1.47613,38.793003],[1.476111,38.793022],[1.476085,38.793056],[1.476054,38.793109],[1.476028,38.793135],[1.475995,38.793149],[1.475961,38.793185],[1.47593,38.793209],[1.475916,38.793258],[1.475907,38.793321],[1.475878,38.793342],[1.475867,38.793432],[1.47585,38.793505],[1.475822,38.793536],[1.4758,38.793585],[1.475791,38.793652],[1.475797,38.793718],[1.475787,38.79377],[1.47577,38.793804],[1.475745,38.793873],[1.475719,38.79393],[1.475687,38.793977],[1.475656,38.79403],[1.47564,38.794082],[1.475618,38.794136],[1.475584,38.794203],[1.475558,38.794261],[1.475527,38.794329],[1.475488,38.794419],[1.475467,38.794467],[1.475442,38.794564],[1.475423,38.794618],[1.475407,38.794615],[1.475381,38.794619],[1.475345,38.794662],[1.475332,38.794726],[1.475322,38.794781],[1.475318,38.794832],[1.475304,38.794877],[1.475285,38.794938],[1.475275,38.795003],[1.475269,38.795027],[1.475235,38.795091],[1.475194,38.795133],[1.475142,38.795152],[1.475099,38.795187],[1.475074,38.795236],[1.475057,38.795271],[1.475034,38.795274],[1.474996,38.795273],[1.474973,38.79529],[1.474968,38.795322],[1.474976,38.795354],[1.475011,38.795361],[1.475043,38.795357],[1.475087,38.795358],[1.475103,38.795386],[1.475105,38.795421],[1.475112,38.79543],[1.475137,38.795463],[1.475119,38.795502],[1.475084,38.79554],[1.475029,38.795562],[1.474993,38.795594],[1.474967,38.795622],[1.474959,38.795662],[1.474955,38.795708],[1.474955,38.79575],[1.474995,38.795769],[1.475031,38.795775],[1.475039,38.795806],[1.475037,38.795875],[1.475023,38.795911],[1.475006,38.795937],[1.47504,38.795988],[1.475041,38.796037],[1.475022,38.796081],[1.474986,38.796123],[1.47495,38.796157],[1.47492,38.796188],[1.474878,38.796225],[1.474841,38.796256],[1.474813,38.796255],[1.474782,38.796247],[1.47476,38.796277],[1.474739,38.796337],[1.474713,38.79637],[1.474684,38.796379],[1.474651,38.796388],[1.474632,38.796417],[1.474598,38.796442],[1.474551,38.796441],[1.474512,38.796438],[1.474506,38.796473],[1.474476,38.796478],[1.474436,38.796487],[1.474421,38.796516],[1.474384,38.796533],[1.474348,38.796563],[1.474328,38.796586],[1.474314,38.796632],[1.474313,38.796677],[1.474312,38.796722],[1.474292,38.796763],[1.474274,38.796802],[1.474241,38.796862],[1.4742,38.796905],[1.474182,38.796947],[1.474228,38.79697],[1.474266,38.796986],[1.474271,38.797029],[1.474294,38.797064],[1.474312,38.797099],[1.474297,38.797131],[1.474282,38.797149],[1.474277,38.797201],[1.474247,38.797236],[1.474214,38.797258],[1.474193,38.797292],[1.474167,38.797343],[1.47413,38.797374],[1.474087,38.797366],[1.474043,38.797359],[1.474017,38.797383],[1.474028,38.797417],[1.474027,38.797418],[1.463889,38.810167],[1.491389,38.810167],[1.491389,38.8145]],[[1.426547,38.792299],[1.426488,38.792369],[1.426496,38.792423],[1.426564,38.792433],[1.426672,38.792469],[1.426718,38.792488],[1.426764,38.79244],[1.426833,38.792322],[1.426852,38.792303],[1.426899,38.792248],[1.426967,38.792202],[1.427009,38.792148],[1.427064,38.79208],[1.427109,38.792039],[1.427086,38.791983],[1.42716,38.791928],[1.427235,38.791909],[1.4273,38.79191],[1.427382,38.791839],[1.427428,38.791768],[1.427372,38.79173],[1.427309,38.791668],[1.427304,38.791664],[1.427291,38.791668],[1.427223,38.791691],[1.427225,38.791766],[1.427147,38.791835],[1.427057,38.791893],[1.42693,38.791931],[1.426812,38.792008],[1.426807,38.792061],[1.42677,38.792072],[1.426725,38.792106],[1.426676,38.792167],[1.426719,38.792222],[1.42677,38.79229],[1.426753,38.792313],[1.426695,38.792283],[1.426615,38.792269],[1.426547,38.792299]],[[1.423915,38.797191],[1.423819,38.797219],[1.423709,38.797261],[1.423602,38.797282],[1.423514,38.79732],[1.423456,38.797357],[1.42345,38.797398],[1.423476,38.797443],[1.423524,38.79748],[1.423648,38.797518],[1.423684,38.797527],[1.423714,38.797521],[1.423764,38.797472],[1.42383,38.79742],[1.423872,38.797384],[1.423911,38.797336],[1.423926,38.797281],[1.423965,38.79726],[1.424009,38.797235],[1.424002,38.797192],[1.423975,38.797177],[1.423915,38.797191]],[[1.423255,38.7978],[1.423211,38.797844],[1.423221,38.797883],[1.423258,38.797924],[1.423325,38.797959],[1.423355,38.797963],[1.423394,38.797951],[1.423408,38.797924],[1.42339,38.797876],[1.423355,38.797831],[1.423302,38.797799],[1.423255,38.7978]],[[1.42353,38.798336],[1.423518,38.798351],[1.423536,38.798361],[1.423558,38.798373],[1.423616,38.798378],[1.423663,38.798345],[1.423711,38.798254],[1.423698,38.798222],[1.423663,38.7982],[1.423616,38.798221],[1.423583,38.798267],[1.42353,38.798336]],[[1.432512,38.776163],[1.432422,38.776186],[1.432393,38.776241],[1.432463,38.776271],[1.432515,38.776249],[1.432595,38.776233],[1.432622,38.776212],[1.432645,38.776191],[1.432637,38.776163],[1.432594,38.776154],[1.432512,38.776163]],[[1.431963,38.78049],[1.431941,38.780523],[1.431954,38.78055],[1.432009,38.780565],[1.432058,38.780594],[1.432103,38.780588],[1.432099,38.780559],[1.43206,38.780517],[1.43201,38.780482],[1.431963,38.78049]],[[1.43145,38.784151],[1.431447,38.784182],[1.431479,38.784196],[1.431558,38.784201],[1.431588,38.784176],[1.431597,38.784144],[1.431569,38.784116],[1.431537,38.784124],[1.431494,38.784132],[1.43145,38.784151]],[[1.433302,38.774582],[1.433273,38.774614],[1.433268,38.774642],[1.433276,38.774663],[1.433294,38.774679],[1.433336,38.774666],[1.433351,38.774648],[1.43336,38.774627],[1.433379,38.7746],[1.433375,38.774576],[1.433343,38.774566],[1.433302,38.774582]],[[1.431644,38.782943],[1.43163,38.782975],[1.431645,38.783005],[1.431689,38.78301],[1.431718,38.782984],[1.431713,38.782947],[1.431671,38.782933],[1.431644,38.782943]]]},"properties":{"featureId":"rm-reserva-marina-dels-freus-d-eivissa-i-formentera--zona-de-veda-de-pesca-recreativa--autonomica--01","zoneId":"rm-reserva-marina-dels-freus-d-eivissa-i-formentera--zona-de-veda-de-pesca-recreativa--autonomica","fuente":"reservas-marinas","fuenteTitulo":"Reservas marinas","nombre":"Reserva Marina dels Freus d'Eivissa i Formentera","proteccion":"Zona de veda de pesca recreativa","competencia":"Autonòmica","isla":["eivissa","formentera"],"areaKm2":28.9208,"normas":[{"titulo":"Norma no especificada en el servicio oficial","fecha":null,"url":"https://www.caib.es/sites/reservesmarines/ca/plano_de_situacion_y_zonificacion-872/","tipo":"creacion","origen":"ideib"}],"objectIdOrigen":3222}},{"type":"Feature","geometry":{"type":"Polygon","coordinates":[[[1.188299,38.858205],[1.228575,38.862416],[1.215876,38.882532],[1.214491,38.881866],[1.21022,38.880036],[1.205855,38.878166],[1.183708,38.868672],[1.183934,38.867746],[1.184758,38.864371],[1.185277,38.862246],[1.185404,38.861727],[1.185449,38.861541],[1.185478,38.861424],[1.185495,38.861356],[1.185498,38.861343],[1.1855,38.861333],[1.185515,38.861317],[1.18558,38.861244],[1.186318,38.860419],[1.18738,38.859232],[1.188299,38.858205]],[[1.188891,38.863034],[1.188873,38.862969],[1.188891,38.862888],[1.188852,38.86284],[1.188838,38.862796],[1.188852,38.862769],[1.1892,38.86275],[1.189033,38.861767],[1.186667,38.862217],[1.186383,38.8629],[1.188624,38.862781],[1.188679,38.862817],[1.188679,38.862887],[1.188652,38.86295],[1.188595,38.863006],[1.188566,38.863083],[1.188569,38.863155],[1.188608,38.863219],[1.188595,38.86326],[1.18841,38.863339],[1.188336,38.86332],[1.188224,38.863359],[1.188117,38.863421],[1.188031,38.86345],[1.188013,38.863505],[1.188033,38.863569],[1.188088,38.863645],[1.188149,38.863749],[1.188241,38.863837],[1.188286,38.863873],[1.188361,38.863935],[1.188354,38.863974],[1.188298,38.86401],[1.18827,38.864051],[1.188294,38.864098],[1.188351,38.864167],[1.188963,38.864289],[1.189796,38.864486],[1.190208,38.864605],[1.190392,38.864669],[1.190429,38.864709],[1.190428,38.86478],[1.19041,38.86483],[1.190359,38.864858],[1.190273,38.864902],[1.190258,38.864949],[1.190224,38.864975],[1.190205,38.865023],[1.190161,38.865059],[1.190122,38.865075],[1.190108,38.865115],[1.190132,38.865169],[1.190139,38.865218],[1.1902,38.86526],[1.19028,38.865289],[1.190341,38.865324],[1.190408,38.865388],[1.190427,38.865448],[1.190481,38.865519],[1.190542,38.865545],[1.190607,38.865547],[1.190661,38.865545],[1.190681,38.865564],[1.190711,38.865606],[1.190782,38.865632],[1.19083,38.865667],[1.190894,38.865665],[1.190959,38.865625],[1.191019,38.865638],[1.19108,38.86568],[1.191151,38.865776],[1.19126,38.865821],[1.191313,38.865839],[1.191372,38.865857],[1.19141,38.865901],[1.191484,38.86594],[1.1915,38.865987],[1.191547,38.866016],[1.191602,38.865993],[1.191674,38.865983],[1.191738,38.865998],[1.191738,38.866041],[1.191804,38.866055],[1.191885,38.866047],[1.191916,38.866065],[1.191909,38.866097],[1.191841,38.866105],[1.191829,38.866148],[1.191949,38.866143],[1.191951,38.866205],[1.192002,38.866235],[1.192029,38.866285],[1.192068,38.866293],[1.192058,38.866343],[1.192057,38.86637],[1.192113,38.866447],[1.192166,38.86644],[1.192197,38.866448],[1.192184,38.866492],[1.192203,38.866522],[1.192312,38.866505],[1.192356,38.866518],[1.192406,38.866564],[1.192428,38.866597],[1.192437,38.866618],[1.192465,38.866655],[1.192484,38.866655],[1.192488,38.866635],[1.192497,38.866621],[1.192584,38.866651],[1.192636,38.866696],[1.192715,38.86671],[1.192726,38.866736],[1.192737,38.866789],[1.192783,38.866805],[1.192835,38.866807],[1.192844,38.866843],[1.192855,38.866882],[1.192902,38.866888],[1.192928,38.866865],[1.192953,38.866866],[1.192949,38.866912],[1.19294,38.866961],[1.192957,38.867013],[1.193037,38.867018],[1.193072,38.866987],[1.193077,38.866932],[1.193117,38.866931],[1.19314,38.866987],[1.193153,38.867024],[1.193199,38.86705],[1.193261,38.867092],[1.193361,38.867137],[1.193314,38.867156],[1.193303,38.867172],[1.193343,38.867205],[1.193362,38.867253],[1.193432,38.867266],[1.193463,38.86725],[1.19347,38.867215],[1.193502,38.867191],[1.19355,38.867191],[1.193622,38.867219],[1.193691,38.867284],[1.193741,38.867348],[1.193795,38.867379],[1.193821,38.867441],[1.19377,38.867464],[1.19376,38.867507],[1.193801,38.867538],[1.193904,38.867563],[1.193952,38.867566],[1.193991,38.867572],[1.193989,38.867592],[1.193979,38.867618],[1.193993,38.867662],[1.194036,38.867666],[1.194055,38.867644],[1.194077,38.867651],[1.194078,38.8677],[1.194099,38.867727],[1.194148,38.86774],[1.194142,38.867775],[1.194092,38.86781],[1.194087,38.867847],[1.194148,38.867875],[1.19415,38.867918],[1.194184,38.867924],[1.194215,38.867866],[1.19425,38.867864],[1.194249,38.867955],[1.194296,38.867968],[1.194311,38.868004],[1.194282,38.868043],[1.194318,38.868095],[1.194375,38.868122],[1.194399,38.868156],[1.19439,38.868192],[1.194429,38.868202],[1.194512,38.868189],[1.194604,38.868236],[1.194694,38.868298],[1.194757,38.868341],[1.194795,38.868396],[1.194773,38.868448],[1.194796,38.868491],[1.194827,38.868508],[1.194829,38.868534],[1.194852,38.868565],[1.194854,38.86863],[1.194867,38.868665],[1.19485,38.868674],[1.19483,38.868656],[1.1948,38.868653],[1.194774,38.868692],[1.194787,38.868725],[1.194724,38.868821],[1.194732,38.868877],[1.194853,38.868882],[1.19486,38.868903],[1.194883,38.868932],[1.194963,38.868932],[1.194973,38.868961],[1.194956,38.868986],[1.19496,38.869019],[1.195034,38.869063],[1.195052,38.869094],[1.195023,38.869147],[1.195022,38.869158],[1.195053,38.869176],[1.195097,38.869171],[1.195114,38.869172],[1.195094,38.869196],[1.195026,38.869219],[1.195033,38.869241],[1.195054,38.86925],[1.195072,38.86926],[1.195037,38.869308],[1.195039,38.869323],[1.1951,38.869359],[1.195176,38.869374],[1.195228,38.869357],[1.19526,38.869366],[1.195259,38.869405],[1.195231,38.869434],[1.195229,38.869455],[1.195203,38.869483],[1.195208,38.869508],[1.195237,38.869509],[1.195293,38.869484],[1.195312,38.869491],[1.195305,38.869522],[1.195269,38.869525],[1.195259,38.86955],[1.195252,38.869592],[1.195276,38.86962],[1.195315,38.869617],[1.195348,38.869641],[1.1954,38.869643],[1.195445,38.869647],[1.195484,38.869693],[1.19552,38.869705],[1.195563,38.869715],[1.195571,38.869747],[1.195494,38.869881],[1.195525,38.869922],[1.195637,38.869963],[1.195676,38.869965],[1.195806,38.869934],[1.195836,38.869935],[1.195851,38.86996],[1.195879,38.869977],[1.195896,38.86997],[1.195918,38.869972],[1.195925,38.869994],[1.195889,38.870019],[1.195862,38.870077],[1.19588,38.870107],[1.195978,38.870141],[1.196052,38.870125],[1.196063,38.870142],[1.196049,38.870157],[1.196051,38.870166],[1.196065,38.87017],[1.196079,38.87018],[1.196044,38.870254],[1.196055,38.870268],[1.19613,38.870203],[1.196169,38.870187],[1.196195,38.870178],[1.196189,38.870138],[1.19616,38.870136],[1.196146,38.870113],[1.196168,38.870092],[1.196224,38.870088],[1.196276,38.870085],[1.196329,38.870077],[1.196356,38.87009],[1.196419,38.870099],[1.196468,38.870099],[1.196511,38.870109],[1.196551,38.870128],[1.196598,38.87014],[1.196657,38.870154],[1.196709,38.870181],[1.196751,38.87022],[1.19683,38.87029],[1.196918,38.870335],[1.196943,38.870377],[1.197019,38.870414],[1.197053,38.870467],[1.197087,38.870507],[1.197087,38.870553],[1.197131,38.870562],[1.197177,38.870591],[1.197224,38.870594],[1.197294,38.870607],[1.197338,38.870596],[1.197409,38.870601],[1.197417,38.870625],[1.197476,38.870646],[1.1975,38.870683],[1.197596,38.87071],[1.197759,38.870739],[1.197808,38.870718],[1.19786,38.870724],[1.197942,38.870726],[1.198,38.870726],[1.198091,38.870728],[1.198091,38.87077],[1.198162,38.870778],[1.198256,38.870763],[1.198311,38.87075],[1.19835,38.870766],[1.19844,38.870767],[1.198475,38.870791],[1.198556,38.870788],[1.198596,38.870755],[1.198615,38.870712],[1.19884,38.87069],[1.198934,38.870691],[1.199013,38.870677],[1.1991,38.870655],[1.19921,38.870657],[1.199311,38.870658],[1.199404,38.870639],[1.199526,38.870644],[1.199739,38.870663],[1.199805,38.870674],[1.199825,38.870712],[1.19996,38.870764],[1.1999,38.870796],[1.199878,38.870825],[1.199935,38.870833],[1.200035,38.870828],[1.200094,38.870796],[1.200184,38.870692],[1.200169,38.870633],[1.200228,38.870595],[1.200396,38.870552],[1.200479,38.87054],[1.200594,38.870544],[1.20064,38.870532],[1.20066,38.870535],[1.200675,38.870547],[1.200698,38.870566],[1.200783,38.870553],[1.200839,38.870564],[1.200901,38.87055],[1.200903,38.870472],[1.200968,38.87042],[1.201026,38.870418],[1.20105,38.870454],[1.201126,38.870435],[1.201238,38.870425],[1.201241,38.87047],[1.201293,38.8705],[1.201333,38.870527],[1.201235,38.870552],[1.201231,38.870583],[1.201299,38.870683],[1.201388,38.87074],[1.201452,38.870722],[1.201552,38.870632],[1.201415,38.870524],[1.201409,38.870454],[1.201476,38.870424],[1.201567,38.870421],[1.20166,38.870389],[1.201755,38.870336],[1.201814,38.870334],[1.201862,38.870339],[1.201905,38.870285],[1.201935,38.870231],[1.201947,38.870213],[1.201986,38.870172],[1.201955,38.870144],[1.20212,38.869989],[1.202312,38.869815],[1.202494,38.869665],[1.202559,38.869652],[1.202616,38.869667],[1.202688,38.869656],[1.202772,38.8696],[1.202737,38.869551],[1.202753,38.869509],[1.202813,38.869465],[1.20285,38.869482],[1.202891,38.869506],[1.202935,38.869472],[1.202905,38.869422],[1.202926,38.869385],[1.202979,38.869352],[1.203031,38.869365],[1.20308,38.869335],[1.203066,38.869273],[1.203006,38.869247],[1.202968,38.869194],[1.20297,38.869137],[1.202919,38.869097],[1.20295,38.869062],[1.202994,38.869071],[1.203048,38.869094],[1.20308,38.869062],[1.20304,38.869027],[1.20302,38.868984],[1.203042,38.868941],[1.203085,38.868923],[1.203131,38.86894],[1.203176,38.868909],[1.203136,38.868875],[1.203147,38.868849],[1.2032,38.868826],[1.203262,38.868825],[1.203321,38.8688],[1.203371,38.868733],[1.203376,38.868664],[1.203407,38.868604],[1.203383,38.868561],[1.203391,38.868437],[1.203434,38.868418],[1.203423,38.868373],[1.203448,38.868352],[1.203416,38.868301],[1.203409,38.868272],[1.20341,38.868216],[1.203448,38.868217],[1.203483,38.868195],[1.203455,38.868147],[1.203421,38.868116],[1.203444,38.868094],[1.203507,38.868099],[1.203545,38.868083],[1.20354,38.86802],[1.203541,38.868003],[1.203575,38.867978],[1.203595,38.867895],[1.203584,38.867856],[1.203508,38.867805],[1.203513,38.867649],[1.203541,38.86762],[1.203584,38.867612],[1.203606,38.867535],[1.203655,38.867466],[1.203644,38.867416],[1.203555,38.867399],[1.203487,38.867385],[1.203496,38.867312],[1.203523,38.867287],[1.203583,38.867271],[1.203611,38.867244],[1.203631,38.867214],[1.203677,38.867206],[1.203691,38.867149],[1.203662,38.867058],[1.203575,38.867017],[1.203493,38.866995],[1.203444,38.867032],[1.203436,38.86708],[1.203446,38.867119],[1.203471,38.867124],[1.203518,38.867102],[1.20356,38.867128],[1.203533,38.867158],[1.20351,38.86719],[1.203456,38.867177],[1.203401,38.867161],[1.203395,38.867125],[1.203374,38.867087],[1.203341,38.86709],[1.203307,38.86712],[1.203245,38.867121],[1.203206,38.8671],[1.203211,38.867054],[1.203233,38.867005],[1.203237,38.86695],[1.203157,38.866884],[1.203152,38.866846],[1.203136,38.866811],[1.20306,38.866843],[1.203013,38.866828],[1.202941,38.866824],[1.202943,38.866778],[1.202987,38.866747],[1.202992,38.866673],[1.20294,38.866669],[1.202884,38.866713],[1.202817,38.866655],[1.202797,38.866677],[1.202807,38.866737],[1.202812,38.866774],[1.202774,38.866768],[1.202728,38.866679],[1.202741,38.866658],[1.202737,38.866617],[1.202663,38.866579],[1.202663,38.866541],[1.202604,38.86652],[1.202583,38.866568],[1.202543,38.866576],[1.202514,38.86654],[1.202455,38.866503],[1.202434,38.866421],[1.202436,38.866362],[1.202435,38.86628],[1.20245,38.866218],[1.202509,38.866181],[1.202594,38.866109],[1.202615,38.86601],[1.202623,38.865845],[1.202641,38.865772],[1.202685,38.865711],[1.202723,38.865634],[1.202798,38.865429],[1.202885,38.86529],[1.202903,38.865193],[1.202953,38.865153],[1.20299,38.865106],[1.203002,38.864998],[1.203004,38.864894],[1.202978,38.864749],[1.202956,38.864658],[1.202879,38.864615],[1.20278,38.864638],[1.202704,38.86463],[1.202639,38.864567],[1.202544,38.864477],[1.202421,38.864422],[1.202329,38.864382],[1.202258,38.864339],[1.202196,38.864277],[1.202133,38.864267],[1.202052,38.864309],[1.20207,38.864349],[1.202072,38.86439],[1.201973,38.864388],[1.201894,38.864412],[1.201836,38.864412],[1.20177,38.864411],[1.201702,38.864431],[1.201637,38.86443],[1.201576,38.864476],[1.201574,38.864518],[1.201554,38.864587],[1.201521,38.864616],[1.201391,38.864646],[1.201299,38.864658],[1.201162,38.864685],[1.201068,38.864705],[1.201008,38.864716],[1.200907,38.864711],[1.200844,38.864666],[1.200754,38.864658],[1.200664,38.864665],[1.200664,38.864722],[1.200612,38.864756],[1.200545,38.864769],[1.200502,38.864816],[1.200447,38.864793],[1.200444,38.864754],[1.200421,38.864709],[1.200307,38.864699],[1.200267,38.864719],[1.200277,38.864748],[1.200294,38.864774],[1.2003,38.864794],[1.200302,38.864815],[1.200243,38.86487],[1.200103,38.864903],[1.199898,38.8649],[1.199801,38.864881],[1.19982,38.864805],[1.199841,38.864772],[1.199808,38.864765],[1.199591,38.864824],[1.199393,38.864872],[1.199274,38.864894],[1.199238,38.864873],[1.199105,38.86489],[1.198955,38.864912],[1.198857,38.864935],[1.198787,38.864924],[1.198758,38.864848],[1.198717,38.864771],[1.198717,38.864702],[1.198747,38.864677],[1.198756,38.864623],[1.198733,38.864553],[1.198678,38.864494],[1.198616,38.864497],[1.198536,38.86453],[1.19848,38.864511],[1.1984,38.864461],[1.198328,38.864479],[1.198245,38.86449],[1.198204,38.864437],[1.198193,38.864361],[1.198123,38.864287],[1.19807,38.864224],[1.197952,38.864206],[1.197858,38.864219],[1.197742,38.864227],[1.197686,38.864204],[1.197681,38.864147],[1.197595,38.864104],[1.197443,38.864063],[1.19731,38.864029],[1.197209,38.864026],[1.197155,38.864005],[1.197089,38.86401],[1.197047,38.864035],[1.196947,38.864073],[1.196895,38.864126],[1.196794,38.864176],[1.19676,38.864274],[1.196723,38.864314],[1.196627,38.864294],[1.196577,38.864309],[1.196544,38.864322],[1.196473,38.864301],[1.196461,38.864257],[1.196374,38.864245],[1.196328,38.864271],[1.196357,38.864303],[1.196358,38.864334],[1.196283,38.864379],[1.196216,38.864426],[1.19612,38.864447],[1.196067,38.86449],[1.196029,38.864497],[1.195971,38.864514],[1.195913,38.864546],[1.195849,38.864502],[1.195796,38.864413],[1.195723,38.864354],[1.195641,38.864328],[1.195545,38.864295],[1.195482,38.864271],[1.19544,38.864197],[1.195438,38.86412],[1.1954,38.864002],[1.195327,38.86385],[1.195318,38.863754],[1.195282,38.863679],[1.195206,38.863647],[1.195111,38.863645],[1.195025,38.863639],[1.194936,38.863599],[1.194849,38.863557],[1.194753,38.863529],[1.194643,38.863513],[1.194543,38.863519],[1.194449,38.86355],[1.194372,38.863598],[1.194327,38.863669],[1.194238,38.86371],[1.194129,38.86375],[1.194033,38.86376],[1.193947,38.863781],[1.193889,38.863852],[1.19384,38.863918],[1.193793,38.863989],[1.193714,38.864051],[1.193641,38.864103],[1.193564,38.86411],[1.193479,38.864082],[1.193375,38.864056],[1.193287,38.864042],[1.192896,38.864103],[1.192731,38.864145],[1.192636,38.8642],[1.192561,38.864229],[1.192462,38.864252],[1.192368,38.864254],[1.192307,38.864257],[1.192245,38.864225],[1.192179,38.864167],[1.192161,38.864093],[1.192182,38.864035],[1.192224,38.863983],[1.192257,38.863884],[1.192235,38.863759],[1.192178,38.863683],[1.192106,38.863676],[1.192004,38.863686],[1.191919,38.863737],[1.191856,38.863756],[1.191804,38.863755],[1.191737,38.863717],[1.191666,38.863681],[1.191569,38.863647],[1.191515,38.863612],[1.191426,38.863602],[1.191326,38.863579],[1.191308,38.863542],[1.191277,38.863451],[1.191197,38.863362],[1.191082,38.863268],[1.191049,38.863224],[1.191046,38.863148],[1.190985,38.863129],[1.190876,38.863154],[1.190837,38.863205],[1.190791,38.863254],[1.190678,38.863282],[1.190491,38.863306],[1.190377,38.863307],[1.190276,38.863313],[1.190175,38.863321],[1.190103,38.863319],[1.19,38.863328],[1.189957,38.863344],[1.189914,38.863297],[1.189802,38.863226],[1.189794,38.863179],[1.189743,38.863145],[1.189673,38.863132],[1.189603,38.863169],[1.189554,38.863217],[1.189525,38.863228],[1.189494,38.863175],[1.189418,38.863088],[1.189385,38.863094],[1.189348,38.863178],[1.189324,38.863206],[1.189288,38.863222],[1.189221,38.863239],[1.189184,38.863218],[1.18915,38.863225],[1.189116,38.863209],[1.18909,38.863116],[1.189072,38.863097],[1.18902,38.863098],[1.188959,38.863084],[1.188891,38.863034]],[[1.191586,38.866042],[1.191536,38.866059],[1.191492,38.866098],[1.191494,38.866134],[1.191529,38.866139],[1.191578,38.866124],[1.191618,38.866124],[1.191644,38.86611],[1.191618,38.86606],[1.191586,38.866042]],[[1.193189,38.86725],[1.193196,38.867222],[1.193145,38.867185],[1.193103,38.867144],[1.193063,38.867147],[1.193022,38.867184],[1.193026,38.867211],[1.193064,38.867247],[1.193095,38.867263],[1.193137,38.867264],[1.193189,38.86725]],[[1.196235,38.870155],[1.196204,38.870206],[1.196203,38.87024],[1.196196,38.870267],[1.196165,38.870288],[1.196176,38.870303],[1.196211,38.870317],[1.196239,38.870318],[1.196246,38.870306],[1.196247,38.870257],[1.196263,38.870233],[1.196304,38.870203],[1.196313,38.870171],[1.196277,38.870144],[1.196235,38.870155]],[[1.199205,38.870779],[1.199231,38.870805],[1.199341,38.870872],[1.199378,38.870876],[1.199396,38.870859],[1.199397,38.870808],[1.1993,38.870767],[1.199205,38.870779]],[[1.200492,38.870658],[1.200496,38.870688],[1.200536,38.870725],[1.200582,38.870742],[1.200672,38.870723],[1.200684,38.870691],[1.200633,38.870682],[1.200543,38.87065],[1.200492,38.870658]],[[1.202292,38.87015],[1.202244,38.870181],[1.202233,38.870217],[1.202254,38.870254],[1.202351,38.870287],[1.2024,38.870289],[1.202439,38.870274],[1.202435,38.870224],[1.202435,38.870187],[1.202373,38.870137],[1.202292,38.87015]],[[1.211233,38.870151],[1.211249,38.87012],[1.211241,38.870065],[1.211189,38.870046],[1.211169,38.870021],[1.211185,38.869977],[1.21122,38.869976],[1.21127,38.869991],[1.211322,38.869968],[1.211388,38.869942],[1.211454,38.869935],[1.21149,38.869954],[1.211545,38.86993],[1.211597,38.869913],[1.211634,38.869921],[1.211611,38.86995],[1.211627,38.86997],[1.211685,38.869964],[1.211732,38.86993],[1.211769,38.86991],[1.211846,38.869893],[1.211916,38.869893],[1.211998,38.86987],[1.212088,38.869862],[1.212191,38.869864],[1.212279,38.869865],[1.212378,38.869878],[1.212449,38.869906],[1.212519,38.869905],[1.21258,38.869913],[1.212625,38.869942],[1.212689,38.869956],[1.212718,38.870001],[1.212765,38.870019],[1.21286,38.870011],[1.212957,38.869993],[1.213047,38.869982],[1.213133,38.869953],[1.213214,38.869928],[1.21331,38.869912],[1.213418,38.869908],[1.213596,38.86991],[1.213682,38.869896],[1.213771,38.86986],[1.213884,38.869815],[1.213972,38.869775],[1.214084,38.869717],[1.214171,38.869676],[1.214239,38.869664],[1.214307,38.869621],[1.214377,38.869589],[1.214446,38.869568],[1.21451,38.869498],[1.21455,38.86946],[1.214637,38.869427],[1.214688,38.869419],[1.214701,38.869447],[1.214753,38.86944],[1.214804,38.869406],[1.214849,38.869396],[1.214891,38.869354],[1.214936,38.869295],[1.214982,38.869251],[1.215042,38.869217],[1.215149,38.869185],[1.215229,38.869162],[1.215307,38.869128],[1.215346,38.869112],[1.215348,38.869068],[1.215342,38.869032],[1.215374,38.869018],[1.215365,38.868981],[1.215313,38.86897],[1.215227,38.868952],[1.215168,38.868961],[1.215089,38.868932],[1.215109,38.868907],[1.215134,38.868906],[1.215163,38.868882],[1.215164,38.86883],[1.215155,38.868828],[1.21512,38.868809],[1.215115,38.868765],[1.215123,38.868727],[1.215074,38.868695],[1.21505,38.868656],[1.215044,38.868611],[1.214998,38.868591],[1.214963,38.868565],[1.214965,38.868521],[1.21499,38.868487],[1.215029,38.868466],[1.215041,38.86843],[1.214999,38.868403],[1.214858,38.868353],[1.214824,38.868321],[1.214828,38.868261],[1.214802,38.868254],[1.214753,38.868198],[1.214705,38.868084],[1.214657,38.867891],[1.214678,38.867857],[1.214715,38.867835],[1.214712,38.867778],[1.214702,38.867689],[1.214699,38.867546],[1.214696,38.867461],[1.214728,38.867427],[1.214777,38.867396],[1.214816,38.867375],[1.214818,38.867316],[1.214826,38.867252],[1.214861,38.867186],[1.214907,38.867113],[1.214915,38.867026],[1.214909,38.866973],[1.214871,38.866923],[1.21482,38.86688],[1.214793,38.86683],[1.214762,38.866781],[1.21469,38.866696],[1.214634,38.866629],[1.214523,38.866522],[1.21443,38.866475],[1.21434,38.866445],[1.214254,38.866402],[1.214138,38.866331],[1.214029,38.866259],[1.213981,38.866202],[1.213976,38.866134],[1.213941,38.866088],[1.213862,38.866022],[1.213767,38.865966],[1.213672,38.865942],[1.213601,38.865942],[1.213479,38.865945],[1.213353,38.865938],[1.213297,38.865952],[1.213254,38.865936],[1.213219,38.865897],[1.213181,38.865863],[1.21313,38.865819],[1.213044,38.865777],[1.212983,38.86573],[1.212928,38.865725],[1.212855,38.865736],[1.212677,38.865729],[1.212617,38.865758],[1.212539,38.865821],[1.212529,38.865865],[1.212543,38.865901],[1.212544,38.865954],[1.212557,38.866007],[1.212612,38.866089],[1.212621,38.866127],[1.212634,38.866169],[1.212626,38.866225],[1.212611,38.866297],[1.21257,38.86637],[1.21255,38.866418],[1.212546,38.866487],[1.212465,38.866611],[1.21243,38.866673],[1.212419,38.866734],[1.212436,38.866777],[1.21248,38.86682],[1.212505,38.866872],[1.212545,38.866964],[1.212583,38.867031],[1.212644,38.867153],[1.212708,38.867263],[1.212767,38.867368],[1.21283,38.867444],[1.212838,38.867486],[1.212884,38.86753],[1.212937,38.867566],[1.213005,38.867641],[1.213067,38.867704],[1.213175,38.867774],[1.213286,38.867845],[1.213399,38.867914],[1.213465,38.867965],[1.213508,38.867999],[1.213626,38.868038],[1.213697,38.868061],[1.213776,38.868088],[1.213872,38.868128],[1.213905,38.868138],[1.21391,38.868192],[1.213924,38.868226],[1.213909,38.868254],[1.213852,38.868253],[1.213747,38.868207],[1.213691,38.868206],[1.213684,38.868226],[1.213725,38.868333],[1.213712,38.868363],[1.213655,38.868356],[1.213577,38.868347],[1.213509,38.868348],[1.213468,38.868347],[1.213463,38.868311],[1.213417,38.868303],[1.213287,38.868301],[1.213285,38.868331],[1.213235,38.868317],[1.213184,38.868293],[1.213116,38.868267],[1.213033,38.868256],[1.212996,38.868273],[1.212973,38.868312],[1.212973,38.868354],[1.212975,38.868403],[1.212964,38.868441],[1.21296,38.868478],[1.212933,38.868512],[1.212951,38.868535],[1.212918,38.868555],[1.212874,38.868591],[1.212872,38.868625],[1.212812,38.86863],[1.212768,38.868652],[1.212731,38.86866],[1.212677,38.868653],[1.212655,38.868645],[1.212633,38.868616],[1.212576,38.868609],[1.212473,38.868598],[1.212442,38.868611],[1.212394,38.868619],[1.212344,38.868616],[1.212317,38.86858],[1.212306,38.868539],[1.212245,38.868512],[1.212192,38.868479],[1.212177,38.86844],[1.212173,38.868395],[1.212129,38.868365],[1.212046,38.868342],[1.211983,38.868363],[1.211971,38.868402],[1.211933,38.868416],[1.211921,38.868449],[1.211991,38.868566],[1.211985,38.868587],[1.211943,38.868561],[1.211882,38.868546],[1.211841,38.86856],[1.21183,38.868585],[1.211784,38.868583],[1.211744,38.868541],[1.211693,38.868499],[1.211659,38.8685],[1.211583,38.868479],[1.211525,38.868473],[1.211469,38.868472],[1.211415,38.868439],[1.211351,38.86838],[1.21133,38.868305],[1.211278,38.868284],[1.211247,38.868304],[1.211271,38.868349],[1.211304,38.868398],[1.211305,38.868453],[1.211307,38.868491],[1.211265,38.868492],[1.211215,38.868456],[1.211124,38.868385],[1.211032,38.868307],[1.210982,38.868283],[1.210858,38.868177],[1.210811,38.868128],[1.210833,38.868086],[1.210819,38.868043],[1.210828,38.868014],[1.210848,38.86798],[1.210827,38.867922],[1.210779,38.867887],[1.210679,38.867799],[1.210604,38.867699],[1.210583,38.867653],[1.210575,38.86761],[1.210546,38.867542],[1.210564,38.867503],[1.21064,38.867471],[1.210717,38.867433],[1.210758,38.867396],[1.210812,38.867356],[1.210884,38.867337],[1.211028,38.867302],[1.211069,38.867273],[1.211074,38.867229],[1.211048,38.867166],[1.210973,38.867111],[1.210883,38.867094],[1.210822,38.867109],[1.210741,38.867126],[1.210626,38.867108],[1.210518,38.867136],[1.210452,38.867175],[1.210443,38.867219],[1.210442,38.867312],[1.210424,38.867359],[1.210376,38.86736],[1.210292,38.867382],[1.210192,38.867406],[1.210039,38.867416],[1.209966,38.86743],[1.209928,38.86747],[1.209844,38.867473],[1.209765,38.867465],[1.209693,38.867444],[1.209626,38.867397],[1.209567,38.867364],[1.209509,38.867356],[1.2094,38.867329],[1.209309,38.867339],[1.209238,38.867337],[1.209164,38.867363],[1.209078,38.86742],[1.208967,38.867494],[1.208861,38.867546],[1.208768,38.867562],[1.20865,38.867569],[1.208527,38.867561],[1.208414,38.867559],[1.208298,38.867542],[1.208119,38.867495],[1.207913,38.867437],[1.207821,38.867425],[1.207757,38.867428],[1.20768,38.867479],[1.20763,38.867524],[1.207581,38.867559],[1.207563,38.867599],[1.207551,38.867663],[1.207514,38.867729],[1.20752,38.867824],[1.207561,38.867885],[1.207625,38.867921],[1.207703,38.867947],[1.207735,38.867985],[1.207765,38.868035],[1.207823,38.868066],[1.207897,38.868089],[1.207966,38.868135],[1.208021,38.868206],[1.208055,38.868278],[1.208087,38.868358],[1.208066,38.868391],[1.208061,38.868435],[1.208036,38.868469],[1.208022,38.868514],[1.208062,38.868575],[1.208049,38.868595],[1.207999,38.868567],[1.207944,38.868538],[1.207936,38.868505],[1.207882,38.86846],[1.207784,38.868423],[1.207688,38.868388],[1.207575,38.868347],[1.207496,38.86834],[1.207452,38.868355],[1.207386,38.868347],[1.207245,38.868287],[1.20711,38.868236],[1.206952,38.868227],[1.206828,38.868235],[1.206796,38.868262],[1.206814,38.868294],[1.206864,38.868314],[1.206934,38.868349],[1.206981,38.868361],[1.20705,38.8684],[1.207084,38.868439],[1.207157,38.868481],[1.207219,38.868535],[1.207259,38.868595],[1.207257,38.868646],[1.207225,38.868661],[1.207183,38.868688],[1.207183,38.868733],[1.20721,38.868769],[1.207245,38.868766],[1.207285,38.868733],[1.207319,38.868744],[1.207325,38.868782],[1.207302,38.868796],[1.20727,38.868829],[1.207277,38.868872],[1.207328,38.868876],[1.207378,38.868846],[1.207422,38.868851],[1.207428,38.868895],[1.207397,38.868936],[1.207396,38.868974],[1.207436,38.869029],[1.207481,38.86904],[1.207516,38.868993],[1.207503,38.868968],[1.207462,38.868955],[1.207465,38.868931],[1.207483,38.868899],[1.207504,38.86888],[1.207558,38.8689],[1.207587,38.868934],[1.207612,38.868981],[1.207603,38.869026],[1.207573,38.869047],[1.207577,38.869078],[1.207546,38.869096],[1.207504,38.86909],[1.207437,38.869084],[1.207421,38.869102],[1.207451,38.869137],[1.207483,38.869176],[1.207542,38.869217],[1.207555,38.869255],[1.207607,38.869293],[1.207683,38.869317],[1.20778,38.86935],[1.207884,38.869408],[1.208022,38.869476],[1.208083,38.869513],[1.208137,38.869518],[1.208177,38.8695],[1.208217,38.869486],[1.208246,38.86947],[1.208252,38.86944],[1.208287,38.869435],[1.208315,38.869456],[1.208364,38.869432],[1.208378,38.869395],[1.208405,38.869364],[1.208447,38.869344],[1.208494,38.869332],[1.208522,38.869358],[1.208542,38.869402],[1.20859,38.869427],[1.20863,38.86946],[1.208671,38.869478],[1.208686,38.869461],[1.20868,38.869435],[1.208701,38.869427],[1.208871,38.869493],[1.208951,38.869521],[1.209018,38.869521],[1.209078,38.869506],[1.209125,38.869494],[1.20915,38.86946],[1.209182,38.869423],[1.209222,38.869402],[1.209266,38.869403],[1.209319,38.86942],[1.209344,38.86945],[1.209397,38.869441],[1.209539,38.869477],[1.209553,38.869516],[1.209666,38.869519],[1.209719,38.869534],[1.209699,38.869551],[1.209671,38.869581],[1.209707,38.869587],[1.209809,38.869562],[1.209861,38.869569],[1.209913,38.869554],[1.209953,38.869536],[1.20999,38.869525],[1.21,38.869496],[1.210036,38.869493],[1.210131,38.869521],[1.210181,38.869523],[1.210338,38.86955],[1.210468,38.869616],[1.210592,38.869638],[1.210637,38.86968],[1.210656,38.869731],[1.210624,38.869771],[1.210588,38.869801],[1.210586,38.869833],[1.210658,38.869853],[1.21079,38.869857],[1.210903,38.869885],[1.211019,38.86992],[1.211027,38.869966],[1.211038,38.870005],[1.211013,38.870034],[1.211061,38.87006],[1.211144,38.870083],[1.211177,38.870124],[1.211233,38.870151]],[[1.211659,38.870022],[1.211665,38.870076],[1.211711,38.87012],[1.211756,38.870123],[1.211786,38.8701],[1.211787,38.87007],[1.211765,38.870025],[1.211712,38.870004],[1.211659,38.870022]],[[1.212157,38.870013],[1.212199,38.870028],[1.21225,38.870008],[1.212257,38.869972],[1.21223,38.869927],[1.212184,38.869935],[1.212157,38.869975],[1.212157,38.870013]],[[1.215042,38.868266],[1.21501,38.868303],[1.215007,38.868335],[1.2151,38.86836],[1.215167,38.868358],[1.215206,38.868329],[1.215216,38.868303],[1.215196,38.868274],[1.215138,38.868247],[1.215062,38.868228],[1.215042,38.868266]],[[1.203384,38.866776],[1.203332,38.866651],[1.203262,38.866605],[1.20319,38.866601],[1.203165,38.866616],[1.203175,38.866652],[1.203178,38.866703],[1.203189,38.866734],[1.203242,38.866764],[1.203285,38.86679],[1.203331,38.866792],[1.203384,38.866776]],[[1.204061,38.867196],[1.204043,38.8672],[1.203983,38.867237],[1.203939,38.867243],[1.203938,38.867258],[1.204035,38.86728],[1.204089,38.867278],[1.204061,38.867196]],[[1.204023,38.867343],[1.203959,38.867316],[1.203927,38.867301],[1.203892,38.8673],[1.203857,38.867328],[1.203856,38.867382],[1.203868,38.867398],[1.20391,38.867398],[1.203966,38.867424],[1.204014,38.867424],[1.204036,38.867398],[1.204023,38.867343]],[[1.207003,38.868753],[1.206959,38.868772],[1.206953,38.868812],[1.206972,38.868849],[1.207028,38.868859],[1.207061,38.868831],[1.207043,38.868781],[1.207003,38.868753]],[[1.203293,38.869435],[1.203273,38.869392],[1.203225,38.869385],[1.203202,38.869412],[1.203135,38.869424],[1.20305,38.869424],[1.203033,38.869451],[1.203063,38.869486],[1.203089,38.869522],[1.203106,38.869529],[1.20316,38.869522],[1.203198,38.869495],[1.203223,38.869486],[1.203258,38.869486],[1.203295,38.869474],[1.203293,38.869435]],[[1.210467,38.869945],[1.210431,38.869901],[1.210377,38.8699],[1.210358,38.86994],[1.21037,38.870003],[1.210435,38.870014],[1.210468,38.869993],[1.210467,38.869945]],[[1.203141,38.869878],[1.203124,38.869853],[1.203023,38.869851],[1.203,38.86986],[1.20303,38.869903],[1.203119,38.869942],[1.203154,38.869946],[1.203141,38.869878]],[[1.210518,38.870016],[1.210506,38.870066],[1.210591,38.870114],[1.210639,38.87011],[1.210691,38.870095],[1.210723,38.870126],[1.210766,38.870084],[1.210749,38.870053],[1.210713,38.870013],[1.21068,38.869978],[1.210662,38.870004],[1.210591,38.870015],[1.210518,38.870016]],[[1.198116,38.870902],[1.198102,38.870871],[1.198016,38.870862],[1.197887,38.870879],[1.197875,38.870896],[1.197944,38.870959],[1.198116,38.870902]],[[1.196889,38.872032],[1.196881,38.872005],[1.196835,38.871971],[1.196764,38.871925],[1.196707,38.871885],[1.196629,38.871825],[1.196552,38.871763],[1.19651,38.871728],[1.196452,38.871679],[1.196404,38.871627],[1.196358,38.871571],[1.196354,38.871536],[1.196245,38.871383],[1.19615,38.871323],[1.195983,38.871258],[1.195877,38.871214],[1.195793,38.871167],[1.195649,38.87111],[1.195451,38.871026],[1.195367,38.871012],[1.195272,38.871006],[1.195183,38.870989],[1.195169,38.871006],[1.195196,38.871046],[1.195259,38.871109],[1.195305,38.871177],[1.195346,38.871257],[1.195369,38.871318],[1.195427,38.871364],[1.195486,38.871405],[1.195563,38.871426],[1.195658,38.871423],[1.195759,38.871458],[1.195805,38.871508],[1.195854,38.871549],[1.195914,38.871554],[1.195958,38.871617],[1.19598,38.87166],[1.196033,38.871684],[1.196094,38.87175],[1.196143,38.871811],[1.196235,38.871882],[1.196407,38.871948],[1.196482,38.871952],[1.196542,38.871942],[1.19659,38.871965],[1.196648,38.871991],[1.196814,38.872031],[1.196863,38.872043],[1.196889,38.872032]]]},"properties":{"featureId":"rm-reserva-marina-es-vedra-vedranell--reserva-marina--autonomica--01","zoneId":"rm-reserva-marina-es-vedra-vedranell--reserva-marina--autonomica","fuente":"reservas-marinas","fuenteTitulo":"Reservas marinas","nombre":"Reserva Marina es Vedrà - Vedranell","proteccion":"Reserva marina","competencia":"Autonòmica","isla":"eivissa","areaKm2":5.3341,"normas":[{"titulo":"Decret 25/2023","fecha":"2023-05-02","url":"https://www.caib.es/sites/reservesmarines/ca/descripcia_0_0_0_0/","tipo":"creacion","origen":"ideib"}],"objectIdOrigen":3235}},{"type":"Feature","geometry":{"type":"Polygon","coordinates":[[[1.188624,38.862781],[1.186383,38.8629],[1.186667,38.862217],[1.189033,38.861767],[1.1892,38.86275],[1.188852,38.862769],[1.188863,38.862747],[1.188826,38.862693],[1.188766,38.862662],[1.188697,38.862662],[1.188645,38.862683],[1.188566,38.862671],[1.188531,38.862622],[1.188461,38.862569],[1.188394,38.862555],[1.188362,38.86257],[1.188371,38.862615],[1.18842,38.862684],[1.188465,38.862718],[1.188533,38.862759],[1.188614,38.862774],[1.188624,38.862781]]]},"properties":{"featureId":"rm-reserva-marina-es-vedra-vedranell-zona-d-especial-proteccio-es-vedra-punta-de-na-bruta--zona-de-proteccio-especial--autonomica--01","zoneId":"rm-reserva-marina-es-vedra-vedranell-zona-d-especial-proteccio-es-vedra-punta-de-na-bruta--zona-de-proteccio-especial--autonomica","fuente":"reservas-marinas","fuenteTitulo":"Reservas marinas","nombre":"Reserva Marina es Vedrà - Vedranell zona d'especial protecció es Vedrà (Punta de na Bruta)","proteccion":"Zona de protecció especial","competencia":"Autonòmica","isla":"eivissa","areaKm2":0.0201,"normas":[{"titulo":"Decret 25/2023","fecha":"2023-05-02","url":"https://www.caib.es/sites/reservesmarines/ca/descripcia_0_0_0_0/","tipo":"creacion","origen":"ideib"}],"objectIdOrigen":3236}}]}