{"type":"FeatureCollection","features":[{"type":"Feature","geometry":{"type":"MultiPolygon","coordinates":[[[[1.33458,38.866695],[1.334492,38.866776],[1.334391,38.866846],[1.334322,38.866877],[1.334232,38.86689],[1.334101,38.866909],[1.333965,38.866926],[1.333819,38.866954],[1.333724,38.866979],[1.333628,38.866999],[1.333501,38.86701],[1.333419,38.867013],[1.333368,38.866983],[1.333328,38.866965],[1.333269,38.866962],[1.333207,38.86696],[1.333147,38.866948],[1.333107,38.86693],[1.333069,38.866892],[1.33305,38.866866],[1.333056,38.86684],[1.333072,38.866831],[1.333098,38.866798],[1.333105,38.866764],[1.333095,38.866725],[1.333037,38.866695],[1.332995,38.866698],[1.332997,38.866728],[1.333036,38.866756],[1.333034,38.866777],[1.332996,38.866786],[1.332937,38.866767],[1.332873,38.866781],[1.332836,38.866783],[1.332772,38.866782],[1.332756,38.866763],[1.332719,38.866776],[1.332707,38.866811],[1.332706,38.866833],[1.332691,38.866866],[1.332659,38.866898],[1.332653,38.866931],[1.332618,38.866948],[1.332614,38.866977],[1.332661,38.867016],[1.332721,38.867042],[1.332743,38.867077],[1.332772,38.867128],[1.332827,38.867176],[1.332886,38.867217],[1.332893,38.867246],[1.332886,38.867298],[1.332882,38.867325],[1.33292,38.867391],[1.332915,38.867453],[1.332891,38.867522],[1.332884,38.867642],[1.332839,38.867683],[1.33273,38.867722],[1.33262,38.867753],[1.332608,38.867753],[1.332583,38.867751],[1.332573,38.867739],[1.332563,38.867716],[1.332548,38.867689],[1.332519,38.867681],[1.33249,38.867713],[1.332486,38.867731],[1.332477,38.867788],[1.332459,38.867855],[1.332441,38.867906],[1.332462,38.867997],[1.332436,38.868035],[1.332394,38.868068],[1.332324,38.868095],[1.332194,38.868122],[1.332089,38.868141],[1.33199,38.86816],[1.331878,38.868175],[1.331783,38.868176],[1.331748,38.868161],[1.331752,38.868093],[1.33175,38.868049],[1.331729,38.868042],[1.331724,38.86807],[1.33172,38.868098],[1.331708,38.868104],[1.331643,38.868086],[1.331581,38.868136],[1.331521,38.868157],[1.331454,38.868146],[1.33141,38.868122],[1.331365,38.868081],[1.331329,38.868039],[1.331296,38.868011],[1.331253,38.867977],[1.331209,38.867958],[1.33116,38.867946],[1.331113,38.867949],[1.331058,38.86797],[1.331024,38.868028],[1.330979,38.868054],[1.330902,38.868078],[1.330804,38.868081],[1.33058,38.868073],[1.33047,38.868057],[1.330375,38.868029],[1.330351,38.868013],[1.330329,38.868],[1.33031,38.867989],[1.330251,38.867978],[1.330215,38.867971],[1.33016,38.867977],[1.330074,38.867974],[1.329832,38.867921],[1.329762,38.867901],[1.329644,38.867852],[1.329589,38.8678],[1.329528,38.867763],[1.329478,38.867734],[1.329409,38.867711],[1.329344,38.867699],[1.329284,38.867669],[1.329229,38.867631],[1.329196,38.867586],[1.329112,38.867539],[1.329093,38.867504],[1.329093,38.867447],[1.329069,38.867393],[1.329024,38.867339],[1.328936,38.867284],[1.328902,38.867265],[1.328865,38.867237],[1.328837,38.867197],[1.328815,38.867148],[1.328816,38.867098],[1.328821,38.867061],[1.328809,38.867035],[1.328807,38.867006],[1.328813,38.866963],[1.328801,38.86691],[1.328759,38.866878],[1.32873,38.866867],[1.328718,38.866844],[1.328715,38.866808],[1.328685,38.866771],[1.328647,38.866743],[1.328623,38.866693],[1.32858,38.86665],[1.328569,38.866619],[1.328575,38.866589],[1.328567,38.86654],[1.328529,38.866504],[1.32848,38.866464],[1.328465,38.866427],[1.328465,38.86639],[1.328432,38.866363],[1.32843,38.866326],[1.328431,38.866233],[1.328403,38.866153],[1.328381,38.866123],[1.328389,38.866082],[1.328413,38.866031],[1.328438,38.865968],[1.328471,38.865903],[1.328473,38.865881],[1.328455,38.865861],[1.32842,38.865858],[1.328364,38.865856],[1.328289,38.865838],[1.328253,38.865819],[1.328243,38.865797],[1.328244,38.865756],[1.328257,38.865725],[1.328271,38.865698],[1.328261,38.865657],[1.328246,38.865613],[1.328243,38.865569],[1.328257,38.865514],[1.328274,38.865487],[1.328275,38.86544],[1.328249,38.865384],[1.328222,38.865334],[1.328212,38.865297],[1.328217,38.86527],[1.328181,38.865226],[1.328152,38.865186],[1.328144,38.865143],[1.32818,38.865101],[1.328233,38.865077],[1.328261,38.865062],[1.328253,38.865023],[1.328187,38.864986],[1.328152,38.864938],[1.328133,38.864873],[1.328088,38.864832],[1.328069,38.864757],[1.32805,38.864689],[1.328027,38.864561],[1.327993,38.864434],[1.327952,38.864313],[1.327918,38.864263],[1.327825,38.86422],[1.327724,38.864156],[1.327586,38.8641],[1.327491,38.864053],[1.327356,38.863998],[1.32728,38.863982],[1.327203,38.863935],[1.327144,38.863882],[1.327078,38.863828],[1.327019,38.863759],[1.327014,38.863681],[1.327015,38.863619],[1.326991,38.863569],[1.32698,38.863534],[1.326982,38.863483],[1.326994,38.863453],[1.327008,38.863445],[1.327032,38.863456],[1.327063,38.863452],[1.327078,38.863398],[1.327043,38.86333],[1.327043,38.863297],[1.327005,38.863245],[1.326983,38.863216],[1.326949,38.863183],[1.326928,38.863152],[1.326916,38.863131],[1.326885,38.863112],[1.326853,38.86313],[1.326876,38.863158],[1.326876,38.863189],[1.326841,38.86321],[1.326832,38.863245],[1.326789,38.863274],[1.326749,38.863265],[1.326746,38.863225],[1.326708,38.863179],[1.326667,38.863167],[1.326644,38.863183],[1.326663,38.863224],[1.326621,38.863275],[1.326562,38.863302],[1.326521,38.863301],[1.326477,38.863319],[1.326444,38.863334],[1.326386,38.863336],[1.326378,38.863323],[1.326401,38.863285],[1.326344,38.863273],[1.326249,38.863262],[1.326236,38.863231],[1.326234,38.863196],[1.326188,38.863197],[1.326177,38.86323],[1.326125,38.863229],[1.326081,38.863219],[1.326023,38.863193],[1.325963,38.8632],[1.325942,38.863214],[1.325846,38.863217],[1.325763,38.863215],[1.325729,38.863177],[1.325678,38.863161],[1.325628,38.86318],[1.325615,38.863219],[1.325556,38.863253],[1.325476,38.863252],[1.325445,38.863233],[1.325405,38.863222],[1.325338,38.863249],[1.325285,38.86323],[1.325267,38.86318],[1.325207,38.863172],[1.325137,38.863181],[1.32511,38.863208],[1.325037,38.863229],[1.325012,38.863244],[1.324956,38.86324],[1.324865,38.863231],[1.324794,38.863248],[1.324738,38.86323],[1.324736,38.863167],[1.324684,38.863146],[1.324603,38.863143],[1.324606,38.863105],[1.324651,38.863085],[1.324678,38.863049],[1.32464,38.862992],[1.324607,38.862946],[1.324549,38.862904],[1.324531,38.862871],[1.32449,38.862853],[1.324444,38.862811],[1.324379,38.862785],[1.324323,38.862764],[1.3243,38.86273],[1.324301,38.862658],[1.324257,38.862546],[1.324186,38.862468],[1.32414,38.862392],[1.324065,38.862279],[1.324027,38.86228],[1.323992,38.862308],[1.323982,38.862276],[1.323987,38.862239],[1.323964,38.862215],[1.323906,38.862188],[1.323858,38.862129],[1.323783,38.862045],[1.323749,38.861989],[1.323711,38.861911],[1.323723,38.861867],[1.323788,38.86185],[1.323791,38.861802],[1.32377,38.86174],[1.323746,38.861699],[1.323668,38.861597],[1.323574,38.861566],[1.323554,38.861573],[1.323513,38.861487],[1.323514,38.861444],[1.323492,38.861404],[1.323456,38.86141],[1.323425,38.861396],[1.323418,38.861359],[1.323392,38.861319],[1.323372,38.861305],[1.32336,38.861259],[1.323316,38.861186],[1.323274,38.86116],[1.323245,38.861119],[1.323212,38.861076],[1.323162,38.861067],[1.323131,38.861057],[1.323106,38.861018],[1.323084,38.86101],[1.323064,38.86101],[1.323055,38.860972],[1.323043,38.860888],[1.323012,38.860878],[1.322976,38.860836],[1.322922,38.860734],[1.322898,38.860698],[1.322848,38.860697],[1.322817,38.860674],[1.322806,38.860615],[1.322784,38.860554],[1.322769,38.860488],[1.322748,38.860413],[1.32271,38.860401],[1.322663,38.860395],[1.322618,38.860365],[1.322588,38.860361],[1.322597,38.860311],[1.322635,38.860296],[1.322582,38.860269],[1.322546,38.860282],[1.322515,38.860289],[1.322486,38.860272],[1.322492,38.860226],[1.322508,38.860176],[1.322537,38.860136],[1.322477,38.859988],[1.322446,38.859975],[1.322387,38.859948],[1.322358,38.859943],[1.322356,38.859908],[1.322315,38.859898],[1.322302,38.859915],[1.322296,38.859929],[1.322232,38.859906],[1.322235,38.859814],[1.322218,38.859786],[1.322183,38.859776],[1.322156,38.859792],[1.32215,38.859797],[1.322121,38.859788],[1.322104,38.859763],[1.322109,38.859727],[1.322145,38.859658],[1.322146,38.859636],[1.322119,38.859625],[1.322085,38.859622],[1.322066,38.859603],[1.322061,38.859577],[1.322072,38.859542],[1.322108,38.859497],[1.322134,38.859468],[1.32216,38.859452],[1.322163,38.859423],[1.322163,38.859388],[1.322178,38.859347],[1.322181,38.859311],[1.322179,38.859274],[1.322156,38.859222],[1.32215,38.859151],[1.322123,38.859101],[1.322064,38.859077],[1.322011,38.859038],[1.321999,38.859003],[1.322025,38.858971],[1.322104,38.858992],[1.322119,38.858962],[1.322072,38.858907],[1.322023,38.858856],[1.321986,38.858831],[1.321949,38.858832],[1.321939,38.85884],[1.321918,38.858852],[1.321892,38.858848],[1.321863,38.858822],[1.32182,38.858789],[1.321775,38.85877],[1.321713,38.858733],[1.321689,38.85871],[1.321691,38.858672],[1.321711,38.858635],[1.321755,38.858635],[1.321775,38.858632],[1.321767,38.858592],[1.32174,38.858554],[1.321751,38.858509],[1.321779,38.858464],[1.321832,38.858457],[1.321847,38.858438],[1.321847,38.858405],[1.321819,38.858369],[1.321818,38.858328],[1.32179,38.858313],[1.32174,38.858268],[1.321742,38.858213],[1.321735,38.85816],[1.321676,38.858039],[1.321635,38.858013],[1.321602,38.858017],[1.321561,38.858033],[1.321506,38.858025],[1.321472,38.858009],[1.321503,38.857947],[1.321526,38.857876],[1.321536,38.857826],[1.321537,38.857764],[1.32151,38.85766],[1.321468,38.8576],[1.321415,38.857561],[1.321391,38.857527],[1.321357,38.857483],[1.321359,38.857417],[1.321353,38.857368],[1.321335,38.857321],[1.32129,38.857264],[1.321239,38.857263],[1.321219,38.857247],[1.321218,38.85721],[1.321222,38.857141],[1.321201,38.85708],[1.321229,38.85705],[1.321216,38.857012],[1.321166,38.85698],[1.321129,38.856888],[1.321075,38.856885],[1.321023,38.856877],[1.320996,38.856847],[1.320996,38.856808],[1.32098,38.856775],[1.320997,38.85675],[1.321071,38.856761],[1.321089,38.856756],[1.32109,38.856723],[1.321056,38.856671],[1.321018,38.856663],[1.320995,38.856652],[1.321006,38.856614],[1.321024,38.856608],[1.321032,38.856572],[1.321013,38.856499],[1.321007,38.856456],[1.321017,38.85641],[1.32102,38.856373],[1.32098,38.856339],[1.320953,38.856308],[1.320951,38.856238],[1.320926,38.856152],[1.320892,38.856114],[1.320866,38.856102],[1.320812,38.856103],[1.320758,38.856107],[1.320698,38.856094],[1.320643,38.856092],[1.320602,38.856079],[1.320542,38.85603],[1.320526,38.855975],[1.320507,38.855892],[1.320492,38.855834],[1.32025,38.855833],[1.346389,38.845444],[1.353466,38.835358],[1.401944,38.766278],[1.352194,38.7185],[1.384297,38.644143],[1.384336,38.644204],[1.384362,38.644272],[1.384348,38.644319],[1.384346,38.644378],[1.384304,38.644431],[1.384234,38.644456],[1.384172,38.644481],[1.384142,38.644526],[1.384141,38.644579],[1.384154,38.644638],[1.384173,38.644707],[1.384173,38.644782],[1.384178,38.644862],[1.384183,38.64492],[1.384194,38.644994],[1.384194,38.645055],[1.384224,38.645107],[1.38426,38.645162],[1.38428,38.645223],[1.38429,38.645279],[1.384327,38.645334],[1.38438,38.645373],[1.38443,38.645446],[1.384421,38.645474],[1.384421,38.64551],[1.384372,38.645509],[1.384323,38.645479],[1.384224,38.645445],[1.384138,38.645444],[1.384117,38.645474],[1.384083,38.645475],[1.384056,38.645446],[1.384026,38.645416],[1.383975,38.645432],[1.383966,38.645485],[1.383967,38.64558],[1.383988,38.645646],[1.384016,38.645672],[1.384057,38.645698],[1.384114,38.645726],[1.384142,38.645777],[1.384202,38.645824],[1.38421,38.645835],[1.384239,38.645874],[1.384221,38.64592],[1.384174,38.645931],[1.384127,38.645944],[1.384112,38.645986],[1.384125,38.646043],[1.384179,38.646104],[1.384218,38.64618],[1.384226,38.646317],[1.384222,38.646396],[1.384217,38.646452],[1.384244,38.646516],[1.384296,38.646555],[1.384341,38.646611],[1.384352,38.646665],[1.384307,38.646688],[1.384274,38.646671],[1.384236,38.646659],[1.384195,38.646686],[1.384124,38.646743],[1.384061,38.646813],[1.384058,38.646859],[1.384031,38.646899],[1.383954,38.646953],[1.383936,38.64699],[1.38392,38.647037],[1.383868,38.647093],[1.38386,38.647134],[1.383853,38.64718],[1.383833,38.647228],[1.383831,38.647284],[1.383853,38.647339],[1.383879,38.647392],[1.383892,38.647463],[1.383895,38.647526],[1.383918,38.647586],[1.383892,38.647641],[1.383842,38.647647],[1.383794,38.647663],[1.383785,38.647708],[1.38376,38.647757],[1.383756,38.647791],[1.383786,38.647837],[1.383815,38.647892],[1.383806,38.64793],[1.383812,38.647973],[1.383853,38.648025],[1.383859,38.648088],[1.38383,38.648137],[1.383792,38.648157],[1.383739,38.648192],[1.383737,38.648209],[1.383732,38.648242],[1.383717,38.648293],[1.383716,38.64835],[1.383739,38.648425],[1.383788,38.648544],[1.383839,38.648687],[1.383841,38.648759],[1.38386,38.648831],[1.383926,38.649004],[1.383992,38.649151],[1.384063,38.649342],[1.384114,38.649481],[1.38418,38.649665],[1.384216,38.649768],[1.384241,38.649883],[1.384246,38.649971],[1.384262,38.650037],[1.384283,38.65009],[1.384327,38.650154],[1.384355,38.650215],[1.384358,38.650269],[1.38436,38.650326],[1.384377,38.650382],[1.384421,38.650427],[1.384474,38.65045],[1.384546,38.650451],[1.38462,38.650472],[1.38468,38.650492],[1.384656,38.650513],[1.38458,38.650553],[1.384572,38.650601],[1.384576,38.650648],[1.384595,38.650696],[1.384594,38.650756],[1.384607,38.650798],[1.384625,38.650832],[1.384624,38.650883],[1.384642,38.650926],[1.384662,38.650987],[1.384679,38.651053],[1.384681,38.651098],[1.384707,38.651144],[1.384772,38.65126],[1.384923,38.65137],[1.385012,38.651421],[1.385058,38.651479],[1.385155,38.651543],[1.385223,38.651571],[1.385226,38.65159],[1.38523,38.651624],[1.385216,38.651728],[1.385215,38.651807],[1.385213,38.651891],[1.38519,38.651968],[1.385158,38.652038],[1.385138,38.65212],[1.385138,38.652211],[1.385143,38.652277],[1.385176,38.65234],[1.385164,38.652359],[1.38514,38.652386],[1.385157,38.652418],[1.385197,38.652459],[1.385193,38.652493],[1.385152,38.652502],[1.385106,38.652518],[1.385099,38.652543],[1.385121,38.652568],[1.385153,38.652586],[1.385193,38.652579],[1.385202,38.652541],[1.385203,38.65254],[1.385213,38.652556],[1.385255,38.652562],[1.385311,38.652584],[1.385356,38.652631],[1.385377,38.652679],[1.38538,38.652721],[1.385404,38.652748],[1.385451,38.652753],[1.385501,38.65275],[1.385533,38.652815],[1.385554,38.652935],[1.385555,38.652941],[1.385563,38.652991],[1.385528,38.653046],[1.385533,38.653107],[1.385555,38.653166],[1.385545,38.653214],[1.385529,38.653276],[1.385541,38.653339],[1.385591,38.653388],[1.385632,38.653448],[1.385639,38.653517],[1.385611,38.65355],[1.385579,38.65359],[1.385574,38.65365],[1.3856,38.653689],[1.38562,38.653732],[1.385609,38.653814],[1.385569,38.653882],[1.385528,38.653917],[1.38548,38.653913],[1.385448,38.653936],[1.385456,38.653992],[1.385454,38.654054],[1.385416,38.654088],[1.385407,38.654137],[1.38544,38.654162],[1.385469,38.654213],[1.385507,38.654233],[1.385513,38.654271],[1.385504,38.654328],[1.385523,38.654358],[1.385558,38.654393],[1.385587,38.654464],[1.385607,38.654515],[1.385664,38.654525],[1.385725,38.654545],[1.385726,38.654584],[1.385749,38.654629],[1.385777,38.654674],[1.385775,38.654735],[1.385773,38.654799],[1.385762,38.654822],[1.385755,38.654837],[1.385756,38.654877],[1.385736,38.654931],[1.38573,38.654991],[1.385712,38.655036],[1.385695,38.65508],[1.3857,38.65512],[1.385694,38.65519],[1.385639,38.655236],[1.385567,38.655272],[1.385563,38.655304],[1.385627,38.65536],[1.385663,38.655397],[1.385649,38.65546],[1.385613,38.655488],[1.385603,38.655518],[1.385567,38.655552],[1.385544,38.655591],[1.385571,38.655625],[1.385573,38.655663],[1.385589,38.655712],[1.385605,38.655773],[1.385629,38.65588],[1.385628,38.655941],[1.385603,38.655972],[1.38564,38.656139],[1.385662,38.656198],[1.385704,38.656219],[1.38572,38.656282],[1.385708,38.656318],[1.385698,38.656351],[1.385728,38.656372],[1.385775,38.656445],[1.385813,38.656509],[1.385836,38.656577],[1.385871,38.656625],[1.385927,38.656679],[1.385963,38.656723],[1.386016,38.656731],[1.386074,38.656747],[1.386067,38.656792],[1.386064,38.656834],[1.386063,38.656842],[1.386059,38.6569],[1.386025,38.656907],[1.386007,38.656942],[1.386044,38.656984],[1.386093,38.656995],[1.386122,38.657041],[1.386116,38.657075],[1.386093,38.657127],[1.386092,38.657191],[1.386112,38.657269],[1.386133,38.657332],[1.38612,38.657381],[1.386106,38.657437],[1.386071,38.657484],[1.386024,38.657524],[1.386018,38.657575],[1.386072,38.65765],[1.386137,38.657728],[1.386154,38.657776],[1.386124,38.657817],[1.386106,38.657872],[1.386114,38.657917],[1.386167,38.65795],[1.386228,38.658003],[1.386267,38.658059],[1.386278,38.658109],[1.38632,38.658161],[1.386399,38.658235],[1.386467,38.658288],[1.386496,38.658337],[1.386464,38.658343],[1.38645,38.658379],[1.386477,38.658407],[1.386514,38.658453],[1.386546,38.658499],[1.386554,38.658567],[1.386567,38.658597],[1.386563,38.658634],[1.386606,38.658667],[1.386618,38.658727],[1.386652,38.658783],[1.386669,38.658851],[1.386678,38.658917],[1.386675,38.658981],[1.386697,38.659055],[1.3867,38.659086],[1.386704,38.659129],[1.386717,38.659196],[1.386731,38.659264],[1.386717,38.659332],[1.386674,38.659399],[1.386694,38.65947],[1.386733,38.659584],[1.386757,38.659685],[1.386792,38.659734],[1.386789,38.659759],[1.386763,38.659776],[1.38678,38.659802],[1.386794,38.659832],[1.386772,38.659849],[1.386757,38.659901],[1.386742,38.659938],[1.386725,38.65999],[1.386743,38.660033],[1.386749,38.660085],[1.386762,38.660112],[1.386783,38.660153],[1.386773,38.660213],[1.386766,38.660306],[1.386764,38.660386],[1.386789,38.660496],[1.386868,38.660682],[1.386879,38.660742],[1.386847,38.66085],[1.386816,38.66092],[1.386814,38.660924],[1.386763,38.66096],[1.3867,38.660991],[1.386682,38.661033],[1.3867,38.661095],[1.386704,38.661161],[1.386673,38.661206],[1.386618,38.661236],[1.386586,38.661227],[1.386554,38.661216],[1.386506,38.661236],[1.386509,38.661273],[1.386563,38.661294],[1.386582,38.661321],[1.386547,38.66134],[1.386534,38.661363],[1.386549,38.661382],[1.386569,38.661403],[1.386532,38.66146],[1.386493,38.661516],[1.3865,38.661566],[1.38654,38.661621],[1.386611,38.661694],[1.38663,38.661746],[1.386618,38.661771],[1.386607,38.661794],[1.386561,38.661868],[1.386543,38.661918],[1.386589,38.661983],[1.386589,38.66204],[1.38655,38.662105],[1.386523,38.662167],[1.386539,38.662354],[1.386546,38.662446],[1.386583,38.662532],[1.386597,38.662725],[1.386646,38.662892],[1.386715,38.663065],[1.386798,38.663265],[1.386857,38.663346],[1.386929,38.663421],[1.386995,38.663518],[1.387076,38.663647],[1.38711,38.663726],[1.387134,38.663814],[1.387141,38.663877],[1.387173,38.66394],[1.387214,38.664001],[1.387215,38.664084],[1.387213,38.664163],[1.387211,38.66422],[1.387242,38.664274],[1.387297,38.664311],[1.387334,38.664367],[1.387403,38.664455],[1.387439,38.664503],[1.387437,38.664558],[1.3874,38.664601],[1.387428,38.664652],[1.387472,38.664694],[1.387534,38.664697],[1.387556,38.664722],[1.387529,38.664763],[1.387469,38.664811],[1.387353,38.664866],[1.387306,38.664892],[1.387309,38.664941],[1.387333,38.664998],[1.38733,38.665062],[1.387305,38.665109],[1.387306,38.665152],[1.387399,38.665185],[1.387438,38.665217],[1.387431,38.665268],[1.387385,38.665308],[1.387378,38.665358],[1.387387,38.665417],[1.387455,38.665551],[1.387494,38.665585],[1.387506,38.665624],[1.387494,38.665665],[1.387542,38.665764],[1.387574,38.665836],[1.387621,38.665863],[1.387627,38.6659],[1.387622,38.665938],[1.387653,38.665965],[1.3877,38.665982],[1.387698,38.666034],[1.387679,38.666067],[1.387643,38.666107],[1.387598,38.666165],[1.387546,38.666203],[1.387432,38.666213],[1.387301,38.666228],[1.38723,38.666257],[1.387171,38.666291],[1.387146,38.666345],[1.387135,38.66641],[1.387096,38.666458],[1.387073,38.666529],[1.387072,38.666617],[1.387074,38.666668],[1.387075,38.666695],[1.387064,38.666751],[1.38706,38.666904],[1.387075,38.66699],[1.387102,38.667026],[1.387181,38.66705],[1.387266,38.667053],[1.387343,38.667078],[1.387376,38.667131],[1.387383,38.667179],[1.38735,38.66723],[1.387347,38.667285],[1.387328,38.667335],[1.387297,38.667381],[1.387302,38.667424],[1.387342,38.667434],[1.387385,38.667485],[1.387382,38.667518],[1.387408,38.667544],[1.387434,38.667574],[1.387442,38.66765],[1.387467,38.667723],[1.387505,38.667787],[1.387504,38.66784],[1.38744,38.667916],[1.387385,38.667963],[1.387317,38.667967],[1.387244,38.667996],[1.387191,38.667999],[1.387153,38.66801],[1.38715,38.668046],[1.387174,38.668083],[1.387209,38.668112],[1.38727,38.668171],[1.38729,38.668206],[1.387263,38.66825],[1.387195,38.668296],[1.387124,38.668346],[1.387065,38.668388],[1.387029,38.668443],[1.386995,38.668508],[1.386989,38.66857],[1.386991,38.66862],[1.386972,38.668678],[1.38697,38.668738],[1.38697,38.668744],[1.386983,38.66879],[1.387018,38.668801],[1.387026,38.668835],[1.386984,38.66886],[1.386917,38.668906],[1.386893,38.668953],[1.386886,38.669013],[1.386915,38.669046],[1.386962,38.669054],[1.386987,38.669093],[1.386959,38.669128],[1.386914,38.669153],[1.386944,38.669231],[1.386991,38.669331],[1.386969,38.669356],[1.386918,38.669347],[1.386861,38.66935],[1.38681,38.669335],[1.386785,38.669296],[1.386739,38.669268],[1.386671,38.669297],[1.386631,38.669346],[1.386645,38.669403],[1.386637,38.669451],[1.386601,38.669469],[1.386591,38.66949],[1.386661,38.66952],[1.3867,38.669523],[1.386737,38.669505],[1.386779,38.669525],[1.386824,38.669583],[1.386874,38.669609],[1.386884,38.669652],[1.38687,38.669682],[1.386836,38.669685],[1.386815,38.66972],[1.386832,38.669753],[1.386846,38.669785],[1.386829,38.669822],[1.386836,38.669856],[1.386836,38.669918],[1.386835,38.669969],[1.386833,38.67002],[1.386832,38.670071],[1.386841,38.670124],[1.386809,38.670137],[1.386758,38.67013],[1.386709,38.670133],[1.386641,38.670151],[1.386571,38.670179],[1.38652,38.670208],[1.386467,38.670227],[1.386437,38.670255],[1.386436,38.670298],[1.386402,38.670339],[1.386376,38.67038],[1.386367,38.670421],[1.386374,38.670435],[1.386403,38.670452],[1.386389,38.670477],[1.386375,38.670524],[1.386372,38.670571],[1.386376,38.670611],[1.386336,38.670663],[1.386273,38.670704],[1.386267,38.670737],[1.386306,38.670753],[1.386314,38.67079],[1.386335,38.670822],[1.386333,38.670854],[1.386331,38.670892],[1.386338,38.67093],[1.386375,38.670963],[1.386407,38.671007],[1.386386,38.671056],[1.386339,38.671091],[1.386286,38.671111],[1.386223,38.671124],[1.386189,38.671107],[1.38612,38.671077],[1.386057,38.671079],[1.386038,38.671104],[1.38607,38.671136],[1.386081,38.671161],[1.386046,38.671184],[1.386008,38.671212],[1.385998,38.671248],[1.38598,38.67125],[1.385956,38.671273],[1.385921,38.671298],[1.385923,38.671326],[1.385888,38.671374],[1.385862,38.671409],[1.385803,38.671438],[1.385775,38.671473],[1.385772,38.671516],[1.385762,38.671565],[1.385728,38.671604],[1.385734,38.671636],[1.385768,38.671645],[1.385784,38.671692],[1.38576,38.67174],[1.385724,38.671783],[1.38568,38.671806],[1.385634,38.671806],[1.385603,38.671824],[1.385566,38.671835],[1.38555,38.671862],[1.385526,38.671885],[1.385481,38.671889],[1.385467,38.671912],[1.385473,38.671944],[1.385462,38.671973],[1.385478,38.671988],[1.385517,38.671988],[1.385517,38.672012],[1.385497,38.67204],[1.38547,38.67207],[1.385451,38.672102],[1.385405,38.672123],[1.385341,38.672129],[1.385296,38.672157],[1.385226,38.672191],[1.385166,38.672216],[1.385118,38.672259],[1.385116,38.672293],[1.385082,38.672325],[1.385025,38.672353],[1.385002,38.67239],[1.384982,38.672433],[1.384986,38.672472],[1.385018,38.672518],[1.385023,38.672567],[1.385015,38.672623],[1.385013,38.672673],[1.385022,38.672715],[1.385058,38.672745],[1.385095,38.672764],[1.385113,38.672794],[1.385104,38.672828],[1.385103,38.67286],[1.38511,38.672905],[1.385144,38.672956],[1.385188,38.673004],[1.385237,38.673053],[1.385292,38.673115],[1.385299,38.673148],[1.385253,38.673215],[1.385208,38.673262],[1.385217,38.673321],[1.385268,38.673394],[1.385329,38.673465],[1.385398,38.673511],[1.3855,38.673578],[1.385559,38.673643],[1.385599,38.673693],[1.385675,38.673722],[1.385736,38.673775],[1.38578,38.673825],[1.38583,38.673838],[1.385895,38.673854],[1.385889,38.673897],[1.385935,38.673923],[1.386009,38.673908],[1.386033,38.673954],[1.385999,38.674021],[1.385976,38.674097],[1.385916,38.674158],[1.385832,38.674175],[1.385746,38.674169],[1.385678,38.674173],[1.385603,38.674218],[1.385527,38.674247],[1.385453,38.674285],[1.385414,38.674339],[1.385437,38.674417],[1.385501,38.674453],[1.38554,38.674497],[1.385501,38.674545],[1.38544,38.674579],[1.385329,38.674613],[1.385226,38.674648],[1.385135,38.674699],[1.385043,38.674746],[1.384947,38.674781],[1.384865,38.674838],[1.384786,38.67489],[1.384613,38.674904],[1.384556,38.67489],[1.38448,38.674891],[1.384427,38.674905],[1.38437,38.674967],[1.384335,38.675021],[1.38432,38.675091],[1.384265,38.675193],[1.384216,38.675275],[1.384171,38.675371],[1.384146,38.675421],[1.384151,38.675444],[1.384157,38.675476],[1.384214,38.675533],[1.384285,38.675653],[1.384312,38.67574],[1.384302,38.675815],[1.384276,38.675881],[1.384341,38.675951],[1.384347,38.676012],[1.384345,38.676085],[1.384389,38.676127],[1.384439,38.676147],[1.384473,38.676173],[1.384469,38.67621],[1.384427,38.676257],[1.38441,38.676307],[1.384416,38.67637],[1.384439,38.676416],[1.384467,38.676465],[1.384462,38.67653],[1.384449,38.676607],[1.384426,38.676677],[1.384345,38.676786],[1.384273,38.676904],[1.384206,38.676989],[1.384147,38.677098],[1.384156,38.677144],[1.384163,38.677186],[1.384112,38.677202],[1.384054,38.677195],[1.384026,38.677225],[1.384017,38.677277],[1.384032,38.677376],[1.384079,38.677418],[1.384153,38.677424],[1.384185,38.677448],[1.384193,38.677519],[1.384194,38.677596],[1.384259,38.677718],[1.384303,38.677775],[1.384295,38.677857],[1.384245,38.677939],[1.384197,38.678022],[1.384153,38.67808],[1.38407,38.678164],[1.384055,38.678245],[1.384097,38.678269],[1.384176,38.678293],[1.384217,38.678338],[1.384202,38.678404],[1.384284,38.678427],[1.384364,38.678428],[1.384397,38.678454],[1.384412,38.678504],[1.384373,38.678545],[1.384336,38.678636],[1.384342,38.678724],[1.384387,38.678817],[1.384408,38.678924],[1.384434,38.678989],[1.384457,38.679013],[1.384435,38.679037],[1.384296,38.679043],[1.384197,38.679057],[1.3841,38.679101],[1.383949,38.679182],[1.383834,38.679255],[1.38382,38.679304],[1.383756,38.679333],[1.383688,38.679375],[1.383665,38.679457],[1.383661,38.679538],[1.38365,38.679612],[1.383589,38.679671],[1.383586,38.679746],[1.383651,38.679763],[1.383767,38.679749],[1.38386,38.679733],[1.383943,38.679734],[1.384025,38.679752],[1.384146,38.67979],[1.3842,38.679831],[1.38419,38.679883],[1.384141,38.679917],[1.384097,38.679947],[1.383987,38.67998],[1.383869,38.679989],[1.383683,38.680018],[1.383604,38.68004],[1.383551,38.680009],[1.383473,38.679992],[1.383391,38.680009],[1.383395,38.680053],[1.383425,38.680118],[1.383487,38.680133],[1.383552,38.680145],[1.383591,38.680188],[1.383565,38.680216],[1.383503,38.680286],[1.383441,38.680348],[1.38337,38.680404],[1.383309,38.680473],[1.383299,38.680536],[1.383222,38.680629],[1.383186,38.680698],[1.383126,38.680804],[1.383059,38.680896],[1.38299,38.680943],[1.382956,38.680991],[1.382927,38.681055],[1.382867,38.681091],[1.382828,38.681141],[1.382824,38.681217],[1.382823,38.68131],[1.382803,38.681372],[1.382749,38.681402],[1.38272,38.68145],[1.38272,38.68151],[1.382699,38.681612],[1.382664,38.681717],[1.382588,38.681827],[1.38252,38.681916],[1.382487,38.681993],[1.382445,38.682093],[1.382432,38.682176],[1.382374,38.682221],[1.382339,38.682297],[1.382305,38.682381],[1.38229,38.682454],[1.382239,38.682486],[1.382188,38.682547],[1.382236,38.682577],[1.382309,38.682615],[1.382393,38.682698],[1.382446,38.682785],[1.382501,38.682867],[1.382517,38.682944],[1.38252,38.683019],[1.382474,38.68302],[1.382417,38.683054],[1.38244,38.683093],[1.38242,38.683115],[1.382369,38.683179],[1.382361,38.683245],[1.382345,38.683343],[1.382359,38.683408],[1.382426,38.683468],[1.382502,38.683511],[1.382567,38.683565],[1.382646,38.683579],[1.382714,38.683552],[1.382799,38.683564],[1.382846,38.683625],[1.382883,38.683688],[1.382887,38.683768],[1.382841,38.683778],[1.382757,38.6838],[1.382687,38.683854],[1.382611,38.683916],[1.382552,38.683979],[1.382539,38.684042],[1.382596,38.684091],[1.382644,38.684162],[1.382636,38.684226],[1.382631,38.684285],[1.382574,38.684343],[1.3825,38.684385],[1.382417,38.684424],[1.382297,38.684477],[1.38216,38.68453],[1.38208,38.684571],[1.382026,38.684635],[1.38198,38.684704],[1.381972,38.684768],[1.381942,38.684814],[1.381889,38.684867],[1.381869,38.684936],[1.381809,38.684994],[1.381778,38.685065],[1.381734,38.685159],[1.381712,38.685223],[1.381724,38.685291],[1.381769,38.685327],[1.381829,38.685328],[1.381848,38.685361],[1.381797,38.685443],[1.381725,38.685471],[1.381621,38.685469],[1.381568,38.685495],[1.381571,38.685568],[1.381593,38.685643],[1.381636,38.68565],[1.381679,38.685704],[1.381663,38.685751],[1.3817,38.685802],[1.381757,38.685809],[1.381813,38.685854],[1.38184,38.685926],[1.381888,38.685968],[1.381951,38.685991],[1.382011,38.686026],[1.382096,38.686037],[1.382186,38.686047],[1.382323,38.686075],[1.382439,38.686115],[1.382542,38.686172],[1.382607,38.686233],[1.38265,38.686309],[1.382695,38.686394],[1.382766,38.686471],[1.382804,38.686542],[1.382842,38.68659],[1.382821,38.686648],[1.382779,38.686663],[1.382706,38.686689],[1.382667,38.686749],[1.382664,38.686818],[1.382603,38.686874],[1.382531,38.686898],[1.382517,38.686956],[1.3825,38.687016],[1.382465,38.687074],[1.382463,38.687139],[1.382464,38.687203],[1.382521,38.687263],[1.38259,38.687331],[1.382613,38.687418],[1.382618,38.687492],[1.382619,38.687502],[1.382625,38.68758],[1.382673,38.687631],[1.382758,38.687628],[1.382825,38.687629],[1.382844,38.687642],[1.382834,38.687723],[1.382799,38.687831],[1.382783,38.687932],[1.382763,38.688007],[1.382731,38.688066],[1.382678,38.688118],[1.382627,38.688152],[1.382554,38.688166],[1.382438,38.688188],[1.382369,38.688205],[1.382284,38.688221],[1.382163,38.688211],[1.382082,38.688262],[1.382058,38.688315],[1.382071,38.688395],[1.382067,38.68846],[1.38208,38.688546],[1.382107,38.688617],[1.38215,38.68865],[1.382163,38.688702],[1.382141,38.688745],[1.382102,38.688802],[1.382056,38.688857],[1.381986,38.688914],[1.381919,38.688971],[1.381867,38.688995],[1.381784,38.689017],[1.381728,38.689048],[1.38166,38.689114],[1.381583,38.689153],[1.381486,38.689218],[1.381409,38.689274],[1.381335,38.689312],[1.381281,38.689374],[1.381261,38.689405],[1.381193,38.689459],[1.381102,38.689553],[1.38105,38.689584],[1.381003,38.689611],[1.38094,38.689653],[1.38091,38.6897],[1.380932,38.689733],[1.381015,38.689786],[1.381103,38.689863],[1.381173,38.689948],[1.381224,38.690039],[1.381241,38.690124],[1.381234,38.690171],[1.38122,38.690213],[1.381191,38.690262],[1.381138,38.690296],[1.381097,38.690335],[1.381051,38.690393],[1.381049,38.690453],[1.381078,38.690498],[1.381133,38.69056],[1.381152,38.690603],[1.3812,38.690633],[1.381235,38.690694],[1.381277,38.690754],[1.381293,38.690825],[1.381304,38.690881],[1.381325,38.691001],[1.381351,38.691055],[1.381397,38.691088],[1.38145,38.691174],[1.381466,38.691257],[1.381467,38.691365],[1.381459,38.691452],[1.38144,38.691492],[1.381425,38.691535],[1.381458,38.691586],[1.381461,38.691646],[1.381497,38.691697],[1.38149,38.691736],[1.381424,38.691827],[1.381392,38.691867],[1.38137,38.691882],[1.381313,38.691891],[1.381286,38.691956],[1.381283,38.69201],[1.381256,38.692053],[1.381201,38.692063],[1.381154,38.69208],[1.381158,38.692126],[1.381198,38.692174],[1.381194,38.692229],[1.381176,38.692279],[1.381133,38.692339],[1.381071,38.692385],[1.381001,38.692412],[1.380932,38.692422],[1.380837,38.69244],[1.380732,38.692447],[1.380652,38.692457],[1.380579,38.692502],[1.380546,38.692545],[1.380543,38.692598],[1.380547,38.692652],[1.380564,38.692713],[1.380603,38.692765],[1.38066,38.692804],[1.380712,38.692859],[1.380757,38.692895],[1.380822,38.692941],[1.380846,38.692985],[1.380892,38.693],[1.381193,38.693001],[1.381408,38.692989],[1.381483,38.69299],[1.381538,38.692985],[1.381587,38.692954],[1.381648,38.692924],[1.381719,38.692922],[1.381796,38.692937],[1.381857,38.692953],[1.381927,38.692951],[1.382015,38.692921],[1.382128,38.692881],[1.382269,38.692846],[1.382436,38.692823],[1.382593,38.692825],[1.382666,38.692838],[1.382683,38.692868],[1.382696,38.692898],[1.382754,38.692894],[1.382819,38.692871],[1.382845,38.692831],[1.38292,38.692801],[1.382996,38.692793],[1.38309,38.692795],[1.383196,38.692801],[1.383235,38.692819],[1.383222,38.692861],[1.383189,38.692919],[1.383199,38.692964],[1.383255,38.693003],[1.383301,38.693036],[1.383338,38.693025],[1.383337,38.692978],[1.383362,38.692961],[1.383417,38.692945],[1.383465,38.692933],[1.383521,38.692916],[1.383574,38.692886],[1.383639,38.692869],[1.3837,38.692868],[1.383778,38.692859],[1.383896,38.692826],[1.384,38.692826],[1.384064,38.692832],[1.384083,38.692855],[1.384049,38.692886],[1.384054,38.692918],[1.384095,38.692912],[1.38413,38.692881],[1.384189,38.692886],[1.384311,38.692918],[1.384396,38.692939],[1.384564,38.692977],[1.384607,38.69301],[1.384678,38.693039],[1.384753,38.693047],[1.384821,38.693049],[1.384885,38.693048],[1.384946,38.693028],[1.38499,38.692996],[1.385051,38.692988],[1.385122,38.692985],[1.385204,38.692977],[1.385293,38.692988],[1.385347,38.692992],[1.385418,38.692991],[1.385478,38.69297],[1.38554,38.69297],[1.385598,38.692971],[1.385656,38.692965],[1.385697,38.692975],[1.38576,38.692976],[1.385811,38.692974],[1.385869,38.692962],[1.385955,38.692964],[1.38603,38.692979],[1.386061,38.693007],[1.386041,38.693031],[1.386054,38.693063],[1.386094,38.693088],[1.386184,38.693089],[1.386248,38.693099],[1.386371,38.69315],[1.386503,38.693187],[1.386569,38.693198],[1.386667,38.693161],[1.386797,38.693155],[1.386889,38.693173],[1.38709,38.693178],[1.387243,38.693174],[1.387408,38.693149],[1.387535,38.693095],[1.387596,38.693079],[1.387667,38.693089],[1.387668,38.693047],[1.387741,38.693001],[1.387762,38.69296],[1.387838,38.692885],[1.387953,38.692839],[1.388104,38.692811],[1.388209,38.692788],[1.388238,38.692791],[1.388265,38.692794],[1.388267,38.692794],[1.38828,38.692796],[1.388291,38.692798],[1.388326,38.692809],[1.388347,38.692816],[1.388367,38.692822],[1.388445,38.69284],[1.388455,38.692843],[1.388491,38.692851],[1.388514,38.692857],[1.388531,38.692862],[1.388539,38.692865],[1.388545,38.692867],[1.388562,38.692874],[1.388581,38.692884],[1.388597,38.692894],[1.388669,38.692941],[1.388698,38.692961],[1.388725,38.692977],[1.388788,38.693014],[1.388826,38.693036],[1.388857,38.693055],[1.388876,38.693067],[1.388904,38.693086],[1.388936,38.69311],[1.388971,38.693138],[1.389053,38.693206],[1.389064,38.693215],[1.389083,38.693233],[1.38911,38.69326],[1.389114,38.693263],[1.389126,38.693277],[1.389139,38.693293],[1.389149,38.693307],[1.389159,38.693324],[1.389167,38.693338],[1.389174,38.693356],[1.389176,38.69336],[1.389178,38.693369],[1.389179,38.693381],[1.389179,38.693394],[1.389178,38.693407],[1.389173,38.69343],[1.389169,38.693446],[1.389164,38.693463],[1.389159,38.693475],[1.389153,38.693487],[1.389147,38.693497],[1.389137,38.69351],[1.389136,38.693511],[1.38913,38.693517],[1.389116,38.693525],[1.389102,38.693534],[1.389095,38.693538],[1.389087,38.693545],[1.389032,38.693604],[1.389031,38.693606],[1.389024,38.693623],[1.38895,38.693695],[1.38884,38.693799],[1.388829,38.693813],[1.388743,38.693951],[1.388759,38.694011],[1.388814,38.694082],[1.388861,38.694164],[1.388862,38.694253],[1.388843,38.694309],[1.388742,38.694346],[1.38877,38.694392],[1.388863,38.694461],[1.388911,38.694543],[1.388987,38.694614],[1.389068,38.694669],[1.389166,38.694735],[1.389214,38.694792],[1.389248,38.694863],[1.389289,38.694942],[1.389327,38.694987],[1.389387,38.695005],[1.389479,38.695018],[1.389545,38.695089],[1.389574,38.695196],[1.389531,38.695335],[1.389449,38.69544],[1.389376,38.695495],[1.389325,38.695525],[1.389327,38.695592],[1.389278,38.69565],[1.389291,38.695704],[1.38929,38.695757],[1.389273,38.695832],[1.389263,38.695919],[1.389259,38.695952],[1.38929,38.695975],[1.38934,38.695987],[1.389372,38.69598],[1.389412,38.695958],[1.38948,38.695956],[1.389565,38.695972],[1.389582,38.696009],[1.389736,38.69602],[1.389825,38.696016],[1.38986,38.696042],[1.389805,38.696091],[1.389799,38.696161],[1.389753,38.696163],[1.389699,38.696168],[1.389654,38.696251],[1.389593,38.696364],[1.389555,38.696431],[1.389558,38.696451],[1.389518,38.696506],[1.389459,38.696558],[1.389405,38.696566],[1.389354,38.696584],[1.389336,38.696606],[1.389381,38.696635],[1.389495,38.696668],[1.389572,38.696703],[1.389631,38.696782],[1.389696,38.696868],[1.389762,38.696942],[1.389859,38.69703],[1.38995,38.69711],[1.390051,38.69721],[1.39013,38.697293],[1.390231,38.697384],[1.390283,38.697453],[1.390306,38.697515],[1.390319,38.697568],[1.390353,38.697611],[1.39042,38.697651],[1.390465,38.697716],[1.39047,38.697789],[1.390464,38.697868],[1.390426,38.697928],[1.390331,38.698008],[1.390251,38.698056],[1.390203,38.698084],[1.390109,38.698152],[1.390046,38.698224],[1.390027,38.698257],[1.389975,38.698324],[1.389976,38.698408],[1.389967,38.698455],[1.390047,38.698549],[1.390151,38.698649],[1.390153,38.698702],[1.390126,38.698777],[1.39006,38.698843],[1.39003,38.69889],[1.39002,38.698969],[1.390033,38.699022],[1.390074,38.699087],[1.390158,38.699145],[1.390245,38.699202],[1.390287,38.699231],[1.390343,38.69928],[1.390377,38.699339],[1.390386,38.699421],[1.390375,38.699524],[1.39033,38.699616],[1.390285,38.699679],[1.390233,38.699743],[1.390204,38.699753],[1.390147,38.699766],[1.390114,38.699785],[1.390102,38.699822],[1.390125,38.699875],[1.390149,38.69994],[1.390234,38.700079],[1.39027,38.700169],[1.390297,38.700242],[1.390292,38.700301],[1.390262,38.700321],[1.39026,38.700324],[1.390253,38.700332],[1.390244,38.700339],[1.390234,38.700346],[1.390221,38.700348],[1.390209,38.700349],[1.390195,38.700349],[1.390183,38.700349],[1.390171,38.700349],[1.390158,38.700348],[1.390148,38.700348],[1.390142,38.700348],[1.390134,38.700348],[1.390122,38.700348],[1.390109,38.700348],[1.390097,38.700347],[1.390086,38.700347],[1.390074,38.700347],[1.390062,38.700348],[1.390051,38.700353],[1.39004,38.700358],[1.390029,38.700358],[1.390015,38.700357],[1.390003,38.700357],[1.389991,38.700357],[1.38998,38.700357],[1.389968,38.700357],[1.389954,38.70036],[1.389942,38.700363],[1.38993,38.700367],[1.389919,38.70037],[1.389907,38.700373],[1.389901,38.700374],[1.389888,38.700374],[1.389876,38.700374],[1.389863,38.700373],[1.389848,38.700372],[1.389839,38.700365],[1.389827,38.700359],[1.38982,38.700355],[1.389809,38.70035],[1.389798,38.700348],[1.389786,38.700348],[1.389775,38.700348],[1.389763,38.700351],[1.389761,38.700361],[1.389761,38.700371],[1.389762,38.700381],[1.389763,38.700391],[1.389773,38.700397],[1.389777,38.700397],[1.389788,38.700396],[1.389798,38.700402],[1.389795,38.700411],[1.389789,38.700419],[1.389784,38.700427],[1.389776,38.700436],[1.389769,38.700444],[1.389761,38.700451],[1.389749,38.700457],[1.38974,38.700463],[1.389731,38.700471],[1.389719,38.700473],[1.389705,38.700477],[1.389694,38.700482],[1.389685,38.700488],[1.389676,38.700493],[1.389665,38.700497],[1.389654,38.700501],[1.389642,38.700505],[1.389631,38.700509],[1.389619,38.70051],[1.389607,38.700509],[1.389595,38.700509],[1.389581,38.700509],[1.389567,38.700509],[1.389555,38.700508],[1.389542,38.700508],[1.389528,38.700508],[1.389514,38.700508],[1.3895,38.700507],[1.389488,38.700507],[1.389474,38.700506],[1.389461,38.700506],[1.389452,38.700506],[1.38944,38.700506],[1.389429,38.700503],[1.389416,38.700499],[1.389404,38.700496],[1.389391,38.700495],[1.389379,38.700494],[1.389367,38.700493],[1.389355,38.700492],[1.389344,38.700488],[1.389337,38.70048],[1.389329,38.700478],[1.389316,38.700479],[1.389306,38.700486],[1.3893,38.700493],[1.389297,38.700499],[1.389294,38.700508],[1.389291,38.700517],[1.38929,38.700527],[1.38929,38.700538],[1.38929,38.700547],[1.389289,38.700556],[1.389289,38.700566],[1.389289,38.700576],[1.389289,38.700585],[1.389288,38.700594],[1.389288,38.700604],[1.389288,38.700614],[1.389288,38.700624],[1.389288,38.700634],[1.389286,38.700646],[1.389282,38.70065],[1.389272,38.700657],[1.389262,38.700663],[1.38925,38.700668],[1.389241,38.700673],[1.38923,38.700679],[1.389219,38.700685],[1.389208,38.700691],[1.389197,38.700697],[1.389185,38.700703],[1.389175,38.70071],[1.389163,38.700717],[1.389151,38.700723],[1.38914,38.700729],[1.389128,38.700736],[1.389118,38.700743],[1.38911,38.700752],[1.3891,38.700761],[1.389092,38.700771],[1.389084,38.70078],[1.389077,38.700788],[1.389068,38.700796],[1.38906,38.700805],[1.38905,38.700815],[1.389039,38.700821],[1.389028,38.700827],[1.389016,38.700834],[1.389007,38.70084],[1.388996,38.700847],[1.388985,38.700854],[1.388976,38.70086],[1.388965,38.700867],[1.388954,38.700871],[1.388944,38.700876],[1.388934,38.700881],[1.388924,38.700886],[1.388914,38.700891],[1.388904,38.700896],[1.388895,38.700901],[1.388883,38.700909],[1.388875,38.700916],[1.388868,38.700925],[1.388861,38.700933],[1.388853,38.700942],[1.388844,38.700949],[1.388837,38.700957],[1.388829,38.700964],[1.388821,38.700971],[1.388817,38.70098],[1.388814,38.70099],[1.388812,38.701002],[1.38881,38.701012],[1.388806,38.701022],[1.388801,38.701031],[1.388792,38.701038],[1.38878,38.701041],[1.38877,38.701048],[1.38876,38.701054],[1.388754,38.701062],[1.388752,38.701072],[1.388752,38.701083],[1.388752,38.701092],[1.388754,38.701102],[1.38876,38.701111],[1.388765,38.701119],[1.388775,38.701124],[1.388788,38.701124],[1.3888,38.701124],[1.388808,38.701131],[1.388808,38.701133],[1.3888,38.701141],[1.388793,38.701149],[1.388786,38.701159],[1.388784,38.701169],[1.388784,38.701179],[1.388783,38.701181],[1.388783,38.70119],[1.388783,38.7012],[1.388782,38.70121],[1.388778,38.70122],[1.388771,38.701229],[1.388763,38.701237],[1.388758,38.701243],[1.388751,38.701252],[1.388749,38.701262],[1.388751,38.701272],[1.388756,38.70128],[1.388757,38.701281],[1.388769,38.701279],[1.388776,38.701271],[1.388785,38.701264],[1.388791,38.701261],[1.388798,38.701254],[1.388807,38.701247],[1.388818,38.701243],[1.388828,38.701237],[1.388838,38.70123],[1.388844,38.701226],[1.388857,38.701226],[1.388868,38.701232],[1.388875,38.70124],[1.388882,38.701248],[1.388889,38.701254],[1.388897,38.701261],[1.388906,38.701269],[1.388911,38.701277],[1.388913,38.701287],[1.388915,38.701297],[1.388917,38.701306],[1.388919,38.701317],[1.388922,38.701326],[1.388926,38.701336],[1.388929,38.701346],[1.388933,38.701356],[1.388937,38.701365],[1.388938,38.701376],[1.388938,38.701386],[1.388938,38.701396],[1.388938,38.701406],[1.388937,38.701416],[1.388937,38.701423],[1.388937,38.701433],[1.388937,38.701444],[1.388936,38.701454],[1.388936,38.701464],[1.388935,38.701466],[1.388927,38.701474],[1.388917,38.70148],[1.388908,38.701486],[1.388897,38.701492],[1.388892,38.701502],[1.388891,38.701506],[1.388895,38.701515],[1.388906,38.701518],[1.388918,38.701518],[1.388931,38.701518],[1.388944,38.701515],[1.388956,38.701515],[1.388968,38.701514],[1.388978,38.701518],[1.388989,38.701525],[1.388997,38.701532],[1.389005,38.70154],[1.389011,38.701548],[1.389013,38.701553],[1.389012,38.701563],[1.389012,38.701573],[1.389011,38.701584],[1.389004,38.701591],[1.389,38.701591],[1.388988,38.701592],[1.388974,38.701592],[1.388962,38.701595],[1.388953,38.701602],[1.388948,38.701611],[1.388946,38.701622],[1.388946,38.701631],[1.388945,38.701643],[1.388945,38.701653],[1.388945,38.701663],[1.388949,38.701674],[1.388953,38.701685],[1.388956,38.701694],[1.388955,38.701704],[1.388955,38.701714],[1.388955,38.701725],[1.388954,38.701735],[1.388955,38.701746],[1.388959,38.701755],[1.388965,38.701765],[1.388972,38.701775],[1.38898,38.701783],[1.388979,38.701793],[1.388979,38.701803],[1.388979,38.701813],[1.388978,38.701822],[1.388978,38.701831],[1.388978,38.701841],[1.388977,38.701852],[1.388977,38.701862],[1.388976,38.701871],[1.388976,38.701881],[1.388977,38.70189],[1.388978,38.7019],[1.388983,38.701911],[1.388987,38.70192],[1.388991,38.701932],[1.388997,38.701942],[1.389002,38.701951],[1.389007,38.701961],[1.38901,38.70197],[1.38901,38.701973],[1.389009,38.701985],[1.389008,38.701995],[1.388999,38.702002],[1.388988,38.702007],[1.388981,38.702015],[1.388981,38.702019],[1.388981,38.70203],[1.388982,38.702041],[1.388981,38.70205],[1.38898,38.702062],[1.388979,38.702073],[1.388978,38.702073],[1.388966,38.702072],[1.388954,38.702072],[1.388942,38.702072],[1.388929,38.702073],[1.388922,38.702076],[1.388912,38.702083],[1.388907,38.702093],[1.388907,38.702103],[1.388906,38.702113],[1.388909,38.702124],[1.388914,38.702133],[1.388919,38.702142],[1.388925,38.702152],[1.388931,38.702162],[1.388936,38.702172],[1.388941,38.702181],[1.388947,38.70219],[1.388951,38.7022],[1.388952,38.702209],[1.388953,38.70222],[1.388953,38.702231],[1.388953,38.702241],[1.388952,38.702252],[1.388953,38.702263],[1.388952,38.702275],[1.388952,38.702287],[1.388952,38.702296],[1.388952,38.702306],[1.388953,38.702317],[1.388952,38.702328],[1.388952,38.702339],[1.388952,38.702349],[1.388951,38.702359],[1.38895,38.702369],[1.388947,38.702378],[1.388944,38.702389],[1.388941,38.702398],[1.38894,38.702409],[1.38894,38.70242],[1.388938,38.70243],[1.388936,38.702441],[1.388934,38.702451],[1.388932,38.702462],[1.388931,38.702472],[1.38893,38.702481],[1.388928,38.702486],[1.388927,38.702496],[1.388927,38.702505],[1.388927,38.702516],[1.388926,38.702526],[1.388933,38.702535],[1.388936,38.702537],[1.388946,38.702541],[1.388958,38.702544],[1.388967,38.702551],[1.388975,38.702558],[1.388982,38.702566],[1.388986,38.702576],[1.388989,38.702586],[1.388991,38.702596],[1.388992,38.702607],[1.388992,38.702618],[1.388995,38.702627],[1.389002,38.702636],[1.38901,38.702647],[1.389016,38.702654],[1.389024,38.702662],[1.389031,38.70267],[1.389037,38.702678],[1.389044,38.702686],[1.389051,38.702695],[1.389057,38.702704],[1.389064,38.702713],[1.389069,38.702722],[1.389075,38.702732],[1.389082,38.702743],[1.389088,38.702753],[1.389093,38.702764],[1.389098,38.702774],[1.389102,38.702787],[1.389106,38.702799],[1.389108,38.702811],[1.389111,38.702823],[1.389114,38.702835],[1.389116,38.702847],[1.389117,38.702858],[1.389119,38.70287],[1.38912,38.702881],[1.38912,38.702891],[1.38912,38.702901],[1.389119,38.702911],[1.389119,38.70292],[1.389119,38.70293],[1.389118,38.702939],[1.389118,38.702949],[1.389118,38.702958],[1.389118,38.702968],[1.38912,38.702977],[1.389122,38.702986],[1.389126,38.702996],[1.389129,38.703005],[1.389134,38.703015],[1.38914,38.703026],[1.389146,38.703035],[1.389154,38.703045],[1.389159,38.703054],[1.389165,38.703062],[1.389171,38.703072],[1.389178,38.703082],[1.389185,38.703092],[1.389191,38.703102],[1.389195,38.703113],[1.389197,38.703122],[1.389199,38.703132],[1.389198,38.703143],[1.389198,38.703155],[1.389198,38.703164],[1.389197,38.703176],[1.389198,38.703187],[1.389204,38.703198],[1.389211,38.703208],[1.389219,38.703218],[1.389224,38.703222],[1.389231,38.703231],[1.389236,38.703239],[1.389235,38.70325],[1.389233,38.70326],[1.389227,38.70327],[1.389226,38.703272],[1.389216,38.703278],[1.389203,38.703278],[1.389191,38.703278],[1.389179,38.703277],[1.389168,38.703276],[1.389155,38.703276],[1.389141,38.703276],[1.38913,38.703281],[1.389129,38.703285],[1.389123,38.703293],[1.389121,38.703303],[1.389121,38.703313],[1.38912,38.703324],[1.38912,38.703334],[1.389119,38.703345],[1.389121,38.703356],[1.389127,38.703359],[1.38914,38.70336],[1.389153,38.70336],[1.389166,38.703364],[1.389174,38.703371],[1.389179,38.70338],[1.389178,38.703391],[1.389169,38.703396],[1.38916,38.703404],[1.389147,38.703406],[1.389135,38.703405],[1.38913,38.703405],[1.389119,38.703409],[1.389112,38.703417],[1.38911,38.703427],[1.38911,38.703438],[1.38911,38.703448],[1.389111,38.703457],[1.389113,38.703467],[1.389115,38.703477],[1.389116,38.703488],[1.389115,38.7035],[1.389115,38.703512],[1.389115,38.703524],[1.389114,38.703533],[1.389114,38.703543],[1.389114,38.703553],[1.389113,38.703563],[1.389113,38.703573],[1.389114,38.703583],[1.389113,38.703592],[1.389114,38.703601],[1.389116,38.703613],[1.389117,38.703622],[1.389118,38.703631],[1.389119,38.703643],[1.38912,38.703652],[1.38912,38.703662],[1.389119,38.703671],[1.389119,38.70368],[1.389119,38.70369],[1.389118,38.703699],[1.389118,38.703709],[1.389117,38.70372],[1.389118,38.70373],[1.38912,38.70374],[1.38912,38.703751],[1.389122,38.70376],[1.389123,38.70377],[1.389127,38.703781],[1.389133,38.703789],[1.38914,38.703799],[1.389147,38.703809],[1.389151,38.70382],[1.389155,38.703831],[1.389159,38.703842],[1.389163,38.703853],[1.389167,38.703863],[1.389168,38.703867],[1.389173,38.703875],[1.389184,38.70388],[1.389196,38.703882],[1.389208,38.703882],[1.38922,38.703884],[1.389229,38.703891],[1.389235,38.703899],[1.389241,38.703907],[1.389244,38.703913],[1.389243,38.703922],[1.389241,38.703931],[1.389237,38.70394],[1.389235,38.703948],[1.38923,38.703958],[1.389226,38.703973],[1.389221,38.703983],[1.389216,38.703989],[1.389208,38.703997],[1.389201,38.704007],[1.389196,38.704016],[1.389191,38.704025],[1.389186,38.704033],[1.389181,38.704045],[1.389175,38.704054],[1.389167,38.704063],[1.389161,38.704071],[1.389154,38.70408],[1.389146,38.704088],[1.389138,38.704095],[1.38913,38.704102],[1.389121,38.704109],[1.38911,38.704116],[1.389099,38.704123],[1.389089,38.70413],[1.389077,38.704133],[1.389065,38.704134],[1.389052,38.704133],[1.389038,38.704133],[1.389027,38.704133],[1.389014,38.704134],[1.389003,38.704139],[1.388997,38.704148],[1.388995,38.704158],[1.388994,38.704169],[1.38899,38.704179],[1.388984,38.704188],[1.388974,38.704194],[1.388963,38.704199],[1.388954,38.704207],[1.388949,38.704215],[1.388945,38.704224],[1.388945,38.704235],[1.388944,38.704245],[1.388943,38.704255],[1.388947,38.704263],[1.388949,38.704273],[1.388949,38.704277],[1.388949,38.704287],[1.388948,38.704297],[1.388948,38.704307],[1.388947,38.704317],[1.388947,38.704326],[1.388947,38.704335],[1.388948,38.704345],[1.388952,38.704356],[1.388957,38.704364],[1.388961,38.704374],[1.388963,38.704384],[1.388966,38.704394],[1.388964,38.704403],[1.388964,38.704411],[1.388964,38.70442],[1.388964,38.704433],[1.388965,38.704444],[1.388967,38.704454],[1.388972,38.704463],[1.388977,38.704472],[1.388983,38.704483],[1.388986,38.704493],[1.388987,38.704504],[1.38899,38.704515],[1.388995,38.704523],[1.388999,38.704532],[1.389004,38.70454],[1.389008,38.704549],[1.389013,38.704557],[1.389015,38.704563],[1.389019,38.704576],[1.389021,38.704587],[1.389022,38.704598],[1.389021,38.704608],[1.389021,38.704618],[1.389021,38.70463],[1.389018,38.704637],[1.38901,38.704645],[1.389004,38.704655],[1.389,38.704664],[1.388995,38.704669],[1.388992,38.704673],[1.388982,38.704681],[1.388972,38.704687],[1.388964,38.704695],[1.388956,38.704703],[1.388949,38.704711],[1.388942,38.70472],[1.388935,38.704729],[1.388928,38.704739],[1.388924,38.704748],[1.388921,38.704757],[1.388918,38.704768],[1.388916,38.704778],[1.388913,38.704788],[1.388911,38.704797],[1.388908,38.704807],[1.388906,38.704817],[1.388897,38.704823],[1.388883,38.704824],[1.388871,38.704823],[1.388862,38.704824],[1.388853,38.70483],[1.388845,38.704839],[1.388838,38.704847],[1.38883,38.704855],[1.388823,38.704865],[1.388815,38.704873],[1.38881,38.704882],[1.388809,38.704891],[1.38881,38.704899],[1.388814,38.704909],[1.388823,38.704915],[1.388835,38.704919],[1.388835,38.704929],[1.388835,38.704933],[1.388834,38.704943],[1.38883,38.704953],[1.388826,38.704963],[1.388822,38.704974],[1.38882,38.704983],[1.388816,38.704993],[1.388813,38.705002],[1.38881,38.705011],[1.388804,38.705022],[1.388799,38.705031],[1.388793,38.705042],[1.388788,38.70505],[1.388781,38.70506],[1.388772,38.705068],[1.388763,38.705075],[1.388753,38.705081],[1.388744,38.705088],[1.388735,38.705095],[1.388725,38.705103],[1.388716,38.705111],[1.388707,38.705119],[1.388698,38.705129],[1.388691,38.705138],[1.388683,38.705148],[1.388674,38.705155],[1.388665,38.705162],[1.388658,38.70517],[1.388654,38.705179],[1.388649,38.705188],[1.388646,38.705198],[1.388644,38.705207],[1.388643,38.705218],[1.388642,38.705227],[1.388642,38.705238],[1.388645,38.705247],[1.388649,38.705256],[1.388653,38.705265],[1.388659,38.705276],[1.388665,38.705287],[1.388671,38.705297],[1.388677,38.705308],[1.388681,38.705317],[1.388686,38.705325],[1.388691,38.705336],[1.388695,38.705347],[1.388697,38.705357],[1.388698,38.705366],[1.388698,38.705376],[1.388698,38.705386],[1.388697,38.705396],[1.388697,38.705406],[1.388697,38.705417],[1.388697,38.705428],[1.388698,38.705438],[1.388699,38.705448],[1.388701,38.705458],[1.388702,38.705467],[1.388705,38.705476],[1.38871,38.705487],[1.388715,38.705497],[1.388721,38.705508],[1.388725,38.705518],[1.388728,38.705528],[1.38873,38.705537],[1.388733,38.705547],[1.388735,38.705556],[1.388738,38.705566],[1.388739,38.705577],[1.388739,38.705587],[1.388739,38.705598],[1.388739,38.705609],[1.388738,38.70562],[1.388738,38.705631],[1.388738,38.705642],[1.388737,38.705653],[1.388737,38.705664],[1.388737,38.705675],[1.388736,38.705686],[1.388736,38.705698],[1.388735,38.705709],[1.388734,38.70572],[1.388731,38.705732],[1.388728,38.705743],[1.388724,38.705753],[1.38872,38.705764],[1.388716,38.705774],[1.388712,38.705785],[1.388706,38.705795],[1.388701,38.705803],[1.388695,38.705813],[1.388689,38.705821],[1.388684,38.705832],[1.388678,38.70584],[1.388672,38.705849],[1.388666,38.705857],[1.388659,38.705864],[1.388651,38.705871],[1.388645,38.705879],[1.388638,38.705888],[1.388631,38.705896],[1.388625,38.705904],[1.388617,38.705912],[1.388608,38.70592],[1.388599,38.705929],[1.388593,38.705937],[1.388587,38.705945],[1.388581,38.705953],[1.388575,38.705962],[1.388569,38.70597],[1.388562,38.705978],[1.388551,38.705983],[1.388538,38.705983],[1.388526,38.705982],[1.388514,38.705982],[1.388501,38.705984],[1.388488,38.705985],[1.388477,38.70599],[1.388469,38.705998],[1.388463,38.706008],[1.38846,38.706019],[1.38846,38.706029],[1.388459,38.70604],[1.388459,38.706049],[1.388458,38.706059],[1.388458,38.706069],[1.388458,38.706079],[1.388458,38.70609],[1.388457,38.706101],[1.388458,38.706113],[1.388458,38.706124],[1.388456,38.706135],[1.388455,38.706147],[1.388456,38.706159],[1.388455,38.706171],[1.388455,38.706184],[1.388455,38.706196],[1.388455,38.706209],[1.388454,38.706221],[1.388453,38.706233],[1.388453,38.706244],[1.388453,38.706255],[1.388452,38.706264],[1.388453,38.706273],[1.388456,38.706284],[1.38846,38.706295],[1.388468,38.706305],[1.388475,38.706314],[1.388481,38.706322],[1.388486,38.706331],[1.388489,38.706341],[1.388493,38.70635],[1.388496,38.70636],[1.3885,38.706369],[1.388503,38.706378],[1.388505,38.706387],[1.388505,38.706398],[1.388505,38.706409],[1.388504,38.70642],[1.388504,38.706432],[1.388503,38.706443],[1.388504,38.706455],[1.388503,38.706466],[1.388503,38.706479],[1.388503,38.706489],[1.388506,38.706501],[1.388511,38.706512],[1.388517,38.706523],[1.388521,38.706534],[1.388524,38.706546],[1.388526,38.706558],[1.388527,38.706571],[1.388528,38.706585],[1.38853,38.706598],[1.388531,38.706607],[1.388533,38.706616],[1.388534,38.706629],[1.388533,38.706643],[1.388533,38.706652],[1.388533,38.706664],[1.388533,38.706673],[1.388532,38.706684],[1.388532,38.706696],[1.388531,38.706708],[1.388531,38.706721],[1.388531,38.706733],[1.38853,38.706741],[1.38853,38.706745],[1.38853,38.706757],[1.388529,38.706769],[1.388529,38.70678],[1.388526,38.706789],[1.388522,38.706798],[1.388517,38.706809],[1.388512,38.70682],[1.388508,38.706832],[1.388506,38.706842],[1.388506,38.706853],[1.388505,38.706863],[1.388505,38.706875],[1.388504,38.706886],[1.388504,38.706898],[1.388505,38.706909],[1.388505,38.70692],[1.388505,38.706931],[1.388504,38.706942],[1.388505,38.706953],[1.388505,38.706965],[1.388504,38.706976],[1.388504,38.706988],[1.388503,38.706999],[1.388502,38.707011],[1.388501,38.707022],[1.388501,38.707034],[1.388501,38.707045],[1.3885,38.707059],[1.3885,38.707071],[1.3885,38.70708],[1.3885,38.707092],[1.388499,38.707104],[1.3885,38.707116],[1.388497,38.707127],[1.388493,38.707138],[1.388487,38.707147],[1.38848,38.707156],[1.388474,38.707164],[1.388467,38.707173],[1.38846,38.707181],[1.388453,38.70719],[1.388447,38.707199],[1.388438,38.707209],[1.388431,38.707217],[1.388425,38.707225],[1.388419,38.707233],[1.388413,38.707243],[1.388409,38.707254],[1.388404,38.707263],[1.388399,38.707272],[1.388393,38.70728],[1.388389,38.707289],[1.388384,38.707297],[1.388378,38.707305],[1.388373,38.707314],[1.388369,38.707324],[1.388365,38.707334],[1.388364,38.707345],[1.388363,38.707355],[1.388363,38.707365],[1.388362,38.707377],[1.388362,38.707389],[1.388362,38.7074],[1.388361,38.707412],[1.388361,38.707424],[1.38836,38.707436],[1.38836,38.707447],[1.38836,38.707459],[1.388359,38.707472],[1.388359,38.707484],[1.388358,38.707497],[1.388358,38.70751],[1.388357,38.707521],[1.388357,38.707532],[1.388355,38.707541],[1.388346,38.70755],[1.388339,38.707557],[1.388332,38.707565],[1.388327,38.707574],[1.388322,38.707583],[1.38832,38.707594],[1.388319,38.707604],[1.388318,38.707615],[1.388318,38.707624],[1.388319,38.707633],[1.388321,38.707645],[1.388324,38.707655],[1.388326,38.707664],[1.388329,38.707674],[1.388334,38.707685],[1.388339,38.707693],[1.388344,38.7077],[1.388354,38.707705],[1.388366,38.707707],[1.388377,38.707712],[1.388382,38.707722],[1.388386,38.70773],[1.388387,38.707735],[1.388389,38.707746],[1.388394,38.707755],[1.388394,38.707765],[1.388394,38.707776],[1.388393,38.707786],[1.388393,38.707796],[1.388392,38.707805],[1.388388,38.707815],[1.388379,38.707823],[1.388364,38.707825],[1.388353,38.707827],[1.38834,38.70783],[1.388328,38.707833],[1.388322,38.707841],[1.388321,38.707843],[1.388321,38.707855],[1.388321,38.707865],[1.38832,38.707874],[1.388319,38.707884],[1.388307,38.707887],[1.388298,38.707887],[1.388285,38.707886],[1.388272,38.707886],[1.388259,38.707887],[1.388253,38.707895],[1.388253,38.707903],[1.388253,38.707913],[1.388252,38.707922],[1.388254,38.707933],[1.388256,38.707943],[1.38826,38.707953],[1.388266,38.707961],[1.388275,38.707967],[1.388282,38.707974],[1.38829,38.707981],[1.388302,38.707986],[1.388316,38.707991],[1.388329,38.707994],[1.388342,38.707995],[1.38835,38.708002],[1.38835,38.70801],[1.38835,38.70802],[1.38835,38.70803],[1.388349,38.70804],[1.388349,38.708051],[1.388345,38.708061],[1.38834,38.708069],[1.388334,38.708079],[1.388331,38.708089],[1.388329,38.7081],[1.388328,38.708109],[1.388327,38.708119],[1.388326,38.708131],[1.388326,38.708141],[1.388325,38.708152],[1.388325,38.708162],[1.388323,38.708172],[1.388321,38.708181],[1.388318,38.708191],[1.388317,38.708202],[1.388315,38.708214],[1.388313,38.708225],[1.388311,38.708234],[1.388306,38.708242],[1.388296,38.708249],[1.388288,38.708255],[1.388279,38.708262],[1.388269,38.708269],[1.388262,38.708279],[1.388259,38.708289],[1.388259,38.708298],[1.388259,38.708307],[1.388261,38.708317],[1.388268,38.708324],[1.388278,38.708331],[1.388282,38.708334],[1.388286,38.708338],[1.388286,38.708339],[1.388294,38.708346],[1.388296,38.70835],[1.388295,38.708357],[1.388287,38.708369],[1.388277,38.708384],[1.38827,38.70839],[1.388255,38.708396],[1.388244,38.708399],[1.388231,38.708402],[1.388221,38.708407],[1.38821,38.708413],[1.388201,38.708421],[1.388192,38.708429],[1.388181,38.708437],[1.388171,38.708446],[1.388164,38.708453],[1.388156,38.70846],[1.388148,38.708467],[1.38814,38.708474],[1.388132,38.708481],[1.388124,38.708488],[1.388115,38.708494],[1.388107,38.708501],[1.388099,38.708508],[1.388091,38.708514],[1.388083,38.708521],[1.388074,38.708528],[1.388066,38.708535],[1.388058,38.708541],[1.38805,38.708548],[1.388039,38.708556],[1.388029,38.708565],[1.388018,38.708573],[1.388008,38.708581],[1.387999,38.708589],[1.38799,38.708597],[1.387982,38.708607],[1.387976,38.708617],[1.38797,38.708628],[1.387966,38.708638],[1.387961,38.708648],[1.387958,38.708658],[1.387955,38.708669],[1.387954,38.708678],[1.387953,38.708688],[1.387952,38.708697],[1.387952,38.708707],[1.387952,38.708717],[1.387951,38.708728],[1.387951,38.708738],[1.387951,38.708748],[1.38795,38.708758],[1.38795,38.708767],[1.38795,38.708776],[1.387949,38.708785],[1.387949,38.708794],[1.387949,38.708804],[1.387948,38.708813],[1.387948,38.708823],[1.387948,38.708832],[1.387948,38.708841],[1.387947,38.708853],[1.387947,38.708862],[1.387947,38.708871],[1.387947,38.708883],[1.387946,38.708895],[1.387946,38.708907],[1.387946,38.708917],[1.387945,38.708927],[1.387945,38.708936],[1.387946,38.708946],[1.387946,38.708957],[1.387946,38.708967],[1.387946,38.708977],[1.387945,38.708988],[1.387945,38.708999],[1.387945,38.70901],[1.387945,38.709021],[1.387944,38.709031],[1.387944,38.709041],[1.387943,38.709052],[1.387943,38.709063],[1.387943,38.709073],[1.387942,38.709083],[1.387942,38.709093],[1.387941,38.709104],[1.387941,38.709115],[1.387941,38.709126],[1.38794,38.709137],[1.387939,38.709148],[1.387935,38.709158],[1.38793,38.709168],[1.387923,38.709177],[1.387917,38.709186],[1.387911,38.709195],[1.387904,38.709205],[1.387897,38.709212],[1.387888,38.709219],[1.387879,38.709226],[1.387867,38.709234],[1.387858,38.709242],[1.38785,38.709249],[1.387842,38.709258],[1.387835,38.709268],[1.38783,38.709277],[1.387827,38.709286],[1.387825,38.709296],[1.387824,38.709307],[1.387824,38.709318],[1.387823,38.709329],[1.387823,38.709341],[1.387823,38.709352],[1.387822,38.709364],[1.387823,38.709373],[1.387823,38.709382],[1.387824,38.709391],[1.387824,38.709401],[1.387825,38.709412],[1.387828,38.709424],[1.387831,38.709433],[1.387835,38.709441],[1.387838,38.70945],[1.387842,38.709459],[1.387846,38.70947],[1.387849,38.709482],[1.387856,38.709492],[1.387861,38.709503],[1.387864,38.709513],[1.387868,38.709524],[1.387871,38.709536],[1.387875,38.709547],[1.38788,38.709558],[1.387885,38.709568],[1.387891,38.709578],[1.387898,38.709588],[1.387904,38.709599],[1.387908,38.709609],[1.387909,38.709619],[1.387907,38.709625],[1.387908,38.709636],[1.387908,38.709646],[1.387906,38.709656],[1.387905,38.709665],[1.387902,38.709675],[1.387898,38.709685],[1.387892,38.709694],[1.387876,38.70971],[1.387868,38.709717],[1.387853,38.709729],[1.387839,38.709739],[1.387821,38.709747],[1.387804,38.709756],[1.387787,38.709763],[1.387769,38.709772],[1.387757,38.709776],[1.387723,38.709789],[1.387709,38.709794],[1.38769,38.709805],[1.387673,38.709814],[1.387659,38.709821],[1.387635,38.709829],[1.387623,38.709831],[1.387611,38.709833],[1.3876,38.709838],[1.38759,38.709842],[1.387581,38.709849],[1.387571,38.709855],[1.387561,38.709862],[1.387551,38.709868],[1.387541,38.709875],[1.387529,38.709878],[1.387516,38.709879],[1.387505,38.709882],[1.387491,38.709885],[1.387479,38.709887],[1.387466,38.709892],[1.387456,38.709897],[1.387446,38.709903],[1.387437,38.709909],[1.387429,38.709917],[1.387422,38.709924],[1.387415,38.709933],[1.387408,38.709942],[1.387402,38.70995],[1.387396,38.709959],[1.387394,38.709968],[1.387394,38.709978],[1.387394,38.709987],[1.387394,38.709998],[1.387394,38.710008],[1.387392,38.710017],[1.38739,38.710027],[1.387389,38.710037],[1.387389,38.710047],[1.387389,38.710057],[1.387394,38.710066],[1.387403,38.710074],[1.38741,38.710082],[1.387417,38.71009],[1.387419,38.710102],[1.38742,38.710108],[1.387418,38.710116],[1.387413,38.710124],[1.387404,38.71014],[1.387389,38.710165],[1.387369,38.710188],[1.387357,38.710205],[1.387344,38.710218],[1.387313,38.710245],[1.387305,38.710252],[1.387274,38.710255],[1.387261,38.710255],[1.387247,38.710255],[1.387233,38.710255],[1.387219,38.710254],[1.387208,38.710254],[1.387195,38.710254],[1.387182,38.710254],[1.387169,38.710254],[1.387156,38.710253],[1.387144,38.710253],[1.387132,38.710255],[1.387122,38.71026],[1.387115,38.710263],[1.387105,38.710269],[1.387099,38.710277],[1.387095,38.710287],[1.387093,38.710297],[1.387092,38.710307],[1.38709,38.710316],[1.387087,38.710326],[1.387084,38.710336],[1.38708,38.710346],[1.387076,38.710355],[1.38707,38.710365],[1.387065,38.710374],[1.387058,38.710382],[1.387052,38.71039],[1.387045,38.710399],[1.38704,38.710409],[1.387037,38.71042],[1.387036,38.710431],[1.387035,38.710442],[1.387036,38.710447],[1.387034,38.710456],[1.387026,38.710463],[1.387014,38.710467],[1.387,38.710471],[1.386984,38.710471],[1.386971,38.710472],[1.386956,38.710475],[1.386926,38.710489],[1.38688,38.710512],[1.386869,38.710515],[1.386858,38.71052],[1.386847,38.710522],[1.386835,38.710522],[1.386822,38.710522],[1.38681,38.710523],[1.386801,38.710528],[1.386793,38.710536],[1.386787,38.710544],[1.386787,38.710547],[1.386787,38.710556],[1.386787,38.710565],[1.38679,38.710574],[1.386795,38.710583],[1.386803,38.710591],[1.386812,38.710597],[1.38682,38.710606],[1.386826,38.710615],[1.386828,38.710625],[1.38683,38.710635],[1.386836,38.710644],[1.386844,38.710652],[1.386853,38.710661],[1.386862,38.71067],[1.38687,38.710679],[1.386878,38.710689],[1.386886,38.710697],[1.386894,38.710706],[1.386902,38.710714],[1.38691,38.710723],[1.386919,38.710731],[1.386927,38.71074],[1.386935,38.710749],[1.386943,38.710758],[1.386949,38.710767],[1.386955,38.710777],[1.386959,38.710787],[1.386963,38.710797],[1.386966,38.710806],[1.38697,38.710815],[1.386977,38.710823],[1.386983,38.710832],[1.386988,38.71084],[1.386994,38.71085],[1.387001,38.710859],[1.387007,38.710869],[1.387012,38.710879],[1.387017,38.710889],[1.387022,38.710899],[1.387024,38.710905],[1.387027,38.710916],[1.387028,38.710925],[1.387029,38.710935],[1.387029,38.710945],[1.387029,38.710956],[1.387027,38.710967],[1.387027,38.710976],[1.387028,38.71098],[1.387027,38.710989],[1.387022,38.710997],[1.387017,38.711006],[1.387011,38.711015],[1.387004,38.711024],[1.386997,38.711033],[1.386992,38.711041],[1.38699,38.711045],[1.386986,38.711054],[1.38698,38.711063],[1.386978,38.711071],[1.386977,38.711081],[1.386977,38.711083],[1.386977,38.711093],[1.386977,38.711102],[1.386988,38.711102],[1.387,38.711102],[1.387008,38.711109],[1.387007,38.711119],[1.387007,38.71113],[1.387011,38.711141],[1.387016,38.711149],[1.387022,38.711158],[1.387028,38.711168],[1.38703,38.711176],[1.38703,38.711187],[1.387025,38.711197],[1.387019,38.711207],[1.387014,38.711216],[1.38701,38.711225],[1.387007,38.711236],[1.387007,38.711246],[1.387007,38.711255],[1.387007,38.711259],[1.387007,38.711268],[1.387012,38.711277],[1.387012,38.711286],[1.387016,38.711296],[1.387027,38.711298],[1.387027,38.711307],[1.387026,38.711318],[1.387027,38.711327],[1.387029,38.711337],[1.387029,38.711344],[1.387033,38.711353],[1.387044,38.711358],[1.387055,38.711361],[1.387066,38.711365],[1.387077,38.711371],[1.387078,38.711376],[1.387077,38.711385],[1.387077,38.711396],[1.387077,38.711405],[1.387077,38.711415],[1.387078,38.711425],[1.38708,38.711435],[1.38708,38.711445],[1.38708,38.711454],[1.387079,38.711464],[1.387079,38.711474],[1.387079,38.711484],[1.38708,38.711494],[1.387087,38.711502],[1.387091,38.711505],[1.387094,38.711515],[1.387094,38.711525],[1.387092,38.711534],[1.387088,38.711544],[1.387084,38.711554],[1.38708,38.711564],[1.387076,38.711573],[1.387073,38.711583],[1.38707,38.711592],[1.387067,38.7116],[1.387064,38.711611],[1.387062,38.711621],[1.387059,38.711631],[1.387055,38.711643],[1.38705,38.711651],[1.387045,38.71166],[1.387036,38.711669],[1.387027,38.711677],[1.387017,38.711683],[1.387004,38.711683],[1.386991,38.711683],[1.386978,38.711683],[1.386964,38.711683],[1.386952,38.711686],[1.386944,38.711693],[1.386937,38.711701],[1.386933,38.711711],[1.38693,38.711722],[1.386925,38.711732],[1.38692,38.711742],[1.386919,38.711752],[1.38692,38.711763],[1.386921,38.711768],[1.386925,38.711777],[1.386928,38.711786],[1.386928,38.711797],[1.38692,38.711804],[1.386914,38.711813],[1.386908,38.711823],[1.386898,38.711831],[1.386887,38.711837],[1.386882,38.711837],[1.38687,38.711834],[1.386862,38.711826],[1.386858,38.711817],[1.386858,38.711808],[1.386858,38.711798],[1.386859,38.711787],[1.386859,38.711777],[1.386859,38.711767],[1.386859,38.711756],[1.386859,38.711746],[1.38686,38.711737],[1.38686,38.711726],[1.386852,38.71172],[1.386839,38.711722],[1.386834,38.711731],[1.386832,38.711733],[1.386828,38.711742],[1.386827,38.711751],[1.386827,38.711761],[1.386826,38.711771],[1.386824,38.71178],[1.386824,38.711789],[1.386824,38.7118],[1.386823,38.71181],[1.386823,38.711819],[1.386824,38.711829],[1.386827,38.711838],[1.386834,38.711846],[1.386844,38.711855],[1.386853,38.711864],[1.386855,38.711874],[1.386855,38.711884],[1.38685,38.711891],[1.38684,38.711898],[1.386828,38.711902],[1.386816,38.711902],[1.386803,38.711902],[1.386791,38.711903],[1.386782,38.711909],[1.386778,38.711918],[1.386778,38.711928],[1.386779,38.711937],[1.386783,38.711947],[1.386786,38.711955],[1.386798,38.711959],[1.38681,38.711959],[1.386819,38.711959],[1.386818,38.711969],[1.386818,38.711978],[1.386818,38.711988],[1.386818,38.711996],[1.386816,38.712006],[1.386811,38.712015],[1.386803,38.712022],[1.386792,38.712025],[1.386789,38.712027],[1.386787,38.712029],[1.386786,38.712038],[1.386788,38.712048],[1.386789,38.712058],[1.386788,38.712067],[1.386788,38.712078],[1.386787,38.712089],[1.386787,38.712101],[1.386786,38.71211],[1.386785,38.71212],[1.386778,38.71213],[1.386771,38.712138],[1.386763,38.712146],[1.386754,38.712152],[1.386744,38.712157],[1.386732,38.712158],[1.38672,38.712158],[1.386707,38.712158],[1.386696,38.712161],[1.386685,38.712166],[1.386675,38.712172],[1.386664,38.712179],[1.386655,38.712186],[1.386646,38.712192],[1.386639,38.712199],[1.386631,38.712209],[1.386625,38.712218],[1.386619,38.712228],[1.386613,38.712238],[1.386608,38.712249],[1.386603,38.712259],[1.386597,38.71227],[1.386595,38.712281],[1.386596,38.71229],[1.386595,38.7123],[1.386595,38.71231],[1.386594,38.71232],[1.386594,38.712332],[1.386594,38.712343],[1.386588,38.712353],[1.386581,38.712361],[1.386573,38.71237],[1.386562,38.712378],[1.386552,38.712385],[1.386542,38.712392],[1.38653,38.712395],[1.386517,38.712399],[1.386504,38.712403],[1.386493,38.712406],[1.386482,38.712409],[1.386468,38.712412],[1.386456,38.712415],[1.386444,38.71242],[1.386435,38.712426],[1.386428,38.712434],[1.38642,38.712441],[1.386413,38.712448],[1.386404,38.712455],[1.386396,38.712464],[1.386391,38.712473],[1.386387,38.712483],[1.386384,38.712494],[1.38638,38.712503],[1.386377,38.712513],[1.386369,38.71252],[1.386357,38.71252],[1.386346,38.71252],[1.386335,38.712524],[1.386325,38.712531],[1.386314,38.712538],[1.386306,38.712546],[1.386302,38.712556],[1.386303,38.712566],[1.386308,38.712575],[1.386314,38.712583],[1.386325,38.712588],[1.386336,38.712591],[1.386341,38.7126],[1.386341,38.712609],[1.386341,38.712619],[1.38634,38.712629],[1.386343,38.712638],[1.386348,38.712646],[1.386359,38.712651],[1.386371,38.712651],[1.386384,38.712652],[1.386396,38.712652],[1.386408,38.712653],[1.386418,38.712658],[1.386427,38.712664],[1.386429,38.712673],[1.386428,38.712683],[1.386426,38.712694],[1.386424,38.712703],[1.386421,38.712712],[1.386418,38.712722],[1.386413,38.712732],[1.386411,38.712743],[1.386409,38.712754],[1.386407,38.712765],[1.386406,38.712775],[1.386404,38.712786],[1.386403,38.712796],[1.386403,38.712807],[1.386402,38.712817],[1.386402,38.712826],[1.386402,38.712837],[1.3864,38.712848],[1.386397,38.712857],[1.386393,38.712866],[1.386389,38.712875],[1.386384,38.712884],[1.38638,38.712893],[1.386374,38.712901],[1.386369,38.712911],[1.386364,38.71292],[1.386359,38.712929],[1.386353,38.712937],[1.386348,38.712946],[1.386343,38.712955],[1.386339,38.712964],[1.386335,38.712974],[1.386331,38.712985],[1.386328,38.712997],[1.386324,38.713006],[1.386323,38.713008],[1.386317,38.713018],[1.386311,38.713027],[1.386304,38.713036],[1.386297,38.713045],[1.38629,38.713053],[1.386283,38.713061],[1.386274,38.713067],[1.386265,38.713073],[1.386253,38.713079],[1.386241,38.713085],[1.38623,38.713091],[1.386218,38.713097],[1.386206,38.7131],[1.386195,38.713104],[1.386183,38.713107],[1.38617,38.713106],[1.386158,38.713106],[1.386146,38.713106],[1.386134,38.713106],[1.386121,38.713109],[1.386111,38.713116],[1.386104,38.713124],[1.386097,38.713132],[1.386089,38.71314],[1.38608,38.713146],[1.386071,38.713153],[1.386061,38.713159],[1.386052,38.713166],[1.386043,38.713173],[1.386033,38.71318],[1.386025,38.713187],[1.386015,38.713195],[1.386007,38.713202],[1.385998,38.713209],[1.385988,38.713215],[1.385974,38.713216],[1.385963,38.713216],[1.385951,38.713219],[1.385939,38.713224],[1.385928,38.713228],[1.385917,38.713234],[1.385907,38.713241],[1.385897,38.713246],[1.385883,38.713249],[1.38587,38.71325],[1.385857,38.713253],[1.385845,38.713257],[1.385836,38.713264],[1.385828,38.713271],[1.38582,38.713278],[1.385813,38.713287],[1.385808,38.713297],[1.385799,38.713305],[1.385792,38.713313],[1.385787,38.713322],[1.385781,38.713331],[1.385765,38.713338],[1.38575,38.713346],[1.385735,38.713352],[1.38572,38.713356],[1.385706,38.71336],[1.385692,38.713364],[1.385667,38.713375],[1.385628,38.713393],[1.385606,38.713401],[1.385576,38.713409],[1.385534,38.713418],[1.385477,38.713426],[1.385452,38.713433],[1.385433,38.713433],[1.385391,38.713434],[1.385347,38.713432],[1.385317,38.713434],[1.385303,38.713435],[1.38529,38.713434],[1.385265,38.713423],[1.385256,38.713416],[1.385243,38.713414],[1.38523,38.713414],[1.385219,38.71341],[1.385209,38.713404],[1.3852,38.713397],[1.38519,38.71339],[1.385181,38.713385],[1.385169,38.713383],[1.385156,38.713383],[1.385143,38.713385],[1.385134,38.713391],[1.385123,38.713398],[1.385114,38.713404],[1.385102,38.713405],[1.38509,38.713405],[1.385079,38.713408],[1.385069,38.713414],[1.385061,38.713421],[1.385052,38.713429],[1.385044,38.713435],[1.385036,38.713442],[1.385033,38.713447],[1.385033,38.713457],[1.385033,38.713467],[1.385033,38.713476],[1.385032,38.713485],[1.385032,38.713494],[1.385031,38.713504],[1.385031,38.713514],[1.385031,38.713523],[1.385031,38.713534],[1.385031,38.713545],[1.38503,38.713556],[1.38503,38.713567],[1.385027,38.713578],[1.385025,38.713587],[1.38502,38.713597],[1.385015,38.713608],[1.385011,38.713618],[1.385007,38.713628],[1.385005,38.713637],[1.385005,38.713639],[1.385002,38.71365],[1.385001,38.713661],[1.385,38.713671],[1.384997,38.713682],[1.38499,38.71369],[1.384979,38.713694],[1.384966,38.713698],[1.384953,38.713698],[1.384941,38.713698],[1.384935,38.713698],[1.384922,38.713698],[1.384909,38.713698],[1.384896,38.713701],[1.384886,38.713706],[1.384874,38.713711],[1.384866,38.713714],[1.384856,38.71372],[1.384848,38.713729],[1.384844,38.713737],[1.384844,38.713747],[1.384843,38.713756],[1.384842,38.713759],[1.384853,38.713763],[1.384864,38.713766],[1.384872,38.713773],[1.384862,38.713777],[1.38486,38.713782],[1.384862,38.713791],[1.384865,38.713802],[1.384855,38.713803],[1.384844,38.713802],[1.384831,38.713802],[1.384818,38.713801],[1.384805,38.713802],[1.384791,38.713801],[1.384778,38.713801],[1.384766,38.713801],[1.384753,38.713801],[1.384741,38.713801],[1.384729,38.713803],[1.384717,38.713807],[1.384706,38.713811],[1.384695,38.713818],[1.384686,38.713826],[1.38468,38.713833],[1.384671,38.713841],[1.384661,38.713849],[1.384651,38.713856],[1.384641,38.713863],[1.384631,38.713869],[1.384623,38.713876],[1.384616,38.713884],[1.384608,38.713892],[1.3846,38.713898],[1.384589,38.713904],[1.384579,38.713908],[1.384567,38.713912],[1.384555,38.713912],[1.384543,38.713912],[1.384531,38.713912],[1.384522,38.713906],[1.384516,38.713897],[1.384509,38.713889],[1.384504,38.713888],[1.384492,38.713888],[1.384482,38.713893],[1.384473,38.713899],[1.384464,38.713906],[1.384459,38.713911],[1.384459,38.71392],[1.384463,38.713929],[1.384468,38.713938],[1.384473,38.713946],[1.384478,38.713955],[1.384481,38.713964],[1.384484,38.713971],[1.384489,38.713981],[1.38449,38.713991],[1.38449,38.714001],[1.384482,38.714006],[1.384476,38.714002],[1.384463,38.714002],[1.384452,38.714005],[1.384452,38.714014],[1.384453,38.714024],[1.384458,38.714032],[1.384463,38.71404],[1.384468,38.71405],[1.384473,38.714059],[1.38448,38.714067],[1.384488,38.714074],[1.384497,38.714082],[1.384505,38.71409],[1.384514,38.714097],[1.384523,38.714104],[1.38453,38.714112],[1.384535,38.714121],[1.384538,38.71413],[1.384538,38.71414],[1.384539,38.71415],[1.384543,38.71416],[1.384549,38.714167],[1.38456,38.714173],[1.384571,38.714178],[1.384582,38.714184],[1.384591,38.71419],[1.3846,38.714196],[1.384609,38.714203],[1.384617,38.71421],[1.384625,38.714218],[1.384632,38.714225],[1.38464,38.714231],[1.38465,38.714238],[1.384659,38.714245],[1.384669,38.714252],[1.384676,38.714259],[1.384683,38.714266],[1.38469,38.714275],[1.384696,38.714285],[1.384703,38.714306],[1.384703,38.714314],[1.384705,38.714324],[1.384712,38.714337],[1.384723,38.714362],[1.38473,38.714377],[1.384752,38.714404],[1.384759,38.714413],[1.384764,38.714418],[1.384765,38.714429],[1.384771,38.714449],[1.384776,38.714459],[1.384778,38.714464],[1.384775,38.714476],[1.384766,38.714476],[1.38475,38.714476],[1.384722,38.71447],[1.384692,38.714464],[1.384674,38.714459],[1.384648,38.714452],[1.384632,38.714447],[1.384616,38.714443],[1.384602,38.714439],[1.38459,38.714435],[1.384569,38.71443],[1.384558,38.714423],[1.384539,38.714409],[1.384532,38.714402],[1.384526,38.714393],[1.384519,38.714385],[1.384511,38.714377],[1.384501,38.714372],[1.384489,38.71437],[1.384478,38.71437],[1.384466,38.714365],[1.384458,38.714358],[1.384451,38.71435],[1.384444,38.714342],[1.384433,38.714336],[1.384423,38.714332],[1.38441,38.71433],[1.384398,38.714327],[1.384388,38.71432],[1.38438,38.714312],[1.384371,38.714306],[1.38436,38.714302],[1.384349,38.7143],[1.384336,38.714299],[1.384324,38.714299],[1.384311,38.714299],[1.3843,38.714303],[1.384289,38.714308],[1.384277,38.714311],[1.384264,38.714311],[1.384252,38.714311],[1.384239,38.71431],[1.384227,38.71431],[1.384215,38.714311],[1.384202,38.71431],[1.384191,38.71431],[1.384179,38.71431],[1.384166,38.71431],[1.384153,38.71431],[1.384141,38.714309],[1.384128,38.714312],[1.384118,38.714318],[1.384111,38.714327],[1.384105,38.714335],[1.384101,38.714344],[1.384093,38.714353],[1.384081,38.714355],[1.384068,38.714355],[1.384055,38.714357],[1.384044,38.71436],[1.384033,38.714363],[1.384021,38.714366],[1.38401,38.71437],[1.383998,38.714374],[1.383987,38.714379],[1.383976,38.714382],[1.383963,38.714385],[1.38395,38.714389],[1.383938,38.714391],[1.383927,38.714393],[1.383915,38.714398],[1.383906,38.714404],[1.383897,38.714411],[1.383889,38.714418],[1.383881,38.714425],[1.383871,38.714432],[1.383864,38.714439],[1.383857,38.714448],[1.383852,38.714456],[1.383845,38.714465],[1.383836,38.714472],[1.383825,38.714476],[1.383813,38.714479],[1.383802,38.714485],[1.383794,38.714492],[1.383788,38.714501],[1.383782,38.71451],[1.383775,38.714519],[1.383768,38.714528],[1.383757,38.714531],[1.383744,38.714532],[1.383732,38.714535],[1.383722,38.714542],[1.383713,38.714549],[1.383703,38.714554],[1.383694,38.714561],[1.383685,38.714568],[1.383675,38.714573],[1.383666,38.714579],[1.383657,38.714585],[1.383647,38.714591],[1.383639,38.714598],[1.383629,38.714605],[1.383616,38.714606],[1.383604,38.714606],[1.383591,38.714606],[1.38358,38.714609],[1.383571,38.714616],[1.383564,38.714623],[1.383557,38.714633],[1.383552,38.714641],[1.383546,38.71465],[1.38354,38.71466],[1.383532,38.714668],[1.38352,38.714673],[1.383509,38.714674],[1.383497,38.714674],[1.383484,38.714674],[1.383473,38.714677],[1.383463,38.714682],[1.383454,38.714688],[1.383445,38.714695],[1.383436,38.714703],[1.38343,38.714711],[1.383425,38.71472],[1.383421,38.714729],[1.383416,38.714739],[1.38341,38.714747],[1.383402,38.714755],[1.383394,38.714761],[1.383381,38.714767],[1.38337,38.714771],[1.383358,38.714777],[1.383348,38.714783],[1.383339,38.714789],[1.383329,38.714796],[1.383319,38.714803],[1.383311,38.714811],[1.383304,38.714818],[1.383295,38.714826],[1.383286,38.714832],[1.383276,38.714838],[1.383267,38.714844],[1.38326,38.714852],[1.383256,38.714863],[1.383256,38.714872],[1.383254,38.714882],[1.383255,38.714892],[1.383254,38.714902],[1.383253,38.714912],[1.383255,38.714922],[1.383258,38.714932],[1.38326,38.714943],[1.383259,38.714949],[1.383259,38.714958],[1.383251,38.714966],[1.383244,38.714973],[1.383244,38.714983],[1.383243,38.714993],[1.38324,38.715002],[1.383231,38.715009],[1.383221,38.715015],[1.383215,38.715022],[1.383215,38.715032],[1.383214,38.715041],[1.383214,38.715051],[1.383215,38.715061],[1.383219,38.715071],[1.383224,38.715079],[1.38323,38.715088],[1.383236,38.715097],[1.383241,38.715107],[1.383246,38.715116],[1.383253,38.715124],[1.383258,38.715132],[1.383265,38.71514],[1.383273,38.715149],[1.383278,38.715157],[1.383283,38.715167],[1.383287,38.715176],[1.383293,38.715186],[1.383296,38.715195],[1.383297,38.715205],[1.383298,38.715214],[1.383299,38.715225],[1.383299,38.715234],[1.383298,38.715245],[1.383298,38.715256],[1.383298,38.715266],[1.383297,38.715277],[1.383298,38.715287],[1.383297,38.715296],[1.383293,38.715305],[1.383287,38.715314],[1.383281,38.715323],[1.383274,38.715331],[1.383269,38.715339],[1.383263,38.715347],[1.383257,38.715356],[1.38325,38.715364],[1.383243,38.715373],[1.383235,38.715381],[1.383227,38.715389],[1.38322,38.715396],[1.38321,38.715404],[1.3832,38.71541],[1.38319,38.715415],[1.383182,38.715422],[1.383176,38.71543],[1.38317,38.71544],[1.383163,38.715447],[1.383155,38.715455],[1.383144,38.71546],[1.383133,38.715466],[1.383122,38.715473],[1.383112,38.71548],[1.383102,38.715485],[1.383089,38.715484],[1.383076,38.715484],[1.383064,38.715484],[1.383051,38.715484],[1.383038,38.715483],[1.383026,38.71548],[1.383014,38.715476],[1.383008,38.715475],[1.382995,38.715477],[1.382985,38.715483],[1.382975,38.71549],[1.382967,38.715498],[1.382959,38.715507],[1.382952,38.715516],[1.382944,38.715524],[1.382936,38.715532],[1.382927,38.715539],[1.382917,38.715546],[1.382906,38.715554],[1.382897,38.715561],[1.38289,38.715571],[1.382886,38.71558],[1.382884,38.715592],[1.382883,38.715604],[1.382882,38.715615],[1.382881,38.715625],[1.382879,38.715635],[1.382875,38.715645],[1.382874,38.715646],[1.382863,38.715649],[1.382856,38.715657],[1.382852,38.715667],[1.38285,38.715677],[1.382845,38.715687],[1.382842,38.715691],[1.38283,38.715691],[1.382818,38.715691],[1.382805,38.715691],[1.382795,38.715696],[1.382789,38.715703],[1.382783,38.715711],[1.382775,38.71572],[1.382768,38.715727],[1.382762,38.715736],[1.382758,38.715746],[1.382755,38.715756],[1.382754,38.715767],[1.382754,38.715776],[1.382754,38.715779],[1.382753,38.715788],[1.38276,38.715795],[1.382771,38.715801],[1.382778,38.715809],[1.382778,38.715818],[1.382775,38.715827],[1.382769,38.715836],[1.382764,38.715846],[1.382759,38.715855],[1.382753,38.715864],[1.382747,38.715874],[1.382741,38.715882],[1.382735,38.715892],[1.382729,38.7159],[1.382723,38.715908],[1.382716,38.715916],[1.38271,38.715924],[1.382703,38.715932],[1.382697,38.71594],[1.382691,38.715948],[1.382683,38.715955],[1.382675,38.715964],[1.382667,38.715973],[1.38266,38.715982],[1.382656,38.715991],[1.382653,38.716],[1.382652,38.716009],[1.382651,38.716018],[1.382648,38.716029],[1.382644,38.716038],[1.382638,38.716048],[1.382632,38.716058],[1.382627,38.716068],[1.382622,38.716076],[1.382617,38.716085],[1.382611,38.716095],[1.382608,38.716105],[1.382608,38.716116],[1.382608,38.716126],[1.382607,38.716136],[1.382608,38.716146],[1.382616,38.716152],[1.382625,38.716159],[1.382637,38.716164],[1.382637,38.716168],[1.382634,38.716178],[1.38263,38.716187],[1.382627,38.716197],[1.382623,38.716208],[1.382618,38.716218],[1.382609,38.716224],[1.382598,38.71623],[1.382587,38.716236],[1.382576,38.716242],[1.382566,38.716249],[1.382556,38.716254],[1.382546,38.71626],[1.382536,38.716266],[1.382526,38.716272],[1.382516,38.716278],[1.382506,38.716286],[1.382499,38.716295],[1.382492,38.716304],[1.382484,38.716312],[1.382474,38.716318],[1.382464,38.716324],[1.382454,38.71633],[1.382445,38.716335],[1.382437,38.716343],[1.382429,38.71635],[1.382425,38.716359],[1.382424,38.71637],[1.382424,38.716379],[1.382424,38.716388],[1.382425,38.716398],[1.382427,38.716407],[1.382426,38.716417],[1.382426,38.716426],[1.382424,38.716435],[1.382419,38.716444],[1.382413,38.716453],[1.382404,38.71646],[1.382395,38.716468],[1.382385,38.716474],[1.382375,38.716479],[1.382364,38.716484],[1.382354,38.716491],[1.382344,38.716496],[1.382334,38.716501],[1.382323,38.716506],[1.382311,38.716511],[1.382301,38.716519],[1.382292,38.716527],[1.382283,38.716535],[1.382274,38.716543],[1.382266,38.716551],[1.382257,38.716557],[1.382247,38.716564],[1.382238,38.71657],[1.382227,38.716575],[1.382217,38.71658],[1.382207,38.716586],[1.382196,38.716589],[1.382185,38.716593],[1.382174,38.716597],[1.382162,38.716599],[1.382152,38.716605],[1.382143,38.716611],[1.382135,38.716618],[1.382127,38.716625],[1.382119,38.716631],[1.382112,38.716638],[1.382103,38.716646],[1.382096,38.716654],[1.382088,38.716661],[1.382081,38.716669],[1.382072,38.716678],[1.382064,38.716687],[1.382057,38.716695],[1.38205,38.716704],[1.382044,38.716714],[1.382038,38.716723],[1.382032,38.716732],[1.382026,38.716741],[1.382019,38.716748],[1.382013,38.716756],[1.382006,38.716766],[1.381997,38.716775],[1.381988,38.716782],[1.381977,38.716787],[1.381966,38.716792],[1.381955,38.716797],[1.381945,38.716802],[1.381934,38.716808],[1.381924,38.716813],[1.381914,38.71682],[1.381906,38.716829],[1.381899,38.716837],[1.38189,38.716846],[1.381884,38.716855],[1.381878,38.716863],[1.381869,38.716873],[1.38186,38.716881],[1.381849,38.716887],[1.381836,38.716887],[1.381824,38.716887],[1.381811,38.716886],[1.381799,38.716887],[1.381786,38.716886],[1.381774,38.716888],[1.381764,38.716893],[1.381754,38.716898],[1.381746,38.716905],[1.381738,38.716914],[1.381734,38.716923],[1.381729,38.716933],[1.381724,38.716942],[1.381718,38.716951],[1.38171,38.71696],[1.381701,38.716967],[1.381693,38.716975],[1.381686,38.716985],[1.381681,38.716994],[1.381678,38.717003],[1.381675,38.717012],[1.381672,38.717022],[1.38166,38.717023],[1.381648,38.717023],[1.381636,38.717022],[1.381624,38.717025],[1.381616,38.717032],[1.381609,38.71704],[1.381601,38.717047],[1.381592,38.717055],[1.381583,38.717062],[1.381574,38.717069],[1.381565,38.717075],[1.381555,38.717081],[1.381545,38.717087],[1.381536,38.717094],[1.381526,38.717101],[1.381517,38.717107],[1.381508,38.717114],[1.381499,38.717121],[1.38149,38.717128],[1.381482,38.717137],[1.381474,38.717146],[1.381466,38.717153],[1.381456,38.71716],[1.381446,38.717166],[1.381437,38.717173],[1.381428,38.717179],[1.381419,38.717186],[1.38141,38.717192],[1.381401,38.7172],[1.381392,38.717208],[1.381382,38.717217],[1.381374,38.717225],[1.381365,38.717234],[1.381355,38.717241],[1.381346,38.717247],[1.381336,38.717254],[1.381326,38.717259],[1.381317,38.717265],[1.381306,38.717269],[1.381295,38.717271],[1.381282,38.717271],[1.381271,38.717271],[1.381257,38.717271],[1.381245,38.71727],[1.381232,38.71727],[1.381223,38.717269],[1.381211,38.717269],[1.381203,38.717275],[1.381197,38.717284],[1.381193,38.717288],[1.381181,38.717291],[1.381171,38.717295],[1.381162,38.717301],[1.381156,38.71731],[1.381153,38.717321],[1.381153,38.717331],[1.381148,38.71734],[1.381145,38.71734],[1.381133,38.717344],[1.381126,38.717351],[1.38112,38.71736],[1.38112,38.717361],[1.38112,38.717371],[1.381122,38.71738],[1.38113,38.717388],[1.38114,38.717396],[1.381149,38.717404],[1.381157,38.717411],[1.381164,38.717418],[1.381171,38.717425],[1.38118,38.717434],[1.381188,38.717442],[1.381195,38.71745],[1.381201,38.717458],[1.381209,38.717466],[1.381216,38.717474],[1.381222,38.717483],[1.381229,38.717491],[1.381235,38.717499],[1.38124,38.717508],[1.381243,38.717517],[1.381247,38.717526],[1.38125,38.717534],[1.381256,38.717543],[1.381263,38.717553],[1.381268,38.717562],[1.381274,38.717572],[1.38128,38.717581],[1.381284,38.717591],[1.381286,38.717602],[1.381285,38.717613],[1.381281,38.717621],[1.381275,38.717629],[1.381269,38.717637],[1.381263,38.717646],[1.381255,38.717655],[1.381248,38.717663],[1.38124,38.717672],[1.381232,38.71768],[1.381225,38.717689],[1.381218,38.717699],[1.381211,38.717708],[1.381203,38.717716],[1.381195,38.717724],[1.381188,38.717734],[1.381182,38.717742],[1.381176,38.717752],[1.381168,38.717762],[1.381162,38.717769],[1.381155,38.717777],[1.381149,38.717785],[1.381143,38.717794],[1.381138,38.717803],[1.381136,38.717814],[1.381136,38.717823],[1.381136,38.717833],[1.381139,38.71784],[1.381144,38.717849],[1.381149,38.717858],[1.381153,38.717868],[1.381153,38.717879],[1.38115,38.71789],[1.381147,38.717892],[1.381134,38.717896],[1.381124,38.7179],[1.381113,38.717904],[1.381101,38.717907],[1.38109,38.71791],[1.381078,38.717912],[1.381065,38.717914],[1.381053,38.717915],[1.381041,38.717914],[1.381029,38.717914],[1.381017,38.717914],[1.381007,38.717918],[1.380999,38.717925],[1.380989,38.717932],[1.380981,38.717939],[1.380972,38.717947],[1.380966,38.71795],[1.380954,38.717953],[1.380942,38.717952],[1.380928,38.717952],[1.380923,38.717951],[1.380917,38.717943],[1.38091,38.717935],[1.380904,38.717927],[1.380894,38.717922],[1.380887,38.717922],[1.380875,38.717922],[1.380863,38.717921],[1.38085,38.717921],[1.380836,38.717921],[1.380822,38.717921],[1.380808,38.717922],[1.380796,38.717923],[1.380783,38.717923],[1.38077,38.717926],[1.380765,38.717928],[1.380754,38.717933],[1.380742,38.717935],[1.380728,38.717935],[1.380717,38.717934],[1.380702,38.717934],[1.380698,38.717933],[1.380686,38.717934],[1.380677,38.717939],[1.380672,38.717948],[1.380667,38.717958],[1.380662,38.717968],[1.380655,38.717977],[1.380648,38.717987],[1.380639,38.717994],[1.380627,38.717999],[1.380614,38.717999],[1.380606,38.717999],[1.380595,38.717998],[1.380585,38.717994],[1.380576,38.71799],[1.380567,38.717986],[1.380563,38.717981],[1.380558,38.717979],[1.380553,38.717969],[1.380546,38.71796],[1.380536,38.717956],[1.380523,38.717956],[1.380509,38.717955],[1.380496,38.717955],[1.380482,38.717954],[1.380469,38.717954],[1.380455,38.717952],[1.380442,38.71795],[1.380428,38.717949],[1.380416,38.717947],[1.380402,38.717947],[1.380389,38.717947],[1.380377,38.717945],[1.380365,38.717943],[1.380353,38.717942],[1.380342,38.717942],[1.38033,38.717942],[1.380317,38.717941],[1.380305,38.717942],[1.380293,38.717945],[1.380285,38.717953],[1.380279,38.717962],[1.380273,38.717972],[1.380268,38.717981],[1.380264,38.717989],[1.380258,38.717997],[1.38025,38.718006],[1.380242,38.718015],[1.380232,38.718021],[1.380221,38.718027],[1.38021,38.718031],[1.380197,38.718032],[1.380186,38.718033],[1.380174,38.718032],[1.380161,38.718034],[1.38015,38.718039],[1.380141,38.718045],[1.380135,38.718054],[1.380131,38.718063],[1.380126,38.718071],[1.38012,38.718081],[1.380115,38.71809],[1.380113,38.718099],[1.380113,38.718109],[1.380113,38.718118],[1.380112,38.718128],[1.380112,38.718138],[1.380111,38.718148],[1.380104,38.718157],[1.380104,38.718157],[1.380104,38.718167],[1.380112,38.718173],[1.380122,38.718179],[1.380128,38.718187],[1.380128,38.718197],[1.380128,38.718207],[1.380131,38.718217],[1.380138,38.718225],[1.38015,38.718229],[1.380162,38.718232],[1.380172,38.718239],[1.380178,38.718248],[1.380182,38.718258],[1.380187,38.718268],[1.380194,38.718275],[1.380203,38.718282],[1.380214,38.718287],[1.380225,38.71829],[1.380237,38.718293],[1.380249,38.718297],[1.380262,38.718301],[1.380273,38.718307],[1.380284,38.718312],[1.380294,38.718317],[1.380305,38.71832],[1.380317,38.718323],[1.380328,38.71833],[1.380337,38.718337],[1.380343,38.718345],[1.380348,38.718353],[1.380349,38.718355],[1.380354,38.718364],[1.380354,38.718374],[1.380351,38.718383],[1.380348,38.718393],[1.380344,38.718403],[1.380343,38.718407],[1.380343,38.718417],[1.380349,38.718426],[1.380355,38.718434],[1.380362,38.718442],[1.380365,38.718444],[1.380374,38.718452],[1.380381,38.718459],[1.380388,38.718466],[1.380399,38.718471],[1.380411,38.718472],[1.380414,38.718472],[1.380424,38.718467],[1.380432,38.718464],[1.380444,38.718456],[1.380456,38.718456],[1.380467,38.718456],[1.38048,38.718456],[1.380494,38.718456],[1.380507,38.718457],[1.380512,38.718458],[1.380523,38.718463],[1.380536,38.718467],[1.380549,38.718469],[1.380561,38.718473],[1.380566,38.718478],[1.380573,38.718486],[1.380572,38.718496],[1.380573,38.7185],[1.380572,38.71851],[1.380565,38.718517],[1.380562,38.718519],[1.380556,38.718527],[1.380555,38.718537],[1.38055,38.718545],[1.380546,38.718549],[1.380473,38.718595],[1.380505,38.718605],[1.380497,38.718619],[1.380482,38.718633],[1.38048,38.718642],[1.380481,38.718651],[1.380481,38.718661],[1.38048,38.718671],[1.380479,38.718684],[1.380474,38.718696],[1.380463,38.718702],[1.380449,38.718703],[1.380436,38.718706],[1.380435,38.718709],[1.380432,38.71871],[1.380432,38.718719],[1.380435,38.71873],[1.380438,38.718739],[1.380439,38.718749],[1.38044,38.71876],[1.380439,38.71877],[1.380438,38.71878],[1.380438,38.71879],[1.380438,38.718799],[1.380439,38.71881],[1.380442,38.718819],[1.380447,38.718828],[1.380452,38.718837],[1.380458,38.718848],[1.380464,38.718858],[1.380468,38.718868],[1.380473,38.718878],[1.380478,38.718886],[1.380485,38.718895],[1.380491,38.718905],[1.380501,38.71891],[1.380513,38.71891],[1.380525,38.71891],[1.380537,38.718912],[1.380551,38.718913],[1.380563,38.718915],[1.380574,38.718919],[1.380577,38.718928],[1.380577,38.718937],[1.380576,38.718947],[1.380576,38.718957],[1.380573,38.718967],[1.380568,38.718977],[1.380559,38.718985],[1.380549,38.718992],[1.380537,38.718995],[1.380525,38.718998],[1.380512,38.719001],[1.380501,38.719004],[1.380489,38.71901],[1.38048,38.719017],[1.380471,38.719025],[1.380464,38.719034],[1.380461,38.719045],[1.380457,38.719056],[1.380452,38.719066],[1.380447,38.719076],[1.380443,38.719084],[1.380439,38.719093],[1.380433,38.719102],[1.380428,38.719111],[1.380422,38.71912],[1.380413,38.719126],[1.3804,38.719127],[1.380387,38.719127],[1.380375,38.719127],[1.380364,38.719127],[1.38035,38.719127],[1.380339,38.719131],[1.380332,38.719138],[1.380326,38.719147],[1.380321,38.719155],[1.380312,38.719163],[1.380307,38.719172],[1.380306,38.719183],[1.380305,38.719192],[1.380305,38.719201],[1.380304,38.719211],[1.380305,38.719221],[1.380304,38.719231],[1.380304,38.719241],[1.380301,38.719252],[1.380295,38.719261],[1.380291,38.719269],[1.38029,38.719278],[1.38029,38.719289],[1.38029,38.719299],[1.380293,38.719309],[1.380301,38.719316],[1.380312,38.719323],[1.380323,38.719331],[1.380334,38.719335],[1.380345,38.719337],[1.380358,38.719342],[1.380368,38.719347],[1.380378,38.719352],[1.380382,38.719361],[1.380382,38.719371],[1.380382,38.71938],[1.380382,38.71939],[1.380381,38.719401],[1.380381,38.719411],[1.380381,38.719421],[1.380381,38.71943],[1.38038,38.719439],[1.380382,38.719449],[1.38039,38.719456],[1.3804,38.719461],[1.380412,38.719464],[1.380424,38.719468],[1.380433,38.719474],[1.380444,38.719478],[1.380455,38.719483],[1.380463,38.71949],[1.380464,38.719499],[1.380466,38.719509],[1.380473,38.719516],[1.380485,38.71952],[1.380497,38.719524],[1.380508,38.71953],[1.380518,38.719537],[1.380526,38.719545],[1.380531,38.719555],[1.380536,38.719565],[1.380542,38.719574],[1.380551,38.719583],[1.38056,38.719591],[1.380569,38.719598],[1.380579,38.719604],[1.380591,38.719611],[1.380602,38.719618],[1.38061,38.719624],[1.380619,38.719632],[1.380626,38.71964],[1.380634,38.719649],[1.380643,38.719658],[1.380651,38.719666],[1.380664,38.719674],[1.380676,38.71968],[1.380696,38.719684],[1.380759,38.719661],[1.380816,38.719681],[1.380889,38.71973],[1.380941,38.719787],[1.380971,38.719869],[1.38097,38.719905],[1.381008,38.719931],[1.381056,38.719899],[1.381059,38.719918],[1.381036,38.719957],[1.381039,38.719999],[1.381056,38.719999],[1.381066,38.720039],[1.381091,38.720056],[1.381134,38.72004],[1.381206,38.720036],[1.38126,38.720023],[1.381303,38.719998],[1.381348,38.720038],[1.381468,38.720064],[1.381483,38.720065],[1.381496,38.720068],[1.381509,38.720073],[1.381522,38.720078],[1.381531,38.720083],[1.381545,38.720089],[1.381558,38.720094],[1.381568,38.720099],[1.381582,38.720103],[1.381593,38.720107],[1.381607,38.72011],[1.381622,38.72011],[1.381635,38.720111],[1.38165,38.720111],[1.381662,38.720111],[1.381676,38.720111],[1.381688,38.720112],[1.381702,38.720112],[1.381715,38.720112],[1.381728,38.720111],[1.381742,38.720108],[1.381755,38.720105],[1.381768,38.720103],[1.381779,38.7201],[1.381789,38.720092],[1.381794,38.720082],[1.381803,38.720074],[1.381811,38.720067],[1.38182,38.720059],[1.381829,38.720052],[1.381839,38.720045],[1.381849,38.720039],[1.381859,38.720032],[1.38187,38.720026],[1.381882,38.720025],[1.381893,38.720024],[1.381906,38.720024],[1.381918,38.720025],[1.381931,38.720025],[1.381944,38.720027],[1.381955,38.720033],[1.381966,38.720039],[1.381977,38.720047],[1.38199,38.720052],[1.382002,38.720054],[1.382015,38.720054],[1.382028,38.720054],[1.382041,38.720054],[1.382053,38.720055],[1.382065,38.720057],[1.382076,38.720062],[1.382084,38.720068],[1.382092,38.720078],[1.382094,38.720087],[1.382094,38.720097],[1.38209,38.720107],[1.382085,38.720115],[1.382083,38.720124],[1.382079,38.720134],[1.382078,38.720143],[1.382077,38.720154],[1.382083,38.720155],[1.382084,38.720158],[1.382096,38.720159],[1.382108,38.720158],[1.38212,38.720158],[1.382133,38.720159],[1.382143,38.720166],[1.38215,38.720172],[1.382158,38.72018],[1.382165,38.720187],[1.382171,38.720196],[1.382176,38.720205],[1.382179,38.720214],[1.382181,38.720223],[1.382186,38.720233],[1.38219,38.720242],[1.382199,38.72025],[1.382212,38.720251],[1.38222,38.720251],[1.382223,38.720251],[1.382235,38.720251],[1.382247,38.72025],[1.382259,38.72025],[1.38227,38.72025],[1.382289,38.720252],[1.382301,38.720254],[1.382315,38.720255],[1.382326,38.720257],[1.38234,38.720269],[1.382347,38.720279],[1.382343,38.720289],[1.382332,38.720293],[1.382322,38.720299],[1.382312,38.720304],[1.382308,38.720313],[1.382307,38.720327],[1.382303,38.720336],[1.382295,38.720344],[1.382286,38.720352],[1.38228,38.72036],[1.38228,38.72037],[1.38228,38.720379],[1.382276,38.720391],[1.382263,38.720391],[1.382251,38.720391],[1.38225,38.720391],[1.382238,38.720391],[1.382231,38.720398],[1.382225,38.720406],[1.382216,38.720412],[1.382204,38.720414],[1.382192,38.720414],[1.382177,38.720414],[1.382165,38.720414],[1.382163,38.720423],[1.382165,38.720425],[1.382165,38.720426],[1.382174,38.720433],[1.382183,38.720439],[1.382194,38.720444],[1.382205,38.720447],[1.382224,38.720448],[1.382236,38.720446],[1.382246,38.720441],[1.382258,38.720434],[1.382271,38.720432],[1.382284,38.720432],[1.382297,38.720433],[1.382309,38.720433],[1.382322,38.720433],[1.382335,38.720433],[1.382349,38.720433],[1.382361,38.720432],[1.382374,38.720429],[1.382385,38.720427],[1.382397,38.720425],[1.38241,38.720424],[1.382422,38.720424],[1.382435,38.720423],[1.382447,38.720422],[1.38246,38.720422],[1.382461,38.720422],[1.382476,38.720423],[1.38249,38.720423],[1.382503,38.720423],[1.382515,38.720423],[1.382529,38.720423],[1.382549,38.720424],[1.382562,38.720425],[1.382574,38.720425],[1.382585,38.720427],[1.382597,38.720429],[1.382609,38.720432],[1.382621,38.720435],[1.382634,38.720439],[1.382647,38.720443],[1.38266,38.720447],[1.382672,38.720452],[1.382686,38.720458],[1.382699,38.720463],[1.382712,38.720467],[1.382726,38.72047],[1.38274,38.720471],[1.382754,38.720473],[1.382767,38.720475],[1.382782,38.720477],[1.382797,38.72048],[1.38281,38.720483],[1.382824,38.720487],[1.382835,38.720489],[1.382846,38.720492],[1.382858,38.720495],[1.382869,38.720498],[1.38288,38.720501],[1.382891,38.720504],[1.382903,38.720507],[1.382914,38.72051],[1.382925,38.720512],[1.382936,38.720514],[1.382948,38.720516],[1.38296,38.720518],[1.382972,38.720519],[1.382987,38.720521],[1.382999,38.720523],[1.383011,38.720525],[1.383022,38.720527],[1.383034,38.72053],[1.383045,38.720533],[1.383056,38.720536],[1.383066,38.72054],[1.383076,38.720546],[1.383086,38.720551],[1.383095,38.720557],[1.383108,38.720562],[1.38312,38.720568],[1.383132,38.720572],[1.383144,38.720573],[1.383157,38.720574],[1.383171,38.720575],[1.383183,38.720576],[1.383199,38.720576],[1.383211,38.720573],[1.38322,38.720567],[1.383237,38.720561],[1.383236,38.720572],[1.38324,38.720581],[1.38324,38.72059],[1.383232,38.720599],[1.38322,38.7206],[1.383208,38.7206],[1.383196,38.7206],[1.383183,38.720599],[1.383172,38.720599],[1.383159,38.720599],[1.383147,38.720599],[1.383134,38.720598],[1.383121,38.720598],[1.383109,38.720599],[1.383098,38.720603],[1.383082,38.720612],[1.383079,38.720621],[1.383085,38.72063],[1.383097,38.720632],[1.38311,38.720634],[1.383122,38.720636],[1.383134,38.720639],[1.383138,38.720653],[1.383147,38.720659],[1.383153,38.720667],[1.383152,38.720683],[1.38314,38.720684],[1.383126,38.720689],[1.383125,38.720698],[1.383125,38.720707],[1.383125,38.720717],[1.383133,38.720724],[1.383145,38.720726],[1.383158,38.720726],[1.383171,38.720726],[1.383184,38.720726],[1.383197,38.720726],[1.383209,38.720726],[1.383222,38.720727],[1.383234,38.720727],[1.383245,38.720725],[1.383257,38.720723],[1.383266,38.720717],[1.383272,38.720708],[1.383282,38.720701],[1.383291,38.720696],[1.383304,38.720695],[1.383316,38.720695],[1.383329,38.720695],[1.383342,38.720695],[1.383356,38.720696],[1.383369,38.720697],[1.383382,38.720698],[1.383395,38.720702],[1.383405,38.720708],[1.383417,38.720715],[1.383429,38.720722],[1.383442,38.720728],[1.383455,38.720732],[1.383469,38.720734],[1.383483,38.720738],[1.383498,38.720741],[1.383512,38.720745],[1.383527,38.720748],[1.383541,38.720751],[1.383555,38.720754],[1.383569,38.720757],[1.383583,38.720761],[1.383597,38.720765],[1.383611,38.720769],[1.383622,38.720772],[1.383636,38.720776],[1.383647,38.720776],[1.383659,38.720778],[1.383672,38.720778],[1.383684,38.720778],[1.383696,38.720778],[1.383708,38.72078],[1.383719,38.720785],[1.383729,38.720793],[1.383733,38.720801],[1.383733,38.720811],[1.383733,38.72082],[1.383735,38.72083],[1.383738,38.720841],[1.38374,38.720851],[1.383749,38.720859],[1.38376,38.720866],[1.383771,38.720872],[1.38378,38.72088],[1.383779,38.720897],[1.383774,38.720905],[1.383775,38.720917],[1.383783,38.720925],[1.383795,38.72093],[1.383806,38.720936],[1.383817,38.720943],[1.38383,38.720949],[1.383842,38.720954],[1.383854,38.720959],[1.383867,38.720961],[1.38388,38.720963],[1.383893,38.720963],[1.383907,38.720964],[1.38392,38.720965],[1.383932,38.720964],[1.383944,38.720964],[1.383957,38.720965],[1.38397,38.720965],[1.383982,38.720965],[1.383995,38.720965],[1.384007,38.720966],[1.384019,38.720966],[1.384033,38.720966],[1.384047,38.720966],[1.38406,38.720964],[1.384072,38.720961],[1.384083,38.720956],[1.384093,38.720952],[1.384105,38.720949],[1.384118,38.720947],[1.384132,38.720947],[1.384145,38.720947],[1.384157,38.720947],[1.384158,38.720938],[1.384159,38.720928],[1.38416,38.720918],[1.384169,38.720911],[1.384181,38.720912],[1.384192,38.720915],[1.384205,38.720921],[1.384215,38.720926],[1.384226,38.720934],[1.384235,38.720942],[1.384245,38.720949],[1.384256,38.720954],[1.384266,38.720959],[1.384276,38.720964],[1.384288,38.720968],[1.384301,38.720968],[1.384315,38.720969],[1.384327,38.720969],[1.384338,38.720969],[1.384352,38.720969],[1.384365,38.72097],[1.38439,38.72097],[1.384402,38.720968],[1.384409,38.720961],[1.384429,38.720956],[1.38444,38.720958],[1.384452,38.720962],[1.384463,38.720969],[1.384473,38.720974],[1.384486,38.720978],[1.384498,38.720979],[1.38451,38.720983],[1.384521,38.720988],[1.384528,38.720996],[1.384536,38.721005],[1.384543,38.721013],[1.384549,38.721021],[1.384555,38.72103],[1.384563,38.721038],[1.384574,38.72104],[1.384587,38.72104],[1.384599,38.721041],[1.384613,38.721042],[1.384623,38.721049],[1.384632,38.721057],[1.384641,38.721065],[1.384648,38.721073],[1.384656,38.721081],[1.384664,38.721089],[1.384672,38.721095],[1.38469,38.7211],[1.384703,38.7211],[1.384714,38.7211],[1.384727,38.721101],[1.38474,38.721102],[1.384747,38.721109],[1.384751,38.721124],[1.384754,38.721134],[1.38476,38.721143],[1.384769,38.721153],[1.384775,38.721162],[1.384778,38.721172],[1.384777,38.721186],[1.384767,38.721191],[1.384766,38.721201],[1.384755,38.721205],[1.384745,38.721211],[1.384738,38.721219],[1.384733,38.721229],[1.38473,38.721238],[1.384728,38.721251],[1.38473,38.721262],[1.384736,38.72127],[1.38474,38.721279],[1.384731,38.721296],[1.384713,38.721298],[1.3847,38.721298],[1.384688,38.721298],[1.384675,38.721304],[1.384675,38.721314],[1.384674,38.721325],[1.384674,38.721334],[1.384677,38.721345],[1.384685,38.721356],[1.384696,38.721359],[1.384708,38.721359],[1.384721,38.721359],[1.384733,38.721355],[1.384743,38.721349],[1.384753,38.721343],[1.384764,38.721336],[1.384773,38.72133],[1.384783,38.721327],[1.384796,38.721327],[1.384808,38.721327],[1.384821,38.721328],[1.384834,38.72133],[1.384846,38.721331],[1.38486,38.721333],[1.384877,38.721336],[1.384888,38.721339],[1.384899,38.721344],[1.384913,38.721345],[1.384926,38.721345],[1.384939,38.721343],[1.38495,38.72134],[1.384963,38.721337],[1.384977,38.721338],[1.384992,38.721338],[1.385005,38.721339],[1.385025,38.72134],[1.385037,38.72134],[1.38505,38.721337],[1.385062,38.721334],[1.385075,38.721331],[1.385089,38.721327],[1.385102,38.721324],[1.385118,38.721322],[1.385132,38.721318],[1.385144,38.721315],[1.385156,38.721319],[1.385154,38.72133],[1.385154,38.721339],[1.385155,38.721349],[1.385155,38.721358],[1.385154,38.721368],[1.385152,38.72138],[1.385148,38.721389],[1.385143,38.721398],[1.385135,38.721406],[1.385124,38.721411],[1.385115,38.721418],[1.385107,38.721425],[1.3851,38.721433],[1.385106,38.721442],[1.385119,38.721443],[1.385133,38.721443],[1.385145,38.721443],[1.385156,38.72144],[1.385168,38.721437],[1.385182,38.721435],[1.385197,38.721433],[1.385211,38.72143],[1.385226,38.721429],[1.385241,38.721429],[1.385255,38.721429],[1.38527,38.72143],[1.385283,38.72143],[1.385297,38.72143],[1.385313,38.72143],[1.385327,38.721431],[1.385341,38.721431],[1.385354,38.721434],[1.385368,38.721437],[1.385381,38.721441],[1.385394,38.721446],[1.385408,38.72145],[1.385422,38.721452],[1.385436,38.721455],[1.385448,38.721457],[1.385459,38.72146],[1.385469,38.721466],[1.385476,38.721474],[1.385477,38.721484],[1.385478,38.721498],[1.385489,38.721503],[1.385501,38.721506],[1.385515,38.721512],[1.385515,38.721521],[1.385516,38.721531],[1.385528,38.721542],[1.385538,38.72155],[1.38555,38.721554],[1.385564,38.721554],[1.385576,38.721555],[1.385588,38.721555],[1.385601,38.721555],[1.385613,38.721555],[1.385621,38.721565],[1.38562,38.721575],[1.385621,38.721584],[1.385641,38.721591],[1.385651,38.721586],[1.385661,38.721578],[1.385668,38.721571],[1.385681,38.72157],[1.385693,38.721569],[1.385704,38.721566],[1.385718,38.721563],[1.385738,38.72156],[1.38575,38.721561],[1.385763,38.721565],[1.385774,38.721569],[1.385784,38.721574],[1.385795,38.721579],[1.385804,38.721585],[1.385807,38.721595],[1.385804,38.721609],[1.385796,38.721616],[1.385787,38.721623],[1.385777,38.721629],[1.385767,38.721636],[1.385755,38.721641],[1.385738,38.721645],[1.385727,38.721649],[1.385721,38.721658],[1.385717,38.721668],[1.385712,38.721678],[1.385706,38.721688],[1.385697,38.721695],[1.38568,38.721706],[1.385668,38.721707],[1.385657,38.721709],[1.38565,38.721718],[1.385654,38.721727],[1.385678,38.721728],[1.385691,38.721727],[1.385705,38.721726],[1.385718,38.721722],[1.38573,38.721718],[1.385742,38.721713],[1.385754,38.721709],[1.385767,38.721705],[1.38578,38.721702],[1.385791,38.721698],[1.385804,38.721694],[1.385816,38.721691],[1.385827,38.721689],[1.385839,38.721688],[1.385853,38.721689],[1.385864,38.721689],[1.385876,38.721689],[1.38589,38.721689],[1.385904,38.721689],[1.385916,38.721686],[1.38593,38.721684],[1.385941,38.721682],[1.385953,38.72168],[1.385965,38.721678],[1.385977,38.721676],[1.385988,38.721676],[1.386002,38.721675],[1.386014,38.721673],[1.386026,38.721669],[1.386037,38.721664],[1.386049,38.72166],[1.38606,38.721657],[1.386071,38.721653],[1.386082,38.721649],[1.386093,38.721645],[1.386104,38.721641],[1.386117,38.721637],[1.38613,38.721636],[1.386142,38.721635],[1.386154,38.721635],[1.386167,38.721634],[1.386182,38.721634],[1.386196,38.721635],[1.38621,38.721635],[1.386224,38.721635],[1.386238,38.721635],[1.386252,38.721635],[1.386265,38.721636],[1.386277,38.721636],[1.386289,38.721636],[1.386302,38.721636],[1.386314,38.721636],[1.386329,38.721636],[1.386341,38.721639],[1.386354,38.721645],[1.386367,38.72165],[1.386379,38.721656],[1.386389,38.721661],[1.386402,38.721667],[1.386415,38.721669],[1.386429,38.72167],[1.386443,38.72167],[1.386457,38.72167],[1.386471,38.721671],[1.386486,38.721671],[1.3865,38.721672],[1.386514,38.721675],[1.386528,38.721678],[1.386541,38.721683],[1.386552,38.72169],[1.386561,38.721696],[1.38657,38.721702],[1.386579,38.721708],[1.386587,38.721715],[1.386596,38.72172],[1.386607,38.721725],[1.386617,38.721731],[1.386629,38.721736],[1.386641,38.721741],[1.386653,38.721745],[1.386666,38.721747],[1.386678,38.721749],[1.386691,38.721752],[1.386703,38.721753],[1.386716,38.721753],[1.386731,38.721753],[1.386743,38.721753],[1.386755,38.721754],[1.386768,38.721754],[1.386765,38.72177],[1.386756,38.721776],[1.386732,38.721776],[1.386719,38.72178],[1.386707,38.721786],[1.386699,38.721794],[1.386693,38.721803],[1.386686,38.721812],[1.386679,38.721822],[1.386669,38.721829],[1.386657,38.721835],[1.38664,38.721843],[1.386636,38.721851],[1.386635,38.721861],[1.386644,38.721868],[1.386656,38.72187],[1.386669,38.72187],[1.386681,38.721871],[1.386693,38.721871],[1.386707,38.721871],[1.386721,38.721871],[1.386734,38.721872],[1.386748,38.721872],[1.386762,38.721872],[1.386776,38.721873],[1.386789,38.721873],[1.386802,38.721871],[1.38681,38.721863],[1.386819,38.721854],[1.38683,38.721844],[1.386841,38.721843],[1.386852,38.721846],[1.386869,38.72185],[1.386883,38.72185],[1.386894,38.721849],[1.386906,38.721849],[1.386923,38.721857],[1.38693,38.721865],[1.386931,38.721875],[1.386928,38.721894],[1.38692,38.7219],[1.3869,38.721906],[1.386889,38.721906],[1.386879,38.721921],[1.386879,38.721932],[1.386881,38.721941],[1.386886,38.721949],[1.386897,38.721955],[1.38691,38.721957],[1.386921,38.721959],[1.386933,38.721962],[1.386941,38.72197],[1.386947,38.721979],[1.386955,38.721986],[1.386966,38.721989],[1.386977,38.72199],[1.38699,38.721992],[1.387002,38.721993],[1.387013,38.721994],[1.387025,38.721994],[1.387037,38.721997],[1.387049,38.721999],[1.387063,38.721999],[1.387074,38.722],[1.387088,38.722],[1.387101,38.722],[1.387113,38.722001],[1.387126,38.722002],[1.387137,38.722006],[1.387156,38.722015],[1.387168,38.722019],[1.387181,38.722022],[1.387193,38.722024],[1.387206,38.722026],[1.387218,38.722027],[1.38723,38.722028],[1.387242,38.722028],[1.387257,38.722028],[1.387268,38.722028],[1.387281,38.722028],[1.387293,38.722027],[1.38731,38.722028],[1.387322,38.722028],[1.387334,38.72203],[1.387345,38.722035],[1.387356,38.722041],[1.387367,38.722048],[1.387378,38.722054],[1.38739,38.722058],[1.387403,38.722061],[1.387415,38.722064],[1.387428,38.722065],[1.387441,38.722065],[1.387446,38.722065],[1.387459,38.722066],[1.387471,38.722066],[1.387485,38.722066],[1.387498,38.722068],[1.38751,38.722071],[1.38752,38.722082],[1.387521,38.722092],[1.387522,38.722102],[1.387526,38.722111],[1.387532,38.72212],[1.387553,38.722127],[1.387563,38.722133],[1.387569,38.722141],[1.387574,38.722151],[1.387578,38.722162],[1.387585,38.722178],[1.387588,38.722188],[1.387588,38.722199],[1.387587,38.72221],[1.387581,38.722221],[1.387571,38.722226],[1.387561,38.722233],[1.387551,38.722239],[1.387543,38.722246],[1.387535,38.722256],[1.387532,38.722266],[1.387531,38.722276],[1.387531,38.722285],[1.387532,38.722295],[1.387531,38.722305],[1.387533,38.722318],[1.387536,38.722327],[1.387539,38.722337],[1.387546,38.722345],[1.387557,38.72235],[1.387574,38.722356],[1.387585,38.722361],[1.38759,38.722369],[1.387592,38.72238],[1.387592,38.72239],[1.387586,38.722399],[1.387577,38.722407],[1.387569,38.722413],[1.387557,38.722425],[1.387557,38.722435],[1.387556,38.722445],[1.387556,38.72245],[1.387576,38.72246],[1.387582,38.722513],[1.387569,38.722583],[1.38756,38.72263],[1.387551,38.722695],[1.387531,38.722761],[1.387501,38.722834],[1.387485,38.722895],[1.387486,38.722968],[1.387495,38.723019],[1.387454,38.723077],[1.387435,38.723129],[1.387469,38.723175],[1.387507,38.723223],[1.38752,38.723268],[1.387455,38.723298],[1.387377,38.723274],[1.387299,38.723259],[1.387205,38.723291],[1.38714,38.723287],[1.387078,38.723238],[1.387036,38.723184],[1.387011,38.723189],[1.387005,38.723276],[1.386965,38.723311],[1.386956,38.723362],[1.386968,38.723423],[1.386924,38.723484],[1.386848,38.723516],[1.386714,38.723548],[1.386674,38.723569],[1.386641,38.723611],[1.386601,38.723646],[1.386542,38.723699],[1.386534,38.723735],[1.38656,38.723803],[1.386594,38.723856],[1.386694,38.723883],[1.386768,38.723896],[1.386863,38.723858],[1.386934,38.723863],[1.387041,38.723881],[1.387061,38.723921],[1.387092,38.723972],[1.387131,38.723978],[1.387166,38.723979],[1.387232,38.723932],[1.387283,38.7239],[1.387412,38.72388],[1.387495,38.723867],[1.387553,38.723846],[1.387696,38.723848],[1.38773,38.723899],[1.387747,38.723919],[1.387794,38.723915],[1.387816,38.72389],[1.38786,38.723849],[1.387886,38.723838],[1.387903,38.723858],[1.387908,38.72392],[1.387904,38.723945],[1.387975,38.723974],[1.388046,38.723984],[1.388097,38.723943],[1.38813,38.723932],[1.388147,38.723941],[1.388157,38.723974],[1.388166,38.724019],[1.388218,38.724088],[1.388281,38.724128],[1.388322,38.72419],[1.388341,38.724266],[1.388347,38.724311],[1.388318,38.724347],[1.388309,38.724386],[1.38834,38.724426],[1.3884,38.724466],[1.388464,38.724459],[1.388537,38.724421],[1.388583,38.724433],[1.388633,38.724448],[1.38861,38.724495],[1.38862,38.724512],[1.388675,38.724578],[1.388767,38.724638],[1.388759,38.72466],[1.388801,38.724695],[1.388858,38.724696],[1.38889,38.724659],[1.38893,38.724664],[1.389011,38.724704],[1.389092,38.724764],[1.389172,38.724842],[1.389251,38.72493],[1.389317,38.72499],[1.389378,38.725003],[1.389398,38.725007],[1.389435,38.725001],[1.38951,38.72501],[1.38975,38.725107],[1.390009,38.725193],[1.390157,38.725249],[1.390274,38.725276],[1.390426,38.725332],[1.390478,38.725288],[1.390571,38.725284],[1.39062,38.725302],[1.390634,38.725327],[1.390632,38.725354],[1.390586,38.725383],[1.390583,38.725464],[1.390629,38.725507],[1.390637,38.725529],[1.390637,38.725546],[1.390647,38.725562],[1.390654,38.7256],[1.390664,38.725645],[1.390734,38.725688],[1.390826,38.725717],[1.390817,38.72579],[1.390905,38.725834],[1.39094,38.72586],[1.391035,38.72592],[1.391115,38.725975],[1.391237,38.725963],[1.391303,38.725925],[1.39141,38.725938],[1.391536,38.726002],[1.391575,38.726034],[1.391525,38.726041],[1.391524,38.726042],[1.391538,38.72606],[1.391545,38.726069],[1.391551,38.726073],[1.391594,38.726103],[1.391641,38.726128],[1.391654,38.726136],[1.391753,38.726171],[1.391809,38.726231],[1.391916,38.726331],[1.392011,38.726411],[1.392091,38.726477],[1.392134,38.726593],[1.392125,38.726657],[1.392128,38.726685],[1.392159,38.726719],[1.392191,38.726849],[1.392134,38.726848],[1.392119,38.726893],[1.392171,38.72691],[1.39226,38.72691],[1.392289,38.726918],[1.392242,38.726934],[1.392198,38.726955],[1.392187,38.726986],[1.392247,38.727015],[1.392247,38.727015],[1.3923,38.727019],[1.392321,38.72703],[1.392363,38.727081],[1.392377,38.727121],[1.392409,38.727152],[1.392454,38.727153],[1.392496,38.727172],[1.392525,38.727202],[1.392526,38.727259],[1.392526,38.727269],[1.392524,38.72732],[1.392516,38.727357],[1.392516,38.727357],[1.392516,38.727357],[1.392512,38.727375],[1.392457,38.727444],[1.392387,38.727503],[1.392322,38.72754],[1.392311,38.727581],[1.392332,38.727595],[1.392373,38.727597],[1.392396,38.727625],[1.392401,38.727632],[1.392418,38.727681],[1.392449,38.727739],[1.392524,38.727797],[1.392577,38.72785],[1.392621,38.727898],[1.392612,38.727913],[1.392612,38.727913],[1.392612,38.727913],[1.392607,38.727921],[1.392585,38.727916],[1.392545,38.727906],[1.392447,38.727898],[1.392362,38.727887],[1.392265,38.727856],[1.392198,38.727843],[1.392206,38.727878],[1.392246,38.727918],[1.392306,38.727963],[1.392369,38.727998],[1.392364,38.728029],[1.39231,38.728054],[1.392267,38.728085],[1.392205,38.728118],[1.392145,38.728122],[1.392086,38.728122],[1.392085,38.728122],[1.392085,38.728122],[1.392084,38.728122],[1.392039,38.728135],[1.392007,38.728161],[1.392006,38.728199],[1.392006,38.728199],[1.392006,38.728199],[1.392006,38.7282],[1.392045,38.728232],[1.392049,38.728248],[1.392051,38.728259],[1.392058,38.728275],[1.392058,38.728275],[1.392066,38.728294],[1.392066,38.728294],[1.392082,38.728296],[1.392123,38.728303],[1.39214,38.72829],[1.392143,38.728289],[1.392153,38.728261],[1.392194,38.728262],[1.392251,38.728282],[1.392294,38.728324],[1.392293,38.728349],[1.392271,38.728375],[1.392272,38.728385],[1.392275,38.728399],[1.392317,38.7284],[1.392329,38.7284],[1.392394,38.728413],[1.392456,38.728425],[1.392502,38.728409],[1.392558,38.72837],[1.392616,38.728358],[1.392681,38.728357],[1.39269,38.728357],[1.392697,38.728358],[1.392753,38.728368],[1.392768,38.728371],[1.392831,38.728398],[1.392855,38.728435],[1.39291,38.728461],[1.392995,38.728488],[1.393055,38.728492],[1.39308,38.728498],[1.393176,38.728534],[1.39319,38.728563],[1.393239,38.72858],[1.393283,38.728564],[1.393343,38.728583],[1.393395,38.728603],[1.393484,38.728618],[1.393551,38.728634],[1.393613,38.72864],[1.393624,38.728674],[1.393629,38.728699],[1.393666,38.728717],[1.393704,38.728731],[1.393747,38.728775],[1.393747,38.728775],[1.393768,38.728778],[1.393792,38.728781],[1.393833,38.728789],[1.394061,38.728862],[1.394122,38.728925],[1.394153,38.728995],[1.394133,38.729036],[1.394147,38.729127],[1.39425,38.729246],[1.394258,38.72927],[1.394205,38.729288],[1.394102,38.729302],[1.394041,38.729322],[1.394018,38.729381],[1.394028,38.729424],[1.394019,38.729454],[1.393988,38.729472],[1.39399,38.729504],[1.394049,38.729565],[1.394043,38.729591],[1.394001,38.72962],[1.394014,38.729658],[1.394064,38.729708],[1.394105,38.729713],[1.394179,38.729678],[1.394218,38.729653],[1.394278,38.729637],[1.394316,38.729652],[1.39431,38.729678],[1.394308,38.729755],[1.394347,38.729817],[1.394351,38.729883],[1.394311,38.729936],[1.394294,38.729963],[1.394334,38.730009],[1.394409,38.730055],[1.394412,38.730057],[1.394481,38.730096],[1.394482,38.730097],[1.394535,38.730112],[1.39461,38.730165],[1.39471,38.730196],[1.394813,38.730234],[1.394863,38.730284],[1.394894,38.7303],[1.394935,38.730321],[1.395006,38.730318],[1.395065,38.730349],[1.395179,38.730391],[1.39527,38.730418],[1.395333,38.730434],[1.395383,38.730473],[1.395431,38.730538],[1.39547,38.730585],[1.395516,38.730612],[1.395546,38.730601],[1.395608,38.730628],[1.395724,38.73066],[1.395833,38.730676],[1.395838,38.730676],[1.395976,38.730726],[1.396135,38.730781],[1.396302,38.730829],[1.396415,38.730905],[1.396408,38.730941],[1.396387,38.731022],[1.39642,38.731127],[1.396451,38.731168],[1.396434,38.731211],[1.396389,38.731265],[1.396336,38.731313],[1.396212,38.731358],[1.395993,38.731442],[1.395842,38.731485],[1.395833,38.731486],[1.395721,38.73151],[1.395684,38.731497],[1.395649,38.731479],[1.395589,38.731466],[1.395534,38.731478],[1.395558,38.731499],[1.395533,38.73152],[1.395498,38.731528],[1.395405,38.731529],[1.395331,38.731549],[1.395224,38.731603],[1.395124,38.731646],[1.395077,38.731701],[1.395034,38.731772],[1.395008,38.731834],[1.395004,38.731898],[1.394994,38.731964],[1.394971,38.732014],[1.394953,38.73202],[1.394897,38.732039],[1.394775,38.732105],[1.394763,38.732148],[1.394811,38.732187],[1.394856,38.73223],[1.394888,38.732277],[1.394891,38.732356],[1.394871,38.732414],[1.394852,38.732501],[1.39488,38.732574],[1.394865,38.732644],[1.394822,38.732724],[1.394798,38.732805],[1.394802,38.732967],[1.394775,38.733073],[1.394719,38.733136],[1.394622,38.733179],[1.394537,38.733225],[1.394486,38.733273],[1.394506,38.733357],[1.39454,38.733391],[1.394633,38.73341],[1.39467,38.73343],[1.394701,38.733479],[1.394647,38.7335],[1.39454,38.733509],[1.394509,38.733559],[1.394505,38.733612],[1.394553,38.733635],[1.39458,38.733658],[1.394551,38.733715],[1.394536,38.733773],[1.394628,38.733806],[1.394861,38.733848],[1.394862,38.733848],[1.394891,38.73384],[1.395129,38.733876],[1.395218,38.733833],[1.395281,38.733819],[1.395318,38.733843],[1.395339,38.733871],[1.395443,38.73387],[1.395538,38.733865],[1.395618,38.733916],[1.39567,38.733947],[1.395676,38.73395],[1.395677,38.733951],[1.395756,38.733978],[1.395831,38.734024],[1.395833,38.734026],[1.395884,38.734065],[1.39595,38.734134],[1.396015,38.734219],[1.396044,38.7343],[1.396092,38.734356],[1.39612,38.734408],[1.396125,38.734448],[1.396104,38.73451],[1.396079,38.734541],[1.396018,38.734555],[1.395936,38.734573],[1.395903,38.734613],[1.39594,38.734627],[1.395975,38.734659],[1.396041,38.734643],[1.396114,38.734663],[1.39616,38.734754],[1.396194,38.734814],[1.396245,38.734853],[1.396255,38.734883],[1.396233,38.734904],[1.396181,38.734888],[1.396124,38.734882],[1.396124,38.734882],[1.39609,38.734877],[1.396032,38.734869],[1.396001,38.734894],[1.395979,38.73493],[1.395989,38.734964],[1.39602,38.735007],[1.396068,38.735038],[1.396082,38.735036],[1.396166,38.735076],[1.396325,38.7351],[1.396352,38.735115],[1.39637,38.735164],[1.396411,38.735158],[1.396459,38.735187],[1.396478,38.735219],[1.396478,38.735219],[1.396536,38.735227],[1.396621,38.735243],[1.396634,38.73529],[1.396585,38.735332],[1.396572,38.735341],[1.396531,38.735369],[1.39651,38.735437],[1.396523,38.735457],[1.396561,38.73547],[1.396643,38.735469],[1.396635,38.735448],[1.396684,38.73544],[1.396723,38.735423],[1.396741,38.735437],[1.39677,38.73543],[1.396785,38.735427],[1.396789,38.735428],[1.396797,38.73543],[1.396847,38.735445],[1.396954,38.735408],[1.397032,38.735354],[1.397123,38.735304],[1.397195,38.73525],[1.397243,38.735208],[1.397334,38.73515],[1.397363,38.735101],[1.397402,38.735036],[1.397431,38.734981],[1.397427,38.734931],[1.397382,38.73486],[1.397359,38.734824],[1.397305,38.734797],[1.397261,38.734766],[1.397243,38.734739],[1.397239,38.734732],[1.397232,38.734662],[1.397247,38.734637],[1.397292,38.734584],[1.397314,38.73455],[1.397314,38.73455],[1.397267,38.734506],[1.397258,38.734498],[1.3973,38.734456],[1.397316,38.73439],[1.397312,38.734324],[1.397326,38.734284],[1.397398,38.73427],[1.397482,38.734267],[1.397559,38.734256],[1.397594,38.734241],[1.397593,38.734188],[1.397605,38.734163],[1.397666,38.734117],[1.397762,38.734071],[1.39781,38.734012],[1.397866,38.733939],[1.397901,38.73386],[1.397902,38.733809],[1.397863,38.733736],[1.397794,38.733675],[1.397722,38.733612],[1.397638,38.733515],[1.397572,38.733414],[1.397549,38.73336],[1.397494,38.73327],[1.39746,38.733203],[1.397422,38.733121],[1.397417,38.733091],[1.397458,38.732994],[1.397432,38.732936],[1.397394,38.732925],[1.397388,38.732921],[1.397341,38.73289],[1.397308,38.732802],[1.397286,38.732697],[1.397301,38.732646],[1.397324,38.7326],[1.397326,38.732523],[1.397327,38.73245],[1.397372,38.732402],[1.397399,38.732332],[1.397397,38.732298],[1.397393,38.732225],[1.397376,38.73217],[1.397379,38.732142],[1.397401,38.732036],[1.397432,38.731979],[1.397513,38.731914],[1.397582,38.731848],[1.397599,38.731817],[1.397631,38.731762],[1.397644,38.731705],[1.397646,38.731697],[1.397646,38.731694],[1.397668,38.731584],[1.397698,38.73149],[1.397696,38.731441],[1.397681,38.731413],[1.397699,38.731328],[1.397699,38.731324],[1.397698,38.731323],[1.397665,38.731285],[1.397665,38.73127],[1.397703,38.731286],[1.397766,38.731272],[1.397847,38.731214],[1.39789,38.731119],[1.397893,38.731045],[1.397892,38.731037],[1.397892,38.731031],[1.397884,38.730947],[1.397888,38.730882],[1.39792,38.730812],[1.397984,38.730725],[1.398013,38.730661],[1.398013,38.73066],[1.398016,38.730643],[1.39802,38.730623],[1.398026,38.73059],[1.398072,38.73058],[1.398119,38.730477],[1.398131,38.730453],[1.398131,38.730419],[1.398203,38.730366],[1.398227,38.730309],[1.398234,38.730296],[1.398275,38.73027],[1.398325,38.73024],[1.39838,38.730173],[1.39841,38.730137],[1.39843,38.730111],[1.39844,38.730098],[1.398471,38.730057],[1.398538,38.729976],[1.39854,38.729973],[1.398547,38.729952],[1.398563,38.729916],[1.398565,38.729863],[1.398585,38.72982],[1.398616,38.72981],[1.398653,38.729813],[1.398685,38.729747],[1.398739,38.729733],[1.398806,38.729692],[1.398832,38.729643],[1.398843,38.729612],[1.39885,38.729607],[1.39891,38.72957],[1.398977,38.729498],[1.399068,38.729433],[1.399157,38.729379],[1.399177,38.72935],[1.399253,38.729338],[1.399399,38.729275],[1.399424,38.729264],[1.399476,38.729257],[1.39951,38.729197],[1.399564,38.729209],[1.399622,38.729176],[1.399628,38.729167],[1.399633,38.729161],[1.399636,38.729157],[1.399647,38.729154],[1.399727,38.729136],[1.399804,38.729114],[1.399842,38.7291],[1.399891,38.729084],[1.399965,38.72906],[1.399993,38.729052],[1.400028,38.729038],[1.400081,38.729019],[1.400144,38.728975],[1.400138,38.728918],[1.400151,38.728883],[1.400152,38.728881],[1.400204,38.72883],[1.400211,38.728823],[1.400224,38.728814],[1.400263,38.728787],[1.400316,38.728735],[1.400353,38.728671],[1.400386,38.72865],[1.400398,38.728642],[1.400475,38.728618],[1.40053,38.728563],[1.400554,38.728507],[1.400571,38.728484],[1.400579,38.728474],[1.400625,38.728451],[1.40065,38.728439],[1.400705,38.728425],[1.400772,38.728362],[1.400842,38.728285],[1.400843,38.728284],[1.400901,38.728232],[1.40092,38.728224],[1.400968,38.728204],[1.401052,38.728194],[1.401104,38.728157],[1.401173,38.728126],[1.401226,38.728086],[1.401301,38.728036],[1.401348,38.728007],[1.401444,38.727951],[1.401582,38.727895],[1.40171,38.727885],[1.401762,38.727866],[1.401812,38.727846],[1.401842,38.727825],[1.401902,38.727834],[1.401954,38.727805],[1.401988,38.727804],[1.402017,38.727803],[1.402056,38.727764],[1.402091,38.727771],[1.40209,38.727822],[1.402123,38.727823],[1.402168,38.727773],[1.402182,38.727728],[1.402193,38.727715],[1.402212,38.727737],[1.402234,38.727735],[1.40227,38.727695],[1.402311,38.727681],[1.402349,38.727686],[1.40239,38.727706],[1.402471,38.727728],[1.402569,38.727736],[1.402621,38.727718],[1.402648,38.72772],[1.402674,38.727744],[1.402731,38.727756],[1.402832,38.727738],[1.40292,38.727725],[1.402934,38.727723],[1.402964,38.727718],[1.402982,38.727714],[1.403013,38.727709],[1.403038,38.727686],[1.403045,38.727641],[1.403064,38.727618],[1.403116,38.727611],[1.403139,38.727677],[1.403245,38.72767],[1.403357,38.727655],[1.403379,38.727655],[1.403405,38.727703],[1.403391,38.727721],[1.403387,38.727751],[1.403438,38.727788],[1.403482,38.727774],[1.403496,38.727768],[1.40359,38.727806],[1.403702,38.727782],[1.403814,38.727781],[1.403843,38.727783],[1.403859,38.727784],[1.403893,38.727785],[1.403932,38.72776],[1.403943,38.727741],[1.403959,38.727754],[1.403988,38.727793],[1.404063,38.727817],[1.404183,38.727813],[1.404252,38.727797],[1.404257,38.727774],[1.404275,38.727746],[1.40431,38.727757],[1.404349,38.727737],[1.40439,38.727731],[1.4044,38.727748],[1.40445,38.727802],[1.404499,38.727794],[1.404546,38.727774],[1.404561,38.727768],[1.404588,38.72777],[1.404604,38.727772],[1.404688,38.727785],[1.404834,38.727815],[1.404964,38.727836],[1.405012,38.727845],[1.405035,38.727849],[1.405077,38.727871],[1.40512,38.727894],[1.405239,38.727908],[1.40526,38.727911],[1.405318,38.727925],[1.405345,38.727931],[1.405355,38.727936],[1.405393,38.727955],[1.405447,38.727997],[1.40553,38.728026],[1.405582,38.72802],[1.40562,38.72803],[1.405649,38.728042],[1.405714,38.728071],[1.405831,38.728071],[1.40593,38.728064],[1.405976,38.728073],[1.405988,38.728121],[1.406,38.728183],[1.406034,38.728224],[1.406073,38.728201],[1.406098,38.728188],[1.406174,38.728198],[1.406214,38.728218],[1.406276,38.728262],[1.406319,38.728275],[1.406328,38.728243],[1.406353,38.728235],[1.406459,38.728222],[1.406526,38.728246],[1.406612,38.728303],[1.406709,38.728343],[1.406809,38.728383],[1.406884,38.72841],[1.406927,38.728455],[1.406939,38.728507],[1.406951,38.72856],[1.407007,38.728614],[1.40707,38.728607],[1.407106,38.728571],[1.407136,38.728571],[1.407156,38.728625],[1.407213,38.72866],[1.407289,38.728646],[1.407399,38.72861],[1.407517,38.728573],[1.407591,38.728568],[1.407705,38.728576],[1.407802,38.728586],[1.407848,38.7286],[1.407891,38.728641],[1.407911,38.728697],[1.407861,38.72876],[1.407832,38.728808],[1.407796,38.728853],[1.407778,38.728903],[1.407815,38.72894],[1.407913,38.728955],[1.408011,38.72896],[1.408095,38.728947],[1.408088,38.728913],[1.408078,38.728891],[1.408128,38.728845],[1.408161,38.728822],[1.40824,38.728834],[1.408281,38.728798],[1.408318,38.728763],[1.408314,38.728807],[1.408292,38.728909],[1.408293,38.728997],[1.408291,38.729044],[1.408219,38.729061],[1.408133,38.729075],[1.408151,38.72912],[1.408216,38.729113],[1.408342,38.729106],[1.408431,38.72911],[1.408458,38.729144],[1.408436,38.729168],[1.408418,38.729188],[1.408342,38.729196],[1.408303,38.729227],[1.40836,38.729249],[1.408446,38.729279],[1.408507,38.729235],[1.408567,38.729229],[1.408643,38.729226],[1.408727,38.72924],[1.408726,38.729285],[1.408679,38.729321],[1.408689,38.729355],[1.408829,38.729327],[1.408892,38.729303],[1.408975,38.72933],[1.409083,38.72937],[1.409182,38.729448],[1.409302,38.729529],[1.409317,38.729595],[1.409307,38.729659],[1.409368,38.729691],[1.409369,38.729692],[1.409524,38.729705],[1.409676,38.729801],[1.409754,38.729875],[1.409752,38.729924],[1.409765,38.729962],[1.409792,38.729997],[1.409792,38.729997],[1.409813,38.729999],[1.409832,38.730002],[1.409832,38.730002],[1.40987,38.729985],[1.409919,38.729984],[1.409927,38.730008],[1.409915,38.730067],[1.409991,38.730072],[1.410037,38.730073],[1.410077,38.730087],[1.410093,38.730136],[1.410099,38.730183],[1.410126,38.730224],[1.410147,38.730219],[1.410199,38.730207],[1.4102,38.730206],[1.410222,38.730168],[1.410259,38.730128],[1.410379,38.730111],[1.410479,38.730119],[1.410538,38.730154],[1.410567,38.730207],[1.410617,38.730259],[1.410687,38.730297],[1.41071,38.730346],[1.410698,38.730416],[1.410645,38.730469],[1.410589,38.730504],[1.410531,38.730548],[1.410509,38.73059],[1.410554,38.730599],[1.410634,38.730552],[1.410772,38.730488],[1.410868,38.730481],[1.410998,38.730495],[1.411122,38.730536],[1.411195,38.730571],[1.411239,38.730625],[1.411262,38.730696],[1.411288,38.730749],[1.411337,38.730752],[1.411454,38.730759],[1.411696,38.730865],[1.411882,38.730932],[1.411998,38.730997],[1.412025,38.730991],[1.41203,38.730979],[1.412071,38.730953],[1.412071,38.730953],[1.412025,38.730897],[1.411917,38.730815],[1.411843,38.730739],[1.411801,38.73069],[1.411724,38.730559],[1.411717,38.730501],[1.41171,38.730453],[1.411677,38.730425],[1.411621,38.730376],[1.411586,38.730346],[1.411525,38.730299],[1.411524,38.730298],[1.411468,38.730255],[1.411351,38.730167],[1.411348,38.730165],[1.411306,38.73013],[1.411246,38.730083],[1.411241,38.730079],[1.41116,38.730008],[1.411084,38.729908],[1.411031,38.729834],[1.410976,38.729789],[1.410854,38.729681],[1.410796,38.729622],[1.41074,38.729541],[1.410704,38.729386],[1.410697,38.729344],[1.410689,38.729306],[1.410678,38.729283],[1.410643,38.729217],[1.410621,38.729191],[1.41054,38.729098],[1.410429,38.72901],[1.410378,38.728981],[1.410329,38.728952],[1.41028,38.728961],[1.410267,38.728964],[1.410167,38.728999],[1.410157,38.729003],[1.4101,38.728993],[1.409976,38.728971],[1.409895,38.728953],[1.409812,38.728928],[1.40965,38.728891],[1.409624,38.728885],[1.409505,38.728862],[1.409389,38.728839],[1.409366,38.728834],[1.409257,38.728813],[1.409137,38.728787],[1.408954,38.728727],[1.408951,38.728725],[1.408842,38.728673],[1.408807,38.728657],[1.40872,38.728618],[1.408623,38.728558],[1.408544,38.728482],[1.40848,38.72842],[1.408381,38.72835],[1.408304,38.72831],[1.408233,38.728272],[1.408114,38.728226],[1.408111,38.728225],[1.408024,38.728199],[1.408018,38.728197],[1.407928,38.72817],[1.407814,38.728131],[1.407676,38.728069],[1.407554,38.728001],[1.40747,38.727962],[1.40734,38.727879],[1.407237,38.727839],[1.407143,38.727821],[1.407096,38.727811],[1.407043,38.727781],[1.406952,38.72773],[1.406925,38.727715],[1.406886,38.727684],[1.40678,38.727607],[1.406708,38.727558],[1.406699,38.727551],[1.406624,38.727481],[1.406482,38.72739],[1.406454,38.727374],[1.406436,38.727365],[1.40638,38.727334],[1.406341,38.727313],[1.406331,38.727308],[1.406244,38.727263],[1.406153,38.727215],[1.406113,38.727203],[1.406071,38.727191],[1.405991,38.727166],[1.405944,38.72715],[1.405894,38.727133],[1.405803,38.727102],[1.405655,38.72706],[1.405461,38.727015],[1.405399,38.726996],[1.40534,38.72698],[1.405333,38.726978],[1.405275,38.726962],[1.405238,38.726952],[1.405232,38.72695],[1.4051,38.726912],[1.405043,38.726871],[1.404964,38.72679],[1.404928,38.72666],[1.404892,38.726566],[1.404841,38.726434],[1.404791,38.726294],[1.40479,38.72629],[1.404771,38.726091],[1.40477,38.726086],[1.40477,38.72608],[1.404769,38.725946],[1.404783,38.725815],[1.404799,38.725762],[1.4048,38.725757],[1.404824,38.725678],[1.404834,38.725638],[1.404835,38.725635],[1.404872,38.725501],[1.404872,38.7255],[1.404888,38.725444],[1.404897,38.725393],[1.404898,38.725392],[1.404921,38.725267],[1.404958,38.725159],[1.405019,38.72501],[1.405038,38.724972],[1.405072,38.72486],[1.405117,38.72474],[1.405148,38.724667],[1.405166,38.724617],[1.405203,38.724517],[1.40521,38.724476],[1.405251,38.724319],[1.405327,38.724143],[1.405406,38.723995],[1.405431,38.72396],[1.405441,38.723919],[1.405471,38.723802],[1.405534,38.723689],[1.405543,38.723672],[1.405602,38.723567],[1.405605,38.723563],[1.405668,38.723502],[1.405669,38.723501],[1.405714,38.723456],[1.405716,38.723453],[1.405792,38.723378],[1.405865,38.723319],[1.405892,38.723286],[1.405893,38.723285],[1.405963,38.723202],[1.405983,38.723172],[1.405984,38.723171],[1.406019,38.723122],[1.406074,38.723025],[1.406098,38.722982],[1.406098,38.722981],[1.406203,38.72281],[1.406273,38.722689],[1.406274,38.722688],[1.40633,38.722615],[1.406334,38.72261],[1.40646,38.722473],[1.40657,38.722372],[1.406582,38.722361],[1.40662,38.72233],[1.406659,38.722286],[1.406661,38.722285],[1.40675,38.72221],[1.406871,38.722116],[1.406872,38.722115],[1.407023,38.722012],[1.407025,38.722011],[1.407061,38.721992],[1.407131,38.721955],[1.407213,38.721912],[1.407378,38.721863],[1.407417,38.721865],[1.407425,38.721872],[1.407483,38.72192],[1.407518,38.721929],[1.407542,38.721908],[1.407549,38.721902],[1.407572,38.721882],[1.407601,38.721853],[1.407721,38.721738],[1.407723,38.721736],[1.407875,38.721622],[1.407916,38.721598],[1.407968,38.721567],[1.408113,38.721484],[1.408115,38.721484],[1.408159,38.721465],[1.408308,38.721403],[1.408311,38.721403],[1.408432,38.721365],[1.408434,38.721364],[1.408479,38.721353],[1.408658,38.72131],[1.408659,38.72131],[1.408736,38.721301],[1.408778,38.721297],[1.408822,38.721292],[1.408963,38.721277],[1.409116,38.721252],[1.409188,38.721242],[1.409192,38.721241],[1.409225,38.721236],[1.409405,38.721214],[1.409542,38.721207],[1.409661,38.72122],[1.40984,38.721251],[1.409886,38.721263],[1.409964,38.721276],[1.410048,38.721293],[1.41005,38.721294],[1.410156,38.721325],[1.410222,38.721348],[1.410298,38.721381],[1.410353,38.721416],[1.410515,38.721528],[1.410563,38.721577],[1.410589,38.721603],[1.41062,38.721664],[1.410646,38.721714],[1.410672,38.721795],[1.410636,38.721835],[1.410631,38.721841],[1.410624,38.721845],[1.410592,38.721863],[1.410546,38.721889],[1.410532,38.721897],[1.410493,38.72193],[1.410486,38.721936],[1.410501,38.721992],[1.410506,38.721994],[1.41056,38.722016],[1.410624,38.722006],[1.410634,38.722004],[1.410636,38.722003],[1.410702,38.721963],[1.410796,38.721927],[1.410844,38.72187],[1.410891,38.721845],[1.411002,38.721853],[1.411015,38.721854],[1.411015,38.721854],[1.411084,38.721857],[1.411186,38.721853],[1.411299,38.721852],[1.411318,38.721847],[1.411337,38.721842],[1.411368,38.721836],[1.41143,38.721825],[1.411513,38.721811],[1.411522,38.721809],[1.411571,38.721791],[1.411601,38.721787],[1.411685,38.721764],[1.411748,38.721754],[1.411788,38.721731],[1.411864,38.721688],[1.411865,38.721688],[1.411932,38.721648],[1.411949,38.721638],[1.411968,38.721628],[1.411921,38.721625],[1.411893,38.721624],[1.41179,38.721546],[1.411807,38.721533],[1.411842,38.721507],[1.411857,38.721419],[1.411859,38.721407],[1.411887,38.721386],[1.411904,38.721374],[1.411949,38.721339],[1.412006,38.721303],[1.412006,38.721302],[1.41206,38.721267],[1.412172,38.721221],[1.412223,38.721215],[1.412272,38.721208],[1.412492,38.721169],[1.41254,38.72117],[1.412679,38.721183],[1.412762,38.721206],[1.412832,38.721245],[1.412879,38.72129],[1.412916,38.7213],[1.412983,38.721319],[1.412986,38.72132],[1.413095,38.721339],[1.41313,38.721345],[1.413184,38.721356],[1.413276,38.721367],[1.413348,38.721365],[1.413484,38.721362],[1.413594,38.721358],[1.413738,38.72136],[1.413856,38.721376],[1.413931,38.721398],[1.414021,38.721442],[1.414126,38.721504],[1.414183,38.721551],[1.414184,38.721553],[1.414292,38.721672],[1.414293,38.721673],[1.41435,38.721719],[1.414351,38.721719],[1.414439,38.721745],[1.414562,38.721749],[1.414652,38.721725],[1.414827,38.721641],[1.414872,38.721623],[1.415119,38.721579],[1.415306,38.721594],[1.415346,38.721617],[1.41537,38.721629],[1.415408,38.721648],[1.415459,38.721676],[1.415506,38.721697],[1.41557,38.721742],[1.415593,38.721761],[1.415643,38.721778],[1.415674,38.721789],[1.415745,38.721792],[1.415895,38.721763],[1.416051,38.721788],[1.416099,38.721799],[1.416162,38.721799],[1.416348,38.721776],[1.416374,38.721776],[1.41666,38.721774],[1.416696,38.721743],[1.416708,38.721732],[1.416738,38.721738],[1.416798,38.721751],[1.416838,38.721795],[1.416891,38.721858],[1.416922,38.721922],[1.416946,38.721993],[1.416966,38.722047],[1.416937,38.722085],[1.416925,38.722187],[1.416992,38.722191],[1.417083,38.722196],[1.417138,38.722208],[1.417231,38.722202],[1.41731,38.72219],[1.417314,38.72219],[1.417419,38.722236],[1.417487,38.722283],[1.417524,38.722312],[1.417603,38.722318],[1.417633,38.722296],[1.417639,38.722292],[1.417676,38.722254],[1.417748,38.722181],[1.417803,38.722127],[1.417806,38.722123],[1.417844,38.722082],[1.417878,38.722044],[1.417914,38.722005],[1.417939,38.721963],[1.418,38.721922],[1.418088,38.721921],[1.418112,38.721934],[1.418171,38.721966],[1.418208,38.721988],[1.418225,38.721998],[1.418286,38.722034],[1.418287,38.722034],[1.418367,38.722095],[1.418436,38.722149],[1.418453,38.722169],[1.418483,38.722203],[1.418486,38.722214],[1.418492,38.722241],[1.41851,38.722254],[1.418538,38.722274],[1.418632,38.722278],[1.418711,38.722299],[1.418801,38.72233],[1.418813,38.722366],[1.418795,38.722387],[1.41881,38.722403],[1.418919,38.722438],[1.418967,38.722487],[1.419006,38.722521],[1.419063,38.722543],[1.419114,38.722634],[1.419151,38.722656],[1.41919,38.722622],[1.419279,38.722588],[1.419307,38.722621],[1.419337,38.722667],[1.419418,38.722801],[1.419527,38.723004],[1.419594,38.72314],[1.419632,38.723236],[1.419669,38.723328],[1.419706,38.723424],[1.419727,38.723489],[1.419773,38.723637],[1.419781,38.723683],[1.419782,38.723684],[1.419793,38.723743],[1.419803,38.723784],[1.419829,38.72389],[1.419856,38.723996],[1.419876,38.724076],[1.419899,38.724169],[1.419914,38.724234],[1.41987,38.724314],[1.419849,38.724362],[1.419768,38.724404],[1.419705,38.724444],[1.419671,38.724496],[1.419655,38.724554],[1.419655,38.724555],[1.419651,38.724588],[1.419645,38.72466],[1.419645,38.724662],[1.419642,38.724693],[1.419629,38.724768],[1.419651,38.72483],[1.419649,38.724931],[1.419624,38.725043],[1.419593,38.725066],[1.419552,38.725097],[1.419389,38.725065],[1.419349,38.725052],[1.419288,38.725024],[1.41923,38.725004],[1.419155,38.725009],[1.419161,38.725034],[1.419218,38.725064],[1.419264,38.725075],[1.419395,38.725124],[1.419418,38.725186],[1.419359,38.725319],[1.419358,38.725321],[1.419297,38.725364],[1.419222,38.72544],[1.419156,38.725511],[1.419091,38.7256],[1.419048,38.725649],[1.418962,38.725725],[1.418943,38.725741],[1.418861,38.725804],[1.41879,38.725857],[1.418785,38.725861],[1.418732,38.725906],[1.418649,38.725971],[1.418601,38.726035],[1.418531,38.726063],[1.418478,38.726097],[1.418471,38.726143],[1.41846,38.72619],[1.418438,38.72624],[1.418407,38.72629],[1.418303,38.726411],[1.418234,38.726483],[1.418134,38.72654],[1.418047,38.726584],[1.418,38.726622],[1.417978,38.726639],[1.417931,38.726677],[1.417855,38.726738],[1.417785,38.726793],[1.417716,38.726849],[1.417646,38.726904],[1.417595,38.726945],[1.417565,38.726969],[1.417498,38.727022],[1.417427,38.72708],[1.417338,38.727125],[1.417262,38.727164],[1.417168,38.727209],[1.41708,38.727252],[1.416957,38.727329],[1.416903,38.727372],[1.416821,38.727432],[1.416819,38.727433],[1.416718,38.727501],[1.416682,38.727574],[1.416672,38.727594],[1.416647,38.727645],[1.416627,38.727733],[1.416617,38.727779],[1.416554,38.727878],[1.416518,38.727918],[1.416467,38.727975],[1.416445,38.728068],[1.416452,38.728125],[1.41646,38.728209],[1.41647,38.728276],[1.416478,38.728334],[1.416479,38.728338],[1.416488,38.728405],[1.416501,38.728455],[1.416513,38.728503],[1.416514,38.728508],[1.416513,38.728522],[1.416506,38.728581],[1.416456,38.728624],[1.416459,38.728654],[1.416461,38.728684],[1.416408,38.728744],[1.416356,38.728794],[1.416333,38.728897],[1.416404,38.728925],[1.416523,38.728993],[1.416558,38.729012],[1.416615,38.729043],[1.416736,38.729082],[1.416814,38.729123],[1.416823,38.729127],[1.41688,38.729152],[1.416903,38.729162],[1.416913,38.729166],[1.416914,38.729167],[1.41699,38.729227],[1.416997,38.729234],[1.417028,38.729264],[1.417058,38.72939],[1.41705,38.729474],[1.417045,38.729528],[1.417041,38.729548],[1.417023,38.729637],[1.417016,38.729671],[1.417022,38.729743],[1.417045,38.729787],[1.417075,38.729844],[1.417094,38.729942],[1.417093,38.730009],[1.417067,38.730076],[1.417047,38.730131],[1.417014,38.730217],[1.417012,38.730224],[1.416992,38.730282],[1.416984,38.730307],[1.416956,38.730391],[1.416921,38.730495],[1.416918,38.730504],[1.416891,38.73057],[1.416889,38.730575],[1.416856,38.730668],[1.416828,38.730747],[1.416805,38.730781],[1.416765,38.730838],[1.416747,38.730864],[1.416722,38.7309],[1.416702,38.730929],[1.416672,38.730961],[1.41664,38.730995],[1.416625,38.731011],[1.416586,38.731053],[1.416529,38.731113],[1.416459,38.731199],[1.416432,38.731247],[1.416411,38.731277],[1.416404,38.731286],[1.416404,38.731286],[1.416367,38.731341],[1.416352,38.731357],[1.4163,38.731417],[1.416296,38.731421],[1.416282,38.73143],[1.416155,38.731515],[1.41613,38.731532],[1.416055,38.731594],[1.416054,38.731594],[1.416045,38.731602],[1.415969,38.731665],[1.415856,38.731741],[1.415772,38.731789],[1.415758,38.731798],[1.415665,38.73187],[1.415553,38.731946],[1.415552,38.731947],[1.415494,38.731981],[1.415464,38.731995],[1.415436,38.732008],[1.415388,38.732031],[1.415338,38.732065],[1.415285,38.732101],[1.415228,38.73214],[1.415076,38.732217],[1.414994,38.732255],[1.414911,38.732291],[1.414761,38.732329],[1.414725,38.732335],[1.41471,38.732337],[1.414665,38.732345],[1.414564,38.732357],[1.414494,38.732352],[1.414475,38.732348],[1.414414,38.732332],[1.414348,38.732313],[1.414296,38.732298],[1.414207,38.732242],[1.414105,38.732174],[1.414039,38.73213],[1.413964,38.732083],[1.413886,38.732047],[1.413685,38.731983],[1.413632,38.731975],[1.413525,38.731959],[1.413461,38.731947],[1.413299,38.731904],[1.413269,38.731887],[1.413169,38.731846],[1.4131,38.731812],[1.413057,38.7318],[1.413056,38.731799],[1.413012,38.731787],[1.412966,38.731774],[1.412964,38.731773],[1.412888,38.731753],[1.412791,38.731712],[1.412665,38.731662],[1.412615,38.731624],[1.412614,38.731623],[1.412568,38.731589],[1.412535,38.731567],[1.412439,38.731504],[1.412361,38.731486],[1.412281,38.731505],[1.412281,38.731505],[1.412281,38.731505],[1.412199,38.731561],[1.412126,38.731624],[1.412092,38.731699],[1.412091,38.7317],[1.41212,38.731752],[1.412238,38.731824],[1.412297,38.731838],[1.412334,38.73188],[1.412345,38.731892],[1.412406,38.73191],[1.412454,38.731923],[1.412456,38.731923],[1.412557,38.731902],[1.412608,38.731919],[1.412721,38.731985],[1.412822,38.73208],[1.412916,38.732131],[1.412995,38.732215],[1.413059,38.732311],[1.413067,38.732324],[1.413139,38.732463],[1.413201,38.732581],[1.413256,38.732663],[1.413339,38.732726],[1.413381,38.732789],[1.413457,38.732881],[1.413493,38.732965],[1.41351,38.733068],[1.41354,38.733162],[1.413543,38.733264],[1.413609,38.733342],[1.413594,38.733391],[1.413619,38.733468],[1.413691,38.733525],[1.413737,38.733543],[1.413763,38.733562],[1.413807,38.733634],[1.413951,38.73387],[1.413954,38.733876],[1.413954,38.733876],[1.413956,38.733879],[1.413972,38.733902],[1.414142,38.734158],[1.414167,38.734197],[1.414203,38.734241],[1.414396,38.734488],[1.414499,38.734649],[1.414504,38.734657],[1.41462,38.734765],[1.41465,38.734787],[1.414662,38.73484],[1.414707,38.734903],[1.414755,38.734934],[1.414786,38.734996],[1.414766,38.735038],[1.414721,38.735101],[1.414737,38.735189],[1.414752,38.735275],[1.414738,38.73537],[1.414701,38.735453],[1.414701,38.735566],[1.414748,38.735618],[1.414791,38.735646],[1.414809,38.735704],[1.41487,38.735754],[1.414901,38.735747],[1.414943,38.735739],[1.414955,38.735735],[1.41496,38.735734],[1.415125,38.735668],[1.415228,38.73561],[1.415301,38.735599],[1.415364,38.73561],[1.415374,38.735636],[1.415367,38.735677],[1.415383,38.735692],[1.415444,38.735667],[1.415437,38.735631],[1.415448,38.735601],[1.415503,38.735587],[1.415555,38.735588],[1.415567,38.735629],[1.415588,38.735659],[1.415624,38.735644],[1.415629,38.735604],[1.415664,38.735585],[1.415715,38.735597],[1.415723,38.735625],[1.415713,38.735669],[1.415748,38.7357],[1.415785,38.735666],[1.415789,38.735663],[1.415815,38.735624],[1.415842,38.735624],[1.415872,38.735648],[1.415873,38.735649],[1.415884,38.735641],[1.41591,38.735625],[1.415912,38.735624],[1.415933,38.735607],[1.415953,38.73557],[1.415963,38.735551],[1.415968,38.735507],[1.415971,38.735486],[1.415973,38.73546],[1.415977,38.735429],[1.415977,38.735416],[1.415979,38.7354],[1.415992,38.73529],[1.415998,38.73519],[1.415999,38.735141],[1.416009,38.735062],[1.416033,38.734975],[1.41607,38.734909],[1.416112,38.734861],[1.416171,38.734806],[1.41624,38.734767],[1.416333,38.734745],[1.41642,38.734744],[1.416504,38.734748],[1.416594,38.734751],[1.416722,38.734766],[1.416784,38.734761],[1.416799,38.734725],[1.418961,38.734739],[1.41896,38.734773],[1.419085,38.734775],[1.419088,38.734634],[1.417691,38.734634],[1.417692,38.734492],[1.417198,38.734479],[1.417198,38.734359],[1.416744,38.734346],[1.416761,38.733509],[1.416623,38.733509],[1.416611,38.734096],[1.416447,38.734093],[1.416446,38.734137],[1.416033,38.734133],[1.415992,38.734133],[1.415974,38.734133],[1.415984,38.733611],[1.415984,38.733587],[1.415986,38.733499],[1.415945,38.7335],[1.415942,38.733587],[1.415942,38.733611],[1.415927,38.734136],[1.415508,38.734129],[1.415514,38.73383],[1.415347,38.733826],[1.415352,38.733514],[1.415491,38.733517],[1.415511,38.733517],[1.415512,38.733511],[1.415513,38.733493],[1.415513,38.733488],[1.415183,38.733482],[1.415188,38.733183],[1.415234,38.733184],[1.415352,38.733184],[1.415768,38.733057],[1.416061,38.732967],[1.416166,38.733175],[1.4162,38.733162],[1.416073,38.732901],[1.416452,38.732786],[1.416467,38.732782],[1.416541,38.732943],[1.416585,38.733036],[1.416624,38.733021],[1.416503,38.73277],[1.416832,38.732671],[1.417064,38.733127],[1.416843,38.733196],[1.41686,38.733224],[1.417115,38.733144],[1.416869,38.732661],[1.417204,38.732566],[1.417222,38.732561],[1.417847,38.733317],[1.418045,38.733218],[1.417681,38.732763],[1.417748,38.732728],[1.417757,38.732724],[1.41782,38.732797],[1.417839,38.732787],[1.417715,38.732639],[1.417774,38.732607],[1.417898,38.732759],[1.417914,38.73275],[1.418175,38.73307],[1.418333,38.73299],[1.418312,38.732966],[1.418225,38.733009],[1.41819,38.733025],[1.417911,38.732671],[1.417874,38.732624],[1.418051,38.732544],[1.419511,38.732669],[1.419485,38.732849],[1.419532,38.732854],[1.419563,38.732671],[1.42016,38.732722],[1.420418,38.732744],[1.420434,38.732746],[1.420421,38.732822],[1.420555,38.732834],[1.420512,38.733149],[1.420369,38.733137],[1.420345,38.733274],[1.418844,38.733141],[1.418837,38.73319],[1.418805,38.733194],[1.418789,38.733217],[1.418785,38.733252],[1.418802,38.733281],[1.418839,38.733309],[1.418928,38.733329],[1.419223,38.733348],[1.419372,38.733365],[1.419509,38.733371],[1.419605,38.733372],[1.419719,38.73339],[1.420025,38.733419],[1.42014,38.733442],[1.42024,38.733447],[1.420343,38.733448],[1.420411,38.733447],[1.420468,38.733429],[1.420525,38.73339],[1.420591,38.733338],[1.420643,38.733299],[1.42068,38.733263],[1.420705,38.733227],[1.42076,38.733186],[1.420927,38.73306],[1.420998,38.733014],[1.421015,38.733],[1.421031,38.732987],[1.421099,38.732938],[1.42116,38.732891],[1.421278,38.732912],[1.421394,38.732941],[1.4216,38.733008],[1.421808,38.733087],[1.421921,38.733146],[1.421974,38.733189],[1.421989,38.733221],[1.422008,38.733266],[1.422015,38.733305],[1.422012,38.733335],[1.422061,38.73335],[1.422102,38.73334],[1.422101,38.733391],[1.422101,38.733392],[1.422135,38.733408],[1.422174,38.733426],[1.422253,38.733406],[1.422285,38.733419],[1.422375,38.733435],[1.422443,38.733434],[1.422507,38.733471],[1.422534,38.733512],[1.422569,38.733527],[1.422587,38.73357],[1.422646,38.733605],[1.422749,38.733623],[1.422763,38.733628],[1.422767,38.733685],[1.422738,38.733743],[1.422696,38.733815],[1.42266,38.733863],[1.42269,38.733868],[1.422717,38.733849],[1.422747,38.733828],[1.422761,38.733822],[1.422788,38.73381],[1.422789,38.733809],[1.422863,38.733778],[1.422916,38.733765],[1.422961,38.733765],[1.423006,38.733816],[1.423055,38.733843],[1.423106,38.733848],[1.423158,38.733863],[1.423227,38.733867],[1.423238,38.733868],[1.423255,38.733884],[1.42328,38.733894],[1.423324,38.733876],[1.423331,38.733884],[1.423337,38.733894],[1.423344,38.733914],[1.42334,38.733952],[1.423327,38.733963],[1.423351,38.734013],[1.423425,38.73399],[1.42347,38.734038],[1.423551,38.734056],[1.42357,38.734077],[1.423547,38.734115],[1.423609,38.73414],[1.423667,38.734119],[1.423718,38.734141],[1.423723,38.734173],[1.423716,38.734231],[1.423735,38.734246],[1.423752,38.734218],[1.423777,38.734178],[1.423845,38.734183],[1.423875,38.734198],[1.423861,38.73423],[1.423797,38.734276],[1.423794,38.734312],[1.423817,38.734345],[1.423896,38.734382],[1.423977,38.734396],[1.424107,38.734442],[1.424163,38.734462],[1.424166,38.734475],[1.42426,38.734512],[1.424312,38.734515],[1.424328,38.734545],[1.424338,38.734565],[1.4244,38.734593],[1.424475,38.734649],[1.424532,38.734691],[1.424598,38.734753],[1.424646,38.73482],[1.424612,38.73486],[1.424582,38.734894],[1.42457,38.734958],[1.424638,38.734948],[1.42469,38.734944],[1.424735,38.734981],[1.424753,38.735024],[1.424741,38.735073],[1.424809,38.735093],[1.424863,38.735104],[1.424925,38.73516],[1.424951,38.735216],[1.425029,38.735245],[1.425118,38.735265],[1.425281,38.735318],[1.425396,38.73539],[1.425546,38.735499],[1.425659,38.735573],[1.425702,38.735612],[1.42572,38.735663],[1.425889,38.735782],[1.425966,38.735847],[1.425989,38.735937],[1.425956,38.735986],[1.425955,38.735987],[1.426031,38.735991],[1.426094,38.736007],[1.426145,38.736031],[1.426182,38.736089],[1.426168,38.736102],[1.426148,38.736131],[1.426203,38.736123],[1.426216,38.736141],[1.426142,38.736182],[1.426157,38.736251],[1.426183,38.736293],[1.426193,38.73631],[1.426187,38.736345],[1.426108,38.736348],[1.426026,38.736377],[1.425938,38.73641],[1.425922,38.736433],[1.425973,38.736436],[1.426071,38.736429],[1.426167,38.736396],[1.426263,38.736371],[1.426301,38.736362],[1.426333,38.736355],[1.426377,38.736363],[1.426397,38.736367],[1.426476,38.736355],[1.426538,38.736381],[1.426621,38.736438],[1.426683,38.736483],[1.426663,38.736536],[1.426623,38.736593],[1.426641,38.736643],[1.426697,38.736692],[1.426789,38.736751],[1.426872,38.736795],[1.426926,38.736822],[1.426952,38.736836],[1.426962,38.736844],[1.427041,38.736912],[1.427075,38.736984],[1.427079,38.737072],[1.427135,38.737133],[1.427196,38.737183],[1.427233,38.737243],[1.427278,38.737297],[1.427379,38.737307],[1.427437,38.737271],[1.427504,38.737297],[1.427525,38.737362],[1.427477,38.737406],[1.427499,38.737436],[1.427556,38.737435],[1.427583,38.737443],[1.427552,38.737471],[1.427533,38.73749],[1.427589,38.73752],[1.427583,38.737552],[1.427539,38.73759],[1.427544,38.737622],[1.427602,38.73768],[1.427661,38.737726],[1.427741,38.737797],[1.427843,38.73786],[1.4279,38.737864],[1.427936,38.737868],[1.427982,38.737881],[1.428071,38.737908],[1.428073,38.737908],[1.428074,38.737908],[1.428122,38.737904],[1.428178,38.737899],[1.428224,38.737893],[1.428254,38.737916],[1.428278,38.737934],[1.428305,38.737924],[1.42834,38.737946],[1.428345,38.737969],[1.428368,38.738025],[1.42843,38.738072],[1.428518,38.738142],[1.428563,38.738219],[1.428585,38.738326],[1.42861,38.738456],[1.428672,38.738617],[1.428678,38.738694],[1.428685,38.738743],[1.428687,38.738755],[1.428716,38.738779],[1.428731,38.738792],[1.429045,38.739381],[1.429108,38.739514],[1.429171,38.739632],[1.429261,38.739759],[1.429337,38.739883],[1.4294,38.740008],[1.429458,38.740096],[1.42954,38.740216],[1.429642,38.740388],[1.429732,38.740526],[1.429824,38.740661],[1.429887,38.740779],[1.429912,38.740875],[1.429959,38.740991],[1.430023,38.741077],[1.43014,38.741198],[1.430214,38.741284],[1.430245,38.741385],[1.430267,38.741445],[1.4303,38.741536],[1.430306,38.741554],[1.430344,38.741617],[1.43038,38.741674],[1.430402,38.741711],[1.430462,38.741812],[1.430519,38.74193],[1.430561,38.742039],[1.430612,38.742191],[1.430703,38.74238],[1.430774,38.742511],[1.430826,38.742635],[1.430878,38.742747],[1.430952,38.74288],[1.430979,38.74294],[1.430997,38.742974],[1.431008,38.742997],[1.431011,38.743005],[1.431055,38.743133],[1.431075,38.743222],[1.431059,38.743348],[1.431058,38.743416],[1.431081,38.743483],[1.431131,38.743539],[1.431234,38.743607],[1.431283,38.743669],[1.431293,38.743682],[1.431347,38.743751],[1.431356,38.743768],[1.431379,38.743816],[1.431444,38.743938],[1.431481,38.744008],[1.431493,38.74403],[1.431518,38.744112],[1.431574,38.744234],[1.431611,38.744337],[1.431653,38.744398],[1.431701,38.744493],[1.431723,38.74457],[1.431724,38.744597],[1.431726,38.744653],[1.431719,38.744702],[1.431701,38.744753],[1.431701,38.744836],[1.431705,38.744906],[1.431719,38.744949],[1.431755,38.74502],[1.431689,38.745055],[1.431614,38.745084],[1.431518,38.745114],[1.431414,38.745133],[1.431312,38.745154],[1.431276,38.745159],[1.431275,38.745159],[1.431222,38.745166],[1.431192,38.745191],[1.431169,38.74522],[1.431159,38.745262],[1.431171,38.745318],[1.43117,38.745344],[1.43117,38.745344],[1.431169,38.745386],[1.431189,38.745446],[1.431288,38.74551],[1.431379,38.745561],[1.431434,38.745622],[1.431468,38.745659],[1.431545,38.745709],[1.431509,38.745817],[1.431472,38.7459],[1.431437,38.745957],[1.43138,38.746011],[1.431314,38.746046],[1.431313,38.746047],[1.431313,38.746047],[1.43128,38.746086],[1.431212,38.746185],[1.431188,38.746325],[1.431209,38.746374],[1.431209,38.746375],[1.431249,38.746371],[1.431295,38.74638],[1.431327,38.746398],[1.431339,38.746441],[1.431311,38.746472],[1.431292,38.746498],[1.431159,38.746607],[1.431175,38.74662],[1.431311,38.746512],[1.431374,38.746546],[1.431435,38.746592],[1.431469,38.74664],[1.431465,38.746671],[1.431513,38.746707],[1.431591,38.746746],[1.43167,38.746752],[1.43177,38.746756],[1.431844,38.746764],[1.43181,38.746789],[1.431738,38.74682],[1.431699,38.746849],[1.43171,38.746862],[1.431786,38.746872],[1.431854,38.746869],[1.431988,38.746854],[1.432037,38.746862],[1.432082,38.746905],[1.432107,38.746959],[1.432121,38.747032],[1.432135,38.747117],[1.432119,38.747181],[1.432095,38.747253],[1.43203,38.747316],[1.431916,38.747392],[1.431768,38.747439],[1.431686,38.747428],[1.431641,38.747385],[1.431553,38.747353],[1.431459,38.747307],[1.431405,38.747269],[1.431338,38.747247],[1.431269,38.747244],[1.431264,38.747252],[1.431274,38.747301],[1.431243,38.747313],[1.4312,38.747302],[1.431149,38.747273],[1.431099,38.747236],[1.431061,38.74722],[1.430964,38.747212],[1.430904,38.747208],[1.430843,38.747239],[1.430811,38.7473],[1.430869,38.747361],[1.430908,38.747413],[1.430992,38.747515],[1.431114,38.747628],[1.431214,38.747728],[1.431282,38.747794],[1.431321,38.747856],[1.431359,38.747951],[1.431387,38.748015],[1.431384,38.748094],[1.431372,38.748154],[1.431336,38.748234],[1.431299,38.74831],[1.431234,38.748373],[1.431148,38.748409],[1.431104,38.748447],[1.431067,38.748497],[1.430995,38.748528],[1.430909,38.748558],[1.430846,38.74857],[1.430828,38.748625],[1.430786,38.748665],[1.430727,38.748715],[1.430693,38.748778],[1.430664,38.748814],[1.430634,38.74883],[1.430583,38.748878],[1.430579,38.748918],[1.430564,38.748974],[1.430513,38.749024],[1.430506,38.74909],[1.430495,38.74916],[1.430528,38.749231],[1.430587,38.749283],[1.430646,38.749314],[1.430705,38.749332],[1.430742,38.749365],[1.430804,38.74939],[1.43089,38.749428],[1.430925,38.749435],[1.430993,38.749449],[1.431031,38.749433],[1.431074,38.749444],[1.431147,38.749456],[1.431231,38.749473],[1.431269,38.74948],[1.431318,38.749496],[1.43141,38.749496],[1.431432,38.749507],[1.431483,38.749518],[1.43153,38.749485],[1.431589,38.749446],[1.431666,38.749426],[1.431715,38.749423],[1.431774,38.749441],[1.431902,38.749439],[1.431971,38.749409],[1.432049,38.749353],[1.432173,38.749252],[1.432195,38.749215],[1.432207,38.749208],[1.432265,38.749175],[1.432347,38.749166],[1.432458,38.749188],[1.432547,38.749215],[1.432638,38.749264],[1.432704,38.74931],[1.432789,38.74938],[1.432874,38.749443],[1.432929,38.749515],[1.432976,38.749588],[1.433005,38.749691],[1.433023,38.749807],[1.433042,38.749903],[1.433079,38.750001],[1.433102,38.750062],[1.433152,38.750191],[1.433185,38.750287],[1.433201,38.750379],[1.433211,38.750501],[1.433245,38.750617],[1.433287,38.750737],[1.433323,38.750904],[1.433301,38.750989],[1.433284,38.751102],[1.43331,38.751226],[1.433368,38.751359],[1.433457,38.751553],[1.433483,38.751782],[1.433487,38.751899],[1.43348,38.752046],[1.433472,38.752189],[1.433444,38.752295],[1.433411,38.752399],[1.433344,38.752546],[1.433282,38.75269],[1.433229,38.752826],[1.43317,38.752946],[1.433127,38.753033],[1.433088,38.753062],[1.433035,38.753103],[1.432941,38.753144],[1.432828,38.753178],[1.432737,38.753213],[1.432667,38.75319],[1.432652,38.753149],[1.432609,38.753123],[1.432558,38.753092],[1.432524,38.753074],[1.432456,38.753073],[1.432381,38.753095],[1.432342,38.75313],[1.432291,38.753187],[1.432217,38.753222],[1.432177,38.753278],[1.432099,38.753328],[1.431974,38.753413],[1.4319,38.753422],[1.431829,38.753421],[1.431804,38.753437],[1.431814,38.753476],[1.43184,38.753519],[1.43189,38.753569],[1.431962,38.75362],[1.432085,38.753682],[1.432178,38.753752],[1.432324,38.753857],[1.432463,38.753947],[1.432599,38.754052],[1.432724,38.75414],[1.432737,38.754149],[1.432857,38.754226],[1.43303,38.754344],[1.433181,38.754471],[1.433335,38.754606],[1.433482,38.754771],[1.433542,38.754847],[1.433621,38.754946],[1.433697,38.755048],[1.433759,38.755152],[1.433818,38.755245],[1.433857,38.755311],[1.433914,38.755411],[1.433968,38.755516],[1.433981,38.755539],[1.43403,38.75562],[1.434035,38.755628],[1.434108,38.755732],[1.434162,38.755829],[1.434205,38.755939],[1.43423,38.75601],[1.434299,38.756128],[1.434369,38.756238],[1.434452,38.756376],[1.434498,38.756473],[1.434531,38.756549],[1.434574,38.756643],[1.434617,38.756761],[1.434632,38.756883],[1.434631,38.756983],[1.434671,38.757122],[1.434678,38.757146],[1.434746,38.757401],[1.434779,38.757649],[1.434828,38.757906],[1.434914,38.758179],[1.434904,38.75823],[1.434873,38.758265],[1.434842,38.758303],[1.434822,38.75835],[1.434811,38.75843],[1.434803,38.758505],[1.434815,38.758565],[1.434798,38.758586],[1.434777,38.75863],[1.434759,38.758689],[1.434767,38.758698],[1.434782,38.758735],[1.434763,38.758754],[1.434732,38.758761],[1.434699,38.758797],[1.434678,38.758829],[1.434658,38.758856],[1.434636,38.758873],[1.434617,38.758883],[1.434613,38.758908],[1.43459,38.758955],[1.434595,38.758972],[1.434619,38.758987],[1.4347,38.759],[1.434735,38.759009],[1.434759,38.759039],[1.434763,38.759075],[1.434764,38.759125],[1.434827,38.759136],[1.4349,38.759146],[1.434965,38.759146],[1.435,38.759176],[1.435064,38.759192],[1.435079,38.759192],[1.435201,38.759193],[1.435258,38.759171],[1.435269,38.759166],[1.435271,38.759169],[1.435341,38.759259],[1.435348,38.759268],[1.435362,38.759343],[1.435378,38.759429],[1.435374,38.759544],[1.435366,38.759635],[1.435368,38.759738],[1.435387,38.759838],[1.435402,38.759945],[1.435422,38.76011],[1.43544,38.760223],[1.43543,38.760281],[1.435418,38.760319],[1.435398,38.760412],[1.435372,38.760473],[1.435326,38.760541],[1.43524,38.760603],[1.435122,38.760624],[1.434999,38.760624],[1.434868,38.760653],[1.434834,38.760693],[1.434785,38.760711],[1.434737,38.760727],[1.434769,38.760747],[1.43478,38.760749],[1.434867,38.760764],[1.43491,38.760786],[1.434909,38.760823],[1.434884,38.760841],[1.434795,38.760876],[1.434793,38.760883],[1.434777,38.760933],[1.434767,38.760992],[1.434781,38.761061],[1.434817,38.761126],[1.434848,38.761184],[1.434836,38.761213],[1.434813,38.761245],[1.434826,38.761271],[1.434865,38.761267],[1.434922,38.761262],[1.434987,38.761257],[1.435125,38.761211],[1.43523,38.761179],[1.43532,38.761159],[1.435415,38.761165],[1.435493,38.76119],[1.43556,38.761206],[1.435456,38.761774],[1.43538,38.761766],[1.435285,38.761736],[1.435221,38.761699],[1.435165,38.76167],[1.4351,38.761666],[1.434991,38.761668],[1.43494,38.761638],[1.434913,38.761607],[1.434874,38.761566],[1.434823,38.761554],[1.434779,38.761549],[1.434751,38.761562],[1.434749,38.761564],[1.434729,38.761597],[1.434716,38.761655],[1.434741,38.761725],[1.434778,38.761769],[1.434792,38.761818],[1.434821,38.761866],[1.434854,38.76193],[1.434894,38.761969],[1.43489,38.762008],[1.434917,38.762066],[1.43492,38.762072],[1.434911,38.762126],[1.43491,38.76213],[1.434906,38.762183],[1.434919,38.762207],[1.434877,38.762231],[1.434841,38.762269],[1.434826,38.762311],[1.434849,38.762344],[1.434884,38.762359],[1.434905,38.762379],[1.434934,38.762407],[1.434974,38.762427],[1.435009,38.762456],[1.435008,38.762498],[1.435024,38.762571],[1.435021,38.762673],[1.435018,38.762776],[1.435014,38.762876],[1.434992,38.762978],[1.434967,38.76308],[1.434931,38.763181],[1.434917,38.763277],[1.43491,38.763332],[1.434917,38.763443],[1.434905,38.763501],[1.434862,38.76354],[1.434806,38.763603],[1.43476,38.763673],[1.43468,38.763792],[1.434659,38.76386],[1.434695,38.763921],[1.434686,38.763959],[1.434658,38.763978],[1.434652,38.764005],[1.434661,38.764037],[1.434692,38.7641],[1.434675,38.764127],[1.434685,38.764155],[1.434734,38.764154],[1.434763,38.764176],[1.434703,38.764183],[1.434686,38.764213],[1.434707,38.764232],[1.434767,38.764266],[1.434811,38.764269],[1.434838,38.764288],[1.434804,38.764346],[1.434803,38.76439],[1.434833,38.764399],[1.43482,38.764461],[1.434766,38.764464],[1.434675,38.764502],[1.434693,38.764551],[1.43466,38.764572],[1.434659,38.764612],[1.434705,38.76463],[1.434718,38.764643],[1.434676,38.764693],[1.434672,38.76474],[1.434702,38.764756],[1.434703,38.764813],[1.434683,38.764866],[1.434654,38.764936],[1.434647,38.765013],[1.434634,38.765123],[1.43462,38.76527],[1.434587,38.7654],[1.434545,38.765451],[1.4345,38.765501],[1.434475,38.765552],[1.434471,38.765612],[1.434448,38.765656],[1.434417,38.765709],[1.43441,38.765773],[1.434411,38.76585],[1.434377,38.765919],[1.434322,38.766044],[1.434299,38.766127],[1.434303,38.766185],[1.434315,38.766237],[1.434306,38.766296],[1.434282,38.766366],[1.434248,38.766438],[1.434241,38.766517],[1.43422,38.766576],[1.434202,38.766663],[1.434151,38.766775],[1.434102,38.766875],[1.434061,38.767],[1.43406,38.767171],[1.434026,38.767377],[1.433996,38.767468],[1.433967,38.767549],[1.43396,38.767632],[1.433939,38.767708],[1.433919,38.767781],[1.43386,38.767867],[1.433823,38.76792],[1.433775,38.768009],[1.433746,38.768062],[1.433712,38.768117],[1.433714,38.768147],[1.433733,38.768183],[1.433718,38.768221],[1.433703,38.768285],[1.433672,38.768355],[1.43363,38.768408],[1.433563,38.768458],[1.433513,38.768515],[1.433517,38.768562],[1.433538,38.768596],[1.433559,38.768656],[1.433521,38.768743],[1.43348,38.768792],[1.43348,38.76887],[1.433485,38.768934],[1.433436,38.769032],[1.433393,38.769117],[1.433341,38.769161],[1.433283,38.769192],[1.433249,38.769255],[1.433261,38.76929],[1.433288,38.769309],[1.433296,38.769333],[1.433268,38.76936],[1.433192,38.769363],[1.433116,38.769352],[1.43308,38.769387],[1.433106,38.769413],[1.433141,38.769422],[1.433211,38.769468],[1.433205,38.769485],[1.433159,38.769508],[1.433098,38.769541],[1.433089,38.769567],[1.433037,38.769608],[1.432992,38.769633],[1.432921,38.76966],[1.43289,38.769713],[1.432881,38.769751],[1.432934,38.76979],[1.432877,38.769802],[1.432879,38.769822],[1.43292,38.769822],[1.432936,38.769837],[1.432909,38.769848],[1.432868,38.769853],[1.432903,38.769877],[1.432922,38.769882],[1.432923,38.769918],[1.432931,38.769957],[1.432941,38.769982],[1.432913,38.770018],[1.432994,38.77006],[1.432996,38.770075],[1.432966,38.770087],[1.432926,38.770059],[1.432869,38.770047],[1.432788,38.770021],[1.432734,38.770005],[1.432712,38.770003],[1.432722,38.770033],[1.432689,38.770041],[1.432632,38.770031],[1.432586,38.770044],[1.432553,38.770062],[1.432587,38.770095],[1.432652,38.770111],[1.432706,38.770135],[1.432744,38.770163],[1.432785,38.770146],[1.432818,38.77013],[1.432853,38.770137],[1.432882,38.770169],[1.43289,38.770216],[1.432954,38.77024],[1.43303,38.770265],[1.433024,38.770278],[1.432983,38.770281],[1.432929,38.770272],[1.432867,38.770252],[1.432826,38.77026],[1.432839,38.770282],[1.432882,38.770303],[1.432882,38.770316],[1.432847,38.770314],[1.432816,38.770324],[1.432799,38.770368],[1.432799,38.77039],[1.432878,38.770384],[1.432932,38.770383],[1.432929,38.7704],[1.432942,38.770424],[1.433015,38.770433],[1.433042,38.770468],[1.433017,38.770486],[1.432971,38.770479],[1.432939,38.77046],[1.432901,38.770447],[1.432866,38.770435],[1.43282,38.770424],[1.432787,38.77043],[1.43281,38.770467],[1.43285,38.770503],[1.432869,38.770536],[1.43286,38.770557],[1.432859,38.770602],[1.432908,38.77063],[1.432937,38.770652],[1.432925,38.77069],[1.43289,38.770692],[1.43285,38.770638],[1.432812,38.770627],[1.432774,38.770632],[1.43273,38.770634],[1.43269,38.770638],[1.432689,38.770678],[1.432701,38.770719],[1.432676,38.770744],[1.432643,38.770763],[1.432626,38.770809],[1.432643,38.770834],[1.432652,38.770848],[1.432665,38.770874],[1.432643,38.770901],[1.432599,38.770903],[1.432558,38.770917],[1.432574,38.770952],[1.432618,38.770935],[1.432645,38.770929],[1.432669,38.770936],[1.432661,38.770959],[1.432619,38.770999],[1.432578,38.771011],[1.432515,38.771034],[1.432506,38.771068],[1.43245,38.77112],[1.432384,38.771141],[1.432349,38.77113],[1.432339,38.771104],[1.432311,38.771138],[1.432272,38.771156],[1.432228,38.771175],[1.432195,38.771211],[1.432235,38.771233],[1.432289,38.771246],[1.432343,38.771277],[1.432428,38.771274],[1.43249,38.771264],[1.432551,38.771233],[1.432611,38.771221],[1.43266,38.771211],[1.432699,38.771209],[1.432682,38.771228],[1.432649,38.771247],[1.432662,38.771281],[1.432692,38.771279],[1.432682,38.77133],[1.432701,38.771348],[1.432736,38.771365],[1.432818,38.771345],[1.432902,38.771363],[1.432959,38.771379],[1.433034,38.771418],[1.433064,38.771455],[1.433093,38.771492],[1.433126,38.771565],[1.433177,38.771623],[1.43325,38.771656],[1.433348,38.77167],[1.432337,38.775059],[1.432313,38.775139],[1.432318,38.775152],[1.43227,38.775383],[1.432263,38.775414],[1.432195,38.7756],[1.432063,38.775667],[1.431944,38.775723],[1.431834,38.775779],[1.431678,38.775836],[1.431645,38.775845],[1.431514,38.775856],[1.43142,38.775899],[1.431259,38.775937],[1.431058,38.776016],[1.430863,38.77612],[1.43073,38.776184],[1.430628,38.776242],[1.430538,38.776283],[1.430428,38.776325],[1.430323,38.776368],[1.430229,38.776426],[1.430157,38.776489],[1.430088,38.776544],[1.429996,38.776619],[1.429915,38.776708],[1.429845,38.776794],[1.429803,38.776858],[1.429757,38.776953],[1.429741,38.77707],[1.429729,38.777232],[1.429759,38.777377],[1.429793,38.777661],[1.42981,38.7779],[1.429794,38.778115],[1.42979,38.778156],[1.429776,38.778315],[1.429735,38.778551],[1.429673,38.778774],[1.429634,38.778938],[1.429587,38.779084],[1.429516,38.779231],[1.429408,38.779438],[1.429361,38.779574],[1.429175,38.779861],[1.429047,38.780085],[1.42891,38.780254],[1.428787,38.780393],[1.428642,38.780557],[1.428494,38.780722],[1.428324,38.780905],[1.428132,38.781077],[1.42791,38.781257],[1.4277,38.781404],[1.427347,38.78161],[1.427079,38.781755],[1.426744,38.781906],[1.426222,38.782097],[1.425835,38.78222],[1.425553,38.782302],[1.425328,38.782352],[1.425178,38.782386],[1.424937,38.782412],[1.424688,38.782416],[1.424649,38.782417],[1.424542,38.782424],[1.424507,38.782436],[1.424472,38.782419],[1.424436,38.782406],[1.424412,38.782386],[1.424382,38.782386],[1.424382,38.782396],[1.424379,38.782411],[1.424352,38.782417],[1.42432,38.782385],[1.424279,38.782363],[1.424246,38.782377],[1.424232,38.782403],[1.424207,38.782419],[1.424192,38.782381],[1.424162,38.782355],[1.424119,38.782342],[1.424068,38.782313],[1.424006,38.782285],[1.423944,38.782256],[1.423885,38.782223],[1.423823,38.782186],[1.423772,38.782149],[1.423732,38.782115],[1.42373,38.782097],[1.423736,38.782074],[1.423701,38.782033],[1.423697,38.781999],[1.42368,38.781986],[1.423642,38.78199],[1.423607,38.78197],[1.423627,38.781936],[1.42366,38.781915],[1.423667,38.781879],[1.423639,38.781878],[1.423619,38.781877],[1.423609,38.781877],[1.423648,38.781819],[1.423656,38.781811],[1.42366,38.781802],[1.423765,38.781766],[1.423751,38.781744],[1.423675,38.781769],[1.42364,38.781738],[1.42361,38.781742],[1.423579,38.781773],[1.423538,38.781771],[1.423498,38.781728],[1.423477,38.781695],[1.423478,38.781661],[1.42349,38.781627],[1.423501,38.781604],[1.42354,38.78157],[1.423569,38.781509],[1.423592,38.781428],[1.423617,38.781273],[1.423616,38.781198],[1.423611,38.781062],[1.42361,38.780979],[1.423596,38.780917],[1.423564,38.780848],[1.423533,38.780805],[1.423495,38.78079],[1.423477,38.780755],[1.423447,38.780731],[1.423417,38.780757],[1.4234,38.780765],[1.423382,38.780743],[1.423322,38.780738],[1.423281,38.78071],[1.423215,38.780647],[1.423178,38.780608],[1.423154,38.780582],[1.423168,38.780555],[1.423142,38.780514],[1.423109,38.780505],[1.423067,38.780447],[1.42303,38.780393],[1.422993,38.780354],[1.422918,38.780298],[1.422845,38.78025],[1.42277,38.780221],[1.422694,38.780201],[1.42262,38.78021],[1.422582,38.780218],[1.422497,38.780228],[1.422496,38.780256],[1.422485,38.780294],[1.422463,38.780298],[1.42245,38.780268],[1.422442,38.780238],[1.422394,38.78022],[1.422334,38.780228],[1.422311,38.780262],[1.422275,38.780278],[1.42224,38.780261],[1.422194,38.78026],[1.422128,38.780276],[1.42206,38.78029],[1.421967,38.780291],[1.42193,38.780254],[1.421931,38.780214],[1.421904,38.780205],[1.42189,38.780228],[1.421886,38.780258],[1.421856,38.78029],[1.421807,38.780289],[1.42169,38.780277],[1.421707,38.780251],[1.421685,38.780228],[1.421645,38.78021],[1.421673,38.780172],[1.421671,38.780144],[1.421625,38.780116],[1.421589,38.780143],[1.421554,38.780155],[1.421544,38.780119],[1.421533,38.780091],[1.421537,38.780063],[1.421514,38.780078],[1.421498,38.780091],[1.421496,38.780069],[1.421504,38.78005],[1.421454,38.78],[1.421397,38.779978],[1.421348,38.779984],[1.421307,38.779969],[1.421302,38.779945],[1.421287,38.779911],[1.421257,38.779904],[1.421211,38.779891],[1.421164,38.779903],[1.421124,38.779866],[1.421104,38.779812],[1.421069,38.779784],[1.421023,38.779766],[1.420961,38.77974],[1.420874,38.779713],[1.420821,38.779681],[1.420831,38.779598],[1.420817,38.77948],[1.420819,38.779403],[1.420841,38.779389],[1.42085,38.779361],[1.420823,38.779329],[1.420783,38.779303],[1.420773,38.779266],[1.420782,38.779234],[1.420744,38.779213],[1.420709,38.779189],[1.420669,38.779146],[1.420619,38.779096],[1.420565,38.77905],[1.420514,38.779013],[1.42045,38.778978],[1.420399,38.778954],[1.420302,38.778902],[1.420213,38.778851],[1.420162,38.778825],[1.42006,38.778764],[1.419992,38.778731],[1.419959,38.77875],[1.419947,38.77879],[1.419907,38.778794],[1.419822,38.778789],[1.419773,38.778792],[1.41971,38.778823],[1.419673,38.778878],[1.419622,38.778958],[1.419594,38.779005],[1.419553,38.779011],[1.419504,38.779023],[1.419473,38.779076],[1.419442,38.779112],[1.4194,38.779147],[1.419337,38.779183],[1.419333,38.779236],[1.419305,38.779255],[1.419248,38.779269],[1.419255,38.779303],[1.419263,38.779322],[1.419243,38.779365],[1.419258,38.779395],[1.419291,38.779412],[1.419332,38.779387],[1.419368,38.779381],[1.419384,38.77939],[1.419367,38.77943],[1.419346,38.779498],[1.419364,38.779539],[1.41941,38.779555],[1.419451,38.77957],[1.419475,38.779598],[1.419482,38.779641],[1.419497,38.779669],[1.419549,38.779684],[1.419622,38.779685],[1.419677,38.77969],[1.419698,38.779708],[1.419755,38.779717],[1.419768,38.779732],[1.419749,38.779743],[1.419702,38.779763],[1.419677,38.779786],[1.419693,38.779804],[1.419718,38.779798],[1.419786,38.779786],[1.419807,38.77972],[1.419829,38.779692],[1.419843,38.779686],[1.419903,38.77967],[1.419996,38.779659],[1.420048,38.779653],[1.420121,38.779684],[1.420177,38.779729],[1.420274,38.779763],[1.420281,38.779831],[1.42038,38.779892],[1.420415,38.77992],[1.420464,38.779944],[1.420469,38.779961],[1.42042,38.779981],[1.42031,38.779988],[1.420164,38.779986],[1.420039,38.780021],[1.419951,38.78006],[1.419898,38.780093],[1.419812,38.780131],[1.419803,38.780146],[1.419852,38.780147],[1.419901,38.780137],[1.419925,38.780139],[1.419947,38.78015],[1.419944,38.780165],[1.419911,38.78018],[1.419897,38.780199],[1.419943,38.78021],[1.419956,38.780229],[1.419949,38.780297],[1.419956,38.780342],[1.419971,38.780404],[1.419975,38.780458],[1.419969,38.780479],[1.419931,38.780493],[1.419928,38.780515],[1.419939,38.780519],[1.419979,38.780549],[1.419981,38.78059],[1.420001,38.780635],[1.420034,38.78065],[1.420079,38.780704],[1.420081,38.780747],[1.42015,38.780808],[1.420161,38.780823],[1.42019,38.780859],[1.420181,38.780876],[1.420135,38.780888],[1.420064,38.780885],[1.419974,38.780897],[1.419881,38.780906],[1.419791,38.780901],[1.419704,38.780891],[1.419614,38.78089],[1.419525,38.780882],[1.419468,38.780877],[1.419343,38.780863],[1.419272,38.78087],[1.419255,38.780893],[1.419197,38.780907],[1.419161,38.780945],[1.419179,38.780978],[1.419219,38.781012],[1.419341,38.781071],[1.419415,38.781158],[1.419475,38.781267],[1.419498,38.781357],[1.419466,38.781448],[1.41941,38.78152],[1.419345,38.781585],[1.419265,38.781654],[1.419202,38.781688],[1.419141,38.781706],[1.41907,38.78172],[1.41904,38.78172],[1.419012,38.781753],[1.41902,38.781773],[1.419039,38.781781],[1.419032,38.78182],[1.418993,38.78186],[1.418961,38.781849],[1.418904,38.781846],[1.418884,38.781882],[1.418897,38.781901],[1.4189,38.781914],[1.418844,38.781971],[1.418816,38.782],[1.418787,38.782066],[1.418757,38.782082],[1.418675,38.782073],[1.41864,38.782089],[1.418601,38.782134],[1.418532,38.782169],[1.418466,38.782191],[1.418462,38.78223],[1.4185,38.78226],[1.418502,38.782288],[1.418506,38.782339],[1.418453,38.782387],[1.418401,38.782423],[1.418338,38.782441],[1.418304,38.782468],[1.418292,38.782541],[1.418299,38.782596],[1.418264,38.782666],[1.418206,38.782736],[1.418153,38.782778],[1.418104,38.782758],[1.418056,38.782729],[1.418023,38.782752],[1.418014,38.782803],[1.418026,38.782859],[1.41803,38.782934],[1.418047,38.783002],[1.418084,38.783064],[1.418104,38.783122],[1.418098,38.783178],[1.418067,38.783209],[1.41802,38.783234],[1.418032,38.783298],[1.41801,38.783326],[1.417952,38.783361],[1.417902,38.783424],[1.417873,38.783496],[1.417869,38.78353],[1.417822,38.783575],[1.417782,38.783634],[1.417807,38.783632],[1.417826,38.783617],[1.417848,38.783618],[1.417842,38.783635],[1.417787,38.783693],[1.417747,38.78375],[1.417734,38.783829],[1.417755,38.783881],[1.417751,38.783925],[1.417719,38.783925],[1.417684,38.78389],[1.417637,38.783902],[1.417597,38.783985],[1.417585,38.784053],[1.417606,38.784087],[1.417548,38.784127],[1.417558,38.784168],[1.41759,38.784179],[1.41757,38.784234],[1.417536,38.784306],[1.41749,38.784384],[1.417451,38.784429],[1.417421,38.784445],[1.417362,38.78441],[1.417306,38.784459],[1.417311,38.784488],[1.417354,38.784498],[1.417371,38.7845],[1.417388,38.784558],[1.417392,38.78463],[1.417368,38.784743],[1.417344,38.784849],[1.417304,38.784932],[1.417288,38.784945],[1.417243,38.784972],[1.417226,38.78502],[1.417219,38.785073],[1.417171,38.785079],[1.417151,38.785113],[1.417192,38.785139],[1.417198,38.785182],[1.417203,38.785259],[1.417195,38.785315],[1.417168,38.785307],[1.417133,38.785336],[1.41712,38.785378],[1.417121,38.785409],[1.417098,38.785419],[1.417068,38.785445],[1.417095,38.785496],[1.417144,38.785495],[1.417175,38.785517],[1.417211,38.785534],[1.417234,38.785572],[1.417231,38.785611],[1.417265,38.785652],[1.417312,38.785697],[1.417308,38.785736],[1.417204,38.785742],[1.417203,38.78577],[1.417243,38.785778],[1.417274,38.785785],[1.417304,38.7858],[1.417347,38.785789],[1.417401,38.785841],[1.417495,38.78589],[1.417604,38.785954],[1.417635,38.785991],[1.417583,38.786014],[1.417567,38.786055],[1.417603,38.78607],[1.417664,38.786065],[1.4177,38.786039],[1.417743,38.786046],[1.417784,38.78608],[1.41783,38.786112],[1.417898,38.786149],[1.417932,38.786195],[1.41792,38.786217],[1.417959,38.786246],[1.418018,38.786259],[1.418053,38.786245],[1.418082,38.786268],[1.418071,38.786296],[1.418092,38.786311],[1.418098,38.786333],[1.418121,38.786343],[1.418149,38.786314],[1.418149,38.786278],[1.41819,38.786281],[1.418217,38.786301],[1.418259,38.786307],[1.418242,38.786323],[1.418248,38.786352],[1.418296,38.786372],[1.418335,38.786361],[1.418379,38.786363],[1.418443,38.7864],[1.418495,38.786425],[1.418573,38.786435],[1.418629,38.786474],[1.418681,38.786499],[1.418733,38.78653],[1.418751,38.786624],[1.418749,38.786682],[1.418761,38.786748],[1.41879,38.786834],[1.418831,38.786904],[1.418893,38.786991],[1.41893,38.787051],[1.41896,38.7871],[1.418951,38.787133],[1.418898,38.787144],[1.418897,38.787186],[1.418922,38.787217],[1.418963,38.787285],[1.41901,38.787355],[1.41911,38.787459],[1.419177,38.787521],[1.419169,38.787559],[1.419183,38.787597],[1.419188,38.787641],[1.419236,38.787637],[1.419282,38.787606],[1.419343,38.787575],[1.419422,38.787574],[1.419523,38.787583],[1.419608,38.787625],[1.419648,38.78767],[1.419645,38.787714],[1.419694,38.787723],[1.419729,38.787675],[1.419779,38.787688],[1.419848,38.787733],[1.419843,38.787762],[1.419888,38.787808],[1.419931,38.787814],[1.41999,38.787828],[1.42003,38.787865],[1.420008,38.787898],[1.420031,38.787926],[1.420081,38.787952],[1.420091,38.787938],[1.420116,38.787926],[1.42016,38.787972],[1.420216,38.788046],[1.420239,38.788136],[1.420281,38.788162],[1.420287,38.78819],[1.420297,38.788245],[1.420365,38.788354],[1.420424,38.788403],[1.420424,38.788456],[1.420377,38.78847],[1.420347,38.788434],[1.42031,38.788444],[1.420308,38.788484],[1.420332,38.788515],[1.420367,38.788503],[1.42038,38.788525],[1.42041,38.788553],[1.42041,38.788577],[1.420409,38.78859],[1.420454,38.788663],[1.42048,38.788711],[1.420517,38.788744],[1.420529,38.788805],[1.420553,38.788843],[1.420588,38.788847],[1.420589,38.788862],[1.420619,38.788884],[1.420646,38.788874],[1.420675,38.788876],[1.420718,38.78891],[1.420792,38.78892],[1.420865,38.788948],[1.420959,38.789095],[1.420952,38.789135],[1.420986,38.789178],[1.421093,38.789248],[1.4212,38.789346],[1.421264,38.789388],[1.421339,38.789457],[1.421387,38.789531],[1.42139,38.789589],[1.421431,38.789649],[1.421429,38.789719],[1.421415,38.789772],[1.421351,38.789777],[1.421315,38.789808],[1.421316,38.789868],[1.421342,38.789926],[1.421339,38.790009],[1.421311,38.790071],[1.421316,38.790137],[1.421322,38.790154],[1.421337,38.790163],[1.421342,38.790195],[1.42135,38.790212],[1.421355,38.790221],[1.421351,38.790266],[1.421343,38.790276],[1.421315,38.790306],[1.421274,38.790309],[1.421285,38.790293],[1.421302,38.790276],[1.421311,38.79024],[1.42129,38.790216],[1.421271,38.790205],[1.421238,38.790211],[1.421227,38.790232],[1.421218,38.790247],[1.421199,38.790247],[1.42117,38.790218],[1.421135,38.790188],[1.421119,38.790167],[1.421092,38.790153],[1.421046,38.790163],[1.421001,38.790116],[1.420957,38.790109],[1.420901,38.790063],[1.42088,38.790038],[1.420859,38.790003],[1.420826,38.789998],[1.420809,38.79002],[1.42079,38.790026],[1.420731,38.789997],[1.420685,38.789982],[1.420637,38.789955],[1.420597,38.789956],[1.420519,38.789932],[1.420462,38.789888],[1.420415,38.789877],[1.420346,38.789871],[1.420292,38.789872],[1.420229,38.789862],[1.420161,38.789896],[1.420127,38.789931],[1.420116,38.789983],[1.420134,38.790033],[1.420114,38.790076],[1.420081,38.790119],[1.420082,38.790132],[1.420139,38.790166],[1.420179,38.790183],[1.420211,38.790197],[1.420271,38.790208],[1.420339,38.790228],[1.420379,38.790265],[1.420397,38.790302],[1.420409,38.790364],[1.42043,38.790402],[1.420465,38.790422],[1.420462,38.79045],[1.420429,38.790479],[1.420443,38.790552],[1.420475,38.790616],[1.420525,38.790662],[1.420625,38.790691],[1.420786,38.790706],[1.420949,38.790712],[1.421063,38.790729],[1.421166,38.790734],[1.421343,38.790737],[1.421513,38.790718],[1.421556,38.790714],[1.421559,38.790716],[1.421586,38.790732],[1.42161,38.790772],[1.421647,38.790805],[1.421666,38.79082],[1.421705,38.790869],[1.421714,38.790857],[1.421672,38.790799],[1.421621,38.790741],[1.421614,38.790719],[1.421633,38.790692],[1.421708,38.790648],[1.421815,38.790615],[1.421889,38.790591],[1.422004,38.790577],[1.422101,38.7906],[1.42219,38.790657],[1.422284,38.790722],[1.422363,38.790806],[1.422416,38.790888],[1.422468,38.791008],[1.422524,38.791186],[1.422556,38.791346],[1.422549,38.79154],[1.422527,38.791668],[1.422526,38.791674],[1.422497,38.79175],[1.422478,38.791872],[1.422462,38.791991],[1.422435,38.792064],[1.422413,38.792122],[1.422287,38.792289],[1.422227,38.792407],[1.422198,38.792477],[1.422159,38.792515],[1.422145,38.792511],[1.422101,38.792534],[1.42208,38.792508],[1.422053,38.792501],[1.422014,38.792535],[1.421995,38.792549],[1.421975,38.792579],[1.421994,38.792598],[1.422021,38.792607],[1.422036,38.792631],[1.421997,38.792681],[1.421963,38.792734],[1.421919,38.792783],[1.421857,38.792863],[1.421819,38.792862],[1.421792,38.792862],[1.421783,38.792889],[1.42181,38.792896],[1.421829,38.792892],[1.421832,38.792903],[1.421814,38.79295],[1.421711,38.793057],[1.421563,38.793213],[1.421445,38.793396],[1.42132,38.79361],[1.421218,38.793773],[1.421139,38.793915],[1.421047,38.793999],[1.420941,38.794087],[1.420828,38.79416],[1.420666,38.794211],[1.420505,38.794228],[1.420338,38.794251],[1.420122,38.794301],[1.419974,38.794333],[1.419823,38.79438],[1.419673,38.794417],[1.41964,38.794425],[1.419541,38.79446],[1.419494,38.794489],[1.419459,38.794497],[1.419396,38.794498],[1.419292,38.79451],[1.41924,38.794532],[1.41919,38.79457],[1.419189,38.794606],[1.419265,38.794609],[1.419301,38.794612],[1.419303,38.794627],[1.419281,38.794639],[1.419235,38.794632],[1.419213,38.794624],[1.419202,38.79464],[1.419215,38.794664],[1.419237,38.794677],[1.419277,38.794699],[1.419287,38.794725],[1.419227,38.794752],[1.419172,38.794779],[1.419134,38.794778],[1.419106,38.794788],[1.419125,38.794806],[1.419138,38.794827],[1.419119,38.79484],[1.419075,38.794841],[1.419066,38.794867],[1.419076,38.794897],[1.419125,38.794904],[1.419174,38.794917],[1.41923,38.79495],[1.419222,38.794967],[1.419189,38.794966],[1.419149,38.794949],[1.419122,38.794948],[1.419118,38.794972],[1.419142,38.794991],[1.419134,38.795013],[1.419114,38.795023],[1.419084,38.795031],[1.419091,38.795076],[1.419158,38.795124],[1.419215,38.795135],[1.419311,38.79513],[1.419362,38.795146],[1.419429,38.795189],[1.419478,38.79519],[1.419522,38.795193],[1.419613,38.795247],[1.419605,38.795266],[1.419572,38.795285],[1.419549,38.795308],[1.419557,38.79533],[1.419657,38.795342],[1.419709,38.795368],[1.419713,38.795398],[1.41977,38.795418],[1.419827,38.795421],[1.419903,38.795441],[1.419943,38.795505],[1.419942,38.795544],[1.419965,38.795593],[1.420049,38.79562],[1.420168,38.795649],[1.420224,38.795607],[1.420242,38.795642],[1.420306,38.795683],[1.420377,38.795693],[1.420437,38.795687],[1.420477,38.795722],[1.420509,38.795775],[1.420535,38.795806],[1.420592,38.795815],[1.420627,38.795833],[1.420607,38.795864],[1.420601,38.79592],[1.420594,38.795968],[1.420683,38.796023],[1.420744,38.796077],[1.420781,38.796127],[1.420805,38.79615],[1.420829,38.796174],[1.420852,38.796232],[1.420885,38.796237],[1.420969,38.796242],[1.421045,38.796282],[1.421041,38.796324],[1.421023,38.796418],[1.421004,38.796503],[1.421014,38.796548],[1.421077,38.796559],[1.421178,38.796522],[1.421214,38.796491],[1.421247,38.796489],[1.421258,38.796506],[1.421326,38.796507],[1.421358,38.79651],[1.421423,38.796547],[1.421455,38.796592],[1.421451,38.796628],[1.421434,38.796662],[1.421452,38.796707],[1.42153,38.79674],[1.421581,38.796794],[1.42159,38.796854],[1.421591,38.796935],[1.421584,38.796995],[1.421629,38.797064],[1.421673,38.797073],[1.42171,38.797114],[1.421736,38.79714],[1.421783,38.797127],[1.421832,38.797137],[1.42185,38.797169],[1.421822,38.797194],[1.42181,38.797254],[1.421804,38.797305],[1.421792,38.797324],[1.42181,38.797373],[1.421853,38.797389],[1.421931,38.797321],[1.421984,38.797265],[1.422023,38.797225],[1.422109,38.797185],[1.422186,38.797146],[1.422255,38.797106],[1.42231,38.797054],[1.422342,38.797001],[1.422386,38.796963],[1.422471,38.796926],[1.422551,38.796891],[1.422598,38.796874],[1.422691,38.796859],[1.42287,38.796882],[1.42307,38.796853],[1.423228,38.796801],[1.422057,38.798697],[1.422031,38.798696],[1.42203,38.798698],[1.422023,38.798698],[1.422003,38.798731],[1.421949,38.798701],[1.421911,38.798705],[1.421887,38.798687],[1.421833,38.798669],[1.421748,38.79867],[1.421656,38.798682],[1.421532,38.798704],[1.421492,38.798682],[1.421472,38.798613],[1.421453,38.798624],[1.421449,38.798662],[1.421402,38.798674],[1.421392,38.798655],[1.421431,38.798626],[1.421398,38.798614],[1.42136,38.79862],[1.421316,38.798635],[1.421263,38.798677],[1.421276,38.798719],[1.421372,38.798806],[1.421374,38.798829],[1.421324,38.798901],[1.42128,38.798905],[1.421244,38.798921],[1.421247,38.798943],[1.421292,38.798997],[1.421323,38.79905],[1.4214,38.799139],[1.421499,38.799202],[1.421642,38.799264],[1.421703,38.79927],[1.412301,38.814496],[1.491389,38.8145],[1.433333,38.873056],[1.458333,38.891278],[1.441667,38.891],[1.405211,38.873065],[1.405215,38.873034],[1.405165,38.873001],[1.405139,38.872978],[1.405117,38.872955],[1.405075,38.872923],[1.405053,38.872899],[1.404991,38.872879],[1.405007,38.872865],[1.404996,38.872859],[1.404968,38.872865],[1.404945,38.872848],[1.404979,38.87282],[1.404963,38.872818],[1.404941,38.872822],[1.404936,38.872806],[1.40497,38.872783],[1.404946,38.872781],[1.404922,38.872798],[1.404893,38.872769],[1.40494,38.872737],[1.404924,38.872735],[1.4049,38.872744],[1.404897,38.872733],[1.404916,38.872719],[1.404887,38.872724],[1.404848,38.872717],[1.404837,38.872706],[1.404855,38.872691],[1.404826,38.872695],[1.404796,38.872689],[1.404699,38.872635],[1.404655,38.872625],[1.404621,38.872601],[1.404625,38.872584],[1.404604,38.872581],[1.404598,38.87259],[1.404553,38.872602],[1.404529,38.872594],[1.404517,38.872579],[1.404492,38.872581],[1.404464,38.872573],[1.404443,38.872553],[1.404452,38.872529],[1.40441,38.872512],[1.404393,38.872511],[1.404341,38.872514],[1.404368,38.872487],[1.404334,38.872496],[1.404299,38.872482],[1.404263,38.872444],[1.40427,38.872386],[1.404308,38.872352],[1.404357,38.872335],[1.404432,38.872313],[1.404541,38.872336],[1.404665,38.872348],[1.404707,38.872381],[1.404755,38.872384],[1.4048,38.872373],[1.404816,38.872358],[1.404811,38.872346],[1.404797,38.872348],[1.404752,38.872336],[1.404701,38.872314],[1.404638,38.872305],[1.404567,38.872307],[1.404399,38.872274],[1.404318,38.872237],[1.404256,38.872187],[1.404187,38.872118],[1.404104,38.872015],[1.404096,38.871972],[1.404093,38.871836],[1.404092,38.871765],[1.404112,38.871604],[1.404154,38.871462],[1.404203,38.871319],[1.404228,38.871149],[1.404228,38.871104],[1.404235,38.871036],[1.404258,38.870981],[1.4043,38.870944],[1.404346,38.870915],[1.404362,38.870895],[1.404397,38.870866],[1.404418,38.870811],[1.40443,38.870744],[1.404428,38.870702],[1.404446,38.870635],[1.404489,38.870587],[1.404472,38.870553],[1.404484,38.870502],[1.404496,38.870393],[1.40454,38.87025],[1.404552,38.870175],[1.404543,38.870083],[1.40456,38.869984],[1.404584,38.869893],[1.404624,38.869786],[1.404684,38.869698],[1.404714,38.869635],[1.404692,38.869579],[1.404717,38.869576],[1.40475,38.869591],[1.404764,38.869583],[1.404741,38.869568],[1.404703,38.869533],[1.404695,38.8695],[1.404713,38.869479],[1.404753,38.869423],[1.404848,38.86934],[1.404889,38.869301],[1.404947,38.869259],[1.40497,38.869277],[1.404981,38.869268],[1.404963,38.869251],[1.404987,38.86924],[1.405021,38.869246],[1.405056,38.869244],[1.405058,38.869223],[1.405074,38.869231],[1.405085,38.869188],[1.405113,38.869185],[1.405165,38.869184],[1.405206,38.869181],[1.405226,38.869172],[1.405256,38.869185],[1.405277,38.869186],[1.405267,38.869201],[1.405284,38.869209],[1.405285,38.869232],[1.405309,38.869215],[1.405313,38.869241],[1.405327,38.869249],[1.40535,38.86927],[1.405381,38.869276],[1.405429,38.869273],[1.405448,38.869257],[1.405455,38.86927],[1.405445,38.869284],[1.405464,38.869275],[1.405481,38.869265],[1.405487,38.869291],[1.405502,38.869262],[1.405523,38.86926],[1.405539,38.869266],[1.40556,38.869256],[1.405611,38.869268],[1.405625,38.869288],[1.405646,38.869323],[1.405681,38.869361],[1.405781,38.869411],[1.405848,38.869476],[1.405944,38.869503],[1.406189,38.869567],[1.406234,38.869592],[1.406324,38.869592],[1.406392,38.869608],[1.406461,38.8696],[1.406575,38.86961],[1.406689,38.869605],[1.406769,38.869609],[1.406878,38.869604],[1.406955,38.869605],[1.407085,38.869611],[1.407165,38.86962],[1.407196,38.869607],[1.407227,38.869629],[1.407267,38.869612],[1.407295,38.869605],[1.407334,38.86962],[1.407371,38.869619],[1.407458,38.869592],[1.407489,38.869543],[1.407528,38.869502],[1.40753,38.869479],[1.407523,38.869458],[1.407501,38.869449],[1.407492,38.869437],[1.407462,38.869435],[1.407477,38.86942],[1.407466,38.869399],[1.407454,38.869394],[1.407433,38.869403],[1.407415,38.869383],[1.407389,38.869352],[1.407399,38.869338],[1.407374,38.869325],[1.407342,38.869297],[1.40737,38.869296],[1.407399,38.869297],[1.407409,38.869273],[1.407395,38.869257],[1.407354,38.869242],[1.407326,38.869225],[1.407363,38.869222],[1.407404,38.869213],[1.407413,38.869195],[1.407397,38.869174],[1.407355,38.869155],[1.407324,38.869133],[1.407323,38.869102],[1.407324,38.869079],[1.407387,38.869065],[1.407426,38.869044],[1.40741,38.869021],[1.407415,38.869008],[1.407444,38.869008],[1.407474,38.869015],[1.407501,38.869042],[1.407535,38.869038],[1.407556,38.869004],[1.407552,38.868975],[1.407532,38.868952],[1.407515,38.868944],[1.407539,38.868927],[1.407581,38.868918],[1.4076,38.868885],[1.407592,38.868849],[1.40756,38.868819],[1.407522,38.868799],[1.407476,38.868783],[1.407467,38.868753],[1.407434,38.86873],[1.407393,38.868744],[1.407378,38.868733],[1.407397,38.868704],[1.40739,38.868668],[1.407363,38.868649],[1.407319,38.868606],[1.407303,38.868572],[1.407303,38.868548],[1.407382,38.868462],[1.407412,38.868449],[1.407455,38.86842],[1.407502,38.868329],[1.407499,38.868312],[1.407513,38.868266],[1.40755,38.868235],[1.407574,38.868221],[1.407613,38.868202],[1.407626,38.868136],[1.407625,38.868098],[1.407628,38.868053],[1.407586,38.868045],[1.407546,38.86807],[1.407521,38.868084],[1.407503,38.868088],[1.407466,38.868081],[1.407451,38.868072],[1.407512,38.868035],[1.407506,38.868006],[1.407466,38.868006],[1.407449,38.868027],[1.407381,38.868043],[1.407349,38.868037],[1.407318,38.868012],[1.407262,38.867978],[1.407187,38.867962],[1.407139,38.867937],[1.407126,38.867869],[1.407086,38.86781],[1.4071,38.867762],[1.407092,38.867723],[1.407075,38.867673],[1.40703,38.867636],[1.407007,38.8676],[1.407004,38.867552],[1.40696,38.86751],[1.406886,38.867499],[1.406831,38.867478],[1.406762,38.867473],[1.406755,38.86745],[1.406783,38.867403],[1.406792,38.867365],[1.406788,38.867327],[1.406769,38.867286],[1.406746,38.867251],[1.406691,38.8672],[1.406654,38.867212],[1.406557,38.867263],[1.40653,38.86726],[1.406458,38.867211],[1.406382,38.867186],[1.406374,38.867155],[1.406366,38.867114],[1.406374,38.867078],[1.406423,38.867056],[1.406463,38.867023],[1.406441,38.866998],[1.406401,38.866993],[1.406348,38.866978],[1.40632,38.866936],[1.406342,38.866902],[1.406375,38.866858],[1.40649,38.866839],[1.406551,38.866825],[1.406546,38.866795],[1.406501,38.86676],[1.406437,38.866755],[1.406357,38.866756],[1.406246,38.866753],[1.406165,38.866726],[1.406103,38.866699],[1.406098,38.866675],[1.406073,38.866641],[1.406041,38.866632],[1.405982,38.866626],[1.40592,38.866624],[1.405835,38.866549],[1.405831,38.866519],[1.405826,38.866479],[1.405837,38.866458],[1.405863,38.86645],[1.405904,38.866456],[1.405928,38.866465],[1.405978,38.866485],[1.406021,38.866488],[1.406068,38.866478],[1.406112,38.866439],[1.406158,38.866404],[1.406163,38.866369],[1.40618,38.866329],[1.406216,38.866283],[1.406218,38.866245],[1.406247,38.86622],[1.406249,38.866187],[1.406221,38.866174],[1.406208,38.86613],[1.406215,38.866103],[1.406218,38.866047],[1.406219,38.865986],[1.406239,38.865934],[1.406257,38.865884],[1.406289,38.865846],[1.406325,38.865813],[1.406365,38.865793],[1.406398,38.865807],[1.406409,38.865844],[1.406443,38.86585],[1.406466,38.865816],[1.406468,38.865762],[1.406469,38.86569],[1.406469,38.865634],[1.406469,38.86558],[1.406447,38.865546],[1.406407,38.865507],[1.406362,38.86546],[1.406364,38.865425],[1.406275,38.865374],[1.406258,38.865333],[1.40629,38.865316],[1.406325,38.865333],[1.406362,38.865373],[1.40641,38.865371],[1.406425,38.865339],[1.406425,38.86529],[1.406368,38.865247],[1.406327,38.865214],[1.406338,38.865185],[1.406371,38.865169],[1.40647,38.865123],[1.406512,38.865101],[1.406534,38.865068],[1.406571,38.865044],[1.406617,38.865035],[1.406643,38.864999],[1.406652,38.864972],[1.406678,38.864952],[1.406676,38.864909],[1.406655,38.864876],[1.406599,38.864837],[1.406561,38.864839],[1.406504,38.864864],[1.406451,38.864869],[1.406387,38.864864],[1.40633,38.864802],[1.406297,38.864752],[1.406234,38.864696],[1.40618,38.864648],[1.406141,38.864564],[1.406141,38.864489],[1.406132,38.864427],[1.406111,38.86437],[1.406117,38.864335],[1.406146,38.864308],[1.406123,38.864273],[1.406047,38.864272],[1.405962,38.86427],[1.405934,38.864245],[1.40595,38.864213],[1.40599,38.864211],[1.406007,38.864182],[1.405954,38.864153],[1.405933,38.864117],[1.40595,38.864095],[1.406004,38.864097],[1.406052,38.864116],[1.406086,38.864142],[1.406125,38.864142],[1.406136,38.864118],[1.406117,38.864091],[1.406052,38.864055],[1.405957,38.864027],[1.40587,38.864022],[1.405807,38.864018],[1.405757,38.863989],[1.405726,38.863952],[1.405732,38.863939],[1.405717,38.863878],[1.405713,38.863871],[1.405578,38.863865],[1.40551,38.863842],[1.405457,38.863798],[1.405451,38.863756],[1.405453,38.863719],[1.405469,38.863692],[1.405517,38.863647],[1.405561,38.863615],[1.405567,38.863572],[1.405585,38.863527],[1.40559,38.863484],[1.405589,38.863454],[1.405542,38.863448],[1.405469,38.863439],[1.405469,38.863405],[1.405469,38.863373],[1.405483,38.863334],[1.405501,38.863305],[1.405561,38.863268],[1.405616,38.863239],[1.40567,38.86323],[1.405724,38.863224],[1.405771,38.863206],[1.405769,38.863181],[1.405741,38.863146],[1.405432,38.862913],[1.405316,38.862823],[1.405337,38.862797],[1.405341,38.862747],[1.405337,38.862676],[1.405355,38.862628],[1.405389,38.862597],[1.405418,38.862585],[1.405493,38.862559],[1.405517,38.862521],[1.405554,38.862474],[1.405559,38.862416],[1.40556,38.862371],[1.40557,38.862334],[1.405594,38.862312],[1.405617,38.862282],[1.405632,38.862267],[1.405664,38.862263],[1.405722,38.862252],[1.405762,38.862244],[1.405817,38.862241],[1.405838,38.862241],[1.405862,38.862218],[1.405803,38.862164],[1.405755,38.862118],[1.405725,38.862073],[1.405687,38.862038],[1.405613,38.861924],[1.405544,38.861864],[1.405533,38.861813],[1.405537,38.861786],[1.405551,38.861754],[1.405545,38.861734],[1.405505,38.861697],[1.405497,38.861616],[1.405457,38.861555],[1.405366,38.86147],[1.405306,38.861396],[1.405288,38.861326],[1.405288,38.86128],[1.405282,38.861222],[1.405287,38.861177],[1.405302,38.861157],[1.40533,38.861155],[1.40537,38.861161],[1.405431,38.861165],[1.405479,38.861165],[1.405627,38.861093],[1.405721,38.861062],[1.405853,38.861024],[1.40591,38.861024],[1.405954,38.861008],[1.405974,38.860973],[1.405925,38.860954],[1.405913,38.860932],[1.40596,38.860902],[1.40598,38.860869],[1.406,38.860874],[1.406015,38.860891],[1.406036,38.860877],[1.406072,38.860854],[1.406132,38.860851],[1.406143,38.860826],[1.406095,38.860801],[1.406034,38.860803],[1.405968,38.860811],[1.405921,38.860794],[1.405842,38.860776],[1.40576,38.860778],[1.40571,38.860781],[1.405654,38.860781],[1.405617,38.860756],[1.405617,38.860716],[1.405629,38.860694],[1.405698,38.860662],[1.405756,38.860657],[1.405803,38.860664],[1.405848,38.860652],[1.405929,38.860633],[1.405985,38.860613],[1.406029,38.860613],[1.406078,38.86061],[1.406106,38.860579],[1.406111,38.860536],[1.406074,38.860514],[1.406034,38.860482],[1.405986,38.860481],[1.405958,38.860507],[1.405914,38.86052],[1.40579,38.860501],[1.40574,38.860491],[1.405736,38.860487],[1.405742,38.860483],[1.405718,38.86047],[1.405669,38.860445],[1.405634,38.860443],[1.405612,38.860432],[1.405631,38.860422],[1.405647,38.860404],[1.405651,38.860386],[1.405662,38.860378],[1.405673,38.86038],[1.405677,38.860398],[1.405709,38.860397],[1.405734,38.860381],[1.405746,38.860367],[1.405766,38.860368],[1.40583,38.860379],[1.405846,38.860363],[1.405802,38.86034],[1.405809,38.860329],[1.405859,38.860312],[1.405932,38.860298],[1.405922,38.860266],[1.405978,38.860216],[1.406037,38.860196],[1.406078,38.860193],[1.406105,38.860157],[1.406085,38.86012],[1.406094,38.860094],[1.406137,38.860093],[1.406201,38.86007],[1.406297,38.860035],[1.406401,38.859995],[1.406472,38.859931],[1.40652,38.85993],[1.406566,38.859931],[1.406613,38.859917],[1.40665,38.859883],[1.406652,38.859808],[1.406657,38.859764],[1.406693,38.859755],[1.406698,38.859772],[1.406757,38.859754],[1.406755,38.859723],[1.406717,38.859709],[1.406709,38.859644],[1.406734,38.859598],[1.406783,38.859563],[1.406833,38.859559],[1.406875,38.859589],[1.406917,38.859606],[1.406975,38.859595],[1.407005,38.859572],[1.407007,38.859523],[1.407033,38.859494],[1.407025,38.859447],[1.407041,38.8594],[1.406989,38.859363],[1.406983,38.859302],[1.406948,38.859296],[1.406872,38.859278],[1.40684,38.859234],[1.406841,38.859181],[1.406875,38.859138],[1.406911,38.859104],[1.406895,38.85905],[1.406834,38.859],[1.406848,38.858979],[1.406916,38.858967],[1.406946,38.858944],[1.407032,38.858955],[1.40709,38.858949],[1.407144,38.858907],[1.407195,38.858867],[1.407215,38.858861],[1.407264,38.858883],[1.407332,38.858887],[1.407387,38.85887],[1.407432,38.858874],[1.407447,38.858912],[1.407516,38.858925],[1.407574,38.858912],[1.407595,38.858872],[1.407578,38.858824],[1.407515,38.858798],[1.407463,38.858798],[1.407433,38.858811],[1.40741,38.858806],[1.407362,38.85879],[1.407268,38.858797],[1.407229,38.858777],[1.407239,38.858746],[1.407213,38.858723],[1.407165,38.858723],[1.407125,38.858699],[1.407143,38.858664],[1.407141,38.85863],[1.40715,38.858597],[1.407164,38.85857],[1.40721,38.858535],[1.407193,38.858479],[1.407154,38.85846],[1.40708,38.858498],[1.407027,38.858526],[1.406998,38.858567],[1.406975,38.858609],[1.406942,38.858615],[1.406863,38.858585],[1.406817,38.858557],[1.406781,38.85851],[1.406779,38.858479],[1.406792,38.858444],[1.406816,38.858443],[1.406859,38.858443],[1.406864,38.858412],[1.406849,38.858368],[1.40682,38.858346],[1.406807,38.858326],[1.406813,38.858303],[1.406782,38.858297],[1.406732,38.858296],[1.406676,38.858296],[1.406661,38.858275],[1.406641,38.858222],[1.406592,38.85815],[1.406557,38.858125],[1.406528,38.858131],[1.406495,38.858132],[1.406449,38.858119],[1.406426,38.858089],[1.406432,38.858023],[1.406396,38.858007],[1.40638,38.857975],[1.406381,38.857914],[1.406383,38.857866],[1.406381,38.857823],[1.406328,38.857799],[1.406333,38.857776],[1.406344,38.857764],[1.406372,38.85777],[1.40642,38.857771],[1.406469,38.857758],[1.4065,38.857732],[1.406533,38.85768],[1.406595,38.857651],[1.406694,38.857585],[1.406845,38.857481],[1.406901,38.857453],[1.40694,38.857419],[1.406938,38.857401],[1.406782,38.857362],[1.406695,38.857354],[1.406625,38.857372],[1.406558,38.857423],[1.406512,38.857433],[1.406393,38.857409],[1.406343,38.857395],[1.406359,38.857371],[1.406339,38.857342],[1.406312,38.857322],[1.406219,38.857324],[1.406197,38.857328],[1.40613,38.857307],[1.406081,38.857306],[1.406072,38.85732],[1.405995,38.857325],[1.40586,38.857309],[1.405754,38.857306],[1.405674,38.857314],[1.405599,38.857326],[1.405565,38.857319],[1.405505,38.857289],[1.405421,38.857289],[1.405262,38.857288],[1.405217,38.857272],[1.405162,38.857242],[1.405003,38.857265],[1.40489,38.857259],[1.404825,38.857259],[1.404719,38.857269],[1.404652,38.8573],[1.404578,38.857414],[1.404485,38.857441],[1.404409,38.857426],[1.404358,38.857388],[1.404362,38.857364],[1.404426,38.857309],[1.404433,38.857276],[1.404416,38.85727],[1.404369,38.857277],[1.404324,38.857278],[1.404319,38.857267],[1.40435,38.857237],[1.404503,38.857132],[1.404523,38.8571],[1.404526,38.857044],[1.404554,38.856998],[1.404591,38.856958],[1.40469,38.856869],[1.404725,38.856827],[1.404712,38.856796],[1.404717,38.856773],[1.404723,38.856741],[1.404699,38.856705],[1.404699,38.856683],[1.404702,38.856646],[1.404736,38.856621],[1.404765,38.856615],[1.404815,38.856615],[1.404846,38.856613],[1.404858,38.856588],[1.404873,38.856561],[1.404878,38.85652],[1.404864,38.856494],[1.404861,38.856471],[1.404843,38.85644],[1.404782,38.856417],[1.404692,38.856375],[1.404617,38.856375],[1.404577,38.856366],[1.404503,38.856339],[1.404463,38.856325],[1.40447,38.856318],[1.404504,38.856292],[1.404591,38.856294],[1.404626,38.856271],[1.404646,38.856262],[1.40469,38.856266],[1.404734,38.856266],[1.404773,38.85623],[1.404813,38.856198],[1.404828,38.856187],[1.404835,38.85617],[1.404832,38.856161],[1.404741,38.85613],[1.404697,38.856113],[1.404653,38.856092],[1.404592,38.856061],[1.404566,38.856041],[1.404539,38.856003],[1.404556,38.855989],[1.404601,38.855971],[1.40466,38.855967],[1.404687,38.855962],[1.404698,38.855949],[1.404701,38.855945],[1.404713,38.855915],[1.404729,38.855901],[1.404752,38.855894],[1.404772,38.855872],[1.404763,38.855862],[1.404695,38.855819],[1.404687,38.855781],[1.404688,38.85574],[1.404708,38.855704],[1.404738,38.855668],[1.40474,38.855647],[1.404736,38.855622],[1.404747,38.855578],[1.404796,38.855544],[1.404844,38.855514],[1.404896,38.855401],[1.404874,38.855319],[1.404842,38.855282],[1.404804,38.855243],[1.404753,38.855213],[1.404738,38.855185],[1.404725,38.85516],[1.404698,38.855163],[1.404656,38.855162],[1.404618,38.855162],[1.404608,38.85517],[1.404576,38.855155],[1.404551,38.855145],[1.404564,38.855121],[1.404619,38.855064],[1.404678,38.855017],[1.404728,38.854988],[1.404791,38.854962],[1.404879,38.854951],[1.405061,38.854942],[1.405151,38.854893],[1.405182,38.854845],[1.405166,38.85481],[1.40511,38.854766],[1.405076,38.854757],[1.405039,38.85476],[1.405008,38.854767],[1.404993,38.854779],[1.404979,38.854784],[1.404958,38.854774],[1.40493,38.854748],[1.404906,38.85473],[1.404886,38.854703],[1.404871,38.854668],[1.404871,38.854637],[1.404872,38.854599],[1.404873,38.85456],[1.404858,38.854552],[1.404845,38.854551],[1.40483,38.854531],[1.404823,38.854493],[1.40483,38.854458],[1.404839,38.854431],[1.404816,38.854419],[1.404787,38.854414],[1.404767,38.854391],[1.404759,38.854355],[1.404759,38.854309],[1.404737,38.854262],[1.404717,38.854241],[1.404718,38.854207],[1.404704,38.854171],[1.404687,38.854141],[1.40469,38.854119],[1.404745,38.854109],[1.404792,38.854112],[1.404814,38.854112],[1.404807,38.854087],[1.404767,38.854052],[1.40473,38.854014],[1.404701,38.853995],[1.404682,38.853963],[1.404655,38.853914],[1.404625,38.853874],[1.404597,38.853858],[1.404559,38.853857],[1.404532,38.853845],[1.404495,38.853845],[1.404473,38.853844],[1.404449,38.853822],[1.404468,38.853791],[1.404535,38.853746],[1.40455,38.853731],[1.404538,38.853707],[1.404505,38.853704],[1.404456,38.853724],[1.4044,38.85373],[1.404348,38.853739],[1.404315,38.853745],[1.404307,38.853721],[1.404302,38.853701],[1.404262,38.853683],[1.404238,38.853664],[1.404223,38.853642],[1.404176,38.85363],[1.404084,38.853652],[1.404042,38.853673],[1.404028,38.853705],[1.404029,38.85373],[1.403998,38.853732],[1.403967,38.85373],[1.403933,38.85372],[1.403897,38.853712],[1.403873,38.853696],[1.403866,38.853667],[1.403884,38.853616],[1.403919,38.853536],[1.40394,38.853515],[1.404119,38.853473],[1.404171,38.853448],[1.404224,38.853412],[1.404273,38.85333],[1.404293,38.853271],[1.404317,38.853224],[1.404383,38.853155],[1.404485,38.853062],[1.404535,38.853021],[1.40455,38.85297],[1.404531,38.852882],[1.404521,38.852861],[1.404521,38.852847],[1.40452,38.852836],[1.404521,38.852805],[1.404538,38.852787],[1.404569,38.852758],[1.404622,38.852723],[1.404628,38.852719],[1.404624,38.852681],[1.404619,38.852642],[1.404606,38.852618],[1.40456,38.852618],[1.40451,38.852638],[1.404473,38.852638],[1.404453,38.852622],[1.404459,38.852596],[1.404505,38.852563],[1.404545,38.852531],[1.404567,38.852502],[1.404568,38.85248],[1.404565,38.852457],[1.404528,38.85246],[1.404466,38.85249],[1.404418,38.852522],[1.404388,38.852523],[1.404384,38.852506],[1.404379,38.852483],[1.404352,38.852478],[1.404329,38.852455],[1.404327,38.852426],[1.404338,38.852387],[1.404335,38.852362],[1.404292,38.852358],[1.404252,38.852357],[1.404233,38.852342],[1.404243,38.852318],[1.404275,38.85229],[1.404258,38.852223],[1.404244,38.852181],[1.40418,38.852126],[1.404145,38.852073],[1.404098,38.852043],[1.404057,38.851999],[1.404017,38.85194],[1.403975,38.851874],[1.40394,38.851822],[1.403901,38.851774],[1.403859,38.851754],[1.403833,38.851738],[1.403847,38.851724],[1.403863,38.85171],[1.403863,38.851685],[1.403849,38.851651],[1.403848,38.851628],[1.40386,38.851603],[1.403844,38.851573],[1.403799,38.851513],[1.403779,38.851465],[1.40378,38.85135],[1.403779,38.851286],[1.40374,38.851241],[1.403731,38.851189],[1.403732,38.851139],[1.403719,38.851106],[1.403691,38.851101],[1.40366,38.851074],[1.403632,38.851015],[1.40363,38.850975],[1.403635,38.850894],[1.403664,38.85082],[1.403671,38.850791],[1.40365,38.85077],[1.403631,38.850695],[1.403613,38.850695],[1.403593,38.850681],[1.403585,38.850656],[1.403544,38.850641],[1.4035,38.850639],[1.403499,38.850673],[1.403517,38.850703],[1.403516,38.850733],[1.403513,38.850754],[1.403478,38.850759],[1.40345,38.850741],[1.403415,38.850721],[1.403297,38.85069],[1.403271,38.850661],[1.403261,38.850625],[1.403228,38.850595],[1.403199,38.850608],[1.403176,38.850611],[1.403144,38.850596],[1.403132,38.850566],[1.403143,38.850539],[1.403139,38.850512],[1.403099,38.850504],[1.40306,38.850495],[1.403026,38.850457],[1.40301,38.850418],[1.402963,38.850395],[1.402922,38.850367],[1.402896,38.850336],[1.402881,38.850303],[1.402884,38.850257],[1.402914,38.850215],[1.402947,38.850186],[1.402975,38.850154],[1.403,38.850127],[1.403066,38.850115],[1.403127,38.850116],[1.403172,38.850123],[1.403208,38.850115],[1.403223,38.850107],[1.403229,38.850083],[1.403219,38.850072],[1.403186,38.850053],[1.403192,38.850031],[1.403109,38.849979],[1.403063,38.849935],[1.402998,38.849869],[1.402888,38.849826],[1.402842,38.849801],[1.402788,38.849765],[1.402757,38.849754],[1.402707,38.84976],[1.402694,38.849742],[1.402692,38.849719],[1.402642,38.84971],[1.40259,38.849704],[1.40255,38.849689],[1.402512,38.849678],[1.402459,38.849679],[1.402412,38.849645],[1.402338,38.849582],[1.40229,38.849565],[1.402229,38.849527],[1.402181,38.849442],[1.402156,38.84937],[1.402155,38.849257],[1.402161,38.849025],[1.40219,38.848886],[1.402215,38.848815],[1.402198,38.848739],[1.402195,38.848661],[1.402202,38.848581],[1.402216,38.848431],[1.402241,38.848336],[1.402263,38.848286],[1.402304,38.848199],[1.402351,38.847843],[1.40238,38.847507],[1.402424,38.847277],[1.402458,38.847019],[1.402464,38.846645],[1.402479,38.846477],[1.402499,38.846292],[1.402558,38.846081],[1.402561,38.845922],[1.402568,38.845879],[1.402575,38.845687],[1.402571,38.84563],[1.402575,38.84558],[1.402581,38.845409],[1.402561,38.84529],[1.402523,38.845147],[1.402579,38.844708],[1.402611,38.844349],[1.402638,38.844083],[1.402647,38.843865],[1.402652,38.843716],[1.402663,38.843635],[1.402683,38.843557],[1.402672,38.843406],[1.402657,38.843212],[1.402707,38.84298],[1.40275,38.842761],[1.402815,38.842476],[1.402833,38.84232],[1.402854,38.842148],[1.402905,38.841866],[1.402952,38.841629],[1.402953,38.841496],[1.402983,38.841306],[1.403004,38.841125],[1.403051,38.840867],[1.403081,38.8406],[1.403162,38.840047],[1.403209,38.839832],[1.403277,38.839659],[1.403345,38.839553],[1.4035,38.839449],[1.40361,38.839397],[1.403691,38.839391],[1.403768,38.839424],[1.403877,38.839505],[1.403898,38.839514],[1.403918,38.839552],[1.403947,38.839588],[1.403982,38.839596],[1.40403,38.839597],[1.404091,38.839555],[1.404134,38.839523],[1.404186,38.839496],[1.404233,38.839457],[1.404246,38.839423],[1.404177,38.839384],[1.404133,38.839372],[1.404114,38.839347],[1.404104,38.839313],[1.404142,38.839277],[1.404172,38.839239],[1.404151,38.839203],[1.404096,38.8392],[1.404045,38.8392],[1.403989,38.839193],[1.403951,38.839155],[1.403949,38.83911],[1.403931,38.839059],[1.403886,38.839038],[1.403839,38.839037],[1.403803,38.838996],[1.40384,38.838978],[1.403917,38.838966],[1.403999,38.838957],[1.404067,38.838934],[1.404136,38.838889],[1.404176,38.838861],[1.404241,38.838853],[1.404278,38.838849],[1.404281,38.838825],[1.404232,38.838781],[1.404231,38.83873],[1.404258,38.838695],[1.404343,38.838698],[1.404379,38.838691],[1.404364,38.838658],[1.404307,38.838622],[1.404307,38.838575],[1.404308,38.838511],[1.404283,38.838456],[1.404238,38.838454],[1.404224,38.838433],[1.404144,38.838436],[1.404077,38.838429],[1.404018,38.838413],[1.404011,38.838372],[1.403969,38.838348],[1.403898,38.838348],[1.403793,38.838341],[1.403738,38.838333],[1.403661,38.838334],[1.403631,38.83833],[1.403589,38.838319],[1.403595,38.838276],[1.403627,38.838254],[1.403669,38.838248],[1.403718,38.838257],[1.403772,38.838232],[1.403791,38.838205],[1.403786,38.838167],[1.40381,38.838125],[1.403829,38.838069],[1.40387,38.838042],[1.403892,38.838068],[1.403932,38.838081],[1.403967,38.83806],[1.404,38.838062],[1.404021,38.838052],[1.404051,38.838009],[1.404077,38.837966],[1.404101,38.837928],[1.404104,38.837902],[1.404109,38.837885],[1.404093,38.837853],[1.404062,38.837838],[1.404011,38.837833],[1.404026,38.837816],[1.404053,38.83782],[1.404058,38.837782],[1.404016,38.837757],[1.40399,38.837733],[1.404035,38.837706],[1.404083,38.837699],[1.404101,38.837712],[1.404133,38.837741],[1.404157,38.837733],[1.404161,38.837703],[1.404149,38.837668],[1.404163,38.837632],[1.404196,38.837613],[1.404226,38.837577],[1.404235,38.837563],[1.404261,38.837544],[1.404302,38.837502],[1.404323,38.837482],[1.404352,38.837462],[1.404388,38.83742],[1.404426,38.837421],[1.404474,38.837434],[1.404524,38.837409],[1.404576,38.837368],[1.404613,38.837321],[1.404649,38.837282],[1.404677,38.837246],[1.404655,38.837225],[1.404657,38.837199],[1.404647,38.837151],[1.404607,38.837127],[1.404567,38.837085],[1.404564,38.837026],[1.404572,38.836967],[1.404597,38.836898],[1.404644,38.83686],[1.404706,38.836849],[1.404767,38.836838],[1.404808,38.836812],[1.404834,38.836782],[1.404836,38.836732],[1.404886,38.836695],[1.404893,38.836683],[1.404893,38.836647],[1.404852,38.836629],[1.404806,38.836629],[1.404789,38.836592],[1.404844,38.836571],[1.404881,38.836542],[1.40489,38.836507],[1.404911,38.836492],[1.404898,38.836459],[1.404856,38.836458],[1.404814,38.836457],[1.404799,38.836424],[1.404854,38.836402],[1.404877,38.836372],[1.404923,38.836365],[1.404987,38.836366],[1.405061,38.836366],[1.405111,38.836384],[1.405145,38.836393],[1.405186,38.83639],[1.40523,38.83636],[1.405268,38.836323],[1.405284,38.83627],[1.405267,38.836228],[1.405222,38.836191],[1.405209,38.836161],[1.405177,38.836135],[1.405205,38.836105],[1.405251,38.83608],[1.40528,38.836056],[1.405257,38.836019],[1.405206,38.835978],[1.405203,38.835943],[1.405167,38.835899],[1.405151,38.835839],[1.405154,38.835791],[1.405174,38.835741],[1.405213,38.835718],[1.405244,38.835719],[1.405277,38.835709],[1.405274,38.835672],[1.405219,38.835626],[1.405208,38.835564],[1.405193,38.835523],[1.405228,38.835454],[1.405267,38.835377],[1.405318,38.835333],[1.405353,38.835286],[1.405365,38.835216],[1.405398,38.835146],[1.405414,38.835093],[1.40546,38.835049],[1.405537,38.835008],[1.405583,38.834969],[1.405599,38.834925],[1.405607,38.834858],[1.405601,38.834787],[1.405602,38.834735],[1.405629,38.834697],[1.40564,38.834646],[1.405641,38.834607],[1.405678,38.834594],[1.405724,38.834603],[1.40578,38.834581],[1.405831,38.834549],[1.40586,38.834518],[1.405809,38.834497],[1.405751,38.834471],[1.405715,38.834412],[1.40572,38.834355],[1.405736,38.834315],[1.405785,38.834301],[1.405821,38.83429],[1.405815,38.834251],[1.40582,38.83421],[1.405864,38.834175],[1.405902,38.834153],[1.40592,38.834123],[1.405857,38.834072],[1.405834,38.834055],[1.405852,38.834018],[1.405892,38.833998],[1.405888,38.833958],[1.405917,38.833958],[1.405929,38.833993],[1.405954,38.834005],[1.40603,38.833998],[1.406081,38.834024],[1.406107,38.834069],[1.406101,38.83413],[1.406089,38.834188],[1.406088,38.834234],[1.406121,38.834227],[1.406134,38.834192],[1.406135,38.834155],[1.406198,38.834103],[1.406209,38.834072],[1.406176,38.834035],[1.406175,38.833999],[1.406131,38.833948],[1.406088,38.833938],[1.406026,38.833911],[1.40603,38.833862],[1.406102,38.833837],[1.406176,38.833829],[1.406247,38.833779],[1.406251,38.833752],[1.406252,38.833711],[1.406243,38.833657],[1.40618,38.833588],[1.406148,38.833584],[1.406102,38.833581],[1.406085,38.833538],[1.406123,38.833479],[1.406153,38.833471],[1.4062,38.833438],[1.406228,38.833377],[1.406203,38.83331],[1.406218,38.833263],[1.406281,38.833199],[1.406345,38.833138],[1.406357,38.833086],[1.406354,38.832999],[1.406353,38.832926],[1.406379,38.832845],[1.406386,38.832812],[1.40639,38.832781],[1.406372,38.832736],[1.406397,38.832703],[1.406404,38.832662],[1.406361,38.83263],[1.406352,38.832589],[1.406346,38.83253],[1.406345,38.832477],[1.406305,38.832455],[1.406248,38.832458],[1.406248,38.83243],[1.406291,38.832368],[1.406314,38.832318],[1.406325,38.832311],[1.406322,38.83228],[1.406296,38.832274],[1.406302,38.83225],[1.406327,38.832207],[1.406362,38.832175],[1.406405,38.832152],[1.406451,38.832141],[1.406469,38.832122],[1.406432,38.832039],[1.406429,38.831988],[1.406431,38.831938],[1.406418,38.831888],[1.406365,38.831854],[1.40627,38.831832],[1.40625,38.831803],[1.406293,38.831763],[1.406343,38.831741],[1.406373,38.831696],[1.406388,38.831669],[1.406382,38.831646],[1.406363,38.831623],[1.406299,38.831601],[1.40629,38.831595],[1.406238,38.831611],[1.406179,38.831611],[1.406152,38.831618],[1.40616,38.831641],[1.406187,38.831676],[1.406162,38.831666],[1.406092,38.831677],[1.406074,38.831678],[1.406063,38.831641],[1.406089,38.831619],[1.40609,38.831598],[1.406053,38.831582],[1.406004,38.831571],[1.405976,38.831575],[1.405948,38.831607],[1.405922,38.831596],[1.405934,38.831573],[1.405912,38.831557],[1.405838,38.831577],[1.405798,38.831556],[1.405785,38.831583],[1.405783,38.831586],[1.405719,38.83158],[1.405664,38.831548],[1.4056,38.831525],[1.405567,38.831527],[1.405545,38.83155],[1.405544,38.831587],[1.405537,38.83162],[1.405496,38.831611],[1.405425,38.831585],[1.405358,38.831553],[1.405325,38.831557],[1.405274,38.831615],[1.405232,38.831642],[1.405175,38.831634],[1.405089,38.831585],[1.405042,38.831571],[1.405023,38.831597],[1.405002,38.831653],[1.40505,38.831663],[1.405094,38.831672],[1.405093,38.831687],[1.405098,38.831727],[1.405149,38.831753],[1.40521,38.831732],[1.405249,38.831725],[1.405317,38.831686],[1.405358,38.831659],[1.405419,38.831651],[1.405485,38.831644],[1.405542,38.831652],[1.40558,38.831675],[1.405552,38.831696],[1.405482,38.831704],[1.405412,38.831735],[1.405357,38.831761],[1.4053,38.831767],[1.405281,38.831789],[1.405271,38.831816],[1.405259,38.831803],[1.405254,38.831763],[1.405215,38.831757],[1.405182,38.831792],[1.405157,38.831838],[1.405116,38.831876],[1.405081,38.831895],[1.405106,38.831918],[1.405106,38.831936],[1.405044,38.831917],[1.404998,38.831908],[1.404972,38.831947],[1.404946,38.831965],[1.4049,38.831949],[1.404854,38.831977],[1.404775,38.832008],[1.404726,38.832052],[1.404667,38.832089],[1.404634,38.832066],[1.404585,38.83207],[1.404538,38.832115],[1.404494,38.832121],[1.404451,38.832158],[1.404447,38.832219],[1.404404,38.832238],[1.404353,38.832236],[1.404351,38.832266],[1.404363,38.83232],[1.404326,38.832333],[1.404262,38.832314],[1.404203,38.832287],[1.404147,38.832275],[1.40409,38.832291],[1.404066,38.832309],[1.404118,38.83235],[1.404144,38.832373],[1.40409,38.832384],[1.404093,38.832411],[1.404052,38.832458],[1.403957,38.832473],[1.403882,38.832458],[1.403837,38.832469],[1.403822,38.832515],[1.40387,38.83253],[1.403932,38.832522],[1.403965,38.832525],[1.403992,38.832557],[1.403966,38.832587],[1.403931,38.83263],[1.403956,38.83266],[1.404012,38.832676],[1.4041,38.832707],[1.404134,38.832759],[1.404058,38.832819],[1.403988,38.832828],[1.403926,38.832819],[1.403869,38.83283],[1.403864,38.832785],[1.403879,38.832734],[1.403852,38.832704],[1.403808,38.83273],[1.403785,38.832816],[1.403735,38.832842],[1.403699,38.832801],[1.403676,38.832736],[1.403642,38.832745],[1.403621,38.832802],[1.403602,38.832848],[1.403626,38.832894],[1.403616,38.83293],[1.403563,38.832938],[1.403532,38.832989],[1.403473,38.833071],[1.403375,38.83312],[1.403281,38.833129],[1.403243,38.833087],[1.403236,38.833053],[1.403226,38.833014],[1.403209,38.832984],[1.403169,38.832995],[1.403082,38.833023],[1.403031,38.832998],[1.402994,38.833062],[1.402974,38.833122],[1.403008,38.833199],[1.403042,38.833249],[1.403067,38.833291],[1.403068,38.833313],[1.403014,38.833323],[1.40295,38.833317],[1.402921,38.833333],[1.402907,38.833359],[1.402884,38.833384],[1.402884,38.833393],[1.402884,38.833442],[1.402892,38.833459],[1.402934,38.833514],[1.402939,38.83354],[1.402888,38.833598],[1.40286,38.833639],[1.402841,38.833697],[1.402815,38.833717],[1.402784,38.833731],[1.402792,38.833778],[1.402756,38.833772],[1.402705,38.833744],[1.402641,38.833734],[1.40258,38.833737],[1.402519,38.833764],[1.402497,38.833784],[1.402449,38.833765],[1.402371,38.833737],[1.40233,38.833741],[1.40237,38.833782],[1.402417,38.833803],[1.40243,38.833825],[1.402446,38.833843],[1.402481,38.833849],[1.402496,38.833854],[1.402466,38.833884],[1.402478,38.833903],[1.402556,38.833899],[1.4026,38.833901],[1.40257,38.833923],[1.402516,38.833948],[1.402534,38.833968],[1.402519,38.833988],[1.402457,38.833982],[1.402363,38.833997],[1.40231,38.834018],[1.402322,38.83405],[1.402327,38.834084],[1.402276,38.834084],[1.402223,38.83407],[1.402155,38.834078],[1.402074,38.834079],[1.401998,38.834121],[1.401966,38.834163],[1.401907,38.834208],[1.401842,38.834219],[1.401794,38.834239],[1.401785,38.834275],[1.401764,38.834306],[1.401685,38.834307],[1.401648,38.834345],[1.401666,38.83437],[1.401636,38.834392],[1.401617,38.83444],[1.401673,38.834467],[1.40171,38.834496],[1.401689,38.834538],[1.40165,38.834542],[1.401584,38.83453],[1.401504,38.834522],[1.401424,38.834547],[1.401388,38.834565],[1.401365,38.834579],[1.401385,38.83461],[1.401401,38.834633],[1.401348,38.834657],[1.4013,38.834656],[1.401266,38.834698],[1.401211,38.834742],[1.401184,38.83478],[1.401217,38.834822],[1.401225,38.834855],[1.401221,38.834916],[1.401292,38.834942],[1.401343,38.834947],[1.401361,38.834973],[1.40135,38.83503],[1.401292,38.835041],[1.401257,38.835055],[1.401211,38.835094],[1.401172,38.835086],[1.401105,38.835083],[1.401075,38.835111],[1.401113,38.835143],[1.401153,38.83516],[1.40114,38.835191],[1.401099,38.835193],[1.401066,38.835206],[1.401009,38.835228],[1.400945,38.835233],[1.400864,38.835237],[1.400761,38.835255],[1.400742,38.835275],[1.40078,38.835296],[1.400802,38.835311],[1.400789,38.835327],[1.400747,38.835335],[1.400697,38.835363],[1.400713,38.835398],[1.400691,38.835402],[1.400637,38.835411],[1.400633,38.835446],[1.400643,38.835501],[1.400689,38.835524],[1.400668,38.835551],[1.400583,38.835575],[1.400493,38.835587],[1.400431,38.835575],[1.400406,38.835541],[1.400414,38.835507],[1.400392,38.835491],[1.400339,38.835486],[1.400289,38.835489],[1.400258,38.835511],[1.400237,38.835553],[1.400281,38.835559],[1.400336,38.835555],[1.400356,38.83558],[1.400326,38.835575],[1.40029,38.835589],[1.400276,38.835618],[1.400257,38.835649],[1.400213,38.835676],[1.400209,38.835698],[1.400167,38.835703],[1.400134,38.835688],[1.400162,38.83567],[1.400171,38.83565],[1.400157,38.835645],[1.400109,38.835658],[1.400051,38.835689],[1.400025,38.835715],[1.400045,38.835735],[1.400063,38.835771],[1.400044,38.835798],[1.399985,38.835832],[1.399958,38.835819],[1.399906,38.835816],[1.399858,38.835845],[1.399824,38.835902],[1.39984,38.835938],[1.39987,38.835921],[1.399907,38.835883],[1.399933,38.83585],[1.399983,38.835854],[1.39999,38.835875],[1.399939,38.835938],[1.399915,38.835938],[1.399849,38.835966],[1.399849,38.83598],[1.399865,38.83601],[1.399901,38.836052],[1.399963,38.836089],[1.399955,38.836118],[1.399871,38.836117],[1.399806,38.836109],[1.399736,38.836127],[1.399686,38.836173],[1.39966,38.836237],[1.399679,38.83627],[1.399727,38.836291],[1.399715,38.836308],[1.399662,38.836309],[1.399611,38.836311],[1.399565,38.836332],[1.399535,38.836371],[1.399493,38.836434],[1.399418,38.83645],[1.399339,38.836429],[1.399319,38.836396],[1.399359,38.836362],[1.39934,38.836342],[1.399308,38.836333],[1.399237,38.836359],[1.399174,38.836401],[1.39911,38.836429],[1.399047,38.83644],[1.398923,38.836428],[1.398867,38.836458],[1.398872,38.836478],[1.398947,38.836516],[1.399022,38.836546],[1.399084,38.836572],[1.399072,38.836629],[1.399022,38.836666],[1.398948,38.836713],[1.398879,38.836747],[1.398824,38.836749],[1.398813,38.836765],[1.398855,38.836793],[1.398819,38.836824],[1.398753,38.836832],[1.398693,38.836818],[1.398623,38.83679],[1.398556,38.836794],[1.398507,38.836821],[1.398511,38.836834],[1.398569,38.83685],[1.398611,38.836868],[1.398613,38.836892],[1.398664,38.836934],[1.398656,38.83697],[1.398586,38.836981],[1.39852,38.83697],[1.398448,38.836976],[1.398367,38.836985],[1.398345,38.837],[1.398354,38.837048],[1.39838,38.83711],[1.39835,38.837137],[1.398368,38.83717],[1.398412,38.837205],[1.398395,38.837256],[1.39836,38.837246],[1.398292,38.837235],[1.398206,38.83725],[1.398132,38.837286],[1.398058,38.837318],[1.39798,38.83735],[1.397911,38.837412],[1.397833,38.837475],[1.397745,38.837483],[1.39765,38.837487],[1.397565,38.837483],[1.397481,38.837492],[1.397462,38.837524],[1.397477,38.837583],[1.39752,38.837652],[1.397516,38.837698],[1.397461,38.837715],[1.397391,38.837737],[1.397379,38.83777],[1.397336,38.837817],[1.397253,38.837855],[1.397163,38.837886],[1.39708,38.837905],[1.397006,38.837913],[1.396891,38.837903],[1.396786,38.837921],[1.396685,38.837935],[1.396622,38.837943],[1.396609,38.837971],[1.396608,38.838014],[1.396609,38.838082],[1.396657,38.838095],[1.396709,38.838127],[1.396691,38.838154],[1.396612,38.838165],[1.396533,38.838162],[1.396514,38.838164],[1.396472,38.838185],[1.3964,38.838224],[1.396374,38.838226],[1.396315,38.838229],[1.396267,38.838245],[1.396235,38.838284],[1.396216,38.838338],[1.396233,38.83835],[1.396295,38.838376],[1.396344,38.838414],[1.396308,38.838455],[1.396253,38.838455],[1.396187,38.838464],[1.396156,38.838447],[1.396092,38.83844],[1.396046,38.838436],[1.395999,38.838405],[1.395953,38.838363],[1.395911,38.838356],[1.395893,38.838373],[1.395901,38.838411],[1.395965,38.838439],[1.395963,38.838457],[1.39595,38.838462],[1.395898,38.838489],[1.395821,38.838498],[1.395751,38.838492],[1.395696,38.838483],[1.395676,38.838498],[1.395673,38.838549],[1.395662,38.838605],[1.395602,38.838627],[1.39554,38.838634],[1.395494,38.838622],[1.395434,38.838608],[1.395379,38.838608],[1.395349,38.838638],[1.395345,38.838676],[1.395364,38.838753],[1.395385,38.838809],[1.395387,38.838832],[1.395355,38.838843],[1.395326,38.838803],[1.395271,38.838795],[1.395209,38.838813],[1.395141,38.838834],[1.395004,38.83886],[1.394994,38.838912],[1.394995,38.838962],[1.395015,38.838995],[1.395038,38.839043],[1.395047,38.839109],[1.395064,38.839172],[1.395041,38.839216],[1.394991,38.839243],[1.39492,38.839227],[1.394891,38.839188],[1.394882,38.839159],[1.394927,38.839149],[1.394938,38.839115],[1.3949,38.839109],[1.39485,38.839113],[1.394815,38.839117],[1.394769,38.839138],[1.394748,38.839194],[1.39474,38.839201],[1.394735,38.839217],[1.394705,38.839246],[1.394744,38.839309],[1.394729,38.839344],[1.394668,38.839354],[1.394623,38.83933],[1.394594,38.839291],[1.394573,38.839255],[1.394532,38.839245],[1.394475,38.839249],[1.394424,38.839267],[1.394378,38.839256],[1.394349,38.839246],[1.394305,38.839247],[1.394256,38.839202],[1.39419,38.839192],[1.394147,38.839232],[1.394118,38.8393],[1.394102,38.83934],[1.394157,38.839355],[1.394233,38.839321],[1.394288,38.839302],[1.394369,38.839308],[1.394381,38.83934],[1.394376,38.839389],[1.394323,38.839431],[1.394348,38.839473],[1.394359,38.839502],[1.394353,38.83955],[1.394369,38.83959],[1.394112,38.839713],[1.394068,38.839742],[1.393965,38.839787],[1.393846,38.839809],[1.393758,38.83986],[1.393636,38.839907],[1.393527,38.839946],[1.393496,38.839979],[1.393417,38.840012],[1.393308,38.840059],[1.393228,38.840102],[1.393204,38.840136],[1.393212,38.840172],[1.393218,38.840184],[1.393288,38.840212],[1.393337,38.84026],[1.393335,38.840328],[1.393297,38.840454],[1.393175,38.840578],[1.393033,38.840668],[1.392884,38.840727],[1.392795,38.84074],[1.392625,38.840764],[1.392287,38.840813],[1.392236,38.840828],[1.392094,38.840869],[1.392009,38.840895],[1.39196,38.8409],[1.391852,38.840929],[1.391614,38.841011],[1.39156,38.841024],[1.391438,38.841061],[1.391295,38.841093],[1.391289,38.841113],[1.391396,38.841121],[1.391403,38.841133],[1.39135,38.841198],[1.39123,38.841284],[1.391034,38.841379],[1.390952,38.841413],[1.390853,38.841455],[1.390637,38.841508],[1.390506,38.841551],[1.390299,38.841606],[1.390174,38.84162],[1.389977,38.841642],[1.38978,38.841636],[1.389711,38.841618],[1.389654,38.841623],[1.389546,38.84166],[1.389469,38.841712],[1.389466,38.841744],[1.389469,38.841786],[1.389419,38.841817],[1.389296,38.84185],[1.389218,38.841858],[1.389023,38.841882],[1.388802,38.841909],[1.388547,38.841972],[1.388226,38.842048],[1.387887,38.842121],[1.387631,38.842169],[1.387412,38.84223],[1.387212,38.842263],[1.387071,38.842272],[1.386541,38.842323],[1.3861,38.842349],[1.385793,38.842356],[1.385412,38.842388],[1.385009,38.842379],[1.384696,38.842392],[1.384509,38.842384],[1.384255,38.842336],[1.384201,38.842248],[1.384114,38.84202],[1.384003,38.841788],[1.383824,38.841521],[1.38375,38.841411],[1.383715,38.841373],[1.383557,38.841171],[1.383595,38.841141],[1.383542,38.841068],[1.38335,38.840948],[1.383293,38.840976],[1.383182,38.840892],[1.383276,38.840866],[1.383294,38.840844],[1.383277,38.840817],[1.383271,38.840787],[1.383226,38.840773],[1.383204,38.840761],[1.383204,38.840746],[1.383135,38.840766],[1.383005,38.84055],[1.382991,38.84055],[1.383002,38.840507],[1.382832,38.840418],[1.38289,38.840289],[1.383318,38.839567],[1.383256,38.839544],[1.382663,38.840536],[1.38258,38.840615],[1.382565,38.84065],[1.382541,38.840679],[1.382491,38.840705],[1.382413,38.84072],[1.382371,38.840716],[1.382336,38.840694],[1.38233,38.840665],[1.382324,38.840617],[1.382305,38.840589],[1.382308,38.840559],[1.38233,38.840506],[1.382319,38.840462],[1.382287,38.840422],[1.38224,38.840396],[1.382213,38.840357],[1.382211,38.840306],[1.382231,38.840285],[1.382274,38.840266],[1.38228,38.840216],[1.382247,38.840191],[1.382165,38.840159],[1.382136,38.840149],[1.382087,38.840146],[1.382031,38.840144],[1.381983,38.840151],[1.381941,38.840207],[1.381911,38.84022],[1.381836,38.840193],[1.381762,38.840142],[1.381706,38.840092],[1.381681,38.840053],[1.381681,38.84002],[1.38169,38.839989],[1.381724,38.839967],[1.381732,38.839941],[1.381742,38.839904],[1.381743,38.839878],[1.381744,38.839846],[1.381747,38.839807],[1.381763,38.839772],[1.381814,38.839741],[1.381866,38.839715],[1.381921,38.839692],[1.381954,38.839668],[1.381934,38.83963],[1.381887,38.839595],[1.38188,38.839564],[1.381833,38.839544],[1.381784,38.83952],[1.381733,38.839519],[1.381733,38.839448],[1.381727,38.839397],[1.381723,38.839342],[1.381752,38.8393],[1.381772,38.839266],[1.381866,38.839297],[1.381868,38.83918],[1.381972,38.839131],[1.38195,38.839046],[1.381684,38.839072],[1.381675,38.839041],[1.381756,38.839007],[1.381784,38.838971],[1.381795,38.838941],[1.381827,38.838889],[1.381889,38.838833],[1.381903,38.838791],[1.381898,38.838732],[1.381917,38.838708],[1.38194,38.83868],[1.381938,38.838638],[1.38193,38.83859],[1.381936,38.838539],[1.381952,38.838486],[1.381937,38.838462],[1.381903,38.838453],[1.381887,38.838418],[1.381888,38.838384],[1.381882,38.838318],[1.381854,38.838203],[1.38184,38.838117],[1.381804,38.838013],[1.381791,38.837939],[1.38178,38.837887],[1.381727,38.837836],[1.381707,38.8378],[1.38171,38.837753],[1.38173,38.837711],[1.381711,38.837688],[1.38159,38.837686],[1.381534,38.837666],[1.38151,38.83764],[1.381511,38.837598],[1.381529,38.837562],[1.38155,38.837528],[1.381584,38.837499],[1.381604,38.837506],[1.38165,38.837538],[1.381671,38.837541],[1.381672,38.837458],[1.381604,38.837366],[1.381592,38.837267],[1.38157,38.837207],[1.381485,38.837113],[1.381363,38.837022],[1.381335,38.837019],[1.381302,38.837025],[1.381267,38.837015],[1.381252,38.836965],[1.381222,38.83696],[1.38119,38.836966],[1.381152,38.836969],[1.381141,38.836947],[1.381163,38.836939],[1.381229,38.836896],[1.381233,38.836845],[1.381212,38.836779],[1.381206,38.836721],[1.381206,38.83668],[1.381214,38.836662],[1.381239,38.836665],[1.381272,38.836685],[1.381278,38.836721],[1.381307,38.836727],[1.381321,38.836697],[1.381317,38.836676],[1.381268,38.836621],[1.381203,38.836611],[1.381171,38.836591],[1.38117,38.836568],[1.381189,38.836551],[1.381184,38.83652],[1.381185,38.836474],[1.381134,38.836467],[1.381112,38.836426],[1.381095,38.836389],[1.381046,38.836383],[1.381018,38.836363],[1.381018,38.836316],[1.38098,38.836309],[1.380947,38.836322],[1.380914,38.836347],[1.380891,38.836319],[1.380889,38.83628],[1.380899,38.836256],[1.380892,38.836241],[1.380872,38.836229],[1.380842,38.836222],[1.380801,38.836199],[1.380752,38.836194],[1.380741,38.836179],[1.380754,38.836158],[1.380763,38.836123],[1.380779,38.836092],[1.380803,38.836054],[1.380804,38.836009],[1.380815,38.835978],[1.380837,38.835955],[1.380836,38.835925],[1.380833,38.835877],[1.380844,38.835871],[1.380864,38.835851],[1.380865,38.835814],[1.380866,38.835749],[1.380867,38.835667],[1.380853,38.835554],[1.380852,38.83545],[1.380855,38.835378],[1.380913,38.835199],[1.380955,38.835108],[1.380959,38.835035],[1.380952,38.834984],[1.38093,38.834935],[1.380901,38.834877],[1.380852,38.834833],[1.380804,38.834802],[1.380764,38.834774],[1.380721,38.83475],[1.380668,38.834726],[1.380639,38.834709],[1.380644,38.834683],[1.380645,38.834646],[1.380646,38.834606],[1.38064,38.834571],[1.38059,38.834503],[1.380541,38.834453],[1.3805,38.834415],[1.380452,38.834375],[1.3804,38.834323],[1.380348,38.834284],[1.380294,38.834235],[1.380258,38.83419],[1.380221,38.834169],[1.380111,38.834123],[1.380057,38.834094],[1.380018,38.834073],[1.379953,38.834057],[1.379907,38.83405],[1.379842,38.834025],[1.379787,38.834021],[1.379741,38.834021],[1.379687,38.834025],[1.379655,38.834027],[1.379622,38.834015],[1.379595,38.834017],[1.379561,38.834021],[1.379516,38.834014],[1.379484,38.833995],[1.379431,38.833977],[1.379387,38.833977],[1.379308,38.833993],[1.37928,38.834015],[1.379252,38.834026],[1.379229,38.833998],[1.379196,38.833986],[1.379165,38.834002],[1.379131,38.834006],[1.3791,38.834006],[1.379037,38.834022],[1.378968,38.834039],[1.37888,38.834055],[1.378814,38.834081],[1.378779,38.834076],[1.378749,38.834071],[1.378734,38.834075],[1.378631,38.83411],[1.378587,38.834133],[1.37854,38.834173],[1.378474,38.834221],[1.378439,38.834263],[1.378399,38.834323],[1.378364,38.834376],[1.378371,38.83442],[1.378409,38.834476],[1.378463,38.834533],[1.37847,38.834551],[1.378425,38.834573],[1.378357,38.834596],[1.378303,38.834617],[1.378273,38.834637],[1.378272,38.834674],[1.378271,38.834719],[1.378232,38.834742],[1.378157,38.834765],[1.378086,38.834765],[1.378033,38.834753],[1.378004,38.834709],[1.378006,38.834671],[1.37804,38.83462],[1.378041,38.834584],[1.37804,38.834564],[1.378059,38.834545],[1.378071,38.834528],[1.378054,38.834458],[1.378015,38.834433],[1.377975,38.834444],[1.377949,38.83448],[1.377912,38.834494],[1.377845,38.834493],[1.377758,38.834477],[1.377732,38.834478],[1.37769,38.834514],[1.377579,38.834545],[1.377533,38.834558],[1.377514,38.834591],[1.377472,38.834625],[1.377436,38.83463],[1.37742,38.834662],[1.377406,38.834697],[1.377421,38.834715],[1.377452,38.834735],[1.377453,38.834772],[1.377446,38.834806],[1.37741,38.834911],[1.377353,38.834946],[1.377302,38.834982],[1.377267,38.835017],[1.377212,38.83511],[1.377075,38.835106],[1.376977,38.835085],[1.376857,38.835042],[1.376857,38.834994],[1.376854,38.834969],[1.37683,38.834921],[1.376792,38.834878],[1.376747,38.834828],[1.376747,38.834772],[1.376753,38.834712],[1.376704,38.834668],[1.376669,38.83467],[1.376659,38.834684],[1.376621,38.834676],[1.376607,38.834649],[1.376608,38.834589],[1.376612,38.834531],[1.376613,38.834462],[1.376612,38.834419],[1.376591,38.834367],[1.376593,38.834307],[1.376621,38.834275],[1.376625,38.834203],[1.376592,38.834147],[1.376571,38.834106],[1.376524,38.834083],[1.376473,38.834082],[1.376438,38.834038],[1.376434,38.833986],[1.376437,38.833952],[1.376432,38.833913],[1.376386,38.833891],[1.37633,38.833853],[1.376296,38.833807],[1.376303,38.833764],[1.376308,38.833718],[1.376302,38.833689],[1.376266,38.833688],[1.376198,38.833713],[1.376146,38.833762],[1.376113,38.833825],[1.376067,38.833833],[1.376035,38.833829],[1.375979,38.833745],[1.375989,38.833729],[1.375996,38.8337],[1.375996,38.833662],[1.375973,38.833624],[1.375939,38.83355],[1.375907,38.833509],[1.375913,38.83348],[1.375891,38.833418],[1.375858,38.833358],[1.37586,38.833296],[1.375886,38.833208],[1.375908,38.83316],[1.375927,38.833109],[1.375966,38.833086],[1.376014,38.83305],[1.376027,38.833023],[1.376036,38.833005],[1.376007,38.832995],[1.375969,38.833021],[1.375922,38.833015],[1.375872,38.833021],[1.375859,38.832991],[1.375842,38.832924],[1.37584,38.832884],[1.375778,38.832835],[1.375651,38.832759],[1.375589,38.832744],[1.375527,38.832743],[1.375456,38.83273],[1.3754,38.832712],[1.375396,38.832675],[1.375423,38.832642],[1.375426,38.832584],[1.375461,38.832549],[1.375468,38.832527],[1.375461,38.832494],[1.375337,38.832351],[1.375249,38.832282],[1.375174,38.832245],[1.375072,38.83219],[1.375003,38.832165],[1.374948,38.832107],[1.374868,38.832042],[1.37482,38.831985],[1.37477,38.83195],[1.374701,38.831912],[1.374563,38.831884],[1.374515,38.831866],[1.374449,38.831806],[1.374432,38.831734],[1.374378,38.831677],[1.374318,38.831675],[1.374285,38.831687],[1.374236,38.831723],[1.374187,38.831734],[1.37414,38.831718],[1.374077,38.831694],[1.374022,38.8317],[1.373956,38.831744],[1.37394,38.831738],[1.373879,38.831749],[1.373766,38.831804],[1.373715,38.831817],[1.373695,38.831815],[1.373678,38.831758],[1.373698,38.831712],[1.373739,38.831666],[1.373779,38.831603],[1.373791,38.831555],[1.373785,38.831518],[1.373749,38.831496],[1.373716,38.831496],[1.373645,38.831496],[1.373566,38.831469],[1.373509,38.831467],[1.373502,38.8315],[1.373462,38.831542],[1.373362,38.831546],[1.373314,38.831541],[1.373227,38.831524],[1.373193,38.831498],[1.373194,38.831457],[1.373174,38.831432],[1.373121,38.831416],[1.373073,38.83141],[1.373035,38.831419],[1.372964,38.831431],[1.372889,38.831428],[1.3728,38.831389],[1.372761,38.831343],[1.372738,38.831333],[1.372672,38.831335],[1.372611,38.831345],[1.37258,38.831314],[1.372524,38.83122],[1.37251,38.831206],[1.372479,38.831145],[1.372436,38.831113],[1.372401,38.8311],[1.372353,38.831077],[1.372323,38.831069],[1.372287,38.831065],[1.372254,38.831064],[1.372211,38.831064],[1.37212,38.831061],[1.372065,38.830994],[1.37207,38.83097],[1.372199,38.830926],[1.372225,38.830901],[1.372196,38.830873],[1.372138,38.830871],[1.372099,38.830885],[1.372059,38.830917],[1.371939,38.830911],[1.37184,38.830971],[1.371786,38.831031],[1.371722,38.83101],[1.371691,38.830953],[1.371691,38.830885],[1.37162,38.830687],[1.371619,38.830621],[1.371625,38.830566],[1.371653,38.830498],[1.371643,38.830455],[1.371526,38.83044],[1.37146,38.830448],[1.371435,38.830505],[1.371419,38.830541],[1.37139,38.830554],[1.371323,38.830552],[1.37127,38.830493],[1.371254,38.830422],[1.371191,38.830411],[1.371156,38.830419],[1.371135,38.830482],[1.371157,38.830523],[1.371125,38.830561],[1.371125,38.830618],[1.371149,38.830669],[1.371188,38.830719],[1.371249,38.830767],[1.371299,38.830815],[1.371334,38.830831],[1.371411,38.830851],[1.3715,38.830887],[1.371518,38.830926],[1.371509,38.830971],[1.371494,38.831011],[1.371493,38.831066],[1.371513,38.831091],[1.371564,38.831107],[1.371642,38.831127],[1.371661,38.831143],[1.371637,38.831224],[1.371682,38.831233],[1.371715,38.83121],[1.371749,38.831161],[1.371771,38.831128],[1.3718,38.831107],[1.371844,38.831087],[1.371893,38.831076],[1.371951,38.83111],[1.371978,38.831141],[1.37199,38.8312],[1.371915,38.831255],[1.371827,38.831316],[1.371817,38.831374],[1.371857,38.831399],[1.371917,38.831416],[1.37192,38.831469],[1.37188,38.831515],[1.371842,38.831548],[1.371695,38.83162],[1.371598,38.831668],[1.371545,38.831725],[1.371537,38.831807],[1.371563,38.831873],[1.371641,38.83197],[1.371712,38.832022],[1.371727,38.83206],[1.371746,38.832104],[1.371836,38.832167],[1.371881,38.832201],[1.371921,38.83224],[1.371955,38.832266],[1.372039,38.832295],[1.372112,38.832292],[1.372301,38.832298],[1.37239,38.832311],[1.372455,38.832316],[1.372499,38.832337],[1.372569,38.832369],[1.372604,38.832392],[1.372614,38.832419],[1.372566,38.832483],[1.372482,38.832554],[1.372515,38.83257],[1.372589,38.832553],[1.372624,38.832562],[1.372619,38.832591],[1.372569,38.832627],[1.37251,38.832662],[1.372508,38.832684],[1.372559,38.832742],[1.372534,38.832781],[1.372484,38.832818],[1.372484,38.83286],[1.37251,38.832863],[1.372586,38.832894],[1.372586,38.832938],[1.372557,38.832974],[1.372544,38.832991],[1.372499,38.833048],[1.372444,38.833108],[1.372431,38.833176],[1.372381,38.833231],[1.372312,38.833293],[1.372297,38.833345],[1.372266,38.833429],[1.372205,38.833479],[1.372151,38.833535],[1.372116,38.833586],[1.37206,38.833618],[1.371983,38.83366],[1.371899,38.833691],[1.371863,38.833719],[1.371855,38.833759],[1.371818,38.833786],[1.371738,38.833835],[1.371697,38.833851],[1.371628,38.833856],[1.371542,38.833874],[1.3715,38.833901],[1.371452,38.833919],[1.37137,38.833931],[1.371292,38.833954],[1.371247,38.833994],[1.371205,38.834033],[1.371157,38.83405],[1.371084,38.834049],[1.370986,38.834076],[1.370904,38.834091],[1.370877,38.834108],[1.370812,38.834201],[1.370748,38.834272],[1.370649,38.834343],[1.370535,38.83441],[1.37041,38.834482],[1.370321,38.834523],[1.370189,38.834591],[1.370122,38.834647],[1.370011,38.834711],[1.369946,38.834768],[1.369889,38.834802],[1.3698,38.834812],[1.369743,38.834822],[1.369704,38.834838],[1.369685,38.834847],[1.369609,38.834902],[1.369514,38.835007],[1.369483,38.83506],[1.369412,38.835147],[1.369298,38.835178],[1.369237,38.835193],[1.369095,38.835239],[1.36898,38.835237],[1.368948,38.835219],[1.368919,38.835178],[1.368857,38.835116],[1.368795,38.835053],[1.368735,38.835041],[1.368707,38.835043],[1.368647,38.835111],[1.368654,38.835166],[1.368687,38.835203],[1.368725,38.835252],[1.368746,38.835316],[1.368806,38.835385],[1.368887,38.835448],[1.368972,38.835521],[1.369046,38.835563],[1.369104,38.835619],[1.369135,38.835699],[1.369157,38.835821],[1.369201,38.835931],[1.369239,38.836021],[1.369292,38.836127],[1.36935,38.836205],[1.369435,38.836302],[1.369512,38.836407],[1.369525,38.836477],[1.369556,38.836572],[1.369576,38.836659],[1.369595,38.836734],[1.369618,38.836779],[1.369675,38.836847],[1.369724,38.836897],[1.369738,38.836983],[1.369742,38.837049],[1.369789,38.83715],[1.369787,38.837207],[1.369765,38.837212],[1.369713,38.837209],[1.369676,38.83724],[1.369676,38.837291],[1.369718,38.837326],[1.36972,38.837356],[1.369689,38.8374],[1.369684,38.837457],[1.3697,38.837515],[1.36972,38.837567],[1.369773,38.837606],[1.369822,38.83767],[1.369807,38.837805],[1.369785,38.837916],[1.369745,38.838153],[1.369752,38.838379],[1.369769,38.83846],[1.369781,38.838521],[1.369797,38.838576],[1.369724,38.838616],[1.369753,38.838653],[1.369775,38.838653],[1.369825,38.838652],[1.369849,38.838674],[1.369882,38.838734],[1.369882,38.838796],[1.369887,38.838872],[1.369903,38.838951],[1.369899,38.839055],[1.369902,38.839115],[1.369917,38.839202],[1.369938,38.83927],[1.369968,38.839322],[1.369998,38.839397],[1.370042,38.839461],[1.370167,38.83966],[1.370283,38.839877],[1.37036,38.840085],[1.370471,38.840371],[1.370543,38.840567],[1.370613,38.84076],[1.370667,38.840931],[1.370784,38.841172],[1.370847,38.841393],[1.370854,38.841632],[1.370882,38.84183],[1.370891,38.842114],[1.370861,38.842423],[1.370867,38.842642],[1.37081,38.842652],[1.370774,38.842673],[1.370782,38.842712],[1.370852,38.842739],[1.370841,38.84278],[1.370861,38.842895],[1.3708,38.843066],[1.370782,38.843193],[1.370754,38.843236],[1.370721,38.843259],[1.370688,38.843285],[1.370711,38.843333],[1.370791,38.843335],[1.370783,38.843387],[1.370746,38.84358],[1.370741,38.843745],[1.370691,38.843982],[1.370628,38.84412],[1.370577,38.844234],[1.370517,38.844368],[1.370421,38.84467],[1.370383,38.844896],[1.370319,38.84505],[1.370239,38.845198],[1.370125,38.845349],[1.369963,38.845536],[1.369738,38.845793],[1.369619,38.845976],[1.369393,38.846251],[1.369119,38.846553],[1.368927,38.846756],[1.368793,38.846876],[1.368654,38.847088],[1.368569,38.847182],[1.368447,38.847333],[1.368395,38.84746],[1.368324,38.84756],[1.368117,38.847794],[1.36803,38.847938],[1.367961,38.848048],[1.367857,38.848247],[1.367822,38.848354],[1.367791,38.848442],[1.367703,38.848591],[1.367672,38.848692],[1.36763,38.848728],[1.367643,38.848779],[1.367645,38.848863],[1.367626,38.848908],[1.367608,38.848948],[1.367579,38.848977],[1.367561,38.848989],[1.367535,38.849029],[1.367562,38.84906],[1.367551,38.849098],[1.367525,38.849139],[1.367475,38.849155],[1.367452,38.849186],[1.367457,38.849222],[1.367507,38.849245],[1.36751,38.849266],[1.367482,38.849304],[1.367452,38.849297],[1.367413,38.849281],[1.367381,38.849313],[1.367383,38.849348],[1.367458,38.849355],[1.367471,38.84939],[1.367411,38.849433],[1.367356,38.84943],[1.367327,38.849454],[1.367342,38.849468],[1.367369,38.849499],[1.36741,38.849519],[1.367379,38.849532],[1.367338,38.849521],[1.367324,38.849531],[1.36732,38.849569],[1.367362,38.849613],[1.367367,38.8497],[1.367411,38.849705],[1.367433,38.849762],[1.367426,38.849806],[1.367408,38.849858],[1.367368,38.849958],[1.36735,38.849989],[1.367349,38.850048],[1.367361,38.850105],[1.367365,38.850181],[1.36737,38.850265],[1.367369,38.850307],[1.367351,38.850457],[1.367253,38.850588],[1.367179,38.850708],[1.36715,38.850805],[1.367109,38.850996],[1.367056,38.851177],[1.366954,38.851383],[1.366811,38.851902],[1.366742,38.852078],[1.366669,38.85221],[1.366667,38.852215],[1.36666,38.852245],[1.366654,38.85227],[1.366582,38.852452],[1.366418,38.852745],[1.366233,38.853011],[1.366053,38.853243],[1.365747,38.853652],[1.365434,38.854066],[1.365094,38.854477],[1.364814,38.854783],[1.364397,38.855233],[1.364257,38.855385],[1.364094,38.855563],[1.363814,38.855852],[1.363629,38.856037],[1.363459,38.856249],[1.363324,38.856414],[1.363136,38.856672],[1.362963,38.85687],[1.362872,38.856955],[1.362813,38.856999],[1.362781,38.857063],[1.362725,38.857109],[1.362535,38.857259],[1.362394,38.857386],[1.362291,38.857482],[1.362209,38.857558],[1.362141,38.857654],[1.36208,38.857796],[1.361916,38.858157],[1.361822,38.858304],[1.361749,38.858404],[1.361716,38.85847],[1.361663,38.858644],[1.361529,38.85891],[1.361472,38.859022],[1.361437,38.85907],[1.361409,38.859086],[1.361335,38.859084],[1.361322,38.859114],[1.361312,38.859138],[1.361376,38.859172],[1.361368,38.859291],[1.361335,38.859555],[1.361344,38.859834],[1.361382,38.860107],[1.361387,38.86026],[1.361359,38.860396],[1.361273,38.860531],[1.361132,38.860695],[1.360906,38.86089],[1.360641,38.861081],[1.360416,38.861219],[1.360154,38.861337],[1.35985,38.861501],[1.35966,38.861617],[1.359463,38.861722],[1.359254,38.861839],[1.3591,38.861961],[1.358991,38.862078],[1.358816,38.862261],[1.358619,38.862458],[1.358537,38.862561],[1.358435,38.862657],[1.358273,38.862813],[1.358089,38.86299],[1.357747,38.863232],[1.357652,38.863238],[1.357651,38.863269],[1.357651,38.863292],[1.357696,38.863302],[1.357753,38.863303],[1.357738,38.863349],[1.357686,38.863421],[1.357518,38.863557],[1.35724,38.863739],[1.357137,38.863817],[1.357092,38.863859],[1.356876,38.864024],[1.356732,38.864158],[1.356608,38.864271],[1.356491,38.864354],[1.356291,38.8645],[1.356105,38.86464],[1.355888,38.8648],[1.355683,38.864944],[1.355482,38.865069],[1.355312,38.865157],[1.355138,38.865252],[1.354953,38.865347],[1.354747,38.865492],[1.354545,38.865625],[1.354336,38.865784],[1.354082,38.865954],[1.353829,38.866117],[1.35353,38.866296],[1.353438,38.86637],[1.353009,38.866609],[1.352803,38.866696],[1.352653,38.866757],[1.352519,38.866844],[1.352391,38.866918],[1.352089,38.867079],[1.351934,38.86715],[1.351923,38.867155],[1.351785,38.867219],[1.351697,38.867266],[1.351529,38.867354],[1.351235,38.867532],[1.350995,38.867683],[1.350742,38.867854],[1.350356,38.868059],[1.35001,38.868226],[1.349624,38.868399],[1.34924,38.868577],[1.348956,38.868695],[1.348688,38.868795],[1.348502,38.868871],[1.348235,38.868974],[1.347964,38.869086],[1.347739,38.86919],[1.347536,38.86929],[1.347292,38.869438],[1.347084,38.869573],[1.34687,38.869711],[1.346704,38.869821],[1.346539,38.869923],[1.346301,38.870079],[1.346111,38.870163],[1.345735,38.870316],[1.345346,38.870456],[1.345084,38.870535],[1.344726,38.870611],[1.344255,38.870748],[1.343748,38.870901],[1.343469,38.870996],[1.34326,38.871069],[1.343079,38.871082],[1.342919,38.871058],[1.342822,38.871012],[1.34282,38.870948],[1.342783,38.870888],[1.342763,38.870861],[1.342744,38.87081],[1.342699,38.870741],[1.342613,38.870673],[1.34254,38.870646],[1.342499,38.870637],[1.342454,38.870591],[1.342436,38.870547],[1.342416,38.870504],[1.342373,38.870463],[1.342311,38.87043],[1.342269,38.870411],[1.342227,38.870395],[1.342192,38.870384],[1.342133,38.87033],[1.342106,38.870287],[1.341972,38.870219],[1.341911,38.870176],[1.34185,38.870174],[1.341785,38.870201],[1.341711,38.870172],[1.341644,38.870128],[1.341597,38.870113],[1.341522,38.870093],[1.34145,38.870089],[1.341409,38.870093],[1.341398,38.870118],[1.341379,38.87018],[1.341358,38.870205],[1.341328,38.870217],[1.341312,38.870196],[1.341305,38.870151],[1.341262,38.870127],[1.341255,38.870088],[1.341231,38.870071],[1.341219,38.870036],[1.34116,38.870016],[1.34114,38.870036],[1.341095,38.87009],[1.341066,38.870102],[1.341016,38.870114],[1.340977,38.870144],[1.340951,38.870181],[1.340956,38.870212],[1.340929,38.870229],[1.340877,38.870241],[1.340863,38.870226],[1.340869,38.870205],[1.340851,38.870195],[1.340814,38.870206],[1.340777,38.870288],[1.340717,38.870307],[1.340648,38.870306],[1.340593,38.870283],[1.340536,38.870246],[1.340499,38.870193],[1.340447,38.869892],[1.340412,38.869892],[1.340386,38.869794],[1.340603,38.869755],[1.340661,38.869742],[1.340673,38.869733],[1.340679,38.869722],[1.340674,38.869685],[1.340632,38.869675],[1.340574,38.869681],[1.340494,38.869688],[1.340441,38.869689],[1.340392,38.869692],[1.340359,38.869704],[1.340342,38.869718],[1.340298,38.869735],[1.340233,38.869737],[1.34018,38.869743],[1.340136,38.869744],[1.34009,38.869743],[1.340048,38.869719],[1.340043,38.869688],[1.340046,38.869667],[1.340006,38.869649],[1.339968,38.869648],[1.339936,38.869656],[1.339886,38.869633],[1.339846,38.86961],[1.339805,38.869591],[1.339762,38.869558],[1.339716,38.869551],[1.339679,38.869558],[1.339646,38.869563],[1.339612,38.869556],[1.339569,38.869534],[1.339529,38.869504],[1.339473,38.869481],[1.339441,38.869487],[1.339404,38.869476],[1.339373,38.869446],[1.339313,38.869403],[1.339245,38.869365],[1.339193,38.869344],[1.339124,38.869321],[1.33908,38.8693],[1.339069,38.869275],[1.339035,38.869259],[1.338959,38.869248],[1.33893,38.869238],[1.338823,38.869169],[1.33873,38.86913],[1.338665,38.869101],[1.338574,38.869076],[1.338521,38.869045],[1.338504,38.86903],[1.33844,38.868994],[1.338332,38.868979],[1.338257,38.868972],[1.338209,38.869005],[1.338186,38.869003],[1.338217,38.868966],[1.338214,38.868955],[1.338188,38.868957],[1.338164,38.868968],[1.338158,38.868991],[1.338163,38.869014],[1.338133,38.869017],[1.338087,38.869017],[1.338024,38.869013],[1.337994,38.869009],[1.337978,38.868991],[1.337932,38.868981],[1.337893,38.868985],[1.337853,38.869024],[1.337848,38.868989],[1.337822,38.868991],[1.337802,38.868998],[1.337773,38.86902],[1.337724,38.86902],[1.337698,38.869024],[1.337658,38.869034],[1.337632,38.869058],[1.337608,38.869061],[1.337584,38.869066],[1.337496,38.869041],[1.337466,38.869011],[1.337457,38.86897],[1.337431,38.868955],[1.337388,38.868964],[1.337352,38.868951],[1.337328,38.868918],[1.3373,38.86891],[1.337252,38.868889],[1.337229,38.868859],[1.337179,38.868833],[1.337159,38.868836],[1.337135,38.868834],[1.337102,38.868818],[1.337015,38.86883],[1.336939,38.868844],[1.336889,38.868845],[1.336808,38.868813],[1.33669,38.868768],[1.336659,38.868741],[1.336618,38.868714],[1.336586,38.868728],[1.336527,38.868655],[1.336436,38.868564],[1.336317,38.868462],[1.336345,38.868433],[1.33631,38.868421],[1.336268,38.868424],[1.336228,38.868398],[1.336171,38.868362],[1.336133,38.868344],[1.336096,38.868352],[1.336076,38.868376],[1.336054,38.868371],[1.336057,38.868345],[1.336043,38.868304],[1.33599,38.86829],[1.335944,38.868288],[1.335925,38.8683],[1.335893,38.868338],[1.335878,38.868362],[1.335885,38.868434],[1.335883,38.868463],[1.33585,38.868487],[1.335803,38.868512],[1.33576,38.868542],[1.335715,38.868569],[1.335658,38.868588],[1.335503,38.868589],[1.335475,38.86858],[1.335444,38.868581],[1.335422,38.868595],[1.335449,38.868614],[1.335466,38.86864],[1.335444,38.868631],[1.335416,38.868612],[1.335404,38.868616],[1.335437,38.868649],[1.33544,38.86867],[1.335406,38.868637],[1.335393,38.868645],[1.335412,38.868681],[1.335415,38.868698],[1.335381,38.86867],[1.33537,38.868676],[1.3354,38.868728],[1.335393,38.868742],[1.335359,38.868718],[1.33535,38.868727],[1.335364,38.868749],[1.335337,38.868735],[1.335326,38.868743],[1.335324,38.868786],[1.335312,38.868794],[1.335308,38.868752],[1.335295,38.86875],[1.335294,38.868777],[1.33528,38.868784],[1.335273,38.868759],[1.335264,38.868756],[1.335264,38.86878],[1.335252,38.868787],[1.335248,38.868751],[1.335232,38.868749],[1.335222,38.868814],[1.335198,38.868819],[1.335197,38.868756],[1.335178,38.86873],[1.33515,38.868721],[1.335153,38.868735],[1.335127,38.868741],[1.335128,38.868708],[1.335121,38.868706],[1.335118,38.86873],[1.335083,38.86873],[1.335067,38.86872],[1.335051,38.868709],[1.335033,38.868693],[1.335017,38.868691],[1.335041,38.868654],[1.335034,38.868644],[1.335015,38.868679],[1.334998,38.868672],[1.335006,38.868657],[1.335,38.868648],[1.334997,38.868652],[1.334991,38.868647],[1.335008,38.868624],[1.335002,38.868619],[1.334983,38.868642],[1.334972,38.868656],[1.334957,38.868645],[1.33498,38.868618],[1.33497,38.868611],[1.334948,38.868633],[1.334902,38.86859],[1.334924,38.868567],[1.334918,38.868556],[1.334895,38.86858],[1.334877,38.868568],[1.334903,38.868545],[1.334902,38.868538],[1.334869,38.868556],[1.334794,38.86849],[1.334815,38.868468],[1.334802,38.868451],[1.334772,38.868455],[1.334764,38.868445],[1.334747,38.86845],[1.334741,38.868432],[1.334715,38.868428],[1.334702,38.86841],[1.334733,38.8684],[1.334766,38.868398],[1.334753,38.868386],[1.334716,38.868378],[1.334749,38.868374],[1.334746,38.868337],[1.334705,38.86833],[1.334737,38.868322],[1.334704,38.868314],[1.334722,38.868308],[1.334726,38.868291],[1.334709,38.86829],[1.33474,38.868272],[1.33473,38.868251],[1.334751,38.868225],[1.33474,38.868218],[1.334708,38.868211],[1.334718,38.8682],[1.334751,38.868205],[1.334761,38.868196],[1.334725,38.868191],[1.334698,38.868181],[1.33472,38.868175],[1.3347,38.868171],[1.334694,38.868162],[1.3347,38.868142],[1.334728,38.868151],[1.334728,38.86814],[1.334712,38.868126],[1.334719,38.868117],[1.334738,38.868128],[1.334761,38.868124],[1.33473,38.868092],[1.33476,38.86811],[1.334769,38.868107],[1.334743,38.868063],[1.334764,38.86807],[1.334775,38.86807],[1.33478,38.868055],[1.334804,38.868088],[1.334832,38.868086],[1.334809,38.868042],[1.334822,38.868023],[1.334818,38.868017],[1.334821,38.868001],[1.334844,38.868002],[1.334851,38.867982],[1.334842,38.867964],[1.334875,38.867973],[1.334884,38.867964],[1.334863,38.867952],[1.334866,38.86794],[1.33488,38.867949],[1.3349,38.867947],[1.334876,38.867935],[1.334884,38.86792],[1.33492,38.867948],[1.334938,38.867932],[1.334905,38.867912],[1.334906,38.86791],[1.334909,38.867892],[1.334914,38.867891],[1.33492,38.867894],[1.334933,38.867886],[1.334924,38.867874],[1.334939,38.867865],[1.334954,38.867872],[1.334964,38.86786],[1.33495,38.867843],[1.334948,38.867828],[1.334965,38.867822],[1.334993,38.867828],[1.335006,38.867811],[1.335077,38.86779],[1.335111,38.867772],[1.335162,38.867663],[1.335184,38.867559],[1.335223,38.867497],[1.335256,38.867473],[1.335262,38.867444],[1.335251,38.867382],[1.335263,38.867336],[1.335274,38.867318],[1.335217,38.867298],[1.335193,38.867283],[1.335183,38.867269],[1.335201,38.86727],[1.335223,38.867274],[1.335257,38.867223],[1.335278,38.867223],[1.335299,38.86719],[1.335301,38.86717],[1.335283,38.867141],[1.335263,38.867093],[1.335251,38.867053],[1.33526,38.866989],[1.335259,38.866921],[1.33526,38.866839],[1.335283,38.866785],[1.335301,38.866735],[1.335309,38.866689],[1.335301,38.86665],[1.335284,38.866614],[1.335266,38.866584],[1.335213,38.86652],[1.33522,38.8665],[1.335238,38.866466],[1.335233,38.866445],[1.335208,38.866425],[1.335159,38.8664],[1.335165,38.866381],[1.335182,38.866366],[1.335221,38.86634],[1.335286,38.866301],[1.335329,38.866282],[1.335359,38.866258],[1.335403,38.866228],[1.335416,38.866212],[1.335454,38.866173],[1.335483,38.866129],[1.335486,38.866036],[1.335471,38.865972],[1.335472,38.865922],[1.335471,38.865895],[1.335445,38.865895],[1.335425,38.8659],[1.335419,38.865925],[1.335426,38.86598],[1.335443,38.866025],[1.335441,38.86605],[1.335422,38.866068],[1.335419,38.866084],[1.335418,38.866102],[1.335415,38.866113],[1.335389,38.866132],[1.335386,38.866158],[1.335384,38.866181],[1.335351,38.866194],[1.335289,38.866239],[1.335254,38.866266],[1.335207,38.866276],[1.335158,38.8663],[1.335127,38.866305],[1.335101,38.866325],[1.335097,38.866351],[1.335057,38.866377],[1.334975,38.866389],[1.334938,38.866393],[1.334901,38.866415],[1.334863,38.866445],[1.334824,38.866474],[1.334776,38.866506],[1.334728,38.866522],[1.33472,38.86653],[1.334699,38.866549],[1.334684,38.866579],[1.334662,38.866582],[1.334653,38.866584],[1.334628,38.866598],[1.334633,38.866619],[1.334638,38.866629],[1.33462,38.866656],[1.334613,38.86665],[1.334614,38.866649],[1.334607,38.866636],[1.334598,38.866638],[1.334595,38.866606],[1.334574,38.866583],[1.334569,38.866569],[1.334565,38.866551],[1.33454,38.866552],[1.33453,38.86656],[1.334513,38.866571],[1.334505,38.866595],[1.334524,38.866582],[1.334548,38.866567],[1.334553,38.866603],[1.334547,38.866624],[1.334561,38.866633],[1.334598,38.866638],[1.334574,38.866645],[1.334594,38.866657],[1.33462,38.866656],[1.33458,38.866695]],[[1.334611,38.866558],[1.334622,38.866567],[1.334639,38.866563],[1.334644,38.866548],[1.334634,38.866534],[1.334619,38.866539],[1.334611,38.866558]],[[1.418685,38.7819],[1.418701,38.781909],[1.418744,38.781916],[1.418745,38.781897],[1.418729,38.78189],[1.418688,38.78189],[1.418685,38.7819]],[[1.334491,38.866677],[1.334498,38.866665],[1.334495,38.866656],[1.334486,38.866658],[1.334463,38.866668],[1.334445,38.86667],[1.334443,38.866686],[1.334457,38.866686],[1.334466,38.866695],[1.334483,38.866698],[1.334491,38.866677]],[[1.418775,38.781861],[1.418791,38.781878],[1.418819,38.781862],[1.418825,38.781851],[1.418814,38.781836],[1.418782,38.781835],[1.418775,38.781861]],[[1.418519,38.782026],[1.418529,38.782039],[1.418567,38.782063],[1.418572,38.78205],[1.418557,38.782026],[1.418541,38.782001],[1.418519,38.782026]],[[1.418648,38.78197],[1.418669,38.78199],[1.418688,38.781996],[1.418707,38.781988],[1.418702,38.781973],[1.418667,38.781949],[1.418648,38.78197]],[[1.420734,38.789959],[1.420737,38.789948],[1.420724,38.789933],[1.42067,38.789922],[1.420669,38.789945],[1.420713,38.789965],[1.420734,38.789959]],[[1.367189,38.849611],[1.367206,38.849619],[1.367221,38.849605],[1.367229,38.849571],[1.36723,38.849547],[1.367221,38.849534],[1.3672,38.84956],[1.367189,38.849611]],[[1.418706,38.782041],[1.418736,38.782054],[1.418753,38.782029],[1.418767,38.781997],[1.418756,38.781982],[1.418726,38.781995],[1.418706,38.782041]],[[1.394794,38.839082],[1.394795,38.839094],[1.394815,38.839104],[1.394845,38.839095],[1.394854,38.839063],[1.394836,38.839041],[1.394807,38.839053],[1.394794,38.839082]],[[1.418317,38.782262],[1.418363,38.782284],[1.418412,38.782263],[1.418407,38.782255],[1.418378,38.782235],[1.418356,38.782232],[1.41832,38.782249],[1.418317,38.782262]],[[1.417442,38.784008],[1.417479,38.784028],[1.417496,38.784028],[1.41751,38.78402],[1.417518,38.783992],[1.417513,38.783967],[1.417483,38.783971],[1.417442,38.784008]],[[1.367286,38.849677],[1.367296,38.849712],[1.367313,38.849716],[1.367325,38.849718],[1.367337,38.8497],[1.367336,38.849671],[1.367321,38.849636],[1.367299,38.849634],[1.367286,38.849677]],[[1.427657,38.776261],[1.427673,38.776255],[1.427674,38.776231],[1.427639,38.776203],[1.427606,38.776203],[1.427579,38.776228],[1.427551,38.776242],[1.427605,38.776245],[1.427635,38.776246],[1.427657,38.776261]],[[1.409056,38.817201],[1.409081,38.817173],[1.40907,38.817157],[1.409055,38.817151],[1.409042,38.817148],[1.409006,38.817147],[1.408986,38.817149],[1.408985,38.817165],[1.40899,38.81718],[1.409023,38.817196],[1.40904,38.817205],[1.409056,38.817201]],[[1.42328,38.780527],[1.423292,38.780586],[1.423344,38.780581],[1.42334,38.780542],[1.423321,38.780512],[1.423303,38.780499],[1.423289,38.780501],[1.42328,38.780527]],[[1.39888,38.836672],[1.398912,38.836654],[1.39892,38.836625],[1.398924,38.836611],[1.398894,38.836605],[1.398861,38.836613],[1.398844,38.836633],[1.39884,38.836653],[1.398849,38.836673],[1.39888,38.836672]],[[1.423372,38.780696],[1.423383,38.780686],[1.42338,38.780671],[1.423389,38.780664],[1.423397,38.78065],[1.423387,38.780637],[1.423365,38.780626],[1.423351,38.78063],[1.423343,38.780657],[1.423321,38.780664],[1.423304,38.780682],[1.423317,38.780706],[1.423344,38.780709],[1.423372,38.780696]],[[1.421283,38.797792],[1.421286,38.797805],[1.421295,38.79781],[1.421307,38.797816],[1.421384,38.797791],[1.421412,38.797779],[1.421417,38.797762],[1.421388,38.797754],[1.421385,38.797753],[1.421341,38.797752],[1.421333,38.797756],[1.421302,38.797771],[1.421297,38.797773],[1.421283,38.797792]],[[1.427752,38.775975],[1.427758,38.776013],[1.4278,38.776027],[1.427826,38.776046],[1.427847,38.776048],[1.427875,38.776035],[1.427866,38.776005],[1.427825,38.775988],[1.427778,38.775964],[1.427752,38.775975]],[[1.400422,38.835431],[1.400461,38.835416],[1.400485,38.835399],[1.400473,38.835373],[1.400435,38.835398],[1.400419,38.835388],[1.40039,38.835375],[1.400344,38.835382],[1.400318,38.835397],[1.400325,38.835422],[1.400356,38.835445],[1.400367,38.835451],[1.400422,38.835431]],[[1.411536,38.818245],[1.411545,38.81826],[1.411573,38.818266],[1.411594,38.818275],[1.411618,38.818273],[1.411636,38.818268],[1.411651,38.818248],[1.411669,38.818243],[1.411676,38.818198],[1.411655,38.818198],[1.411612,38.818198],[1.411579,38.8182],[1.411556,38.818213],[1.411538,38.818227],[1.411536,38.818245]],[[1.399507,38.836356],[1.399513,38.836329],[1.399499,38.836303],[1.399512,38.836274],[1.399485,38.836258],[1.399446,38.836257],[1.399409,38.836268],[1.3994,38.836286],[1.399412,38.836315],[1.399443,38.83635],[1.399483,38.836357],[1.399507,38.836356]],[[1.406696,38.831899],[1.406755,38.831837],[1.406733,38.83183],[1.406677,38.831841],[1.406616,38.831856],[1.406577,38.831875],[1.406577,38.831908],[1.406607,38.831908],[1.406652,38.831911],[1.406696,38.831899]],[[1.404134,38.837967],[1.404183,38.837977],[1.40422,38.837957],[1.404254,38.837933],[1.404272,38.837943],[1.404281,38.837969],[1.404321,38.837961],[1.40434,38.837957],[1.404353,38.837941],[1.404333,38.837915],[1.4043,38.837912],[1.404243,38.83792],[1.40419,38.837908],[1.404155,38.837924],[1.404134,38.837967]],[[1.406416,38.831217],[1.406426,38.831194],[1.406344,38.831193],[1.40632,38.83122],[1.40632,38.831245],[1.406337,38.831258],[1.406356,38.831306],[1.406394,38.831325],[1.406415,38.831288],[1.406416,38.831217]],[[1.40923,38.816279],[1.409233,38.8163],[1.409261,38.816317],[1.409293,38.816335],[1.409313,38.816354],[1.40934,38.816356],[1.409354,38.816355],[1.409363,38.816338],[1.409371,38.816312],[1.409396,38.81628],[1.409343,38.816264],[1.409309,38.816264],[1.409283,38.816267],[1.40925,38.81627],[1.40923,38.816279]],[[1.418327,38.778496],[1.41834,38.778516],[1.418371,38.778521],[1.418422,38.778521],[1.418432,38.778514],[1.418472,38.778509],[1.418524,38.77851],[1.418562,38.778513],[1.41861,38.778514],[1.418645,38.778503],[1.418699,38.77848],[1.418699,38.778454],[1.418669,38.778462],[1.418622,38.778482],[1.418577,38.778479],[1.418532,38.77848],[1.418477,38.778486],[1.418424,38.778486],[1.418356,38.778485],[1.418327,38.778496]],[[1.391911,38.726772],[1.391925,38.726801],[1.391941,38.726818],[1.391962,38.726812],[1.392002,38.726794],[1.392056,38.72679],[1.392101,38.72679],[1.392136,38.726762],[1.392126,38.726727],[1.392086,38.726724],[1.392084,38.726724],[1.392078,38.726724],[1.392042,38.726731],[1.392004,38.726731],[1.391962,38.726738],[1.391911,38.726772]],[[1.412216,38.816726],[1.412226,38.816738],[1.412235,38.816744],[1.412249,38.816753],[1.412256,38.816763],[1.412282,38.816773],[1.412323,38.816778],[1.412354,38.816766],[1.412365,38.816737],[1.412418,38.816707],[1.412403,38.81669],[1.412377,38.816681],[1.412332,38.816681],[1.412296,38.816677],[1.412269,38.816676],[1.412256,38.816688],[1.412216,38.816726]],[[1.404132,38.838158],[1.404136,38.838183],[1.404136,38.838221],[1.404142,38.838256],[1.404172,38.838257],[1.404208,38.838281],[1.404215,38.838323],[1.404247,38.838337],[1.404271,38.838335],[1.404268,38.838316],[1.404251,38.838284],[1.404252,38.838251],[1.404252,38.838215],[1.40422,38.8382],[1.404197,38.838168],[1.404151,38.838142],[1.404132,38.838158]],[[1.405889,38.835066],[1.405892,38.835013],[1.405916,38.834969],[1.405936,38.83495],[1.405922,38.834876],[1.405898,38.834846],[1.405893,38.834819],[1.405871,38.834805],[1.405845,38.834812],[1.405844,38.834835],[1.40587,38.834873],[1.40587,38.834931],[1.405865,38.834977],[1.405845,38.835034],[1.405841,38.835078],[1.405865,38.835097],[1.405889,38.835066]],[[1.405501,38.871431],[1.405526,38.87137],[1.40552,38.871354],[1.40548,38.871356],[1.405437,38.87138],[1.405378,38.871413],[1.405347,38.871445],[1.405348,38.871475],[1.405382,38.871484],[1.405414,38.871485],[1.405457,38.871473],[1.405501,38.871431]],[[1.403486,38.832906],[1.403488,38.832868],[1.403456,38.832844],[1.403382,38.832836],[1.403364,38.832836],[1.403347,38.832853],[1.403334,38.832884],[1.403319,38.83291],[1.403287,38.832961],[1.403307,38.832999],[1.403328,38.833006],[1.403349,38.832966],[1.403346,38.832914],[1.403383,38.832909],[1.403447,38.832918],[1.403486,38.832906]],[[1.430226,38.774375],[1.430252,38.774404],[1.430285,38.77442],[1.430319,38.774425],[1.430341,38.774465],[1.430362,38.774506],[1.430402,38.77451],[1.430407,38.77449],[1.430381,38.77448],[1.430386,38.774438],[1.430384,38.774406],[1.430357,38.77438],[1.430352,38.774336],[1.430343,38.774306],[1.430309,38.774313],[1.430298,38.774346],[1.430251,38.774353],[1.430226,38.774375]],[[1.421931,38.791476],[1.421938,38.791534],[1.42198,38.791553],[1.422039,38.791537],[1.422084,38.791464],[1.422065,38.791431],[1.422043,38.791388],[1.421996,38.791381],[1.42197,38.791426],[1.421931,38.791476]],[[1.404375,38.816856],[1.404375,38.816878],[1.404394,38.816915],[1.404415,38.816947],[1.404437,38.816961],[1.404475,38.816963],[1.404496,38.816948],[1.404509,38.816926],[1.404536,38.816906],[1.404541,38.816886],[1.404575,38.816848],[1.404586,38.816828],[1.404588,38.816795],[1.404572,38.81677],[1.404549,38.816771],[1.404532,38.816784],[1.404532,38.816804],[1.404508,38.816809],[1.404494,38.816824],[1.404494,38.816849],[1.404479,38.816856],[1.404431,38.816853],[1.404375,38.816856]],[[1.39455,38.839201],[1.39455,38.839204],[1.394548,38.839206],[1.394551,38.839223],[1.394593,38.839227],[1.394639,38.839221],[1.394689,38.839199],[1.394723,38.83915],[1.394757,38.839103],[1.394752,38.839062],[1.394726,38.839034],[1.39468,38.839034],[1.394651,38.839055],[1.394628,38.839086],[1.394613,38.839132],[1.39455,38.839201]],[[1.405711,38.83572],[1.405719,38.835669],[1.405726,38.83561],[1.405739,38.835581],[1.405763,38.835565],[1.405787,38.835531],[1.405788,38.835498],[1.405788,38.835465],[1.405774,38.835427],[1.405765,38.835345],[1.405745,38.835363],[1.405722,38.835382],[1.405716,38.835415],[1.405724,38.835453],[1.405728,38.835491],[1.405687,38.835521],[1.405661,38.835566],[1.405664,38.835609],[1.405668,38.835645],[1.405667,38.835688],[1.405677,38.83572],[1.405711,38.83572]],[[1.405932,38.830584],[1.405941,38.830607],[1.405981,38.83063],[1.406033,38.830641],[1.406088,38.830623],[1.406155,38.830586],[1.406192,38.830585],[1.406246,38.830586],[1.406276,38.830562],[1.406282,38.830527],[1.406222,38.830511],[1.406147,38.830519],[1.406061,38.830549],[1.405986,38.830557],[1.405932,38.830584]],[[1.42955,38.775017],[1.429582,38.775041],[1.429592,38.775062],[1.429632,38.77504],[1.429659,38.775001],[1.429705,38.774984],[1.429738,38.774963],[1.429742,38.774926],[1.429751,38.774894],[1.429724,38.774885],[1.429669,38.77488],[1.4296,38.774885],[1.429544,38.774902],[1.429521,38.774937],[1.429543,38.774953],[1.429583,38.774966],[1.429576,38.774989],[1.42955,38.775017]],[[1.410923,38.818425],[1.410933,38.818478],[1.410949,38.818493],[1.410978,38.818497],[1.411007,38.818493],[1.411047,38.818472],[1.411084,38.818465],[1.41113,38.818461],[1.411172,38.818461],[1.411209,38.818449],[1.411225,38.818414],[1.411197,38.818402],[1.41116,38.818386],[1.411117,38.818377],[1.411077,38.818371],[1.411049,38.818379],[1.410981,38.818384],[1.410934,38.818403],[1.410923,38.818425]],[[1.431757,38.77187],[1.431769,38.771903],[1.431787,38.771936],[1.431815,38.771962],[1.431868,38.771961],[1.431921,38.771942],[1.431978,38.771918],[1.432021,38.77189],[1.432042,38.77186],[1.432023,38.771839],[1.431979,38.771814],[1.431926,38.771813],[1.43187,38.77182],[1.431819,38.771854],[1.431757,38.77187]],[[1.431962,38.771523],[1.43198,38.771545],[1.432028,38.771567],[1.43206,38.771591],[1.432101,38.771597],[1.432147,38.771597],[1.432179,38.771569],[1.432173,38.771547],[1.432167,38.771516],[1.432197,38.771485],[1.432239,38.771451],[1.432248,38.771409],[1.4322,38.771402],[1.432161,38.771422],[1.432104,38.77144],[1.432038,38.771472],[1.432004,38.771499],[1.431962,38.771523]],[[1.3707,38.829903],[1.37072,38.829873],[1.370733,38.829841],[1.370744,38.829819],[1.370778,38.829781],[1.370807,38.829766],[1.370827,38.82974],[1.370834,38.829709],[1.370814,38.829649],[1.370807,38.829615],[1.370779,38.829602],[1.370729,38.8296],[1.370723,38.829618],[1.370742,38.829657],[1.370717,38.82968],[1.370676,38.829702],[1.370666,38.829729],[1.370662,38.829762],[1.370661,38.829809],[1.370671,38.829874],[1.370673,38.829903],[1.3707,38.829903]],[[1.419243,38.778799],[1.419285,38.778837],[1.41932,38.778863],[1.419383,38.778863],[1.419415,38.778826],[1.419439,38.778801],[1.419472,38.778779],[1.419512,38.778748],[1.419521,38.778708],[1.419494,38.778682],[1.419445,38.778649],[1.41939,38.778661],[1.419381,38.778711],[1.419344,38.778718],[1.419299,38.778751],[1.419241,38.778747],[1.419213,38.778732],[1.419167,38.778707],[1.41911,38.778696],[1.419044,38.778664],[1.41902,38.778674],[1.419034,38.778701],[1.419049,38.778734],[1.419055,38.778764],[1.419086,38.778773],[1.4191,38.778788],[1.419128,38.778786],[1.419172,38.778796],[1.419205,38.778785],[1.419243,38.778799]],[[1.428284,38.775137],[1.42831,38.77516],[1.428352,38.775142],[1.428387,38.775113],[1.428399,38.775067],[1.428402,38.775018],[1.428417,38.77497],[1.42843,38.774947],[1.42847,38.774956],[1.428524,38.774974],[1.428571,38.774965],[1.428602,38.774928],[1.428599,38.774879],[1.428556,38.774863],[1.428469,38.774862],[1.428413,38.774864],[1.428371,38.774837],[1.428316,38.774844],[1.428256,38.77487],[1.428246,38.774911],[1.428289,38.774924],[1.428326,38.774968],[1.428323,38.775035],[1.428287,38.775094],[1.428284,38.775137]],[[1.420784,38.79231],[1.420785,38.792361],[1.42084,38.792401],[1.420897,38.792438],[1.420953,38.792426],[1.421016,38.792377],[1.421025,38.792353],[1.42104,38.792304],[1.421068,38.79226],[1.421056,38.792185],[1.421019,38.792133],[1.420947,38.792106],[1.420909,38.792137],[1.420906,38.792213],[1.420874,38.792264],[1.420784,38.79231]],[[1.430815,38.752761],[1.430827,38.752801],[1.430866,38.752838],[1.430916,38.75285],[1.430972,38.752851],[1.431045,38.752874],[1.431117,38.752904],[1.431177,38.752899],[1.431195,38.752853],[1.431147,38.752807],[1.431093,38.752764],[1.431078,38.752707],[1.431034,38.752663],[1.430965,38.752647],[1.430904,38.752677],[1.430836,38.752717],[1.430815,38.752761]],[[1.401891,38.815902],[1.40189,38.81594],[1.401923,38.815969],[1.401961,38.815957],[1.401995,38.815951],[1.402036,38.815957],[1.402084,38.815949],[1.402112,38.815941],[1.402149,38.815926],[1.402185,38.815876],[1.402182,38.815858],[1.402119,38.815849],[1.40206,38.815848],[1.402059,38.815833],[1.402085,38.815801],[1.402094,38.815795],[1.402137,38.815795],[1.402183,38.815804],[1.402227,38.815833],[1.40227,38.81583],[1.402293,38.815802],[1.402276,38.815774],[1.402236,38.815755],[1.402187,38.815754],[1.40213,38.815749],[1.402095,38.81572],[1.402058,38.81571],[1.402013,38.81572],[1.40196,38.815736],[1.40193,38.81576],[1.401916,38.815784],[1.401912,38.815855],[1.401891,38.815902]],[[1.427443,38.775947],[1.4275,38.77595],[1.427518,38.775925],[1.42752,38.775899],[1.427545,38.775878],[1.427517,38.775852],[1.427516,38.775839],[1.42755,38.775842],[1.427591,38.775871],[1.427633,38.775884],[1.427689,38.775846],[1.427724,38.775835],[1.427867,38.775841],[1.427913,38.775828],[1.427909,38.775806],[1.427842,38.7758],[1.427776,38.775795],[1.427743,38.775801],[1.427685,38.77579],[1.427664,38.775797],[1.427664,38.77581],[1.427631,38.775823],[1.427578,38.775817],[1.427526,38.775771],[1.4275,38.775788],[1.427476,38.775825],[1.427436,38.775806],[1.427411,38.775762],[1.427334,38.775758],[1.427262,38.775745],[1.427212,38.775778],[1.427171,38.775818],[1.427202,38.77586],[1.427233,38.775898],[1.427276,38.775911],[1.427344,38.775897],[1.427403,38.775907],[1.427443,38.775947]],[[1.427767,38.775455],[1.427784,38.7755],[1.427747,38.775534],[1.427707,38.775577],[1.427729,38.775607],[1.427773,38.775613],[1.42782,38.775616],[1.427834,38.775661],[1.427788,38.775699],[1.427784,38.775738],[1.42783,38.775754],[1.427879,38.775746],[1.42793,38.775711],[1.427933,38.775673],[1.427958,38.775664],[1.428005,38.775642],[1.428022,38.775595],[1.428034,38.775563],[1.428014,38.775524],[1.427959,38.775496],[1.427927,38.775442],[1.427877,38.775419],[1.427824,38.775391],[1.427768,38.775411],[1.427767,38.775455]],[[1.42862,38.775619],[1.428656,38.775597],[1.428654,38.775577],[1.428606,38.775571],[1.428585,38.775534],[1.428606,38.775501],[1.428611,38.775473],[1.428575,38.775454],[1.42856,38.775413],[1.428574,38.775376],[1.428614,38.775342],[1.428599,38.775299],[1.428567,38.775274],[1.428528,38.775272],[1.428462,38.775253],[1.428425,38.77522],[1.428323,38.77521],[1.428294,38.775227],[1.428245,38.775241],[1.428261,38.775273],[1.428313,38.775287],[1.428361,38.775291],[1.428376,38.775324],[1.428422,38.775356],[1.428461,38.775386],[1.428445,38.775418],[1.428447,38.775446],[1.428493,38.775476],[1.428461,38.775477],[1.428409,38.775458],[1.428375,38.775471],[1.428361,38.775501],[1.428368,38.775517],[1.428397,38.775534],[1.428415,38.775558],[1.428457,38.775566],[1.428496,38.775545],[1.428522,38.775552],[1.428523,38.775575],[1.42854,38.775605],[1.428577,38.775619],[1.42862,38.775619]],[[1.421165,38.792131],[1.421191,38.792193],[1.42123,38.792226],[1.421263,38.792221],[1.421297,38.792205],[1.421359,38.792204],[1.421411,38.792189],[1.421424,38.792145],[1.421449,38.792085],[1.421446,38.79203],[1.421406,38.792006],[1.421385,38.791949],[1.421383,38.791883],[1.421319,38.791867],[1.421262,38.7919],[1.421209,38.791948],[1.421152,38.791996],[1.421142,38.792068],[1.421165,38.792131]],[[1.370882,38.828688],[1.370912,38.828754],[1.370988,38.828845],[1.3711,38.828952],[1.371148,38.829001],[1.371147,38.829041],[1.371187,38.829104],[1.371232,38.829139],[1.371273,38.829168],[1.371317,38.829178],[1.371341,38.829144],[1.371345,38.829109],[1.37132,38.82904],[1.371296,38.829008],[1.371324,38.828983],[1.371281,38.828955],[1.371259,38.82891],[1.371218,38.828871],[1.371154,38.828822],[1.371147,38.828784],[1.371101,38.828773],[1.371026,38.828767],[1.370984,38.828708],[1.370938,38.828657],[1.370895,38.828636],[1.370882,38.828688]],[[1.435741,38.884968],[1.435751,38.885076],[1.435908,38.885162],[1.436096,38.885199],[1.436204,38.885142],[1.436235,38.885066],[1.436164,38.884968],[1.435961,38.884968],[1.435741,38.884968]],[[1.421464,38.79159],[1.421495,38.791646],[1.42153,38.791668],[1.421559,38.791687],[1.421677,38.791685],[1.421686,38.791668],[1.421703,38.791635],[1.421723,38.791596],[1.42178,38.791578],[1.42183,38.79154],[1.421847,38.791494],[1.421841,38.79146],[1.421815,38.79143],[1.421748,38.791416],[1.421697,38.791386],[1.421654,38.791336],[1.421571,38.791289],[1.421471,38.791291],[1.421437,38.791345],[1.42139,38.791388],[1.421398,38.791427],[1.421419,38.791476],[1.421443,38.791527],[1.421464,38.79159]],[[1.431128,38.750263],[1.431173,38.750296],[1.431227,38.750311],[1.431302,38.7503],[1.431364,38.750267],[1.431411,38.750217],[1.43147,38.750163],[1.431523,38.750132],[1.431551,38.750099],[1.431534,38.750081],[1.431502,38.750053],[1.431472,38.750025],[1.431423,38.750001],[1.431417,38.749998],[1.431347,38.749993],[1.431287,38.749994],[1.431263,38.750001],[1.431206,38.750018],[1.431133,38.750044],[1.431079,38.750068],[1.431006,38.750112],[1.430952,38.750134],[1.430894,38.750161],[1.430867,38.750197],[1.430894,38.750224],[1.430961,38.75022],[1.431051,38.750226],[1.431128,38.750263]],[[1.428836,38.775821],[1.428912,38.775822],[1.42903,38.775796],[1.429089,38.775768],[1.429107,38.775714],[1.429184,38.775687],[1.429342,38.775697],[1.429405,38.775697],[1.429418,38.775651],[1.429403,38.775584],[1.42941,38.775548],[1.429472,38.775542],[1.429521,38.775538],[1.42962,38.775539],[1.429708,38.775536],[1.429729,38.775507],[1.429687,38.775502],[1.429591,38.775508],[1.4295,38.775507],[1.429437,38.775492],[1.429384,38.775518],[1.429365,38.775553],[1.429302,38.775552],[1.429261,38.775551],[1.429232,38.775525],[1.429233,38.775493],[1.429219,38.775461],[1.429252,38.775433],[1.429271,38.775401],[1.429267,38.775359],[1.429244,38.775339],[1.429194,38.775343],[1.429126,38.775297],[1.429065,38.775279],[1.429001,38.775288],[1.428936,38.775291],[1.428932,38.775324],[1.428968,38.775338],[1.429011,38.775359],[1.429053,38.775361],[1.429104,38.775363],[1.429119,38.775392],[1.429106,38.775424],[1.429061,38.775431],[1.42901,38.77544],[1.42899,38.775479],[1.429001,38.775511],[1.428984,38.775536],[1.428963,38.775561],[1.428993,38.775589],[1.429003,38.775619],[1.428953,38.775657],[1.42894,38.775687],[1.428904,38.775715],[1.428852,38.775715],[1.428821,38.775715],[1.428762,38.775767],[1.428758,38.775782],[1.428787,38.775807],[1.428836,38.775821]],[[1.429744,38.755533],[1.429757,38.755584],[1.429787,38.755619],[1.429829,38.755658],[1.429862,38.75569],[1.429908,38.755711],[1.429959,38.755714],[1.429979,38.755735],[1.430015,38.755738],[1.430037,38.755713],[1.43008,38.755708],[1.430142,38.755709],[1.430196,38.755721],[1.430235,38.755724],[1.430279,38.755704],[1.430314,38.755688],[1.430362,38.755682],[1.43043,38.755643],[1.43046,38.75562],[1.430474,38.755602],[1.430474,38.755564],[1.430448,38.755524],[1.430415,38.755485],[1.430371,38.755467],[1.430318,38.755434],[1.430242,38.75542],[1.430186,38.755431],[1.430133,38.755448],[1.430084,38.755434],[1.430005,38.755387],[1.429934,38.755379],[1.429891,38.755412],[1.429867,38.755441],[1.429805,38.755462],[1.429757,38.755484],[1.429744,38.755533]],[[1.434959,38.885042],[1.434958,38.885241],[1.434863,38.885296],[1.434752,38.88534],[1.434797,38.885473],[1.434971,38.885534],[1.435189,38.885469],[1.435426,38.885435],[1.435464,38.88532],[1.435338,38.885155],[1.435306,38.885024],[1.435191,38.884973],[1.435037,38.884951],[1.434959,38.885042]],[[1.405796,38.871483],[1.405796,38.871521],[1.405788,38.871543],[1.405757,38.871558],[1.405689,38.871547],[1.405622,38.871546],[1.405596,38.871554],[1.405567,38.871568],[1.405565,38.871589],[1.405566,38.871609],[1.405583,38.871623],[1.405636,38.871659],[1.405686,38.871708],[1.405726,38.871751],[1.405786,38.87181],[1.405848,38.871856],[1.405921,38.871895],[1.405979,38.871903],[1.406021,38.871909],[1.406071,38.87193],[1.406104,38.87196],[1.406127,38.871986],[1.406166,38.872023],[1.406202,38.872063],[1.40623,38.872094],[1.406275,38.872126],[1.406311,38.87215],[1.406348,38.872154],[1.406414,38.872124],[1.40644,38.872109],[1.406472,38.872106],[1.406505,38.872095],[1.406532,38.872076],[1.406554,38.872048],[1.40658,38.872018],[1.406558,38.871984],[1.406564,38.871952],[1.406597,38.871925],[1.406636,38.871887],[1.406637,38.871831],[1.406637,38.871793],[1.406638,38.871732],[1.406639,38.87169],[1.406619,38.871659],[1.406586,38.871604],[1.406564,38.871564],[1.406534,38.871541],[1.406483,38.871534],[1.406426,38.87153],[1.406373,38.871501],[1.406305,38.871479],[1.406231,38.871479],[1.406074,38.871477],[1.405993,38.871472],[1.405925,38.871439],[1.405878,38.871437],[1.405846,38.871443],[1.405803,38.871461],[1.405796,38.871483]],[[1.405353,38.830603],[1.405378,38.830629],[1.405369,38.830643],[1.405293,38.830666],[1.405246,38.830674],[1.405171,38.830678],[1.405157,38.830706],[1.405216,38.830753],[1.405209,38.830801],[1.405211,38.830877],[1.405233,38.830944],[1.405277,38.830952],[1.405307,38.830918],[1.405304,38.830876],[1.405332,38.830843],[1.405364,38.830853],[1.405412,38.830854],[1.405467,38.830888],[1.405434,38.830927],[1.405405,38.830971],[1.40544,38.830997],[1.405494,38.830996],[1.405578,38.830993],[1.405655,38.831006],[1.405686,38.831],[1.405762,38.830976],[1.405818,38.830949],[1.405871,38.830926],[1.405898,38.83089],[1.405891,38.83086],[1.405837,38.830845],[1.405762,38.83085],[1.405726,38.830843],[1.405735,38.830818],[1.405692,38.830797],[1.405637,38.830783],[1.405613,38.830757],[1.405653,38.83074],[1.405704,38.830739],[1.405747,38.830713],[1.405783,38.830699],[1.405799,38.830672],[1.405801,38.830617],[1.405812,38.830579],[1.405849,38.830555],[1.405887,38.830531],[1.406022,38.830487],[1.406064,38.830461],[1.406051,38.830442],[1.406012,38.830392],[1.405944,38.830367],[1.405869,38.830365],[1.405856,38.830339],[1.405894,38.83033],[1.405941,38.83034],[1.406,38.830351],[1.406056,38.830349],[1.406099,38.830361],[1.40615,38.830373],[1.406233,38.830402],[1.406265,38.830384],[1.406305,38.830353],[1.406292,38.830324],[1.406235,38.830299],[1.406177,38.830291],[1.406133,38.830256],[1.406059,38.830252],[1.406027,38.830274],[1.406004,38.830264],[1.405978,38.830229],[1.405927,38.830226],[1.405871,38.830227],[1.40583,38.830251],[1.405818,38.830285],[1.40577,38.830313],[1.405723,38.830312],[1.40566,38.830317],[1.405623,38.830284],[1.405562,38.830274],[1.405504,38.830303],[1.405429,38.830302],[1.405421,38.830261],[1.405428,38.830229],[1.405458,38.830174],[1.405461,38.830131],[1.405412,38.830109],[1.405348,38.830139],[1.405286,38.83016],[1.405241,38.830205],[1.405204,38.830258],[1.405182,38.8303],[1.405133,38.830342],[1.405088,38.830393],[1.405099,38.830439],[1.405124,38.830479],[1.405113,38.830522],[1.405125,38.830544],[1.405206,38.830583],[1.405256,38.830594],[1.40529,38.830593],[1.405353,38.830603]],[[1.430588,38.751068],[1.430593,38.751117],[1.430583,38.751153],[1.430592,38.75119],[1.430622,38.751231],[1.430642,38.751277],[1.430642,38.751314],[1.430657,38.75136],[1.430695,38.751393],[1.430749,38.751417],[1.430809,38.751446],[1.430878,38.751467],[1.430968,38.75147],[1.431094,38.751472],[1.431171,38.751474],[1.431245,38.751456],[1.431325,38.751446],[1.431384,38.751441],[1.43144,38.75141],[1.431493,38.751364],[1.431546,38.751317],[1.431588,38.751268],[1.431605,38.751217],[1.431597,38.751157],[1.431558,38.751088],[1.431528,38.751024],[1.431485,38.750962],[1.431437,38.750933],[1.431356,38.750898],[1.431285,38.750882],[1.431199,38.750867],[1.431156,38.750866],[1.431117,38.750871],[1.43103,38.750846],[1.43092,38.750844],[1.430833,38.750851],[1.430766,38.750878],[1.430727,38.750894],[1.430659,38.750926],[1.430611,38.750973],[1.43059,38.751021],[1.430588,38.751068]],[[1.434539,38.884346],[1.434664,38.884313],[1.434824,38.884294],[1.434884,38.88417],[1.434878,38.884046],[1.434646,38.883731],[1.434498,38.883614],[1.434355,38.883582],[1.434202,38.883653],[1.43397,38.883708],[1.433902,38.883837],[1.43384,38.883963],[1.433877,38.884081],[1.434018,38.884091],[1.434046,38.884201],[1.434084,38.884283],[1.434154,38.884322],[1.434233,38.884409],[1.434375,38.884429],[1.434539,38.884346]],[[1.425521,38.77692],[1.425542,38.776942],[1.425631,38.77696],[1.425723,38.776981],[1.425745,38.776996],[1.425775,38.777005],[1.425819,38.776978],[1.425828,38.776952],[1.425801,38.776933],[1.425828,38.776914],[1.42581,38.77689],[1.425821,38.776873],[1.425876,38.776876],[1.425916,38.776889],[1.425948,38.776918],[1.425956,38.776924],[1.425986,38.776927],[1.426068,38.776906],[1.42609,38.776902],[1.426161,38.776916],[1.426243,38.776904],[1.426279,38.776873],[1.426323,38.776829],[1.426359,38.776817],[1.426416,38.776807],[1.426465,38.776809],[1.426499,38.776769],[1.426529,38.776755],[1.4266,38.776773],[1.426684,38.776778],[1.426709,38.776774],[1.426707,38.776734],[1.426726,38.776736],[1.426769,38.776735],[1.426814,38.776706],[1.426879,38.776721],[1.426914,38.776718],[1.426945,38.776656],[1.426935,38.776613],[1.426906,38.776572],[1.426953,38.776575],[1.427004,38.776597],[1.42704,38.776574],[1.427067,38.776564],[1.427119,38.776552],[1.427202,38.776517],[1.427235,38.776483],[1.427241,38.776458],[1.427261,38.776443],[1.427313,38.776427],[1.427364,38.776427],[1.427395,38.776404],[1.427382,38.776383],[1.427344,38.776387],[1.42733,38.776371],[1.427377,38.776357],[1.42742,38.776358],[1.427421,38.776334],[1.427399,38.77633],[1.427329,38.77631],[1.427311,38.776275],[1.427271,38.776224],[1.427223,38.77618],[1.427183,38.776141],[1.427119,38.776096],[1.427032,38.776071],[1.426974,38.7761],[1.426913,38.77614],[1.426858,38.776199],[1.426813,38.776262],[1.426775,38.776347],[1.426687,38.776382],[1.42662,38.776358],[1.426574,38.776344],[1.426538,38.776354],[1.426482,38.776424],[1.426503,38.776458],[1.426549,38.776487],[1.426559,38.7765],[1.426553,38.776536],[1.426485,38.776556],[1.426395,38.776544],[1.426346,38.776554],[1.426329,38.77659],[1.426319,38.776637],[1.426265,38.776643],[1.426208,38.776618],[1.426165,38.776596],[1.426147,38.776571],[1.426114,38.776551],[1.426079,38.776559],[1.426024,38.77658],[1.425971,38.776622],[1.425922,38.776631],[1.425864,38.776661],[1.425823,38.776666],[1.425798,38.776689],[1.425759,38.776734],[1.425729,38.776727],[1.425712,38.776754],[1.425676,38.776803],[1.42561,38.776815],[1.425569,38.776838],[1.425549,38.776874],[1.425521,38.77692]],[[1.406988,38.826796],[1.40699,38.826821],[1.407016,38.826851],[1.407054,38.826885],[1.407079,38.826939],[1.407081,38.826988],[1.40708,38.827018],[1.407099,38.827045],[1.407107,38.827067],[1.407121,38.827074],[1.407161,38.827099],[1.407211,38.827133],[1.407266,38.827163],[1.407276,38.82719],[1.407308,38.827223],[1.40735,38.827236],[1.407397,38.827232],[1.407453,38.82721],[1.40749,38.827209],[1.40754,38.82718],[1.407556,38.827143],[1.407589,38.827121],[1.407625,38.827122],[1.407661,38.827112],[1.407689,38.827083],[1.407708,38.82705],[1.407733,38.827024],[1.407753,38.827005],[1.407801,38.826997],[1.407827,38.827018],[1.407826,38.827058],[1.407832,38.827092],[1.407859,38.827095],[1.40789,38.827099],[1.407921,38.827079],[1.407917,38.827048],[1.407902,38.827017],[1.407893,38.82699],[1.407907,38.826973],[1.407944,38.826962],[1.407976,38.826942],[1.408003,38.826938],[1.408066,38.826904],[1.408055,38.82687],[1.408024,38.826868],[1.40799,38.826849],[1.407913,38.82686],[1.407867,38.826853],[1.407842,38.826827],[1.40784,38.826788],[1.407807,38.826753],[1.407777,38.826722],[1.407778,38.82669],[1.407778,38.826658],[1.407799,38.826609],[1.407832,38.826587],[1.407875,38.826559],[1.407916,38.826532],[1.407954,38.826526],[1.407999,38.826555],[1.40805,38.826589],[1.408077,38.826574],[1.408104,38.826533],[1.408099,38.826518],[1.408027,38.826504],[1.408001,38.826465],[1.408045,38.826465],[1.408081,38.826438],[1.408136,38.826427],[1.408172,38.826415],[1.408179,38.826387],[1.408183,38.826361],[1.408168,38.826328],[1.408186,38.826309],[1.408229,38.826302],[1.408278,38.826302],[1.408292,38.826286],[1.408223,38.826275],[1.408146,38.826254],[1.408061,38.826227],[1.407998,38.8262],[1.407936,38.82616],[1.407902,38.826142],[1.407827,38.826088],[1.407793,38.82604],[1.407758,38.825999],[1.407739,38.826],[1.407726,38.826029],[1.407702,38.826082],[1.407709,38.826129],[1.407728,38.826164],[1.407759,38.826213],[1.407766,38.826273],[1.407766,38.826335],[1.407761,38.826389],[1.407771,38.826421],[1.407788,38.82646],[1.407745,38.826494],[1.407681,38.826495],[1.407603,38.826512],[1.407551,38.826524],[1.407487,38.826523],[1.407435,38.826529],[1.40739,38.826517],[1.407337,38.826508],[1.407293,38.826526],[1.407237,38.826534],[1.407191,38.826538],[1.407152,38.826559],[1.407144,38.826586],[1.407171,38.826607],[1.407199,38.826608],[1.407247,38.826612],[1.407275,38.826632],[1.407296,38.826666],[1.407298,38.826687],[1.407284,38.826707],[1.407271,38.826712],[1.407233,38.826724],[1.407198,38.826732],[1.407125,38.82673],[1.40705,38.826745],[1.40701,38.826769],[1.406988,38.826796]],[[1.405041,38.814008],[1.405071,38.813984],[1.405101,38.813953],[1.405109,38.813933],[1.405181,38.813904],[1.405191,38.813863],[1.405168,38.813835],[1.40514,38.813791],[1.405063,38.813771],[1.405019,38.813751],[1.405002,38.813737],[1.404937,38.813734],[1.404864,38.813755],[1.404807,38.813754],[1.40473,38.81375],[1.404663,38.813764],[1.404635,38.813807],[1.404604,38.813818],[1.404533,38.813851],[1.40448,38.813851],[1.404468,38.813834],[1.404468,38.813813],[1.404441,38.813809],[1.404375,38.813821],[1.404315,38.813846],[1.404255,38.813848],[1.404209,38.813854],[1.404156,38.813886],[1.404156,38.813928],[1.404166,38.813966],[1.404108,38.813974],[1.404045,38.813976],[1.404022,38.813963],[1.403974,38.81395],[1.403927,38.813951],[1.403889,38.813975],[1.403879,38.814023],[1.403855,38.814061],[1.403776,38.814068],[1.403673,38.814089],[1.403621,38.814104],[1.403574,38.814097],[1.403527,38.814096],[1.403473,38.814093],[1.403452,38.814071],[1.40343,38.814052],[1.40343,38.814037],[1.403399,38.814025],[1.40337,38.814017],[1.403282,38.814016],[1.403217,38.814017],[1.40315,38.814028],[1.403081,38.814027],[1.403023,38.814036],[1.402954,38.814035],[1.402881,38.814034],[1.402822,38.814034],[1.402784,38.814058],[1.40273,38.814119],[1.402733,38.814162],[1.402737,38.814216],[1.402773,38.814276],[1.402819,38.814302],[1.402833,38.814351],[1.402873,38.814369],[1.402913,38.814354],[1.402914,38.814305],[1.402914,38.81426],[1.402921,38.814222],[1.402951,38.814205],[1.403002,38.814206],[1.403049,38.814203],[1.403082,38.81419],[1.403119,38.814186],[1.403158,38.814187],[1.40319,38.8142],[1.403217,38.814218],[1.403261,38.81426],[1.403269,38.814294],[1.403295,38.814308],[1.403326,38.814314],[1.403364,38.814322],[1.403373,38.814351],[1.403373,38.814386],[1.4034,38.814412],[1.403443,38.814429],[1.403483,38.81444],[1.403518,38.814454],[1.403556,38.814463],[1.403584,38.814451],[1.403627,38.814447],[1.403651,38.814451],[1.403669,38.814462],[1.403668,38.814505],[1.403667,38.814543],[1.403675,38.814576],[1.403707,38.814599],[1.403739,38.814603],[1.403768,38.81459],[1.403804,38.814568],[1.403853,38.814538],[1.403902,38.814496],[1.403924,38.814454],[1.403925,38.81442],[1.40389,38.814288],[1.403915,38.814267],[1.403973,38.814315],[1.404012,38.814344],[1.404059,38.814373],[1.404083,38.814416],[1.404102,38.814457],[1.40413,38.814461],[1.404165,38.814454],[1.404196,38.814401],[1.404204,38.814349],[1.404207,38.814315],[1.404212,38.814285],[1.404247,38.814275],[1.404296,38.814249],[1.404363,38.81424],[1.404418,38.814241],[1.404458,38.814241],[1.404485,38.814232],[1.404522,38.814212],[1.404567,38.814212],[1.404583,38.814186],[1.404567,38.814163],[1.404541,38.814137],[1.404555,38.814122],[1.404579,38.814123],[1.404594,38.814132],[1.404632,38.814148],[1.404667,38.81414],[1.40471,38.814115],[1.404755,38.814096],[1.404817,38.81411],[1.404839,38.814144],[1.404884,38.814165],[1.404914,38.814156],[1.404926,38.814103],[1.404985,38.814079],[1.405077,38.81409],[1.405095,38.814064],[1.405041,38.814008]],[[1.438641,38.888731],[1.438786,38.888688],[1.438808,38.888488],[1.438902,38.888315],[1.438963,38.888161],[1.439047,38.888032],[1.438997,38.887851],[1.438825,38.88776],[1.438675,38.887697],[1.438485,38.887611],[1.438235,38.887596],[1.438031,38.887621],[1.437893,38.887765],[1.43784,38.887905],[1.437848,38.888081],[1.437994,38.888238],[1.438254,38.888348],[1.438383,38.888384],[1.438367,38.888496],[1.438252,38.888572],[1.43828,38.88869],[1.438448,38.888736],[1.438641,38.888731]],[[1.429908,38.753808],[1.429941,38.753846],[1.429983,38.753871],[1.429995,38.753912],[1.429977,38.753951],[1.429939,38.753992],[1.429899,38.754028],[1.429857,38.75403],[1.429824,38.754061],[1.429822,38.754092],[1.429838,38.754139],[1.429866,38.754204],[1.429886,38.754261],[1.42992,38.754305],[1.429954,38.754363],[1.429952,38.75441],[1.42995,38.754453],[1.429983,38.754496],[1.430053,38.754568],[1.430128,38.754625],[1.430193,38.754663],[1.430266,38.754694],[1.430352,38.754701],[1.430435,38.754703],[1.430506,38.754704],[1.430577,38.754691],[1.430638,38.754665],[1.430678,38.754621],[1.430721,38.754591],[1.430778,38.754541],[1.430833,38.754488],[1.430869,38.754443],[1.430887,38.754385],[1.430884,38.754316],[1.430886,38.754296],[1.430888,38.754268],[1.430902,38.754216],[1.430914,38.754158],[1.430912,38.75412],[1.430931,38.754088],[1.430939,38.754044],[1.430907,38.754],[1.430904,38.753961],[1.430902,38.753935],[1.430938,38.753881],[1.43098,38.753869],[1.431021,38.753845],[1.431069,38.753804],[1.431119,38.753779],[1.431168,38.753764],[1.431212,38.753729],[1.431255,38.753687],[1.431337,38.75361],[1.43138,38.753563],[1.431371,38.753507],[1.431333,38.753464],[1.431225,38.753482],[1.431128,38.753499],[1.431085,38.753481],[1.43105,38.75344],[1.431006,38.753376],[1.430982,38.753321],[1.43094,38.753274],[1.430883,38.753261],[1.430836,38.753261],[1.430771,38.753301],[1.430708,38.753345],[1.430644,38.75335],[1.430607,38.753382],[1.430587,38.753409],[1.430525,38.753433],[1.430494,38.753419],[1.430442,38.753409],[1.430301,38.75346],[1.430213,38.753498],[1.430143,38.753529],[1.430095,38.753593],[1.430033,38.753669],[1.429976,38.753709],[1.429934,38.753751],[1.429908,38.753808]],[[1.417261,38.774974],[1.417302,38.774956],[1.417385,38.7749],[1.417458,38.774842],[1.417514,38.774789],[1.417558,38.774751],[1.41759,38.774699],[1.417616,38.774663],[1.417635,38.774627],[1.417642,38.774557],[1.417642,38.774482],[1.417635,38.774408],[1.417606,38.774338],[1.417563,38.774257],[1.417514,38.774172],[1.417475,38.774103],[1.417429,38.774057],[1.417385,38.773999],[1.417334,38.773957],[1.417329,38.773917],[1.417297,38.773872],[1.41725,38.773822],[1.417206,38.773771],[1.417159,38.773727],[1.417099,38.773692],[1.417041,38.773658],[1.416975,38.773634],[1.416912,38.773625],[1.416857,38.773603],[1.416788,38.773588],[1.41673,38.773573],[1.416654,38.773542],[1.416587,38.77355],[1.416523,38.773571],[1.416434,38.773556],[1.416338,38.773529],[1.41625,38.773522],[1.416139,38.773497],[1.416016,38.773462],[1.415959,38.773468],[1.415949,38.773474],[1.415958,38.77352],[1.415997,38.773584],[1.41602,38.773639],[1.416037,38.773696],[1.416081,38.773762],[1.416116,38.773791],[1.416167,38.773842],[1.416198,38.773916],[1.416211,38.773975],[1.416209,38.774028],[1.416211,38.77409],[1.416249,38.774136],[1.416305,38.774226],[1.416323,38.774281],[1.416343,38.774312],[1.416386,38.77433],[1.416448,38.774324],[1.416507,38.774326],[1.416535,38.774362],[1.416535,38.774401],[1.416611,38.774453],[1.416661,38.774451],[1.41671,38.774486],[1.41677,38.774534],[1.416844,38.774601],[1.416892,38.774663],[1.416932,38.774709],[1.41699,38.774732],[1.417036,38.774766],[1.417075,38.774817],[1.417101,38.774879],[1.41714,38.774921],[1.417155,38.774966],[1.417195,38.774987],[1.417261,38.774974]],[[1.40413,38.815839],[1.4041,38.815801],[1.404101,38.81576],[1.404091,38.815729],[1.404053,38.815696],[1.404033,38.815665],[1.40401,38.815652],[1.403955,38.815653],[1.403911,38.815657],[1.403848,38.815659],[1.403762,38.815658],[1.403729,38.815659],[1.403665,38.815677],[1.403579,38.815696],[1.403523,38.8157],[1.40344,38.815698],[1.403361,38.815693],[1.403288,38.815693],[1.403206,38.815722],[1.403127,38.815737],[1.403049,38.815767],[1.402962,38.815772],[1.402881,38.815775],[1.402806,38.815775],[1.402779,38.815787],[1.402776,38.815817],[1.402751,38.815827],[1.402696,38.815811],[1.402633,38.815797],[1.402568,38.815799],[1.402503,38.815793],[1.402459,38.815793],[1.402398,38.81582],[1.40237,38.815855],[1.402382,38.815872],[1.402403,38.815902],[1.402421,38.815933],[1.402455,38.815933],[1.402468,38.815913],[1.402479,38.815892],[1.402495,38.815879],[1.402518,38.815884],[1.402557,38.815907],[1.402584,38.81595],[1.402629,38.815976],[1.402625,38.816002],[1.402613,38.816028],[1.402609,38.81606],[1.402593,38.816082],[1.402569,38.816104],[1.40255,38.816115],[1.40253,38.816115],[1.402501,38.816115],[1.40246,38.816099],[1.402433,38.816072],[1.402397,38.816057],[1.40237,38.81607],[1.402356,38.816105],[1.402356,38.816125],[1.402379,38.816144],[1.40242,38.81616],[1.402465,38.816175],[1.402515,38.816199],[1.402548,38.816219],[1.402599,38.816254],[1.402652,38.816276],[1.402669,38.816295],[1.402654,38.816312],[1.402627,38.816321],[1.402595,38.816329],[1.402571,38.816345],[1.402582,38.816358],[1.40261,38.816371],[1.402678,38.816386],[1.402759,38.816397],[1.402963,38.816407],[1.403005,38.816391],[1.403053,38.816388],[1.403105,38.816404],[1.403173,38.816425],[1.403235,38.816444],[1.403277,38.81645],[1.403305,38.816443],[1.403332,38.81644],[1.403357,38.816423],[1.403361,38.816404],[1.403351,38.816403],[1.40335,38.816401],[1.403297,38.816401],[1.40325,38.81639],[1.40324,38.816376],[1.403257,38.816369],[1.403276,38.81635],[1.403315,38.816334],[1.403342,38.816335],[1.403377,38.816347],[1.403422,38.816369],[1.403457,38.816377],[1.403468,38.816364],[1.403483,38.816336],[1.403513,38.816334],[1.403527,38.816353],[1.403532,38.81638],[1.403561,38.816398],[1.403574,38.816381],[1.403601,38.81638],[1.403621,38.816393],[1.403607,38.816411],[1.403605,38.816444],[1.403611,38.816477],[1.403628,38.816491],[1.403654,38.816475],[1.403657,38.816444],[1.403665,38.816414],[1.403682,38.81641],[1.403714,38.816401],[1.40377,38.816419],[1.403799,38.816421],[1.403826,38.816426],[1.403861,38.816449],[1.403865,38.816479],[1.403885,38.816521],[1.403917,38.816516],[1.403956,38.816497],[1.403993,38.81652],[1.403992,38.816553],[1.403998,38.816594],[1.404008,38.816609],[1.404047,38.816607],[1.404067,38.816616],[1.40408,38.816645],[1.404079,38.816677],[1.404085,38.81671],[1.404108,38.816726],[1.404144,38.816727],[1.404194,38.816739],[1.4042,38.816774],[1.404235,38.81679],[1.40427,38.816819],[1.404297,38.816834],[1.4043,38.816831],[1.404308,38.816834],[1.404326,38.816805],[1.404325,38.816777],[1.404315,38.816724],[1.404332,38.816694],[1.40435,38.816695],[1.404367,38.816705],[1.404387,38.816716],[1.404406,38.816721],[1.40444,38.816715],[1.404461,38.816722],[1.404481,38.816736],[1.40452,38.816743],[1.404552,38.816732],[1.404567,38.816722],[1.404567,38.816703],[1.404546,38.816659],[1.404533,38.816611],[1.404492,38.816555],[1.404471,38.816505],[1.404472,38.816457],[1.404493,38.816419],[1.404508,38.816363],[1.404528,38.816303],[1.404536,38.816251],[1.404536,38.816201],[1.404537,38.816138],[1.40451,38.81609],[1.404476,38.816042],[1.404437,38.815998],[1.404405,38.81595],[1.404393,38.815911],[1.404358,38.815902],[1.404341,38.815889],[1.404319,38.815874],[1.404259,38.815852],[1.404193,38.81585],[1.40413,38.815839]],[[1.416911,38.794057],[1.416925,38.794123],[1.416935,38.794179],[1.416936,38.794247],[1.416868,38.794384],[1.41683,38.794482],[1.41682,38.794584],[1.416792,38.79472],[1.416804,38.794789],[1.416833,38.794847],[1.416897,38.794911],[1.417,38.794941],[1.4171,38.794963],[1.41719,38.794973],[1.417312,38.794973],[1.417416,38.794963],[1.417493,38.794932],[1.41751,38.794916],[1.417603,38.794881],[1.417661,38.794852],[1.417736,38.794784],[1.417852,38.794716],[1.417949,38.794653],[1.418026,38.794594],[1.41814,38.794517],[1.418237,38.794437],[1.418318,38.794351],[1.418368,38.794292],[1.418402,38.794244],[1.418381,38.794209],[1.418373,38.79419],[1.418407,38.794148],[1.418391,38.794118],[1.418455,38.794048],[1.418498,38.793968],[1.418535,38.793911],[1.418609,38.793897],[1.41871,38.793885],[1.418795,38.79382],[1.418841,38.793736],[1.418873,38.793657],[1.418986,38.793578],[1.419048,38.793498],[1.419096,38.793422],[1.41914,38.793395],[1.419235,38.793402],[1.41928,38.793362],[1.41933,38.793299],[1.419458,38.793177],[1.419534,38.793057],[1.419692,38.792942],[1.419841,38.792754],[1.419881,38.792663],[1.419893,38.792388],[1.419848,38.792328],[1.419789,38.792257],[1.419775,38.792188],[1.419771,38.792128],[1.419778,38.792058],[1.419812,38.791971],[1.419841,38.791912],[1.419894,38.791866],[1.419957,38.791846],[1.420006,38.791831],[1.420026,38.791782],[1.420027,38.791738],[1.420037,38.79167],[1.420037,38.791668],[1.420033,38.79162],[1.42,38.791605],[1.419913,38.791585],[1.419832,38.791564],[1.41974,38.791563],[1.419646,38.791617],[1.419561,38.791646],[1.419468,38.791655],[1.419395,38.791635],[1.419368,38.791594],[1.419369,38.791579],[1.419359,38.791545],[1.419234,38.791501],[1.419124,38.791459],[1.419077,38.791454],[1.41906,38.791488],[1.419048,38.791562],[1.419041,38.791609],[1.419046,38.791639],[1.419081,38.791663],[1.419081,38.791668],[1.41908,38.791701],[1.419044,38.791722],[1.419006,38.791717],[1.418946,38.791727],[1.41895,38.791767],[1.418912,38.791779],[1.418861,38.791775],[1.418792,38.791788],[1.418744,38.791777],[1.418626,38.791743],[1.418558,38.791755],[1.418506,38.791737],[1.41841,38.791716],[1.418351,38.791739],[1.418374,38.79177],[1.418358,38.791787],[1.418292,38.791781],[1.418268,38.791819],[1.418256,38.79186],[1.418285,38.791874],[1.418336,38.791873],[1.418375,38.791872],[1.418372,38.791899],[1.418309,38.791934],[1.418258,38.791993],[1.418149,38.792055],[1.417999,38.792109],[1.417892,38.792134],[1.417796,38.792133],[1.417736,38.792139],[1.417717,38.792195],[1.417699,38.792237],[1.417704,38.792278],[1.417673,38.792317],[1.41768,38.792367],[1.417688,38.792418],[1.417625,38.792431],[1.417475,38.792452],[1.417364,38.792485],[1.417325,38.792524],[1.41734,38.79257],[1.417384,38.792615],[1.417373,38.792633],[1.417371,38.792672],[1.417416,38.792735],[1.41746,38.792811],[1.417474,38.792888],[1.417473,38.792948],[1.417498,38.792987],[1.41755,38.793024],[1.417603,38.793087],[1.417594,38.793122],[1.417574,38.793192],[1.417594,38.793241],[1.417596,38.793301],[1.417579,38.793354],[1.417503,38.793381],[1.417487,38.793417],[1.417504,38.793459],[1.417473,38.793475],[1.41742,38.793451],[1.417379,38.793456],[1.41736,38.793486],[1.417387,38.793509],[1.41743,38.793537],[1.417419,38.793562],[1.41739,38.793567],[1.417385,38.793596],[1.417403,38.793637],[1.417431,38.79367],[1.41743,38.793723],[1.417418,38.793763],[1.417401,38.793801],[1.417376,38.793827],[1.417343,38.79383],[1.417262,38.793804],[1.417203,38.793771],[1.417138,38.793766],[1.417089,38.793769],[1.417039,38.793794],[1.416983,38.793857],[1.416953,38.793972],[1.416911,38.794057]],[[1.409808,38.81868],[1.409808,38.818728],[1.409856,38.818763],[1.409895,38.818757],[1.409942,38.818735],[1.409985,38.818739],[1.41004,38.818751],[1.41007,38.818725],[1.410089,38.818671],[1.410064,38.818632],[1.410015,38.818619],[1.409984,38.818595],[1.409992,38.818567],[1.41001,38.818542],[1.410042,38.818526],[1.410058,38.818541],[1.410089,38.818562],[1.410112,38.81854],[1.410119,38.818512],[1.410129,38.818466],[1.410167,38.818443],[1.410213,38.818425],[1.410252,38.818451],[1.410256,38.818495],[1.410297,38.818518],[1.410333,38.818501],[1.410334,38.818466],[1.410347,38.81844],[1.410359,38.818411],[1.410326,38.818392],[1.410272,38.818382],[1.410266,38.818352],[1.410311,38.818322],[1.410356,38.818322],[1.410417,38.818294],[1.410465,38.81827],[1.410497,38.818272],[1.410529,38.81829],[1.410549,38.818314],[1.410589,38.818334],[1.410647,38.81834],[1.410714,38.81832],[1.41076,38.818314],[1.410812,38.818299],[1.410826,38.818301],[1.410909,38.818297],[1.410934,38.818252],[1.410978,38.818222],[1.411005,38.818194],[1.410991,38.81817],[1.410962,38.818149],[1.410931,38.818111],[1.410931,38.818074],[1.410916,38.818046],[1.410903,38.818043],[1.410829,38.817982],[1.410826,38.817951],[1.410846,38.817917],[1.410841,38.817879],[1.410833,38.817852],[1.410827,38.817829],[1.410797,38.817796],[1.410806,38.817765],[1.41083,38.817751],[1.410868,38.817753],[1.410917,38.817755],[1.410951,38.817786],[1.41096,38.817825],[1.410957,38.817871],[1.411007,38.817891],[1.41108,38.817893],[1.411137,38.817878],[1.411204,38.817876],[1.411231,38.817854],[1.411211,38.817827],[1.411166,38.817791],[1.41112,38.81779],[1.411076,38.817771],[1.411028,38.817716],[1.411031,38.817675],[1.411061,38.817657],[1.411089,38.817618],[1.41109,38.817565],[1.411092,38.817513],[1.411074,38.817484],[1.411034,38.817451],[1.411021,38.817418],[1.41105,38.817395],[1.411077,38.817393],[1.41109,38.817387],[1.41116,38.817395],[1.411159,38.817431],[1.411181,38.817477],[1.411181,38.817524],[1.411217,38.817552],[1.411254,38.817563],[1.411289,38.817563],[1.4113,38.817538],[1.411272,38.817506],[1.411251,38.817471],[1.411207,38.817443],[1.411191,38.817413],[1.411221,38.817391],[1.411258,38.817409],[1.411288,38.817412],[1.411313,38.817411],[1.411349,38.817371],[1.411379,38.817357],[1.411423,38.817348],[1.411455,38.817324],[1.411455,38.817298],[1.411456,38.817259],[1.411457,38.817217],[1.41146,38.817187],[1.411488,38.817156],[1.411476,38.817123],[1.411439,38.817082],[1.411455,38.817062],[1.4115,38.817038],[1.41155,38.817035],[1.411614,38.817038],[1.411659,38.817035],[1.411716,38.817016],[1.411778,38.817017],[1.411804,38.817005],[1.411795,38.816974],[1.411744,38.816969],[1.411695,38.816941],[1.411654,38.816933],[1.411638,38.816908],[1.411608,38.816868],[1.411576,38.816841],[1.411516,38.816838],[1.411464,38.816836],[1.411432,38.816821],[1.411432,38.816799],[1.41146,38.816768],[1.411495,38.816748],[1.411529,38.816741],[1.411556,38.816729],[1.411558,38.816702],[1.411535,38.816696],[1.4115,38.816713],[1.411468,38.816726],[1.411442,38.816723],[1.41143,38.816687],[1.411431,38.816647],[1.411439,38.81659],[1.411461,38.816566],[1.411494,38.816534],[1.411494,38.816495],[1.411499,38.816444],[1.411516,38.816409],[1.41155,38.8164],[1.411569,38.816373],[1.411588,38.816324],[1.411623,38.816305],[1.411658,38.816273],[1.41166,38.816232],[1.411643,38.81621],[1.411612,38.816198],[1.411606,38.816152],[1.411636,38.816129],[1.411676,38.816094],[1.411692,38.816059],[1.411681,38.816004],[1.411672,38.815963],[1.411692,38.81592],[1.411703,38.815881],[1.411694,38.815843],[1.411658,38.815806],[1.411653,38.81577],[1.411663,38.815743],[1.411664,38.815695],[1.411678,38.815663],[1.411713,38.815651],[1.411742,38.815645],[1.411763,38.815643],[1.411801,38.815603],[1.411833,38.815566],[1.411859,38.815532],[1.411865,38.815487],[1.411903,38.815468],[1.411943,38.815436],[1.411931,38.815401],[1.411883,38.815394],[1.411872,38.815374],[1.41188,38.815329],[1.411896,38.815301],[1.411923,38.815303],[1.411943,38.815282],[1.411925,38.815263],[1.411917,38.815239],[1.411946,38.815212],[1.411967,38.815207],[1.411996,38.815196],[1.412007,38.815172],[1.411996,38.815122],[1.412007,38.815106],[1.412036,38.815094],[1.412035,38.815056],[1.412021,38.815025],[1.412022,38.815001],[1.412022,38.814973],[1.41198,38.814962],[1.411953,38.814937],[1.411957,38.814905],[1.411998,38.814899],[1.412014,38.81488],[1.411992,38.81484],[1.412016,38.814807],[1.412045,38.814794],[1.412089,38.814765],[1.412154,38.814759],[1.4122,38.81475],[1.41224,38.814717],[1.41225,38.814668],[1.412262,38.814662],[1.412304,38.814647],[1.412347,38.814608],[1.412388,38.814588],[1.412488,38.814547],[1.412424,38.814516],[1.412311,38.81455],[1.412274,38.814549],[1.412245,38.814496],[1.412222,38.814451],[1.412206,38.814416],[1.412188,38.814351],[1.412154,38.814319],[1.412138,38.814273],[1.412101,38.814248],[1.412044,38.814219],[1.411993,38.81421],[1.411959,38.814193],[1.411895,38.814186],[1.411866,38.814169],[1.41184,38.814134],[1.411806,38.814115],[1.4117,38.814133],[1.411651,38.814145],[1.411629,38.814134],[1.411614,38.814115],[1.411606,38.814066],[1.411584,38.814041],[1.411567,38.814018],[1.411569,38.813999],[1.411543,38.813966],[1.411498,38.813941],[1.411471,38.813913],[1.411462,38.813885],[1.411464,38.813868],[1.411473,38.813809],[1.411421,38.813787],[1.41138,38.813801],[1.411358,38.81383],[1.411334,38.813875],[1.411313,38.813899],[1.411248,38.813946],[1.411233,38.813973],[1.411241,38.813999],[1.411228,38.814029],[1.411197,38.814056],[1.411149,38.814055],[1.411113,38.814055],[1.411066,38.814083],[1.41106,38.814104],[1.411084,38.814133],[1.411086,38.814168],[1.411062,38.814204],[1.411029,38.814248],[1.411019,38.814281],[1.411019,38.814319],[1.411017,38.814356],[1.411003,38.814398],[1.410976,38.81443],[1.410939,38.814456],[1.410899,38.814487],[1.410873,38.814518],[1.410868,38.81457],[1.410835,38.81462],[1.410804,38.81467],[1.410762,38.814719],[1.410713,38.814771],[1.410692,38.814788],[1.410617,38.814845],[1.410601,38.814882],[1.410573,38.814926],[1.410525,38.814963],[1.41049,38.814979],[1.41046,38.814994],[1.410406,38.815009],[1.410372,38.815052],[1.410333,38.815101],[1.4103,38.815147],[1.410282,38.815191],[1.410245,38.815222],[1.410186,38.815244],[1.410114,38.815245],[1.410069,38.815258],[1.410029,38.815275],[1.409988,38.815319],[1.409983,38.815368],[1.409966,38.815401],[1.40993,38.81544],[1.409896,38.815469],[1.409863,38.815507],[1.409853,38.815534],[1.409853,38.81557],[1.409859,38.815607],[1.409837,38.815634],[1.409809,38.815668],[1.40978,38.815685],[1.409742,38.815707],[1.409735,38.815745],[1.409753,38.815771],[1.409773,38.815797],[1.409765,38.815839],[1.409731,38.815882],[1.409727,38.815928],[1.409701,38.81597],[1.409684,38.816006],[1.409647,38.816031],[1.409614,38.816063],[1.40959,38.816099],[1.409586,38.816129],[1.409585,38.816188],[1.409585,38.816236],[1.409578,38.816274],[1.409545,38.816294],[1.409512,38.816322],[1.409498,38.816366],[1.409514,38.816409],[1.409531,38.816446],[1.409552,38.816466],[1.40958,38.816496],[1.409608,38.816531],[1.409608,38.816568],[1.409607,38.816617],[1.4096,38.816647],[1.409578,38.816707],[1.409547,38.816743],[1.409524,38.816792],[1.409523,38.816843],[1.409527,38.816882],[1.409524,38.816906],[1.409498,38.816948],[1.409497,38.816984],[1.409485,38.81702],[1.409456,38.817038],[1.409417,38.817049],[1.409356,38.817073],[1.4093,38.817084],[1.409269,38.817092],[1.409242,38.817131],[1.409235,38.817176],[1.409251,38.817218],[1.40928,38.817258],[1.409293,38.817292],[1.409274,38.817312],[1.409232,38.817315],[1.409195,38.817315],[1.409176,38.817342],[1.409188,38.817369],[1.409188,38.817409],[1.409183,38.817457],[1.409206,38.81748],[1.409214,38.817501],[1.409192,38.817514],[1.409161,38.817521],[1.409128,38.817547],[1.40913,38.817568],[1.409143,38.817592],[1.409124,38.817623],[1.409095,38.817664],[1.40911,38.817709],[1.409148,38.817739],[1.409195,38.817766],[1.409213,38.817803],[1.409231,38.817837],[1.409279,38.817876],[1.409283,38.817914],[1.40928,38.817966],[1.409269,38.818006],[1.409254,38.818073],[1.409231,38.818116],[1.409253,38.818164],[1.409293,38.818204],[1.409328,38.818268],[1.409326,38.818319],[1.409316,38.818378],[1.409323,38.818416],[1.409374,38.818445],[1.409421,38.818492],[1.409437,38.818538],[1.409474,38.818574],[1.409497,38.818604],[1.409546,38.818625],[1.409593,38.818628],[1.409634,38.818617],[1.409676,38.818593],[1.409699,38.81858],[1.409735,38.81858],[1.409783,38.818595],[1.40981,38.818625],[1.409808,38.81868]]],[[[1.43607,38.758998],[1.436073,38.758979],[1.43607,38.758913],[1.436114,38.758887],[1.436126,38.758878],[1.436157,38.75883],[1.436173,38.758751],[1.436208,38.758684],[1.43624,38.758635],[1.436327,38.758471],[1.436353,38.758397],[1.43634,38.758315],[1.436318,38.758225],[1.436321,38.758144],[1.436307,38.758065],[1.436298,38.757986],[1.436287,38.757913],[1.436258,38.757883],[1.436242,38.757866],[1.436193,38.757794],[1.436177,38.757711],[1.436182,38.757619],[1.436193,38.75753],[1.436191,38.757428],[1.436172,38.757333],[1.436201,38.757279],[1.436245,38.75719],[1.436304,38.757119],[1.436347,38.757077],[1.436376,38.757013],[1.436409,38.756991],[1.436435,38.756961],[1.436401,38.75692],[1.436358,38.756879],[1.436342,38.756808],[1.436347,38.756736],[1.436355,38.756688],[1.436366,38.756627],[1.436443,38.756546],[1.436505,38.756545],[1.436528,38.756538],[1.436546,38.756533],[1.436605,38.756493],[1.436639,38.756436],[1.43666,38.756392],[1.436667,38.75633],[1.436715,38.75628],[1.436762,38.756268],[1.436774,38.756232],[1.436831,38.756152],[1.436896,38.756068],[1.436964,38.756006],[1.437039,38.755941],[1.437079,38.755886],[1.437098,38.755793],[1.437103,38.755735],[1.437131,38.755713],[1.437166,38.75572],[1.437193,38.755637],[1.437222,38.755578],[1.437192,38.755522],[1.437144,38.75548],[1.437069,38.755438],[1.436993,38.755391],[1.436978,38.755381],[1.436937,38.755321],[1.436921,38.755222],[1.436921,38.755221],[1.436905,38.755084],[1.436897,38.755019],[1.436882,38.754885],[1.436902,38.754702],[1.436953,38.754566],[1.437007,38.754449],[1.437011,38.754439],[1.437013,38.754425],[1.437042,38.754252],[1.437104,38.753993],[1.437135,38.753894],[1.437154,38.753788],[1.437185,38.753671],[1.437217,38.753529],[1.437235,38.753403],[1.437246,38.753318],[1.437249,38.753229],[1.437263,38.753118],[1.437293,38.753031],[1.437321,38.752925],[1.437349,38.752828],[1.437385,38.752715],[1.437413,38.752599],[1.437429,38.752516],[1.43745,38.752378],[1.437464,38.752273],[1.43747,38.752184],[1.437486,38.752103],[1.437511,38.752014],[1.437559,38.751851],[1.437594,38.751707],[1.437621,38.751558],[1.437645,38.751403],[1.437679,38.751184],[1.437731,38.750914],[1.437767,38.750797],[1.437779,38.750689],[1.437836,38.750532],[1.437884,38.75048],[1.437945,38.750443],[1.437968,38.750394],[1.437973,38.750326],[1.437932,38.750244],[1.437953,38.750031],[1.437997,38.749934],[1.438033,38.749905],[1.438088,38.749889],[1.43811,38.749866],[1.438139,38.749822],[1.438194,38.749729],[1.438206,38.749695],[1.438208,38.749614],[1.438236,38.749512],[1.438253,38.749417],[1.438262,38.749304],[1.438258,38.749242],[1.438265,38.749193],[1.438293,38.749091],[1.438337,38.749009],[1.438342,38.748915],[1.438336,38.748849],[1.438344,38.748766],[1.438377,38.748677],[1.438427,38.748554],[1.43846,38.748483],[1.438498,38.748387],[1.43857,38.748259],[1.438623,38.748153],[1.438649,38.748079],[1.438679,38.748005],[1.438685,38.747984],[1.438707,38.747905],[1.438739,38.747819],[1.438786,38.74773],[1.438846,38.747642],[1.438888,38.747591],[1.438901,38.747536],[1.438903,38.74747],[1.438902,38.747438],[1.438902,38.747419],[1.438902,38.747382],[1.438902,38.747331],[1.438913,38.747246],[1.438931,38.747117],[1.438954,38.746995],[1.438973,38.746889],[1.438999,38.74677],[1.439024,38.74666],[1.439063,38.74656],[1.439126,38.746455],[1.439136,38.746417],[1.439148,38.746368],[1.439146,38.746268],[1.439145,38.746214],[1.439145,38.746129],[1.439168,38.745987],[1.439221,38.745858],[1.439259,38.745613],[1.439347,38.745367],[1.439405,38.745234],[1.439453,38.745132],[1.439515,38.745022],[1.439524,38.744967],[1.439508,38.744845],[1.439532,38.744722],[1.439573,38.744581],[1.4396,38.744443],[1.439642,38.744284],[1.439708,38.744097],[1.439766,38.743961],[1.439839,38.743854],[1.439885,38.743784],[1.439931,38.743714],[1.440021,38.743604],[1.440098,38.743533],[1.440162,38.743493],[1.44025,38.743454],[1.440345,38.743457],[1.440456,38.743456],[1.440543,38.743481],[1.440573,38.743502],[1.440588,38.743533],[1.440585,38.743546],[1.440576,38.74357],[1.440565,38.743599],[1.440588,38.743652],[1.440648,38.743659],[1.440733,38.743632],[1.440783,38.743582],[1.44087,38.743538],[1.440909,38.743504],[1.440931,38.743461],[1.440983,38.743425],[1.441087,38.743384],[1.441137,38.743348],[1.441151,38.743316],[1.441143,38.743292],[1.441121,38.743267],[1.441078,38.743245],[1.441026,38.743247],[1.440923,38.743248],[1.440825,38.743232],[1.440674,38.743105],[1.440654,38.743082],[1.440573,38.742989],[1.440506,38.742867],[1.440483,38.74275],[1.440499,38.742601],[1.44055,38.742433],[1.44059,38.742286],[1.440638,38.742167],[1.440681,38.742018],[1.440723,38.741906],[1.440773,38.741795],[1.440829,38.741712],[1.440871,38.741649],[1.440907,38.741568],[1.440932,38.741492],[1.440953,38.741411],[1.440973,38.741291],[1.441007,38.7412],[1.441065,38.741109],[1.44114,38.741011],[1.441234,38.740923],[1.441308,38.740853],[1.441394,38.740775],[1.441482,38.740688],[1.44157,38.740638],[1.441665,38.740602],[1.441775,38.74058],[1.441865,38.740563],[1.441892,38.74057],[1.441902,38.740593],[1.441909,38.740613],[1.441921,38.740647],[1.441989,38.740654],[1.44209,38.740618],[1.44218,38.740587],[1.442227,38.740551],[1.442325,38.740539],[1.442423,38.740504],[1.44247,38.740479],[1.442484,38.740428],[1.442496,38.740383],[1.442477,38.740332],[1.442486,38.740274],[1.442468,38.740225],[1.442422,38.74021],[1.442325,38.740151],[1.442282,38.74011],[1.442241,38.740063],[1.442193,38.740061],[1.442132,38.74009],[1.442065,38.74006],[1.442,38.739965],[1.441985,38.739869],[1.441989,38.739801],[1.442031,38.739714],[1.442083,38.739661],[1.442171,38.739609],[1.442272,38.739592],[1.442356,38.739606],[1.442378,38.739623],[1.442369,38.73968],[1.442374,38.739723],[1.442447,38.739719],[1.442481,38.739671],[1.44253,38.739616],[1.442634,38.739587],[1.442728,38.73953],[1.442796,38.739469],[1.442841,38.739418],[1.442841,38.739375],[1.442831,38.739343],[1.442798,38.739313],[1.442747,38.739298],[1.442663,38.739299],[1.442605,38.739311],[1.442518,38.739353],[1.442439,38.739338],[1.442334,38.739254],[1.442289,38.739162],[1.442284,38.739072],[1.44231,38.738991],[1.442358,38.738896],[1.442452,38.738782],[1.442551,38.738706],[1.442644,38.738655],[1.442748,38.738618],[1.442865,38.738599],[1.442936,38.738598],[1.442955,38.738611],[1.442962,38.738651],[1.442984,38.738688],[1.442953,38.738734],[1.442966,38.738764],[1.443037,38.738754],[1.443103,38.73871],[1.443172,38.738674],[1.4432,38.738615],[1.443246,38.7386],[1.443371,38.738604],[1.443388,38.738593],[1.443364,38.738546],[1.443395,38.738474],[1.443387,38.738444],[1.443358,38.738388],[1.443309,38.738356],[1.443255,38.73834],[1.443195,38.738342],[1.443113,38.738352],[1.443027,38.738313],[1.442935,38.738248],[1.442908,38.738195],[1.442912,38.73811],[1.44296,38.738005],[1.443012,38.737948],[1.443067,38.737904],[1.443149,38.737868],[1.443179,38.73787],[1.443215,38.737871],[1.443343,38.737874],[1.443463,38.737843],[1.443509,38.737816],[1.443535,38.737767],[1.443567,38.737791],[1.443583,38.737823],[1.443613,38.737825],[1.443697,38.737811],[1.443801,38.737793],[1.443907,38.737768],[1.443987,38.737707],[1.444034,38.73765],[1.444144,38.737584],[1.444253,38.73753],[1.444338,38.737507],[1.444404,38.737469],[1.444495,38.737383],[1.444577,38.737334],[1.444676,38.737282],[1.444744,38.737242],[1.444778,38.737199],[1.444775,38.737167],[1.444754,38.737118],[1.444793,38.737042],[1.444832,38.737004],[1.444862,38.736963],[1.444871,38.73694],[1.444814,38.736931],[1.444762,38.736952],[1.444708,38.736926],[1.444637,38.73691],[1.444555,38.736914],[1.444495,38.736946],[1.444438,38.73693],[1.444344,38.73688],[1.444319,38.736858],[1.444279,38.736822],[1.444222,38.736798],[1.444144,38.736783],[1.444062,38.736774],[1.443991,38.736779],[1.44391,38.736745],[1.443862,38.73664],[1.443833,38.736571],[1.443843,38.73648],[1.443887,38.736401],[1.443937,38.736348],[1.443967,38.736332],[1.443994,38.73634],[1.444015,38.736381],[1.444053,38.736407],[1.444111,38.736386],[1.444149,38.736331],[1.444196,38.73628],[1.444216,38.736275],[1.444248,38.736268],[1.444268,38.736225],[1.44432,38.736215],[1.444377,38.736218],[1.444473,38.736169],[1.444555,38.736121],[1.444632,38.736041],[1.444674,38.735994],[1.444713,38.735922],[1.444722,38.735873],[1.444698,38.735809],[1.444696,38.735777],[1.444751,38.735713],[1.444793,38.73565],[1.444856,38.735603],[1.444892,38.735535],[1.444926,38.735431],[1.444956,38.735393],[1.445036,38.735379],[1.445096,38.735328],[1.445099,38.7353],[1.445149,38.735273],[1.445212,38.735231],[1.445201,38.735222],[1.445201,38.735199],[1.44524,38.735169],[1.445238,38.735099],[1.445252,38.735042],[1.445302,38.734984],[1.445346,38.73497],[1.445375,38.735006],[1.445433,38.734992],[1.445463,38.734943],[1.445504,38.734914],[1.445559,38.73492],[1.445627,38.734904],[1.445734,38.73486],[1.445789,38.734779],[1.445814,38.734737],[1.445834,38.734688],[1.44584,38.734626],[1.445803,38.734547],[1.445793,38.73446],[1.445813,38.734385],[1.44583,38.734326],[1.445848,38.734241],[1.445873,38.734207],[1.445919,38.734198],[1.44602,38.734191],[1.446085,38.734183],[1.446161,38.734209],[1.446237,38.734237],[1.44633,38.734249],[1.446398,38.734243],[1.446422,38.734237],[1.446433,38.734209],[1.446412,38.734173],[1.446372,38.73414],[1.446304,38.734125],[1.446209,38.73412],[1.446116,38.7341],[1.44609,38.734036],[1.446081,38.733921],[1.446129,38.733793],[1.446162,38.733714],[1.446185,38.733619],[1.446226,38.733604],[1.446294,38.733613],[1.446322,38.733592],[1.446326,38.733498],[1.446361,38.733473],[1.446406,38.733435],[1.446444,38.733403],[1.446526,38.733415],[1.446585,38.733453],[1.446618,38.733432],[1.446621,38.733405],[1.446673,38.733382],[1.446706,38.733335],[1.446707,38.73329],[1.446696,38.733258],[1.446678,38.733237],[1.446705,38.733211],[1.446724,38.733192],[1.446684,38.733124],[1.446639,38.733034],[1.446646,38.73297],[1.446711,38.732962],[1.446717,38.732926],[1.446693,38.732883],[1.446683,38.732836],[1.446818,38.732662],[1.446986,38.73251],[1.447094,38.732404],[1.447134,38.732426],[1.447194,38.732429],[1.447279,38.732383],[1.447358,38.732377],[1.447459,38.732343],[1.447509,38.732291],[1.447515,38.732242],[1.447546,38.732193],[1.447554,38.732165],[1.447517,38.732137],[1.447531,38.732105],[1.447582,38.732108],[1.44761,38.732095],[1.447635,38.732034],[1.447619,38.731984],[1.447576,38.731933],[1.447582,38.73191],[1.447628,38.731944],[1.447666,38.731959],[1.447737,38.731945],[1.447773,38.731877],[1.447812,38.731809],[1.447865,38.731739],[1.447857,38.731703],[1.447833,38.731632],[1.447812,38.731568],[1.447837,38.731534],[1.447873,38.731554],[1.447896,38.731599],[1.447954,38.731601],[1.448006,38.731542],[1.448058,38.731493],[1.448105,38.731445],[1.448163,38.731386],[1.448223,38.731377],[1.44828,38.731384],[1.448359,38.731379],[1.44846,38.731337],[1.448532,38.731278],[1.448588,38.731195],[1.448605,38.731127],[1.44861,38.731108],[1.448717,38.731081],[1.448818,38.731035],[1.448865,38.731003],[1.448939,38.730978],[1.448994,38.730947],[1.449005,38.73087],[1.449008,38.730859],[1.449077,38.730804],[1.449121,38.730771],[1.449111,38.730741],[1.449152,38.730694],[1.44925,38.730661],[1.449273,38.730614],[1.449314,38.730602],[1.449316,38.73064],[1.44934,38.730651],[1.449412,38.730581],[1.449451,38.73052],[1.449539,38.730469],[1.449837,38.730331],[1.450212,38.730178],[1.450509,38.730117],[1.45085,38.730085],[1.451119,38.730085],[1.451236,38.730093],[1.451391,38.730096],[1.451481,38.730093],[1.451529,38.730069],[1.45156,38.730112],[1.451584,38.730147],[1.451657,38.730158],[1.45169,38.73016],[1.451763,38.730174],[1.451781,38.730236],[1.451874,38.730243],[1.451933,38.730269],[1.451966,38.730301],[1.451976,38.730339],[1.451943,38.730382],[1.451896,38.730435],[1.451874,38.730471],[1.451906,38.730492],[1.452023,38.730461],[1.452138,38.730432],[1.452234,38.730365],[1.452279,38.730295],[1.452329,38.730206],[1.452354,38.730119],[1.452388,38.730021],[1.452422,38.729927],[1.452456,38.729834],[1.452447,38.729734],[1.452418,38.729595],[1.452419,38.729516],[1.452432,38.729414],[1.452477,38.729314],[1.452546,38.729223],[1.45259,38.729168],[1.452601,38.729155],[1.452654,38.729096],[1.452739,38.729037],[1.452848,38.728993],[1.452957,38.728966],[1.45305,38.72896],[1.453131,38.728972],[1.453199,38.728996],[1.453259,38.729017],[1.453296,38.72905],[1.453304,38.729103],[1.45327,38.729168],[1.453265,38.729179],[1.453223,38.729247],[1.453231,38.729299],[1.453281,38.729359],[1.453393,38.729402],[1.453471,38.729454],[1.45353,38.729501],[1.453608,38.729549],[1.453714,38.729584],[1.453765,38.729629],[1.453797,38.729674],[1.453815,38.729772],[1.453841,38.729836],[1.45389,38.729879],[1.453952,38.729933],[1.453989,38.729963],[1.454038,38.729983],[1.454104,38.729958],[1.454256,38.729955],[1.454298,38.729915],[1.454323,38.729844],[1.454351,38.729811],[1.454378,38.729796],[1.454465,38.729788],[1.454544,38.729825],[1.454617,38.72984],[1.454671,38.729856],[1.454712,38.72986],[1.454775,38.729831],[1.454784,38.729784],[1.454795,38.729744],[1.454853,38.729702],[1.454941,38.729649],[1.454967,38.72967],[1.45494,38.729711],[1.454947,38.72977],[1.455007,38.729809],[1.455003,38.729835],[1.455028,38.729848],[1.455096,38.729844],[1.455227,38.7298],[1.455301,38.729737],[1.455398,38.729694],[1.455433,38.729666],[1.455489,38.729625],[1.455527,38.729577],[1.455555,38.729543],[1.4556,38.729522],[1.455636,38.729487],[1.455638,38.729431],[1.455587,38.729384],[1.455569,38.729323],[1.455592,38.729279],[1.455598,38.729233],[1.455599,38.729174],[1.455602,38.729168],[1.455623,38.729135],[1.455665,38.729135],[1.455719,38.729134],[1.455759,38.729109],[1.455761,38.729071],[1.455798,38.72904],[1.455868,38.729021],[1.455909,38.729009],[1.455912,38.728956],[1.455932,38.728924],[1.455922,38.728877],[1.455864,38.728788],[1.455773,38.728752],[1.455716,38.728741],[1.455673,38.728711],[1.455615,38.728707],[1.455537,38.728714],[1.455464,38.728715],[1.455375,38.728699],[1.455313,38.72872],[1.455284,38.728752],[1.455234,38.728778],[1.455177,38.728779],[1.455099,38.728789],[1.45503,38.728765],[1.455002,38.728764],[1.454932,38.728776],[1.454877,38.728805],[1.454837,38.728832],[1.454778,38.728843],[1.454725,38.728851],[1.454685,38.728854],[1.454641,38.728853],[1.454616,38.728864],[1.45457,38.728861],[1.454507,38.72886],[1.454507,38.72886],[1.454442,38.728873],[1.454357,38.72887],[1.454295,38.728857],[1.454201,38.728784],[1.454115,38.728677],[1.454073,38.728585],[1.454044,38.728497],[1.454002,38.728371],[1.453984,38.728266],[1.453972,38.728158],[1.45396,38.728066],[1.453966,38.727991],[1.45398,38.727934],[1.454014,38.727872],[1.454047,38.727817],[1.454083,38.727762],[1.454114,38.727694],[1.454134,38.727639],[1.45417,38.727573],[1.454225,38.727503],[1.454308,38.72745],[1.454384,38.72743],[1.45445,38.727424],[1.454498,38.727441],[1.454536,38.727482],[1.45459,38.727529],[1.454622,38.727536],[1.454709,38.727532],[1.454772,38.727505],[1.454786,38.727473],[1.454768,38.727439],[1.454725,38.727415],[1.454662,38.727404],[1.454556,38.727393],[1.454437,38.727351],[1.454359,38.727302],[1.454316,38.727222],[1.454312,38.727122],[1.45433,38.727011],[1.454353,38.726894],[1.45439,38.726788],[1.454438,38.726667],[1.454472,38.726556],[1.454525,38.726448],[1.454597,38.726338],[1.454674,38.726245],[1.454795,38.726141],[1.454903,38.726055],[1.454996,38.725989],[1.455103,38.725941],[1.455226,38.725878],[1.455346,38.725843],[1.455447,38.725816],[1.455551,38.725795],[1.455655,38.725766],[1.455726,38.72572],[1.455763,38.725641],[1.455791,38.725556],[1.455872,38.72538],[1.455917,38.725246],[1.455984,38.725132],[1.456062,38.725036],[1.456075,38.725026],[1.456122,38.725002],[1.456167,38.724971],[1.456202,38.724955],[1.456257,38.724943],[1.456299,38.724935],[1.456344,38.724895],[1.456344,38.724832],[1.456339,38.72481],[1.45638,38.724794],[1.456404,38.724805],[1.456451,38.724796],[1.456511,38.724793],[1.456576,38.724772],[1.456627,38.72476],[1.456651,38.724735],[1.456692,38.7247],[1.456734,38.724678],[1.456768,38.724647],[1.456824,38.724613],[1.45686,38.724575],[1.456842,38.724548],[1.456824,38.724517],[1.45685,38.724521],[1.456921,38.724532],[1.45697,38.724549],[1.457016,38.724548],[1.457083,38.724544],[1.457155,38.724538],[1.457209,38.724514],[1.457264,38.724449],[1.457319,38.724399],[1.45738,38.724335],[1.457444,38.724275],[1.457498,38.724247],[1.457574,38.724211],[1.457621,38.724183],[1.457665,38.724124],[1.45771,38.724067],[1.457852,38.724025],[1.458081,38.723969],[1.45835,38.723971],[1.458592,38.724007],[1.458695,38.724032],[1.458787,38.724073],[1.458852,38.724122],[1.458897,38.724202],[1.458902,38.724268],[1.458892,38.724355],[1.458839,38.724463],[1.45883,38.724517],[1.458857,38.724555],[1.458903,38.724551],[1.458972,38.724516],[1.458986,38.724463],[1.45897,38.724426],[1.459015,38.724375],[1.45907,38.724335],[1.459152,38.724287],[1.459248,38.724226],[1.459275,38.7242],[1.459265,38.724179],[1.459154,38.724118],[1.459103,38.724092],[1.459116,38.724084],[1.459251,38.724158],[1.459329,38.724164],[1.459339,38.724139],[1.459353,38.724105],[1.459424,38.724099],[1.459521,38.724119],[1.459611,38.724131],[1.459698,38.724116],[1.459699,38.724061],[1.459681,38.724008],[1.459711,38.723989],[1.459809,38.723962],[1.459883,38.723937],[1.459954,38.723916],[1.460006,38.723874],[1.460059,38.723817],[1.460138,38.723802],[1.460211,38.723781],[1.460185,38.723702],[1.460202,38.723632],[1.460216,38.723602],[1.460231,38.72353],[1.46025,38.723517],[1.46028,38.723548],[1.460304,38.723548],[1.460316,38.723492],[1.460365,38.723467],[1.460436,38.723446],[1.460501,38.72346],[1.460545,38.723479],[1.46055,38.723511],[1.460547,38.723543],[1.460532,38.723586],[1.460545,38.723682],[1.460567,38.723671],[1.460559,38.723603],[1.460592,38.723612],[1.460676,38.723649],[1.460762,38.723724],[1.46081,38.723761],[1.460862,38.723787],[1.46091,38.723769],[1.461001,38.72373],[1.461127,38.723729],[1.461173,38.723733],[1.461241,38.723731],[1.461314,38.723691],[1.461376,38.723677],[1.461412,38.723702],[1.461469,38.723718],[1.461534,38.723689],[1.461582,38.723706],[1.461601,38.723747],[1.461676,38.723734],[1.46171,38.723683],[1.461736,38.723629],[1.461823,38.723603],[1.461864,38.723566],[1.461918,38.72355],[1.461981,38.723564],[1.46215,38.72358],[1.462221,38.723588],[1.462281,38.723566],[1.462293,38.723495],[1.462326,38.72347],[1.462412,38.723482],[1.462481,38.723472],[1.46267,38.723501],[1.462732,38.723507],[1.462811,38.72348],[1.46284,38.723426],[1.462813,38.723399],[1.462776,38.723338],[1.462765,38.723303],[1.462808,38.723286],[1.462827,38.723237],[1.462783,38.723216],[1.462694,38.723193],[1.46268,38.723137],[1.462705,38.723088],[1.462758,38.723066],[1.462805,38.723064],[1.462822,38.722987],[1.462813,38.722928],[1.46277,38.722856],[1.462761,38.722813],[1.462821,38.722797],[1.46289,38.722777],[1.462939,38.722744],[1.463017,38.722739],[1.463083,38.722741],[1.463139,38.722742],[1.463182,38.722752],[1.463204,38.72278],[1.463232,38.722771],[1.46326,38.722748],[1.463267,38.722777],[1.463289,38.722814],[1.463302,38.72286],[1.46332,38.722892],[1.463349,38.722934],[1.463391,38.722951],[1.463456,38.722919],[1.463496,38.722884],[1.463539,38.722846],[1.463532,38.722795],[1.4635,38.722711],[1.463499,38.722673],[1.463537,38.722661],[1.463581,38.722657],[1.463619,38.722626],[1.46363,38.722594],[1.463676,38.722559],[1.463754,38.72256],[1.463855,38.722593],[1.463931,38.722652],[1.463994,38.722744],[1.464065,38.722816],[1.464125,38.722839],[1.464162,38.722798],[1.464218,38.722823],[1.464202,38.722863],[1.464194,38.722912],[1.464276,38.722915],[1.46437,38.722918],[1.46445,38.722959],[1.46446,38.723017],[1.464492,38.723069],[1.464597,38.723123],[1.464678,38.723167],[1.464729,38.723145],[1.464737,38.723092],[1.46473,38.723017],[1.464732,38.722946],[1.464724,38.722861],[1.464732,38.722813],[1.464763,38.722781],[1.464774,38.722731],[1.464713,38.722715],[1.464689,38.722681],[1.46466,38.722656],[1.464505,38.722599],[1.464453,38.72256],[1.464433,38.722541],[1.464629,38.722574],[1.464707,38.722582],[1.464738,38.722535],[1.464799,38.722522],[1.464941,38.722545],[1.465004,38.722589],[1.465066,38.722635],[1.465161,38.722688],[1.465245,38.722721],[1.465336,38.722776],[1.46538,38.722828],[1.465425,38.722885],[1.465523,38.722929],[1.465653,38.722983],[1.465685,38.722989],[1.465713,38.723018],[1.465696,38.723062],[1.465678,38.723079],[1.465735,38.723184],[1.465826,38.723315],[1.465869,38.723408],[1.465913,38.723463],[1.465968,38.723509],[1.466087,38.72359],[1.466217,38.723638],[1.466423,38.723764],[1.46651,38.723833],[1.466632,38.723915],[1.466743,38.723993],[1.466926,38.724149],[1.467028,38.724202],[1.46719,38.724273],[1.46728,38.724339],[1.467328,38.724383],[1.467477,38.72442],[1.467642,38.724488],[1.467722,38.724558],[1.467893,38.724663],[1.467968,38.724757],[1.468145,38.724887],[1.468302,38.724989],[1.468424,38.725068],[1.468568,38.725141],[1.468707,38.72522],[1.468826,38.725302],[1.468891,38.725376],[1.46903,38.725483],[1.469159,38.725562],[1.469232,38.72562],[1.469332,38.725701],[1.469401,38.725761],[1.469485,38.725803],[1.469546,38.725796],[1.46962,38.725828],[1.469781,38.725913],[1.469933,38.726066],[1.469977,38.726157],[1.469992,38.726188],[1.470003,38.726275],[1.470028,38.726365],[1.470086,38.726448],[1.470187,38.726509],[1.470345,38.726574],[1.470409,38.726587],[1.470513,38.726618],[1.470599,38.726658],[1.470718,38.726732],[1.470753,38.726762],[1.470769,38.726792],[1.47077,38.726805],[1.470775,38.726835],[1.470761,38.726876],[1.470727,38.726897],[1.470639,38.726932],[1.470564,38.727011],[1.470558,38.72707],[1.470598,38.727146],[1.47074,38.727253],[1.470959,38.727373],[1.471291,38.727463],[1.47138,38.727486],[1.471475,38.727489],[1.471578,38.72753],[1.471627,38.727571],[1.471978,38.72771],[1.472029,38.727757],[1.472221,38.727931],[1.472295,38.72798],[1.472385,38.728011],[1.472565,38.728137],[1.47264,38.728168],[1.472695,38.728162],[1.472719,38.728105],[1.472693,38.72802],[1.472628,38.727948],[1.4725,38.727836],[1.472441,38.727677],[1.472429,38.727591],[1.472352,38.727476],[1.472306,38.727386],[1.472271,38.727291],[1.472244,38.72719],[1.47218,38.727122],[1.472127,38.72704],[1.472058,38.72695],[1.472075,38.726918],[1.47213,38.726892],[1.472134,38.726816],[1.472139,38.726767],[1.472156,38.726734],[1.472142,38.726674],[1.472094,38.726613],[1.472008,38.726571],[1.471986,38.726564],[1.471889,38.726478],[1.471776,38.726358],[1.471646,38.726196],[1.471541,38.726032],[1.47149,38.725961],[1.471459,38.725843],[1.471418,38.72576],[1.471333,38.725644],[1.471293,38.725615],[1.471212,38.725541],[1.471158,38.725523],[1.471127,38.725502],[1.471031,38.725371],[1.470937,38.725184],[1.470912,38.72513],[1.470905,38.72505],[1.470885,38.724962],[1.470789,38.724683],[1.470741,38.724592],[1.470687,38.724411],[1.470714,38.724217],[1.470732,38.724098],[1.470792,38.72398],[1.47085,38.723812],[1.470899,38.723659],[1.470905,38.723532],[1.470919,38.723417],[1.47096,38.72335],[1.470949,38.723272],[1.470972,38.723204],[1.471064,38.723163],[1.471174,38.723127],[1.471231,38.723135],[1.471255,38.723094],[1.471235,38.722989],[1.471144,38.722876],[1.471063,38.722695],[1.47099,38.722629],[1.470896,38.722461],[1.470843,38.722331],[1.470805,38.722216],[1.470737,38.722056],[1.470689,38.721889],[1.4707,38.721844],[1.470766,38.721891],[1.470818,38.721885],[1.470786,38.72183],[1.470725,38.721769],[1.470717,38.721684],[1.470718,38.721664],[1.470724,38.72157],[1.470769,38.721534],[1.470848,38.721555],[1.470923,38.721558],[1.471013,38.721551],[1.471069,38.721536],[1.471082,38.721509],[1.471048,38.721457],[1.47098,38.721322],[1.470943,38.721291],[1.470899,38.721303],[1.470863,38.721305],[1.470806,38.721265],[1.470749,38.721189],[1.470763,38.721145],[1.470813,38.721146],[1.470851,38.721081],[1.470865,38.72103],[1.470777,38.720986],[1.470709,38.72095],[1.470675,38.7209],[1.470678,38.720827],[1.4707,38.720764],[1.470753,38.720712],[1.470915,38.720587],[1.470845,38.72051],[1.470838,38.72046],[1.470998,38.720321],[1.47104,38.720269],[1.471032,38.720198],[1.471034,38.720115],[1.470988,38.72008],[1.470964,38.720004],[1.470949,38.719933],[1.470952,38.719923],[1.470975,38.719856],[1.471032,38.719826],[1.471055,38.719862],[1.471106,38.719886],[1.471111,38.719889],[1.471163,38.719881],[1.471215,38.71982],[1.507222,38.719889],[1.472222,38.7535],[1.43616,38.758984],[1.43607,38.758998]],[[1.459884,38.725835],[1.459931,38.72583],[1.459971,38.725799],[1.459981,38.725741],[1.459956,38.72574],[1.459912,38.725751],[1.459848,38.725774],[1.459785,38.725774],[1.459744,38.725793],[1.459744,38.725809],[1.45978,38.725818],[1.459805,38.725818],[1.459884,38.725835]],[[1.459566,38.725985],[1.459569,38.726019],[1.45959,38.726057],[1.45963,38.726076],[1.459654,38.726072],[1.459666,38.726038],[1.45968,38.72601],[1.459705,38.725997],[1.459723,38.725969],[1.45967,38.725921],[1.45964,38.72592],[1.459603,38.725923],[1.459581,38.72594],[1.459566,38.725985]],[[1.458567,38.726391],[1.458613,38.726408],[1.458656,38.72641],[1.458771,38.726388],[1.458864,38.726367],[1.458891,38.726333],[1.458881,38.726291],[1.458824,38.726275],[1.458747,38.726317],[1.458695,38.72634],[1.458619,38.726346],[1.458581,38.726361],[1.458567,38.726391]],[[1.460066,38.724492],[1.460104,38.724495],[1.460132,38.724465],[1.460119,38.72442],[1.460109,38.724375],[1.460144,38.72435],[1.460134,38.724322],[1.460055,38.724305],[1.460017,38.724304],[1.459962,38.724353],[1.459882,38.724399],[1.459827,38.724435],[1.459868,38.724467],[1.459917,38.724457],[1.459971,38.72446],[1.459996,38.724432],[1.459996,38.724411],[1.460046,38.724405],[1.460064,38.724428],[1.460061,38.72445],[1.460066,38.724492]],[[1.452444,38.731453],[1.452516,38.731442],[1.452534,38.731395],[1.452469,38.731345],[1.452476,38.73131],[1.45251,38.731274],[1.452507,38.731229],[1.452475,38.731188],[1.452433,38.731181],[1.45238,38.731198],[1.452368,38.731227],[1.452319,38.731267],[1.452272,38.731308],[1.452273,38.731355],[1.452307,38.731404],[1.452367,38.731437],[1.452444,38.731453]],[[1.456873,38.728607],[1.456903,38.728611],[1.456922,38.728571],[1.456931,38.728516],[1.456934,38.728469],[1.456862,38.728415],[1.456843,38.728372],[1.456881,38.728353],[1.456928,38.72836],[1.456977,38.728316],[1.456999,38.728295],[1.456983,38.728269],[1.456948,38.728252],[1.456858,38.728232],[1.456793,38.728208],[1.456753,38.728207],[1.456695,38.728245],[1.456673,38.728277],[1.456669,38.728354],[1.456701,38.728377],[1.456755,38.728423],[1.456755,38.728461],[1.456749,38.728478],[1.456732,38.728518],[1.456718,38.728552],[1.456721,38.72858],[1.456742,38.728604],[1.456775,38.728602],[1.456794,38.728594],[1.456827,38.728581],[1.456857,38.728581],[1.456873,38.728607]],[[1.459509,38.72487],[1.459547,38.724878],[1.459571,38.724874],[1.459583,38.724827],[1.4596,38.724774],[1.459639,38.724734],[1.459639,38.724696],[1.459656,38.724636],[1.459684,38.724579],[1.45975,38.724535],[1.459813,38.724522],[1.459832,38.724503],[1.459814,38.724454],[1.459781,38.724411],[1.459752,38.724383],[1.459711,38.724394],[1.459678,38.724417],[1.459635,38.724399],[1.459594,38.724378],[1.45952,38.724409],[1.459424,38.724485],[1.459391,38.724498],[1.459358,38.724536],[1.459382,38.724606],[1.459388,38.724713],[1.459358,38.724751],[1.459368,38.724811],[1.45942,38.724828],[1.459458,38.724809],[1.459488,38.724833],[1.459509,38.72487]],[[1.456558,38.7264],[1.456574,38.726359],[1.456611,38.726323],[1.456685,38.7263],[1.456748,38.726282],[1.456828,38.726282],[1.456852,38.726292],[1.456871,38.726338],[1.456884,38.72637],[1.456922,38.726388],[1.456984,38.726394],[1.457077,38.72637],[1.457133,38.726349],[1.457188,38.726315],[1.457224,38.726283],[1.45725,38.726246],[1.45725,38.726218],[1.457244,38.72619],[1.457202,38.726169],[1.457123,38.726165],[1.457054,38.726161],[1.456985,38.726124],[1.456919,38.7261],[1.456817,38.726098],[1.456754,38.726107],[1.456686,38.72612],[1.456611,38.726139],[1.45654,38.72615],[1.456473,38.726139],[1.456426,38.72611],[1.456384,38.726085],[1.456309,38.726071],[1.45623,38.726075],[1.45616,38.726091],[1.456084,38.726144],[1.456022,38.726169],[1.455961,38.726206],[1.455949,38.726244],[1.455953,38.726288],[1.45598,38.726323],[1.456011,38.726352],[1.456024,38.726395],[1.45603,38.72643],[1.456056,38.726445],[1.456099,38.726434],[1.456147,38.726429],[1.456173,38.726447],[1.456165,38.726474],[1.456164,38.726515],[1.45618,38.726527],[1.456221,38.7265],[1.456262,38.726469],[1.456296,38.726466],[1.456344,38.726488],[1.456383,38.7265],[1.456432,38.726508],[1.456494,38.726518],[1.456539,38.726539],[1.456589,38.726535],[1.456633,38.726531],[1.456665,38.726544],[1.456664,38.72652],[1.456644,38.726486],[1.456621,38.726458],[1.456567,38.72643],[1.456558,38.7264]],[[1.452509,38.730764],[1.452558,38.730805],[1.452596,38.730835],[1.452587,38.730867],[1.452586,38.730937],[1.452651,38.730969],[1.452738,38.730951],[1.452804,38.730926],[1.452873,38.730858],[1.45289,38.730799],[1.452901,38.730763],[1.452926,38.730709],[1.453004,38.730631],[1.453056,38.730585],[1.453111,38.73057],[1.453143,38.730588],[1.453184,38.73056],[1.45322,38.730528],[1.453251,38.730458],[1.453263,38.730386],[1.453305,38.73029],[1.453306,38.73022],[1.453292,38.730205],[1.453227,38.730183],[1.453162,38.730151],[1.453223,38.730057],[1.45327,38.730021],[1.453262,38.730002],[1.453222,38.729993],[1.453126,38.73004],[1.453087,38.730067],[1.45301,38.730135],[1.452994,38.730113],[1.453008,38.730058],[1.452984,38.730051],[1.452935,38.730083],[1.45291,38.730121],[1.452863,38.730118],[1.452804,38.730116],[1.452776,38.730145],[1.452743,38.730175],[1.452682,38.730221],[1.452627,38.730302],[1.452585,38.730372],[1.452521,38.730465],[1.452482,38.730576],[1.452515,38.730732],[1.452509,38.730764]]],[[[1.384343,38.644036],[1.384644,38.643338],[1.384661,38.643379],[1.384671,38.6434],[1.384677,38.643411],[1.384683,38.643419],[1.384692,38.643428],[1.384702,38.643438],[1.384718,38.643451],[1.384761,38.643487],[1.384767,38.643494],[1.38477,38.643498],[1.384774,38.643505],[1.384781,38.643519],[1.384785,38.643523],[1.384795,38.643534],[1.384813,38.64355],[1.384824,38.643562],[1.38483,38.64357],[1.384835,38.643579],[1.384836,38.643581],[1.384841,38.643593],[1.384844,38.643603],[1.384847,38.643618],[1.384848,38.643628],[1.384851,38.643652],[1.38485,38.643654],[1.384846,38.643658],[1.384844,38.64366],[1.384836,38.643663],[1.384828,38.643666],[1.384819,38.643667],[1.384806,38.643669],[1.384776,38.643671],[1.384722,38.643677],[1.384717,38.643678],[1.384708,38.643682],[1.3847,38.643686],[1.384693,38.643692],[1.384689,38.643698],[1.384685,38.643705],[1.384683,38.643712],[1.384681,38.64372],[1.384681,38.64373],[1.384682,38.643741],[1.384684,38.643755],[1.384689,38.643775],[1.38469,38.643779],[1.384709,38.643849],[1.384713,38.643861],[1.38472,38.643876],[1.384733,38.643902],[1.384768,38.643972],[1.384777,38.643996],[1.384788,38.644045],[1.384734,38.644062],[1.384655,38.64406],[1.384605,38.644046],[1.38456,38.644018],[1.384492,38.644021],[1.384389,38.64404],[1.384343,38.644036]]],[[[1.38543,38.641541],[1.385431,38.641549],[1.385434,38.641559],[1.385437,38.641568],[1.385445,38.641584],[1.385453,38.641603],[1.385453,38.641604],[1.385463,38.641641],[1.385468,38.641667],[1.38547,38.641677],[1.385472,38.641691],[1.385472,38.641692],[1.38547,38.641706],[1.385468,38.641723],[1.385465,38.641734],[1.385461,38.641744],[1.385458,38.641748],[1.385455,38.64175],[1.385449,38.641752],[1.385441,38.641754],[1.385426,38.641758],[1.385423,38.64176],[1.385421,38.641762],[1.385415,38.641769],[1.385409,38.641778],[1.385407,38.641784],[1.385407,38.641789],[1.385407,38.64179],[1.385408,38.6418],[1.385411,38.641812],[1.385412,38.641827],[1.385412,38.641838],[1.385411,38.641844],[1.385408,38.641849],[1.385405,38.641854],[1.385399,38.641858],[1.385394,38.641862],[1.385391,38.641863],[1.38538,38.641867],[1.385366,38.641871],[1.385354,38.641874],[1.385341,38.641877],[1.385327,38.641881],[1.385324,38.641883],[1.385321,38.641886],[1.385319,38.641889],[1.385319,38.641892],[1.38532,38.641896],[1.385322,38.641902],[1.385323,38.641911],[1.385325,38.641931],[1.385324,38.641935],[1.385322,38.641938],[1.385317,38.641944],[1.385313,38.641947],[1.385306,38.64195],[1.385298,38.641952],[1.38529,38.641953],[1.38528,38.641952],[1.385267,38.641951],[1.385254,38.641948],[1.385244,38.641946],[1.385429,38.641517],[1.38543,38.641541]]],[[[1.38476,38.643076],[1.384765,38.643081],[1.384767,38.643084],[1.384776,38.643097],[1.384787,38.643116],[1.384812,38.643156],[1.384814,38.643159],[1.384818,38.643163],[1.384822,38.643165],[1.384831,38.643169],[1.384841,38.643175],[1.384842,38.643175],[1.384849,38.643183],[1.384854,38.643189],[1.384857,38.643194],[1.384859,38.6432],[1.384859,38.643204],[1.384858,38.643208],[1.384856,38.643211],[1.384856,38.643211],[1.384847,38.643217],[1.384839,38.64322],[1.384831,38.643222],[1.384822,38.643223],[1.384812,38.643224],[1.384799,38.643223],[1.384786,38.64322],[1.384773,38.643217],[1.384761,38.643213],[1.38475,38.643208],[1.384741,38.643202],[1.384741,38.643202],[1.384715,38.643182],[1.384712,38.64318],[1.384758,38.643073],[1.38476,38.643076]]],[[[1.385471,38.641419],[1.385472,38.641417],[1.385474,38.641419],[1.385471,38.641419]]]]},"properties":{"featureId":"rm-reserva-marina-dels-freus-d-eivissa-i-formentera--reserva-marina--autonomica--01","zoneId":"rm-reserva-marina-dels-freus-d-eivissa-i-formentera--reserva-marina--autonomica","fuente":"reservas-marinas","fuenteTitulo":"Reservas marinas","nombre":"Reserva Marina dels Freus d'Eivissa i Formentera","proteccion":"Reserva marina","competencia":"Autonòmica","isla":["eivissa","formentera"],"areaKm2":120.3738,"normas":[{"titulo":"Norma no especificada en el servicio oficial","fecha":null,"url":"https://www.caib.es/sites/reservesmarines/ca/plano_de_situacion_y_zonificacion-872/","tipo":"creacion","origen":"ideib"}],"objectIdOrigen":3213}},{"type":"Feature","geometry":{"type":"Polygon","coordinates":[[[1.491389,38.810167],[1.463889,38.810167],[1.474027,38.797418],[1.474028,38.797417],[1.474043,38.797463],[1.474081,38.797481],[1.474165,38.797499],[1.474234,38.797524],[1.474282,38.797531],[1.474334,38.797532],[1.474358,38.797549],[1.474397,38.797543],[1.474436,38.79754],[1.474466,38.797561],[1.474485,38.797613],[1.47449,38.797656],[1.474493,38.797695],[1.474468,38.797732],[1.474402,38.797772],[1.474346,38.797775],[1.474303,38.797791],[1.474272,38.797807],[1.474229,38.797793],[1.47418,38.797785],[1.47412,38.797785],[1.474083,38.797788],[1.474074,38.797824],[1.474142,38.797855],[1.474183,38.797889],[1.474219,38.797939],[1.474231,38.798035],[1.474246,38.798094],[1.474313,38.798132],[1.474358,38.798142],[1.474359,38.798197],[1.474343,38.798222],[1.474386,38.798256],[1.474366,38.798298],[1.474329,38.798314],[1.474322,38.798347],[1.474298,38.798393],[1.474259,38.798417],[1.474168,38.798415],[1.474078,38.798412],[1.474031,38.79842],[1.474014,38.798445],[1.474063,38.79848],[1.474118,38.798509],[1.474138,38.798539],[1.474136,38.798562],[1.474192,38.798589],[1.474247,38.798652],[1.47427,38.798707],[1.474238,38.798717],[1.474193,38.798705],[1.474158,38.798686],[1.474115,38.79871],[1.474084,38.798724],[1.474043,38.798729],[1.474015,38.798755],[1.474038,38.798807],[1.474035,38.798852],[1.474009,38.798873],[1.473993,38.798901],[1.473994,38.798971],[1.474005,38.798984],[1.474016,38.798998],[1.474037,38.799009],[1.474054,38.799018],[1.474054,38.799018],[1.474082,38.799034],[1.474118,38.799053],[1.474124,38.799094],[1.474098,38.799116],[1.474086,38.799148],[1.474115,38.799216],[1.474134,38.799261],[1.474178,38.799301],[1.474205,38.799331],[1.474222,38.799387],[1.474203,38.799415],[1.474203,38.79945],[1.474266,38.799489],[1.474284,38.799489],[1.474299,38.799467],[1.474334,38.799471],[1.474365,38.799521],[1.474374,38.799596],[1.474347,38.79962],[1.47434,38.799648],[1.474379,38.799692],[1.474392,38.799729],[1.474427,38.799754],[1.47447,38.799747],[1.474472,38.799722],[1.474499,38.799708],[1.474542,38.799724],[1.474556,38.799768],[1.474611,38.799802],[1.474656,38.79981],[1.474676,38.799784],[1.474688,38.799763],[1.474665,38.799738],[1.474671,38.799721],[1.474691,38.799736],[1.474698,38.79974],[1.474717,38.799763],[1.47472,38.799785],[1.474734,38.799809],[1.474756,38.799817],[1.474739,38.799844],[1.474737,38.799877],[1.474737,38.799907],[1.474747,38.799939],[1.474805,38.799955],[1.474841,38.799987],[1.474862,38.800008],[1.474871,38.800018],[1.474871,38.800092],[1.474891,38.800151],[1.47489,38.800203],[1.47489,38.800247],[1.47491,38.800274],[1.474944,38.800289],[1.474989,38.800284],[1.474999,38.800262],[1.474993,38.800241],[1.475028,38.800233],[1.475065,38.800232],[1.475103,38.800231],[1.475131,38.80024],[1.475172,38.800245],[1.475202,38.800266],[1.475224,38.800296],[1.475255,38.800342],[1.475299,38.800389],[1.475337,38.800418],[1.47541,38.800474],[1.475467,38.800552],[1.475504,38.800613],[1.475531,38.80066],[1.475557,38.800681],[1.47561,38.800758],[1.475627,38.800793],[1.475634,38.800832],[1.47562,38.800841],[1.475637,38.800894],[1.475664,38.800981],[1.475688,38.801],[1.475708,38.801009],[1.475713,38.801075],[1.475747,38.801152],[1.475739,38.801206],[1.475731,38.80125],[1.475753,38.801305],[1.475805,38.801364],[1.475828,38.801413],[1.475827,38.801463],[1.475826,38.801532],[1.475867,38.801569],[1.475918,38.801587],[1.475962,38.801645],[1.476003,38.801723],[1.476019,38.801787],[1.47606,38.80186],[1.476102,38.801928],[1.476147,38.802037],[1.476182,38.802111],[1.476198,38.802164],[1.476227,38.802214],[1.476263,38.80224],[1.476296,38.80226],[1.476323,38.802322],[1.476344,38.802401],[1.47638,38.802468],[1.476389,38.802534],[1.476414,38.802592],[1.476474,38.802677],[1.476509,38.802752],[1.476536,38.802842],[1.47655,38.802921],[1.476549,38.802986],[1.476527,38.803027],[1.476514,38.803087],[1.476524,38.803158],[1.47654,38.803229],[1.476513,38.803264],[1.476511,38.803312],[1.476521,38.803356],[1.476541,38.803423],[1.476592,38.803478],[1.47666,38.803531],[1.47671,38.803578],[1.476781,38.80366],[1.476844,38.803695],[1.476905,38.803743],[1.476934,38.803789],[1.476964,38.803838],[1.477021,38.803931],[1.477072,38.804037],[1.477083,38.80409],[1.477075,38.804125],[1.47707,38.80416],[1.477067,38.804222],[1.477053,38.804281],[1.477027,38.80432],[1.476998,38.804336],[1.476984,38.804383],[1.477008,38.804449],[1.477015,38.804497],[1.477046,38.804524],[1.477075,38.804505],[1.477088,38.804487],[1.477133,38.804488],[1.477149,38.804513],[1.477207,38.80455],[1.477257,38.804596],[1.477296,38.804649],[1.477299,38.804697],[1.477297,38.80475],[1.477316,38.804795],[1.477333,38.804844],[1.47736,38.80489],[1.477414,38.804909],[1.4775,38.804941],[1.477548,38.804949],[1.477577,38.804952],[1.477602,38.804997],[1.477633,38.805016],[1.477646,38.804997],[1.477687,38.805005],[1.477777,38.805093],[1.477831,38.805091],[1.477861,38.805079],[1.477848,38.805049],[1.477887,38.805028],[1.477915,38.805016],[1.477955,38.805028],[1.477997,38.805023],[1.478151,38.804989],[1.478322,38.804956],[1.478391,38.804955],[1.478403,38.804977],[1.478447,38.804975],[1.478484,38.804963],[1.478533,38.80495],[1.478555,38.804915],[1.478599,38.804874],[1.478608,38.80482],[1.478584,38.804779],[1.478527,38.804724],[1.478453,38.804682],[1.478426,38.804657],[1.478399,38.804575],[1.478397,38.804544],[1.478397,38.804502],[1.478365,38.804453],[1.478333,38.804417],[1.478291,38.804409],[1.478251,38.804384],[1.478234,38.804347],[1.478206,38.804322],[1.478177,38.804292],[1.478155,38.804248],[1.478143,38.804203],[1.478121,38.804182],[1.478086,38.804161],[1.478063,38.804101],[1.478057,38.804034],[1.47805,38.803976],[1.478044,38.8039],[1.478044,38.803872],[1.47805,38.803844],[1.478007,38.80383],[1.477975,38.803816],[1.477917,38.803767],[1.477878,38.803708],[1.477855,38.803655],[1.477822,38.803617],[1.477787,38.803564],[1.477755,38.803505],[1.477734,38.803439],[1.477727,38.803381],[1.477684,38.803322],[1.477649,38.803263],[1.477642,38.803223],[1.47767,38.803182],[1.477716,38.803158],[1.477747,38.803135],[1.477749,38.803101],[1.477761,38.803069],[1.477728,38.803033],[1.477677,38.803007],[1.47764,38.802976],[1.477585,38.80294],[1.477515,38.802919],[1.477436,38.80287],[1.477387,38.802864],[1.477391,38.802854],[1.477421,38.802846],[1.477427,38.802835],[1.47742,38.80282],[1.47738,38.802781],[1.47738,38.802739],[1.477377,38.802701],[1.477354,38.802655],[1.477329,38.802597],[1.477335,38.802536],[1.477342,38.802491],[1.477329,38.802446],[1.477326,38.802399],[1.477307,38.802373],[1.477288,38.8024],[1.477272,38.802407],[1.477265,38.802368],[1.477276,38.802319],[1.4773,38.802288],[1.477305,38.802251],[1.477261,38.802245],[1.47724,38.802192],[1.477211,38.80217],[1.477187,38.802151],[1.477179,38.802093],[1.477187,38.802061],[1.477189,38.802027],[1.477156,38.801983],[1.477158,38.801943],[1.477168,38.801937],[1.47716,38.801884],[1.477125,38.801808],[1.477162,38.801739],[1.477203,38.80171],[1.477246,38.801709],[1.477234,38.801671],[1.477184,38.801636],[1.477171,38.8016],[1.477227,38.80155],[1.477259,38.80153],[1.477258,38.80149],[1.4773,38.801448],[1.477335,38.801436],[1.477362,38.801449],[1.47738,38.801469],[1.477441,38.801417],[1.477428,38.801391],[1.477374,38.801382],[1.477321,38.801349],[1.477276,38.801325],[1.477261,38.801287],[1.477287,38.801248],[1.477312,38.801195],[1.477322,38.801137],[1.477336,38.801126],[1.477359,38.80108],[1.477366,38.801026],[1.477362,38.800983],[1.477336,38.800941],[1.477308,38.80089],[1.477323,38.800841],[1.477357,38.800796],[1.477358,38.800749],[1.477379,38.80069],[1.477363,38.800659],[1.477348,38.800629],[1.477374,38.800579],[1.477404,38.800545],[1.477489,38.800517],[1.477534,38.800444],[1.477576,38.80038],[1.477621,38.800328],[1.477673,38.800289],[1.477731,38.800256],[1.477788,38.800232],[1.477813,38.80023],[1.477829,38.80023],[1.477841,38.800188],[1.477866,38.800166],[1.477933,38.800156],[1.477979,38.800164],[1.478043,38.800188],[1.478073,38.800182],[1.478103,38.800153],[1.478145,38.800112],[1.478181,38.800081],[1.47824,38.800073],[1.478278,38.80007],[1.478321,38.800083],[1.478338,38.800077],[1.478368,38.800078],[1.478404,38.800077],[1.478445,38.80003],[1.47843,38.800003],[1.478386,38.799996],[1.478371,38.799968],[1.478397,38.799943],[1.478446,38.799938],[1.478467,38.799899],[1.478443,38.799874],[1.478459,38.799832],[1.478508,38.799813],[1.478574,38.799804],[1.478602,38.799774],[1.47866,38.799757],[1.478741,38.799747],[1.47881,38.799721],[1.478885,38.79968],[1.478937,38.799651],[1.478977,38.799611],[1.479023,38.79959],[1.47906,38.799575],[1.479062,38.799545],[1.479121,38.799526],[1.479143,38.799498],[1.479167,38.79949],[1.479196,38.79948],[1.479277,38.799479],[1.479334,38.799462],[1.479343,38.799438],[1.479297,38.799429],[1.479321,38.799408],[1.479396,38.799407],[1.479431,38.799384],[1.479492,38.799383],[1.479551,38.799363],[1.479614,38.79935],[1.479648,38.79932],[1.479629,38.799296],[1.479711,38.799273],[1.479782,38.799269],[1.479854,38.79927],[1.479909,38.799286],[1.47997,38.799287],[1.480025,38.799279],[1.480082,38.799291],[1.480139,38.799267],[1.480183,38.799238],[1.480269,38.799225],[1.480365,38.799188],[1.480472,38.799171],[1.480581,38.799145],[1.480686,38.799138],[1.480747,38.799146],[1.480803,38.799161],[1.480866,38.799158],[1.480918,38.79916],[1.480957,38.799169],[1.480992,38.799153],[1.481017,38.799141],[1.481047,38.799099],[1.481099,38.799059],[1.481144,38.799019],[1.481203,38.799006],[1.481257,38.798989],[1.481292,38.798962],[1.481337,38.798966],[1.481332,38.799011],[1.481336,38.799036],[1.48135,38.799054],[1.481371,38.799079],[1.481444,38.799079],[1.481507,38.799067],[1.48156,38.79905],[1.481639,38.799063],[1.481692,38.799075],[1.481728,38.799051],[1.4818,38.799061],[1.481859,38.799077],[1.481912,38.799087],[1.481979,38.799102],[1.482013,38.799107],[1.482028,38.799085],[1.482038,38.79905],[1.482108,38.799053],[1.482168,38.799095],[1.482204,38.799129],[1.48222,38.799162],[1.482271,38.799157],[1.482296,38.799116],[1.482321,38.799082],[1.482274,38.798983],[1.482221,38.798871],[1.48216,38.798827],[1.482092,38.79878],[1.482024,38.798719],[1.481994,38.798673],[1.481961,38.79863],[1.48189,38.798606],[1.481862,38.798606],[1.481795,38.798603],[1.481742,38.798626],[1.481725,38.798676],[1.481723,38.798729],[1.481684,38.798739],[1.481667,38.798697],[1.481639,38.798648],[1.481579,38.798608],[1.481546,38.798576],[1.481497,38.798554],[1.481457,38.798566],[1.48142,38.798564],[1.48141,38.798548],[1.481441,38.798536],[1.481411,38.798506],[1.481358,38.798502],[1.481331,38.798515],[1.4813,38.798539],[1.481285,38.7985],[1.48127,38.798437],[1.481246,38.79839],[1.481237,38.798364],[1.481224,38.798321],[1.481153,38.798293],[1.4811,38.798289],[1.481057,38.798302],[1.481035,38.798312],[1.480997,38.798299],[1.480951,38.79825],[1.480936,38.798196],[1.480935,38.798148],[1.480922,38.798123],[1.480944,38.798109],[1.480974,38.798123],[1.481,38.79809],[1.481002,38.798049],[1.480966,38.798035],[1.480938,38.798066],[1.480909,38.798058],[1.4809,38.798026],[1.480866,38.798014],[1.480856,38.798058],[1.480819,38.798068],[1.480783,38.798069],[1.480757,38.798033],[1.480769,38.79799],[1.480761,38.797948],[1.480726,38.797915],[1.480689,38.7979],[1.480644,38.797919],[1.480606,38.797927],[1.48058,38.797889],[1.480544,38.797848],[1.480534,38.797829],[1.480464,38.797742],[1.480388,38.797697],[1.480293,38.797669],[1.480242,38.797641],[1.480193,38.797616],[1.480131,38.797608],[1.480094,38.797593],[1.48005,38.797557],[1.479996,38.797547],[1.479951,38.797532],[1.479889,38.797508],[1.47983,38.797485],[1.479757,38.797436],[1.479701,38.797388],[1.479685,38.797356],[1.479673,38.797325],[1.47968,38.797284],[1.479707,38.79725],[1.479725,38.797226],[1.479674,38.797194],[1.479611,38.797181],[1.479557,38.797167],[1.479542,38.797124],[1.479507,38.797088],[1.47947,38.797083],[1.479445,38.797056],[1.479455,38.797023],[1.479491,38.797006],[1.479498,38.796981],[1.479473,38.796947],[1.479482,38.796917],[1.479451,38.796886],[1.479456,38.796856],[1.479462,38.796815],[1.479409,38.796786],[1.479363,38.796804],[1.479313,38.796806],[1.479263,38.796784],[1.479218,38.79674],[1.479219,38.796712],[1.479248,38.796698],[1.4793,38.796672],[1.47929,38.796645],[1.479228,38.796642],[1.479169,38.796652],[1.479167,38.796652],[1.479102,38.796651],[1.47907,38.796625],[1.479052,38.796584],[1.47904,38.796552],[1.479022,38.796524],[1.478973,38.796497],[1.478947,38.796463],[1.478936,38.796424],[1.478897,38.796403],[1.478881,38.796416],[1.478881,38.796447],[1.478848,38.796439],[1.478838,38.796379],[1.478818,38.796332],[1.478815,38.796251],[1.478815,38.796251],[1.47882,38.796217],[1.478835,38.796198],[1.478843,38.796187],[1.478845,38.796114],[1.478835,38.796078],[1.478793,38.796054],[1.478734,38.796042],[1.478722,38.796042],[1.478672,38.796041],[1.47864,38.796024],[1.478646,38.795997],[1.478651,38.795991],[1.478666,38.79597],[1.478686,38.795935],[1.478676,38.795903],[1.478659,38.795872],[1.478675,38.795844],[1.478684,38.79583],[1.478721,38.79581],[1.478722,38.79581],[1.478723,38.795804],[1.478724,38.795801],[1.478729,38.795781],[1.478718,38.795772],[1.47869,38.795752],[1.478639,38.795738],[1.478616,38.795715],[1.478622,38.79567],[1.478648,38.79563],[1.478641,38.795591],[1.47866,38.795538],[1.478671,38.795484],[1.478684,38.795435],[1.478685,38.795377],[1.478708,38.795336],[1.478738,38.79531],[1.478728,38.795267],[1.47871,38.795238],[1.478733,38.795196],[1.478736,38.79519],[1.47876,38.795134],[1.478767,38.795108],[1.478781,38.795056],[1.478825,38.795007],[1.478858,38.794969],[1.478868,38.794957],[1.478878,38.79491],[1.478903,38.794855],[1.478932,38.794814],[1.478929,38.794754],[1.478898,38.794669],[1.478892,38.794609],[1.478883,38.794561],[1.478853,38.794527],[1.478854,38.794497],[1.478917,38.794445],[1.479019,38.794385],[1.479068,38.794356],[1.479095,38.79434],[1.479167,38.794287],[1.479175,38.794281],[1.47919,38.794268],[1.479251,38.794217],[1.479317,38.794153],[1.479372,38.794096],[1.479408,38.794031],[1.479437,38.793971],[1.479464,38.793908],[1.479504,38.793832],[1.479517,38.793774],[1.4795,38.793711],[1.479482,38.793679],[1.479462,38.79364],[1.479429,38.793581],[1.479399,38.793478],[1.479375,38.793411],[1.479357,38.793349],[1.479357,38.793248],[1.479352,38.793074],[1.479346,38.793021],[1.479346,38.792918],[1.479357,38.792853],[1.479377,38.792809],[1.479378,38.792744],[1.479383,38.792682],[1.479417,38.792629],[1.479446,38.792592],[1.479456,38.792485],[1.47947,38.792365],[1.479482,38.792281],[1.479478,38.792235],[1.479463,38.792148],[1.479427,38.792072],[1.479418,38.792057],[1.479401,38.792029],[1.479346,38.791956],[1.479347,38.791896],[1.479349,38.791829],[1.479379,38.791784],[1.479422,38.79176],[1.479447,38.791698],[1.479468,38.791667],[1.479485,38.791642],[1.479495,38.791581],[1.479487,38.791531],[1.479489,38.79148],[1.479506,38.791392],[1.479522,38.791329],[1.479555,38.791277],[1.479598,38.791238],[1.479609,38.791177],[1.479607,38.791107],[1.479584,38.791017],[1.479536,38.790965],[1.479505,38.790906],[1.47949,38.790842],[1.479488,38.790775],[1.479491,38.790702],[1.479493,38.790641],[1.479517,38.790621],[1.479586,38.790588],[1.479631,38.790567],[1.479666,38.790547],[1.479684,38.7905],[1.479687,38.790434],[1.479686,38.790372],[1.479679,38.790318],[1.479636,38.790292],[1.479631,38.790249],[1.479639,38.790199],[1.47966,38.790165],[1.479723,38.790127],[1.479754,38.790091],[1.479796,38.790076],[1.479833,38.790079],[1.479863,38.790048],[1.479863,38.790001],[1.47986,38.789953],[1.479858,38.78992],[1.479824,38.789854],[1.479805,38.789794],[1.479811,38.789752],[1.479825,38.789688],[1.479833,38.789593],[1.47984,38.789521],[1.479852,38.789497],[1.479894,38.789496],[1.479915,38.789542],[1.479944,38.789576],[1.479981,38.78957],[1.480029,38.789529],[1.48013,38.789496],[1.480184,38.789456],[1.480225,38.789418],[1.480203,38.78937],[1.480198,38.789359],[1.48016,38.789318],[1.480167,38.789266],[1.480194,38.789228],[1.480276,38.789209],[1.480278,38.789208],[1.480364,38.789199],[1.480421,38.789188],[1.480451,38.789188],[1.480449,38.789221],[1.48044,38.78925],[1.480471,38.789257],[1.480506,38.789213],[1.480533,38.789164],[1.480538,38.789084],[1.48055,38.788997],[1.480496,38.788975],[1.480498,38.788938],[1.480516,38.788897],[1.480514,38.788884],[1.480507,38.788846],[1.480449,38.788805],[1.480391,38.788767],[1.480351,38.788738],[1.480315,38.7887],[1.48031,38.788669],[1.480293,38.788624],[1.480295,38.788589],[1.480301,38.788551],[1.480259,38.788526],[1.480244,38.788509],[1.480234,38.788496],[1.480234,38.788476],[1.480259,38.78845],[1.480277,38.788412],[1.480275,38.788371],[1.480261,38.788342],[1.480241,38.788322],[1.480227,38.788297],[1.48023,38.788257],[1.480248,38.788207],[1.480277,38.788172],[1.480286,38.788149],[1.480299,38.788111],[1.480326,38.78808],[1.48035,38.788055],[1.480361,38.788043],[1.480361,38.788043],[1.480306,38.788],[1.480306,38.787971],[1.480306,38.780167],[1.491389,38.780167],[1.491389,38.810167]],[[1.477366,38.800855],[1.477378,38.800891],[1.477401,38.80095],[1.477425,38.800936],[1.477437,38.800896],[1.47743,38.800871],[1.477406,38.800847],[1.477366,38.800855]],[[1.477466,38.801479],[1.47746,38.8015],[1.477484,38.8015],[1.477512,38.801467],[1.477526,38.801433],[1.477519,38.801416],[1.477469,38.801449],[1.47744,38.801442],[1.477447,38.801459],[1.477466,38.801479]],[[1.477587,38.800492],[1.477572,38.800517],[1.477591,38.80053],[1.477618,38.80052],[1.477627,38.800499],[1.477611,38.800488],[1.477587,38.800492]],[[1.477289,38.801541],[1.477323,38.801569],[1.477335,38.801537],[1.477338,38.801523],[1.477319,38.801514],[1.477289,38.801541]],[[1.478065,38.800273],[1.478071,38.800281],[1.478073,38.800283],[1.47808,38.800278],[1.478092,38.800269],[1.478111,38.800248],[1.478098,38.800244],[1.478065,38.800273]]]},"properties":{"featureId":"rm-reserva-marina-dels-freus-d-eivissa-i-formentera--zona-de-proteccio-maxima--autonomica--01","zoneId":"rm-reserva-marina-dels-freus-d-eivissa-i-formentera--zona-de-proteccio-maxima--autonomica","fuente":"reservas-marinas","fuenteTitulo":"Reservas marinas","nombre":"Reserva Marina dels Freus d'Eivissa i Formentera","proteccion":"Zona de protecció màxima","competencia":"Autonòmica","isla":["eivissa","formentera"],"areaKm2":4.4535,"normas":[{"titulo":"Norma no especificada en el servicio oficial","fecha":null,"url":"https://www.caib.es/sites/reservesmarines/ca/plano_de_situacion_y_zonificacion-872/","tipo":"creacion","origen":"ideib"}],"objectIdOrigen":3214}},{"type":"Feature","geometry":{"type":"Polygon","coordinates":[[[1.491389,38.8145],[1.412301,38.814496],[1.421703,38.79927],[1.421708,38.799271],[1.421752,38.799235],[1.421805,38.799181],[1.421844,38.799132],[1.421889,38.799099],[1.421949,38.799076],[1.421976,38.799081],[1.421992,38.799117],[1.422002,38.799154],[1.422006,38.79919],[1.422071,38.799216],[1.422113,38.799181],[1.422135,38.799153],[1.422176,38.799171],[1.422229,38.799212],[1.422313,38.799239],[1.422362,38.799261],[1.422372,38.799297],[1.42236,38.79934],[1.42232,38.799422],[1.4223,38.799441],[1.422261,38.799492],[1.422217,38.799525],[1.422211,38.799559],[1.42224,38.799592],[1.422299,38.799614],[1.422354,38.799608],[1.422403,38.799588],[1.422448,38.799548],[1.422501,38.799499],[1.422567,38.799475],[1.422638,38.799465],[1.422714,38.799455],[1.422808,38.799416],[1.422891,38.799366],[1.422966,38.79929],[1.423016,38.799225],[1.423056,38.799138],[1.423096,38.799096],[1.423103,38.799026],[1.423142,38.798988],[1.423186,38.798935],[1.423207,38.798848],[1.423233,38.798793],[1.423237,38.798719],[1.423252,38.798685],[1.423287,38.798661],[1.42331,38.798645],[1.423414,38.798602],[1.423483,38.798577],[1.42349,38.798526],[1.423506,38.798509],[1.423518,38.798471],[1.423505,38.798441],[1.423489,38.798424],[1.423441,38.798415],[1.423435,38.798414],[1.423383,38.798409],[1.42323,38.798456],[1.423174,38.798462],[1.423088,38.798471],[1.423031,38.798428],[1.423014,38.798372],[1.422965,38.79835],[1.422897,38.798332],[1.422881,38.798317],[1.422825,38.798297],[1.422773,38.798294],[1.422754,38.798309],[1.422693,38.798357],[1.422636,38.798431],[1.422587,38.798437],[1.422551,38.798455],[1.422488,38.798506],[1.422421,38.798577],[1.422411,38.798626],[1.422468,38.798674],[1.422483,38.798702],[1.42244,38.798695],[1.422367,38.79867],[1.422307,38.79867],[1.422219,38.798685],[1.422105,38.798701],[1.422057,38.798697],[1.423228,38.796801],[1.423237,38.796798],[1.423317,38.796735],[1.423354,38.796657],[1.423394,38.796574],[1.423415,38.7965],[1.423458,38.796421],[1.423525,38.796324],[1.423565,38.796246],[1.42361,38.796178],[1.423666,38.796124],[1.423717,38.796063],[1.423829,38.796036],[1.423927,38.79604],[1.423995,38.796034],[1.424074,38.796012],[1.424142,38.796032],[1.42421,38.796063],[1.424266,38.796096],[1.424303,38.796128],[1.424308,38.796162],[1.42423,38.796249],[1.424222,38.796263],[1.424182,38.796338],[1.424183,38.79638],[1.424279,38.79636],[1.424337,38.796314],[1.424404,38.796251],[1.424421,38.796221],[1.424484,38.796233],[1.424604,38.796192],[1.424677,38.796133],[1.424708,38.796087],[1.424804,38.796033],[1.424841,38.795954],[1.424886,38.795919],[1.424985,38.79588],[1.425018,38.795835],[1.425066,38.795791],[1.42515,38.79578],[1.425255,38.79574],[1.425294,38.795698],[1.425307,38.795701],[1.425381,38.795689],[1.425396,38.79564],[1.425429,38.795621],[1.425483,38.795628],[1.425524,38.795644],[1.425576,38.795608],[1.425633,38.795639],[1.425701,38.795642],[1.425781,38.795609],[1.4258,38.795573],[1.425769,38.795522],[1.425734,38.7955],[1.425675,38.79548],[1.425574,38.795472],[1.425522,38.795482],[1.42541,38.795491],[1.425328,38.795492],[1.425247,38.795478],[1.425165,38.795475],[1.425078,38.795489],[1.425029,38.79546],[1.425009,38.795405],[1.425007,38.795366],[1.42497,38.795314],[1.424943,38.795291],[1.424886,38.795313],[1.424841,38.79537],[1.424844,38.795458],[1.424843,38.795505],[1.424782,38.795563],[1.424727,38.795575],[1.424581,38.795554],[1.424451,38.795506],[1.424354,38.795466],[1.424257,38.795398],[1.42418,38.795336],[1.424127,38.795241],[1.42412,38.795177],[1.42416,38.795111],[1.424205,38.795065],[1.424271,38.795013],[1.424335,38.794954],[1.424363,38.794907],[1.424429,38.794904],[1.424474,38.794851],[1.424508,38.794784],[1.424569,38.794733],[1.424649,38.794671],[1.424732,38.794642],[1.424809,38.794615],[1.424913,38.794555],[1.425032,38.794505],[1.425131,38.794451],[1.425191,38.794426],[1.425293,38.794406],[1.425346,38.794347],[1.425373,38.794363],[1.425413,38.794365],[1.425466,38.794324],[1.425495,38.794269],[1.425572,38.794218],[1.425633,38.794181],[1.425693,38.79416],[1.425724,38.794125],[1.425697,38.794099],[1.425741,38.794097],[1.425861,38.794065],[1.425944,38.794025],[1.426057,38.793967],[1.426101,38.793934],[1.426118,38.793906],[1.426108,38.793872],[1.426051,38.793867],[1.426031,38.793913],[1.425957,38.793925],[1.425897,38.793946],[1.425812,38.793979],[1.425727,38.793999],[1.425663,38.79403],[1.425611,38.794038],[1.425508,38.794019],[1.425413,38.794022],[1.425315,38.794027],[1.425208,38.794041],[1.425083,38.794056],[1.424946,38.794052],[1.424841,38.794027],[1.424782,38.793986],[1.424753,38.793928],[1.424732,38.793898],[1.424697,38.793859],[1.424714,38.793849],[1.424731,38.793823],[1.424713,38.793795],[1.424678,38.793752],[1.424686,38.793646],[1.424693,38.793571],[1.424703,38.793477],[1.424738,38.793391],[1.42478,38.793327],[1.424804,38.793242],[1.424819,38.793185],[1.42486,38.79316],[1.424894,38.793116],[1.425003,38.793096],[1.425045,38.793052],[1.425099,38.792973],[1.425168,38.79291],[1.425202,38.792866],[1.425195,38.792808],[1.425218,38.792764],[1.425216,38.792723],[1.425167,38.792712],[1.425193,38.792668],[1.425221,38.792638],[1.425213,38.792613],[1.425282,38.792562],[1.425329,38.792518],[1.425374,38.792474],[1.425434,38.792451],[1.425524,38.792359],[1.425596,38.792307],[1.425698,38.792257],[1.425789,38.792192],[1.42585,38.792125],[1.425909,38.792047],[1.42597,38.791994],[1.426039,38.791952],[1.426104,38.79187],[1.426155,38.791768],[1.426184,38.791684],[1.426188,38.791668],[1.426205,38.791601],[1.426272,38.791559],[1.426357,38.791503],[1.426435,38.791446],[1.426437,38.791361],[1.426443,38.791342],[1.426507,38.79126],[1.426566,38.791199],[1.426629,38.791165],[1.426698,38.791115],[1.4267,38.791055],[1.426732,38.791056],[1.426826,38.791012],[1.426883,38.790902],[1.42692,38.790828],[1.426987,38.790765],[1.427043,38.790696],[1.427073,38.79069],[1.427139,38.790663],[1.4272,38.790608],[1.427255,38.790564],[1.427311,38.790503],[1.42735,38.790495],[1.427404,38.790509],[1.427456,38.790499],[1.427457,38.79045],[1.427425,38.790422],[1.427453,38.79036],[1.427492,38.790327],[1.427566,38.790298],[1.42764,38.790196],[1.427671,38.790146],[1.427759,38.790106],[1.427845,38.790009],[1.427915,38.789929],[1.427951,38.789887],[1.42797,38.789813],[1.428021,38.789703],[1.428075,38.789612],[1.42814,38.789515],[1.428196,38.789415],[1.428209,38.789322],[1.428184,38.789221],[1.428201,38.789098],[1.428208,38.789032],[1.428209,38.788978],[1.428182,38.78894],[1.428142,38.788922],[1.428162,38.788865],[1.428188,38.788825],[1.428213,38.788804],[1.428278,38.788787],[1.428336,38.788758],[1.428373,38.788684],[1.428355,38.788637],[1.428378,38.788593],[1.428411,38.788593],[1.428434,38.788538],[1.428473,38.788494],[1.428493,38.788458],[1.428564,38.788429],[1.428612,38.788361],[1.428622,38.788274],[1.428623,38.788232],[1.428625,38.788159],[1.428582,38.788105],[1.428568,38.78802],[1.428628,38.787914],[1.42869,38.787806],[1.428761,38.787688],[1.428839,38.787608],[1.428919,38.787532],[1.429016,38.787476],[1.429072,38.787415],[1.429136,38.787324],[1.429234,38.787219],[1.42932,38.78713],[1.429363,38.787071],[1.429402,38.78701],[1.429458,38.78693],[1.429493,38.786866],[1.429521,38.786822],[1.429585,38.786765],[1.429651,38.786743],[1.429725,38.786705],[1.429733,38.786691],[1.42975,38.786661],[1.429798,38.786619],[1.429785,38.786568],[1.429736,38.786567],[1.42969,38.786579],[1.429623,38.786612],[1.429587,38.786663],[1.42951,38.786694],[1.429429,38.78668],[1.429416,38.786616],[1.429367,38.786617],[1.429292,38.78658],[1.429255,38.786543],[1.429272,38.786494],[1.429286,38.786461],[1.429279,38.786428],[1.429258,38.78639],[1.429329,38.786361],[1.429393,38.786317],[1.429411,38.786262],[1.429387,38.786223],[1.429377,38.786178],[1.429429,38.786177],[1.429489,38.786188],[1.429541,38.786159],[1.42955,38.78611],[1.429562,38.786078],[1.429627,38.786075],[1.42965,38.78605],[1.429626,38.786013],[1.429657,38.785969],[1.429733,38.785955],[1.4298,38.785888],[1.429853,38.785837],[1.429884,38.785784],[1.429886,38.785727],[1.429895,38.785661],[1.429943,38.785608],[1.430009,38.785569],[1.430067,38.785555],[1.430118,38.785549],[1.430176,38.785548],[1.430214,38.785525],[1.430263,38.785538],[1.43027,38.785574],[1.430336,38.785552],[1.430384,38.785501],[1.430415,38.785451],[1.430489,38.785435],[1.430592,38.785432],[1.430666,38.785422],[1.430735,38.7854],[1.430808,38.785388],[1.43089,38.785395],[1.430934,38.785372],[1.430905,38.785319],[1.43095,38.785266],[1.431,38.785209],[1.430994,38.785143],[1.430952,38.785047],[1.430954,38.784955],[1.43095,38.784887],[1.430902,38.784835],[1.430912,38.784773],[1.430989,38.784723],[1.431053,38.784664],[1.43112,38.784586],[1.431198,38.784528],[1.431232,38.78446],[1.43128,38.784373],[1.431311,38.784335],[1.431332,38.784278],[1.431354,38.784236],[1.431334,38.784182],[1.431286,38.784141],[1.431226,38.78414],[1.431168,38.784173],[1.431127,38.784154],[1.431115,38.784096],[1.431103,38.784032],[1.431055,38.783988],[1.430969,38.783945],[1.43094,38.783882],[1.430942,38.783797],[1.430946,38.783738],[1.430966,38.783682],[1.431028,38.783611],[1.431023,38.783574],[1.43103,38.783519],[1.431113,38.783473],[1.431103,38.783416],[1.431082,38.783373],[1.431015,38.78334],[1.430973,38.783239],[1.430983,38.783167],[1.431021,38.783039],[1.431094,38.782974],[1.431164,38.782884],[1.43119,38.782831],[1.431215,38.782782],[1.431238,38.782744],[1.431322,38.782732],[1.431371,38.782761],[1.431412,38.782763],[1.431402,38.782723],[1.431402,38.782708],[1.431465,38.782696],[1.431468,38.782677],[1.431412,38.782644],[1.431477,38.782641],[1.431581,38.782627],[1.431611,38.782604],[1.431631,38.782553],[1.431619,38.782508],[1.43157,38.782503],[1.431534,38.782511],[1.431484,38.782455],[1.431429,38.78245],[1.43137,38.782434],[1.431275,38.782316],[1.431228,38.782217],[1.431217,38.782108],[1.431213,38.78204],[1.43121,38.781933],[1.431222,38.781859],[1.431259,38.781772],[1.431315,38.781732],[1.431399,38.781725],[1.431463,38.781694],[1.431521,38.781641],[1.43155,38.781576],[1.431567,38.781516],[1.431555,38.781471],[1.431528,38.781445],[1.431453,38.781374],[1.431399,38.781273],[1.431389,38.781194],[1.431389,38.781107],[1.431412,38.781037],[1.431414,38.780951],[1.431415,38.780881],[1.431443,38.780745],[1.431443,38.780632],[1.43148,38.78056],[1.4315,38.780494],[1.431537,38.780429],[1.431558,38.78035],[1.431608,38.780293],[1.431661,38.780236],[1.431685,38.780145],[1.431684,38.780072],[1.431711,38.779981],[1.431702,38.779896],[1.431662,38.779844],[1.431603,38.779792],[1.431528,38.779746],[1.43148,38.779675],[1.431477,38.779571],[1.4315,38.779398],[1.431514,38.779288],[1.431522,38.779177],[1.431508,38.779055],[1.431477,38.778874],[1.431484,38.778786],[1.431512,38.778646],[1.431555,38.778514],[1.431626,38.778417],[1.43169,38.778344],[1.431761,38.778321],[1.431783,38.778326],[1.431842,38.778358],[1.431876,38.778404],[1.431903,38.778438],[1.431971,38.778458],[1.432023,38.778442],[1.432067,38.778425],[1.432114,38.778369],[1.432156,38.778314],[1.432171,38.778244],[1.43213,38.778145],[1.432086,38.778048],[1.43209,38.77798],[1.432123,38.777868],[1.432172,38.777793],[1.432179,38.777783],[1.43224,38.777735],[1.432312,38.7777],[1.432323,38.777695],[1.432363,38.777677],[1.432405,38.777658],[1.432471,38.777623],[1.432523,38.777578],[1.432524,38.777577],[1.432556,38.777501],[1.432567,38.777437],[1.432568,38.777428],[1.432599,38.777339],[1.432609,38.777309],[1.432619,38.777239],[1.432598,38.777196],[1.432587,38.777171],[1.432536,38.777149],[1.432535,38.777149],[1.432509,38.777161],[1.432477,38.777133],[1.432477,38.777133],[1.432439,38.777098],[1.432429,38.777094],[1.432391,38.77708],[1.432368,38.777104],[1.432356,38.77715],[1.432323,38.777165],[1.432261,38.777134],[1.432192,38.77708],[1.432136,38.777017],[1.432137,38.776964],[1.432179,38.776924],[1.432251,38.77688],[1.432327,38.776873],[1.432393,38.776848],[1.432438,38.77681],[1.432476,38.776787],[1.432514,38.776799],[1.432566,38.776797],[1.432613,38.776765],[1.432618,38.776762],[1.432632,38.77673],[1.432637,38.776719],[1.432653,38.776681],[1.432657,38.776664],[1.432668,38.776617],[1.432679,38.776564],[1.43268,38.77656],[1.43268,38.77656],[1.432651,38.776528],[1.432613,38.776502],[1.432609,38.776442],[1.432624,38.776401],[1.43263,38.776363],[1.432592,38.776352],[1.432524,38.77637],[1.432498,38.776413],[1.432543,38.776462],[1.432575,38.77651],[1.432563,38.776546],[1.43253,38.776558],[1.432436,38.77652],[1.432315,38.776446],[1.432243,38.776364],[1.432215,38.776296],[1.432187,38.776221],[1.432163,38.776154],[1.432159,38.776092],[1.432175,38.775984],[1.432215,38.775925],[1.432276,38.775857],[1.432337,38.77582],[1.432403,38.775812],[1.43247,38.775826],[1.432505,38.775867],[1.432526,38.775912],[1.432598,38.775949],[1.43272,38.775985],[1.432833,38.77594],[1.432916,38.775866],[1.433014,38.775761],[1.433068,38.775647],[1.433133,38.775543],[1.433181,38.775469],[1.433253,38.775423],[1.433367,38.775414],[1.433388,38.775446],[1.433397,38.775465],[1.433412,38.775496],[1.433441,38.77551],[1.433452,38.775515],[1.433493,38.775501],[1.433508,38.775451],[1.433511,38.775442],[1.433491,38.775379],[1.433483,38.775345],[1.433473,38.775298],[1.433491,38.775228],[1.433478,38.775192],[1.433425,38.775165],[1.433352,38.775128],[1.433288,38.775078],[1.433278,38.77501],[1.43331,38.77496],[1.433318,38.774946],[1.43331,38.774925],[1.433259,38.774901],[1.433152,38.774923],[1.433102,38.774963],[1.432944,38.775084],[1.432833,38.775189],[1.432794,38.775222],[1.432681,38.775315],[1.432575,38.775392],[1.432432,38.775482],[1.4323,38.775549],[1.432195,38.7756],[1.432263,38.775414],[1.43227,38.775383],[1.432318,38.775152],[1.432313,38.775139],[1.432337,38.775059],[1.433348,38.77167],[1.43338,38.771664],[1.433513,38.771672],[1.43366,38.771672],[1.43378,38.771674],[1.433865,38.771677],[1.433949,38.771672],[1.434042,38.771658],[1.434098,38.771614],[1.434109,38.771576],[1.434091,38.771527],[1.434097,38.771503],[1.434115,38.771431],[1.434113,38.771405],[1.434169,38.771344],[1.434221,38.771307],[1.434198,38.77127],[1.434187,38.771244],[1.434238,38.771194],[1.434282,38.771133],[1.434308,38.771086],[1.434323,38.771024],[1.434349,38.770963],[1.434383,38.770891],[1.434417,38.77084],[1.434421,38.770834],[1.434457,38.770777],[1.434466,38.770709],[1.434481,38.77066],[1.434504,38.770583],[1.434533,38.770505],[1.434565,38.770431],[1.434586,38.770356],[1.434601,38.770271],[1.434608,38.770201],[1.434623,38.77015],[1.434655,38.770068],[1.434692,38.77],[1.434737,38.769904],[1.434747,38.769826],[1.434764,38.769704],[1.434766,38.769615],[1.434761,38.769564],[1.434765,38.76953],[1.434804,38.7695],[1.434837,38.769447],[1.434836,38.769401],[1.434804,38.769375],[1.434832,38.769305],[1.434859,38.769316],[1.434892,38.76932],[1.434908,38.76921],[1.43489,38.769173],[1.434892,38.769056],[1.434927,38.768865],[1.434926,38.768747],[1.434915,38.768634],[1.434939,38.768551],[1.434952,38.768464],[1.434987,38.768373],[1.434996,38.768307],[1.435022,38.768243],[1.435036,38.768218],[1.435077,38.768223],[1.435091,38.768195],[1.435098,38.768119],[1.435099,38.768072],[1.435106,38.768036],[1.435056,38.767928],[1.435009,38.767847],[1.434965,38.767752],[1.434942,38.767675],[1.434961,38.767556],[1.434982,38.767488],[1.435,38.767414],[1.435026,38.767331],[1.435049,38.767293],[1.435104,38.767236],[1.435133,38.767175],[1.435142,38.767115],[1.435163,38.767064],[1.435183,38.767018],[1.435186,38.767005],[1.435211,38.76699],[1.435285,38.766942],[1.435319,38.766889],[1.435326,38.766813],[1.435291,38.766699],[1.435291,38.766684],[1.435329,38.766546],[1.435348,38.76644],[1.435356,38.766351],[1.435346,38.766272],[1.435346,38.76625],[1.435343,38.766182],[1.435383,38.766082],[1.435421,38.765974],[1.435439,38.765915],[1.435456,38.765853],[1.435449,38.765808],[1.435404,38.765748],[1.435368,38.765666],[1.435348,38.765572],[1.435336,38.76551],[1.43528,38.765467],[1.435256,38.765433],[1.435295,38.765384],[1.435255,38.765343],[1.435246,38.765281],[1.435243,38.765237],[1.435242,38.765217],[1.43523,38.765153],[1.435212,38.765089],[1.435235,38.765044],[1.435252,38.765008],[1.435229,38.764959],[1.435253,38.764961],[1.435294,38.764946],[1.435302,38.764943],[1.435303,38.764897],[1.435304,38.764883],[1.435308,38.764826],[1.43533,38.764781],[1.435326,38.764721],[1.435314,38.764679],[1.435255,38.764637],[1.435223,38.764592],[1.435229,38.764562],[1.435236,38.764484],[1.435254,38.764418],[1.435267,38.764343],[1.435287,38.76429],[1.435345,38.764263],[1.435406,38.764194],[1.435433,38.76416],[1.435457,38.764131],[1.435501,38.764073],[1.435521,38.764046],[1.435553,38.763976],[1.435604,38.763877],[1.435633,38.763773],[1.435635,38.763681],[1.435686,38.763584],[1.435705,38.763512],[1.435697,38.763433],[1.43568,38.76336],[1.43562,38.763261],[1.435615,38.763173],[1.435617,38.763112],[1.435607,38.763086],[1.435584,38.763047],[1.435594,38.762994],[1.435626,38.762909],[1.435652,38.762873],[1.435659,38.762833],[1.435659,38.762814],[1.435667,38.762744],[1.435685,38.762697],[1.435683,38.762595],[1.435689,38.762539],[1.43569,38.762535],[1.4357,38.762476],[1.43571,38.762422],[1.435712,38.762419],[1.435733,38.762389],[1.435759,38.76234],[1.435785,38.762298],[1.435803,38.762247],[1.435799,38.762205],[1.435777,38.762186],[1.435759,38.76217],[1.435708,38.762152],[1.435777,38.762121],[1.435768,38.76205],[1.435783,38.762021],[1.435823,38.762028],[1.435835,38.762021],[1.435854,38.76201],[1.435863,38.76198],[1.435888,38.761963],[1.43587,38.761929],[1.435863,38.761919],[1.435844,38.76189],[1.435814,38.761885],[1.435831,38.761864],[1.435818,38.761855],[1.43581,38.761836],[1.435827,38.761811],[1.435844,38.761792],[1.435838,38.761747],[1.43584,38.761746],[1.435884,38.761737],[1.435896,38.761714],[1.435856,38.761688],[1.435821,38.761685],[1.435787,38.761689],[1.435698,38.761699],[1.43556,38.761744],[1.435469,38.761776],[1.435456,38.761774],[1.43556,38.761206],[1.43558,38.761211],[1.435632,38.761208],[1.435682,38.761153],[1.435716,38.761109],[1.43571,38.761062],[1.435699,38.760983],[1.435725,38.760913],[1.435765,38.760865],[1.43578,38.760827],[1.435784,38.760801],[1.435789,38.760785],[1.435796,38.760765],[1.435793,38.760754],[1.435781,38.760695],[1.435793,38.760674],[1.435822,38.760638],[1.43583,38.760627],[1.435892,38.760567],[1.435914,38.760539],[1.435942,38.760503],[1.435946,38.760497],[1.435942,38.760478],[1.435939,38.760463],[1.435882,38.760443],[1.435845,38.760406],[1.435822,38.760356],[1.435829,38.760318],[1.435857,38.760291],[1.435864,38.760236],[1.435844,38.760193],[1.435839,38.760161],[1.43589,38.760119],[1.435948,38.760092],[1.435961,38.76009],[1.435975,38.760087],[1.435992,38.760068],[1.435991,38.760055],[1.43599,38.760038],[1.435973,38.759982],[1.435948,38.759926],[1.435924,38.759898],[1.435906,38.759878],[1.435849,38.759852],[1.435839,38.759819],[1.43585,38.759815],[1.435867,38.75982],[1.435886,38.759822],[1.435867,38.759807],[1.435835,38.759787],[1.435825,38.759764],[1.435891,38.759403],[1.435898,38.759367],[1.435965,38.759004],[1.436043,38.758992],[1.43607,38.758998],[1.43616,38.758984],[1.472222,38.7535],[1.491389,38.780166],[1.480306,38.780167],[1.480306,38.787971],[1.480306,38.788],[1.480276,38.787975],[1.480246,38.787997],[1.480223,38.788011],[1.480187,38.788028],[1.480151,38.788056],[1.48014,38.788064],[1.480099,38.788069],[1.480061,38.788069],[1.480013,38.788075],[1.479975,38.78806],[1.479951,38.788046],[1.479912,38.788056],[1.479872,38.788061],[1.479853,38.788085],[1.479812,38.788093],[1.479778,38.788101],[1.47975,38.788093],[1.479705,38.788103],[1.47965,38.788121],[1.479611,38.788126],[1.479578,38.788157],[1.479561,38.788184],[1.479532,38.7882],[1.479514,38.788236],[1.479483,38.788261],[1.479476,38.788295],[1.479475,38.788333],[1.479478,38.788363],[1.479476,38.788385],[1.479452,38.788392],[1.479419,38.788406],[1.479415,38.78843],[1.479413,38.788461],[1.479389,38.788483],[1.479352,38.788487],[1.479316,38.788491],[1.479305,38.788521],[1.479285,38.788559],[1.479275,38.788567],[1.479287,38.788589],[1.47931,38.788606],[1.479298,38.788628],[1.479261,38.788628],[1.479226,38.788624],[1.479219,38.788652],[1.479221,38.788691],[1.479246,38.788693],[1.479273,38.788689],[1.479276,38.788715],[1.479246,38.788737],[1.479218,38.788727],[1.479194,38.788724],[1.47918,38.788744],[1.479197,38.788766],[1.479186,38.7888],[1.479167,38.788801],[1.479154,38.788802],[1.479119,38.788783],[1.479065,38.788789],[1.479025,38.788809],[1.478978,38.78881],[1.478942,38.788824],[1.478912,38.78885],[1.478862,38.788904],[1.478834,38.788914],[1.47879,38.788984],[1.478739,38.789057],[1.478727,38.78908],[1.478738,38.789118],[1.478734,38.789142],[1.478717,38.789153],[1.478712,38.789178],[1.478698,38.789156],[1.478663,38.789161],[1.478662,38.789185],[1.478641,38.789254],[1.478614,38.789269],[1.478587,38.789284],[1.478529,38.789304],[1.478464,38.789341],[1.478454,38.789347],[1.478354,38.789407],[1.478274,38.789456],[1.478198,38.789484],[1.478135,38.789506],[1.47807,38.78953],[1.478008,38.789548],[1.477955,38.789602],[1.477926,38.78965],[1.477953,38.789769],[1.477868,38.78979],[1.477826,38.78976],[1.477809,38.789789],[1.477778,38.789845],[1.477719,38.789933],[1.477696,38.789981],[1.477693,38.790076],[1.477675,38.790139],[1.477652,38.790191],[1.477599,38.790239],[1.47755,38.790269],[1.477527,38.790324],[1.477494,38.790408],[1.477465,38.790498],[1.477441,38.790556],[1.477405,38.790619],[1.477422,38.790655],[1.477449,38.79066],[1.477454,38.790687],[1.477435,38.7907],[1.477388,38.790716],[1.477366,38.790741],[1.477345,38.79081],[1.477315,38.790902],[1.477277,38.791015],[1.477255,38.791114],[1.477236,38.791215],[1.477209,38.791297],[1.477199,38.791385],[1.477197,38.791455],[1.477194,38.791528],[1.477195,38.791596],[1.477183,38.791638],[1.477165,38.791667],[1.477149,38.791694],[1.477131,38.791747],[1.477122,38.791797],[1.477121,38.791837],[1.477101,38.791868],[1.477049,38.791903],[1.477005,38.791908],[1.476981,38.791912],[1.476945,38.791936],[1.476923,38.791968],[1.476906,38.791966],[1.476876,38.791967],[1.47683,38.792012],[1.476792,38.792036],[1.476762,38.792035],[1.476718,38.792058],[1.476694,38.7921],[1.476691,38.792155],[1.476673,38.792194],[1.476629,38.792236],[1.476595,38.792238],[1.476563,38.792245],[1.476534,38.792288],[1.476496,38.792315],[1.476487,38.792346],[1.476456,38.792378],[1.476416,38.792434],[1.476385,38.792465],[1.476359,38.792476],[1.476325,38.792525],[1.476308,38.792579],[1.476284,38.792621],[1.476255,38.79265],[1.476249,38.792693],[1.476231,38.792744],[1.476203,38.792787],[1.476166,38.792833],[1.476142,38.792866],[1.476133,38.792923],[1.47613,38.793003],[1.476111,38.793022],[1.476085,38.793056],[1.476054,38.793109],[1.476028,38.793135],[1.475995,38.793149],[1.475961,38.793185],[1.47593,38.793209],[1.475916,38.793258],[1.475907,38.793321],[1.475878,38.793342],[1.475867,38.793432],[1.47585,38.793505],[1.475822,38.793536],[1.4758,38.793585],[1.475791,38.793652],[1.475797,38.793718],[1.475787,38.79377],[1.47577,38.793804],[1.475745,38.793873],[1.475719,38.79393],[1.475687,38.793977],[1.475656,38.79403],[1.47564,38.794082],[1.475618,38.794136],[1.475584,38.794203],[1.475558,38.794261],[1.475527,38.794329],[1.475488,38.794419],[1.475467,38.794467],[1.475442,38.794564],[1.475423,38.794618],[1.475407,38.794615],[1.475381,38.794619],[1.475345,38.794662],[1.475332,38.794726],[1.475322,38.794781],[1.475318,38.794832],[1.475304,38.794877],[1.475285,38.794938],[1.475275,38.795003],[1.475269,38.795027],[1.475235,38.795091],[1.475194,38.795133],[1.475142,38.795152],[1.475099,38.795187],[1.475074,38.795236],[1.475057,38.795271],[1.475034,38.795274],[1.474996,38.795273],[1.474973,38.79529],[1.474968,38.795322],[1.474976,38.795354],[1.475011,38.795361],[1.475043,38.795357],[1.475087,38.795358],[1.475103,38.795386],[1.475105,38.795421],[1.475112,38.79543],[1.475137,38.795463],[1.475119,38.795502],[1.475084,38.79554],[1.475029,38.795562],[1.474993,38.795594],[1.474967,38.795622],[1.474959,38.795662],[1.474955,38.795708],[1.474955,38.79575],[1.474995,38.795769],[1.475031,38.795775],[1.475039,38.795806],[1.475037,38.795875],[1.475023,38.795911],[1.475006,38.795937],[1.47504,38.795988],[1.475041,38.796037],[1.475022,38.796081],[1.474986,38.796123],[1.47495,38.796157],[1.47492,38.796188],[1.474878,38.796225],[1.474841,38.796256],[1.474813,38.796255],[1.474782,38.796247],[1.47476,38.796277],[1.474739,38.796337],[1.474713,38.79637],[1.474684,38.796379],[1.474651,38.796388],[1.474632,38.796417],[1.474598,38.796442],[1.474551,38.796441],[1.474512,38.796438],[1.474506,38.796473],[1.474476,38.796478],[1.474436,38.796487],[1.474421,38.796516],[1.474384,38.796533],[1.474348,38.796563],[1.474328,38.796586],[1.474314,38.796632],[1.474313,38.796677],[1.474312,38.796722],[1.474292,38.796763],[1.474274,38.796802],[1.474241,38.796862],[1.4742,38.796905],[1.474182,38.796947],[1.474228,38.79697],[1.474266,38.796986],[1.474271,38.797029],[1.474294,38.797064],[1.474312,38.797099],[1.474297,38.797131],[1.474282,38.797149],[1.474277,38.797201],[1.474247,38.797236],[1.474214,38.797258],[1.474193,38.797292],[1.474167,38.797343],[1.47413,38.797374],[1.474087,38.797366],[1.474043,38.797359],[1.474017,38.797383],[1.474028,38.797417],[1.474027,38.797418],[1.463889,38.810167],[1.491389,38.810167],[1.491389,38.8145]],[[1.426547,38.792299],[1.426488,38.792369],[1.426496,38.792423],[1.426564,38.792433],[1.426672,38.792469],[1.426718,38.792488],[1.426764,38.79244],[1.426833,38.792322],[1.426852,38.792303],[1.426899,38.792248],[1.426967,38.792202],[1.427009,38.792148],[1.427064,38.79208],[1.427109,38.792039],[1.427086,38.791983],[1.42716,38.791928],[1.427235,38.791909],[1.4273,38.79191],[1.427382,38.791839],[1.427428,38.791768],[1.427372,38.79173],[1.427309,38.791668],[1.427304,38.791664],[1.427291,38.791668],[1.427223,38.791691],[1.427225,38.791766],[1.427147,38.791835],[1.427057,38.791893],[1.42693,38.791931],[1.426812,38.792008],[1.426807,38.792061],[1.42677,38.792072],[1.426725,38.792106],[1.426676,38.792167],[1.426719,38.792222],[1.42677,38.79229],[1.426753,38.792313],[1.426695,38.792283],[1.426615,38.792269],[1.426547,38.792299]],[[1.423915,38.797191],[1.423819,38.797219],[1.423709,38.797261],[1.423602,38.797282],[1.423514,38.79732],[1.423456,38.797357],[1.42345,38.797398],[1.423476,38.797443],[1.423524,38.79748],[1.423648,38.797518],[1.423684,38.797527],[1.423714,38.797521],[1.423764,38.797472],[1.42383,38.79742],[1.423872,38.797384],[1.423911,38.797336],[1.423926,38.797281],[1.423965,38.79726],[1.424009,38.797235],[1.424002,38.797192],[1.423975,38.797177],[1.423915,38.797191]],[[1.423255,38.7978],[1.423211,38.797844],[1.423221,38.797883],[1.423258,38.797924],[1.423325,38.797959],[1.423355,38.797963],[1.423394,38.797951],[1.423408,38.797924],[1.42339,38.797876],[1.423355,38.797831],[1.423302,38.797799],[1.423255,38.7978]],[[1.42353,38.798336],[1.423518,38.798351],[1.423536,38.798361],[1.423558,38.798373],[1.423616,38.798378],[1.423663,38.798345],[1.423711,38.798254],[1.423698,38.798222],[1.423663,38.7982],[1.423616,38.798221],[1.423583,38.798267],[1.42353,38.798336]],[[1.432512,38.776163],[1.432422,38.776186],[1.432393,38.776241],[1.432463,38.776271],[1.432515,38.776249],[1.432595,38.776233],[1.432622,38.776212],[1.432645,38.776191],[1.432637,38.776163],[1.432594,38.776154],[1.432512,38.776163]],[[1.431963,38.78049],[1.431941,38.780523],[1.431954,38.78055],[1.432009,38.780565],[1.432058,38.780594],[1.432103,38.780588],[1.432099,38.780559],[1.43206,38.780517],[1.43201,38.780482],[1.431963,38.78049]],[[1.43145,38.784151],[1.431447,38.784182],[1.431479,38.784196],[1.431558,38.784201],[1.431588,38.784176],[1.431597,38.784144],[1.431569,38.784116],[1.431537,38.784124],[1.431494,38.784132],[1.43145,38.784151]],[[1.433302,38.774582],[1.433273,38.774614],[1.433268,38.774642],[1.433276,38.774663],[1.433294,38.774679],[1.433336,38.774666],[1.433351,38.774648],[1.43336,38.774627],[1.433379,38.7746],[1.433375,38.774576],[1.433343,38.774566],[1.433302,38.774582]],[[1.431644,38.782943],[1.43163,38.782975],[1.431645,38.783005],[1.431689,38.78301],[1.431718,38.782984],[1.431713,38.782947],[1.431671,38.782933],[1.431644,38.782943]]]},"properties":{"featureId":"rm-reserva-marina-dels-freus-d-eivissa-i-formentera--zona-de-veda-de-pesca-recreativa--autonomica--01","zoneId":"rm-reserva-marina-dels-freus-d-eivissa-i-formentera--zona-de-veda-de-pesca-recreativa--autonomica","fuente":"reservas-marinas","fuenteTitulo":"Reservas marinas","nombre":"Reserva Marina dels Freus d'Eivissa i Formentera","proteccion":"Zona de veda de pesca recreativa","competencia":"Autonòmica","isla":["eivissa","formentera"],"areaKm2":28.9208,"normas":[{"titulo":"Norma no especificada en el servicio oficial","fecha":null,"url":"https://www.caib.es/sites/reservesmarines/ca/plano_de_situacion_y_zonificacion-872/","tipo":"creacion","origen":"ideib"}],"objectIdOrigen":3222}},{"type":"Feature","geometry":{"type":"MultiPolygon","coordinates":[[[[1.59012,38.703231],[1.533901,38.702639],[1.534404,38.676441],[1.53441,38.676445],[1.534501,38.676524],[1.534586,38.676609],[1.534741,38.676711],[1.534904,38.676798],[1.534969,38.676825],[1.535066,38.676858],[1.535183,38.676878],[1.53529,38.67689],[1.535351,38.676897],[1.535422,38.676919],[1.535535,38.676954],[1.53566,38.677022],[1.535802,38.677102],[1.535864,38.677099],[1.535897,38.677129],[1.535934,38.677198],[1.536176,38.677263],[1.536289,38.677342],[1.536355,38.677389],[1.536425,38.677449],[1.53652,38.677516],[1.536627,38.677582],[1.536707,38.677658],[1.536712,38.677663],[1.536882,38.677751],[1.537124,38.677867],[1.537392,38.678021],[1.537484,38.67807],[1.537581,38.67812],[1.537688,38.678186],[1.537762,38.678271],[1.537814,38.678347],[1.537808,38.678379],[1.537758,38.678397],[1.537751,38.678457],[1.537821,38.678492],[1.537869,38.678532],[1.537931,38.67855],[1.537957,38.678495],[1.537988,38.678491],[1.538105,38.678499],[1.538202,38.678541],[1.538272,38.678577],[1.538374,38.678643],[1.538455,38.678699],[1.538558,38.678788],[1.538659,38.678845],[1.538746,38.678902],[1.538853,38.678956],[1.538959,38.679018],[1.539079,38.679087],[1.539162,38.67914],[1.539263,38.679217],[1.539376,38.67928],[1.539492,38.679358],[1.53958,38.679409],[1.539637,38.679453],[1.539714,38.679539],[1.53976,38.679592],[1.539824,38.679638],[1.539903,38.679713],[1.539921,38.679765],[1.540003,38.679837],[1.540189,38.679972],[1.540311,38.680059],[1.540405,38.680134],[1.540495,38.680183],[1.540596,38.68023],[1.540725,38.680292],[1.540808,38.680318],[1.540928,38.680337],[1.541029,38.680339],[1.541125,38.680341],[1.541199,38.68035],[1.541275,38.680374],[1.541326,38.680401],[1.541385,38.680425],[1.541458,38.680444],[1.541573,38.680537],[1.541646,38.68056],[1.541708,38.680586],[1.541769,38.680629],[1.541835,38.680657],[1.541923,38.680693],[1.542036,38.680736],[1.542146,38.680795],[1.542233,38.680849],[1.542326,38.680899],[1.542456,38.680939],[1.542546,38.680963],[1.542635,38.680992],[1.542684,38.681043],[1.542746,38.68106],[1.542821,38.681055],[1.542873,38.681057],[1.542954,38.681103],[1.543017,38.68115],[1.543031,38.681154],[1.543172,38.681223],[1.543243,38.681236],[1.543321,38.681281],[1.543401,38.681335],[1.543476,38.681379],[1.543507,38.681375],[1.543538,38.681348],[1.543565,38.681371],[1.543609,38.681409],[1.543685,38.681468],[1.543707,38.681516],[1.543726,38.681568],[1.543768,38.681593],[1.543807,38.681609],[1.543812,38.681638],[1.543861,38.681694],[1.543907,38.681749],[1.543957,38.681802],[1.54399,38.681839],[1.544039,38.681874],[1.544101,38.681896],[1.544167,38.681894],[1.544239,38.681884],[1.544254,38.681889],[1.544334,38.681968],[1.544372,38.682033],[1.544385,38.682082],[1.544465,38.682093],[1.544543,38.682109],[1.544603,38.682123],[1.544651,38.682152],[1.544693,38.682209],[1.544714,38.682224],[1.544826,38.682227],[1.544927,38.68222],[1.54506,38.68224],[1.545119,38.682269],[1.545178,38.682307],[1.545204,38.682346],[1.545189,38.682373],[1.545155,38.682404],[1.545152,38.682426],[1.545167,38.682454],[1.545198,38.682435],[1.545245,38.682406],[1.545327,38.682419],[1.54544,38.682455],[1.545529,38.682498],[1.545661,38.682537],[1.545797,38.682557],[1.545883,38.682586],[1.545977,38.682616],[1.546091,38.682646],[1.546185,38.682687],[1.546282,38.682719],[1.546349,38.682748],[1.54643,38.682784],[1.546563,38.682806],[1.546705,38.682803],[1.546809,38.682807],[1.546912,38.682811],[1.547028,38.682839],[1.547123,38.682878],[1.547219,38.682937],[1.547248,38.682972],[1.547285,38.683009],[1.547295,38.683024],[1.547354,38.683041],[1.547371,38.683028],[1.547445,38.683038],[1.547515,38.683063],[1.547587,38.68309],[1.547592,38.683105],[1.547624,38.683128],[1.547727,38.683151],[1.547797,38.683176],[1.547873,38.683212],[1.547959,38.68325],[1.548017,38.683283],[1.548109,38.683319],[1.548198,38.683343],[1.548296,38.683364],[1.548372,38.68338],[1.54846,38.683412],[1.548505,38.683462],[1.548572,38.683501],[1.548585,38.683509],[1.548666,38.683549],[1.548751,38.683604],[1.548862,38.683645],[1.548978,38.683675],[1.5491,38.683691],[1.5492,38.683736],[1.549323,38.683809],[1.549438,38.683858],[1.54953,38.683894],[1.549608,38.683934],[1.549672,38.683972],[1.549808,38.684056],[1.549861,38.684109],[1.54993,38.684168],[1.550006,38.684222],[1.550053,38.684243],[1.550096,38.684267],[1.550127,38.684285],[1.550179,38.684314],[1.550266,38.684342],[1.550384,38.684384],[1.550466,38.684409],[1.550543,38.684429],[1.550566,38.684447],[1.550634,38.684477],[1.550693,38.684479],[1.550761,38.684486],[1.550864,38.684474],[1.550916,38.684484],[1.551109,38.684518],[1.55126,38.68459],[1.551357,38.684676],[1.551457,38.684755],[1.551518,38.684796],[1.551602,38.684852],[1.551742,38.68498],[1.551814,38.685041],[1.551896,38.685091],[1.551972,38.685146],[1.552061,38.685215],[1.552137,38.685263],[1.55221,38.685332],[1.552225,38.685373],[1.552278,38.685411],[1.552322,38.685517],[1.552406,38.685563],[1.552416,38.685603],[1.552458,38.685624],[1.552482,38.68562],[1.552534,38.685661],[1.552572,38.685759],[1.552609,38.685788],[1.55268,38.685822],[1.552745,38.68593],[1.552794,38.686016],[1.552846,38.686068],[1.552883,38.68608],[1.552959,38.686129],[1.552974,38.686176],[1.552992,38.686251],[1.553057,38.686349],[1.553151,38.686426],[1.553222,38.68647],[1.553319,38.686562],[1.553421,38.68665],[1.553551,38.686782],[1.553624,38.686888],[1.553657,38.686973],[1.553672,38.687048],[1.553701,38.687124],[1.553776,38.687224],[1.553833,38.687297],[1.554053,38.68749],[1.554073,38.687501],[1.554336,38.687657],[1.55471,38.687832],[1.555017,38.687979],[1.55523,38.688072],[1.555541,38.688178],[1.555835,38.688302],[1.556393,38.688555],[1.556642,38.688702],[1.55692,38.688889],[1.556953,38.688909],[1.557111,38.688997],[1.557261,38.689075],[1.557381,38.68913],[1.557539,38.68917],[1.557735,38.689245],[1.557886,38.689353],[1.558022,38.689458],[1.558151,38.689546],[1.55825,38.689588],[1.558449,38.689686],[1.558562,38.689747],[1.558666,38.68981],[1.558746,38.68988],[1.558845,38.689942],[1.559109,38.690067],[1.559191,38.690125],[1.559247,38.690164],[1.559573,38.69032],[1.559667,38.690348],[1.559753,38.690348],[1.55986,38.690394],[1.559904,38.690453],[1.559973,38.690513],[1.560105,38.690602],[1.560216,38.690643],[1.560285,38.690689],[1.560358,38.690749],[1.560451,38.690787],[1.560533,38.690816],[1.560679,38.6909],[1.560826,38.690957],[1.561004,38.690995],[1.561152,38.691069],[1.561267,38.691124],[1.561372,38.691156],[1.561471,38.691167],[1.56156,38.691168],[1.561753,38.691205],[1.561929,38.691273],[1.562064,38.691321],[1.562221,38.691353],[1.56236,38.691408],[1.5625,38.69143],[1.562512,38.691432],[1.562708,38.691447],[1.562874,38.691448],[1.563086,38.691477],[1.563329,38.691516],[1.563553,38.691551],[1.563804,38.69163],[1.564025,38.691684],[1.564136,38.691697],[1.564243,38.691733],[1.564383,38.691771],[1.564575,38.691804],[1.564637,38.691816],[1.564708,38.691849],[1.564752,38.691851],[1.564803,38.691832],[1.564892,38.691813],[1.564962,38.691813],[1.565166,38.691841],[1.565249,38.691845],[1.565428,38.691873],[1.565513,38.691887],[1.565546,38.691893],[1.565707,38.691932],[1.565779,38.691933],[1.565895,38.691911],[1.565993,38.691902],[1.566054,38.691902],[1.566159,38.691901],[1.566255,38.691889],[1.56637,38.691865],[1.566449,38.691864],[1.566529,38.691865],[1.566625,38.691867],[1.56672,38.691854],[1.566789,38.691867],[1.566853,38.691873],[1.566945,38.691872],[1.566991,38.691855],[1.567066,38.691802],[1.567133,38.691748],[1.567203,38.691701],[1.567267,38.69167],[1.567364,38.691649],[1.56743,38.691649],[1.567459,38.691629],[1.567484,38.691596],[1.56754,38.691387],[1.567595,38.691386],[1.567631,38.69139],[1.567676,38.691421],[1.567714,38.691427],[1.56773,38.691413],[1.567743,38.691385],[1.567761,38.691314],[1.567802,38.691284],[1.567835,38.691282],[1.567898,38.691299],[1.567952,38.691313],[1.567988,38.691322],[1.568037,38.691357],[1.568105,38.691421],[1.568156,38.691457],[1.568261,38.69151],[1.568342,38.691552],[1.568417,38.691587],[1.568479,38.691591],[1.568556,38.691587],[1.568682,38.691583],[1.568771,38.69155],[1.568831,38.691541],[1.568861,38.691553],[1.568889,38.691567],[1.568915,38.691571],[1.568995,38.691572],[1.569055,38.691594],[1.569114,38.691604],[1.569144,38.69158],[1.569182,38.691543],[1.569238,38.6915],[1.569302,38.691473],[1.569328,38.691419],[1.56933,38.691277],[1.569335,38.691211],[1.569364,38.691148],[1.569416,38.691141],[1.569471,38.691157],[1.56951,38.691202],[1.569542,38.691206],[1.569543,38.691151],[1.569545,38.69107],[1.569578,38.691033],[1.569618,38.691035],[1.569619,38.690995],[1.569536,38.690833],[1.569531,38.690771],[1.569531,38.69072],[1.569505,38.690665],[1.569466,38.690586],[1.569411,38.690525],[1.569352,38.690462],[1.569314,38.69041],[1.569263,38.690378],[1.569218,38.690336],[1.569192,38.690296],[1.569148,38.69021],[1.569145,38.690143],[1.569146,38.690081],[1.569152,38.68999],[1.569105,38.689906],[1.56902,38.689784],[1.568983,38.689744],[1.569014,38.689717],[1.569062,38.689701],[1.569111,38.689687],[1.569118,38.689641],[1.569086,38.68958],[1.569064,38.689533],[1.569018,38.689481],[1.568998,38.689427],[1.569012,38.689394],[1.569062,38.689378],[1.569135,38.689378],[1.569194,38.689345],[1.569201,38.689273],[1.569244,38.689265],[1.569287,38.689253],[1.569333,38.689233],[1.569331,38.689201],[1.569322,38.689148],[1.569352,38.68912],[1.569415,38.689109],[1.569461,38.689096],[1.569462,38.689057],[1.569462,38.688983],[1.569477,38.688922],[1.569459,38.688883],[1.569429,38.688831],[1.56947,38.688794],[1.569529,38.688794],[1.569603,38.688819],[1.569674,38.6888],[1.569689,38.688748],[1.569734,38.688722],[1.569806,38.68872],[1.569831,38.688699],[1.569794,38.688631],[1.569773,38.68858],[1.569791,38.688551],[1.569853,38.688553],[1.569942,38.688554],[1.570035,38.688555],[1.570175,38.688543],[1.570264,38.688532],[1.57033,38.68851],[1.570382,38.688484],[1.57044,38.688469],[1.570471,38.688431],[1.570472,38.68838],[1.570493,38.688358],[1.570531,38.688347],[1.57057,38.688347],[1.570725,38.688348],[1.570833,38.688349],[1.570882,38.688321],[1.57087,38.688209],[1.570879,38.688162],[1.570898,38.688153],[1.570897,38.688097],[1.570903,38.688061],[1.57094,38.688041],[1.570928,38.687949],[1.570937,38.687897],[1.570967,38.687893],[1.570983,38.687837],[1.570977,38.687768],[1.570989,38.687697],[1.571039,38.687691],[1.571073,38.687661],[1.57113,38.687595],[1.571187,38.687595],[1.57124,38.687576],[1.5713,38.687541],[1.571322,38.687501],[1.571344,38.687463],[1.571378,38.68742],[1.571401,38.687323],[1.571416,38.68726],[1.57142,38.687257],[1.571455,38.68723],[1.571495,38.687225],[1.571521,38.687179],[1.571573,38.687142],[1.571608,38.687093],[1.571611,38.687024],[1.571618,38.686985],[1.5715,38.686722],[1.571529,38.686697],[1.571578,38.686679],[1.571618,38.686679],[1.57164,38.686706],[1.571682,38.686658],[1.571768,38.686606],[1.571791,38.686541],[1.571826,38.68649],[1.571871,38.686478],[1.572001,38.686479],[1.572059,38.686486],[1.572125,38.68648],[1.572133,38.686447],[1.572135,38.686386],[1.572183,38.686371],[1.572242,38.686391],[1.572291,38.686452],[1.572331,38.68648],[1.572374,38.686465],[1.572385,38.686426],[1.572391,38.686355],[1.572392,38.686299],[1.572374,38.686259],[1.572283,38.686236],[1.572268,38.686199],[1.572315,38.68616],[1.572373,38.686108],[1.572407,38.686042],[1.572423,38.685985],[1.572476,38.685948],[1.572527,38.685945],[1.572574,38.685952],[1.572626,38.685986],[1.572676,38.685991],[1.572706,38.685986],[1.572777,38.685948],[1.572794,38.685917],[1.572786,38.685834],[1.572793,38.68578],[1.572817,38.685704],[1.572856,38.685666],[1.572894,38.685647],[1.572937,38.685652],[1.572965,38.685675],[1.572995,38.685682],[1.573035,38.685674],[1.573057,38.685598],[1.573119,38.685538],[1.57309,38.685376],[1.573098,38.685329],[1.573112,38.685298],[1.573158,38.685271],[1.573236,38.685262],[1.573252,38.685284],[1.573268,38.685323],[1.573321,38.685323],[1.573425,38.685318],[1.573516,38.685355],[1.573624,38.685383],[1.573714,38.68538],[1.573803,38.685351],[1.57393,38.685296],[1.574057,38.685296],[1.574176,38.685262],[1.574307,38.685199],[1.574437,38.685175],[1.574606,38.685128],[1.574753,38.685103],[1.574908,38.685091],[1.575006,38.685058],[1.575116,38.685038],[1.575233,38.685041],[1.575364,38.685044],[1.575555,38.685048],[1.575728,38.68505],[1.575907,38.685028],[1.576138,38.684974],[1.57626,38.684923],[1.576423,38.684818],[1.576467,38.684738],[1.576493,38.684686],[1.576579,38.684661],[1.57667,38.684621],[1.576755,38.684574],[1.576852,38.684492],[1.576953,38.68442],[1.577025,38.684381],[1.577157,38.684307],[1.577234,38.684277],[1.577367,38.684261],[1.577448,38.684213],[1.577512,38.68415],[1.577517,38.684071],[1.577578,38.684011],[1.577609,38.683958],[1.577615,38.683898],[1.577602,38.683855],[1.577581,38.683809],[1.577583,38.683767],[1.577642,38.683727],[1.577697,38.683649],[1.577698,38.683576],[1.577699,38.683467],[1.577708,38.683371],[1.577716,38.683258],[1.577727,38.683153],[1.577761,38.683072],[1.577819,38.683027],[1.577901,38.682949],[1.577931,38.682904],[1.577942,38.682806],[1.577943,38.682748],[1.577908,38.682647],[1.577894,38.682571],[1.577788,38.682426],[1.577772,38.682352],[1.577746,38.682285],[1.577737,38.682176],[1.577739,38.68208],[1.577766,38.68203],[1.57779,38.681899],[1.577797,38.681803],[1.577804,38.681709],[1.577821,38.681602],[1.577872,38.681474],[1.577948,38.681356],[1.578036,38.681271],[1.578102,38.68117],[1.578117,38.681066],[1.578173,38.680992],[1.578241,38.680936],[1.57832,38.680906],[1.578433,38.680848],[1.578509,38.680792],[1.57856,38.680716],[1.578609,38.680676],[1.578682,38.680644],[1.57871,38.680624],[1.578765,38.680583],[1.57886,38.680555],[1.578944,38.680541],[1.579081,38.680537],[1.57916,38.68053],[1.579232,38.680489],[1.579296,38.680449],[1.579365,38.680398],[1.579438,38.680361],[1.579495,38.680327],[1.579531,38.680276],[1.579567,38.680187],[1.579572,38.680102],[1.579587,38.680063],[1.579623,38.680049],[1.579675,38.680044],[1.579794,38.679982],[1.579833,38.679904],[1.579859,38.67986],[1.579882,38.679803],[1.579918,38.679757],[1.57996,38.679713],[1.579985,38.679669],[1.579982,38.67963],[1.579933,38.679597],[1.579924,38.679564],[1.579958,38.679518],[1.580007,38.679479],[1.580055,38.679446],[1.580087,38.679402],[1.580135,38.679355],[1.580185,38.679315],[1.580208,38.67929],[1.580235,38.679219],[1.580263,38.679182],[1.580305,38.679148],[1.58045,38.679101],[1.580571,38.679078],[1.580673,38.67904],[1.580731,38.679013],[1.580788,38.678983],[1.58085,38.678934],[1.580882,38.678897],[1.580885,38.678838],[1.58088,38.678802],[1.580876,38.678762],[1.5809,38.678729],[1.580964,38.678686],[1.581085,38.678625],[1.581179,38.678565],[1.581221,38.678521],[1.581245,38.678474],[1.581258,38.678427],[1.58127,38.678383],[1.581326,38.678339],[1.581428,38.678288],[1.581494,38.678242],[1.581535,38.678191],[1.581505,38.678157],[1.581436,38.67815],[1.581434,38.678147],[1.581585,38.67808],[1.581633,38.678047],[1.581631,38.678016],[1.581614,38.67801],[1.581619,38.678006],[1.581676,38.677959],[1.581689,38.677934],[1.581697,38.677906],[1.581775,38.677865],[1.581876,38.677841],[1.581906,38.677843],[1.581861,38.677896],[1.581844,38.677944],[1.58188,38.677935],[1.581967,38.677853],[1.58205,38.677763],[1.582099,38.677697],[1.582163,38.677645],[1.58221,38.677604],[1.582254,38.677562],[1.58227,38.677532],[1.582247,38.677496],[1.582233,38.677462],[1.582258,38.677408],[1.582292,38.677366],[1.582307,38.677328],[1.582291,38.677285],[1.582279,38.677242],[1.582278,38.677196],[1.582251,38.677148],[1.582198,38.677112],[1.582131,38.677071],[1.582089,38.677022],[1.582053,38.676966],[1.581993,38.676931],[1.581906,38.676893],[1.581745,38.676821],[1.581564,38.676737],[1.581482,38.67671],[1.581396,38.67669],[1.581307,38.676683],[1.581249,38.676682],[1.581228,38.67666],[1.58126,38.676615],[1.581283,38.676597],[1.581263,38.676569],[1.581218,38.67656],[1.581212,38.676508],[1.581171,38.676454],[1.581139,38.67641],[1.581058,38.676404],[1.580999,38.676394],[1.580972,38.676358],[1.580944,38.676315],[1.580912,38.676298],[1.580923,38.676251],[1.580915,38.676232],[1.580873,38.676213],[1.580869,38.676194],[1.580924,38.676177],[1.580996,38.676147],[1.581075,38.676099],[1.581154,38.676077],[1.581221,38.676058],[1.58128,38.676036],[1.581309,38.676013],[1.581303,38.675963],[1.58132,38.675918],[1.581348,38.675874],[1.581292,38.675818],[1.581189,38.675787],[1.581093,38.675749],[1.581025,38.675688],[1.581029,38.675655],[1.581245,38.675519],[1.581385,38.675445],[1.581494,38.675392],[1.581613,38.675336],[1.581699,38.675297],[1.58179,38.675253],[1.581896,38.675217],[1.581964,38.675194],[1.582011,38.675145],[1.582051,38.675104],[1.582057,38.675053],[1.582056,38.675001],[1.58202,38.674943],[1.582011,38.674899],[1.58199,38.67487],[1.581925,38.674846],[1.581867,38.674805],[1.581796,38.674742],[1.581718,38.674703],[1.581638,38.674641],[1.581552,38.674573],[1.581497,38.674535],[1.581434,38.674511],[1.581371,38.674505],[1.581328,38.674471],[1.581281,38.674416],[1.581222,38.674386],[1.581213,38.674356],[1.581264,38.674322],[1.581302,38.674296],[1.581366,38.674283],[1.581457,38.674268],[1.581564,38.674245],[1.581681,38.674227],[1.581757,38.674204],[1.581821,38.674151],[1.58185,38.674104],[1.581867,38.674044],[1.581857,38.673987],[1.581803,38.67393],[1.58176,38.673864],[1.581746,38.673841],[1.581737,38.673805],[1.581741,38.673772],[1.581767,38.673734],[1.581825,38.673702],[1.581914,38.67366],[1.581946,38.673646],[1.581981,38.673626],[1.582012,38.673596],[1.582013,38.673551],[1.582005,38.67351],[1.581956,38.673458],[1.58191,38.673409],[1.581838,38.673336],[1.581777,38.673266],[1.581755,38.67323],[1.581746,38.673176],[1.581704,38.673126],[1.581689,38.67308],[1.581668,38.673031],[1.581643,38.672989],[1.581614,38.672945],[1.58159,38.672881],[1.581587,38.672813],[1.581575,38.672758],[1.581598,38.67266],[1.581624,38.672549],[1.581622,38.672479],[1.581581,38.672409],[1.581543,38.672333],[1.581543,38.672289],[1.581561,38.672223],[1.581579,38.672168],[1.581583,38.672097],[1.581639,38.671986],[1.58169,38.671934],[1.581756,38.67177],[1.581764,38.671732],[1.581766,38.671666],[1.58181,38.671614],[1.581876,38.671524],[1.581932,38.671468],[1.581977,38.671406],[1.582013,38.671356],[1.582071,38.671321],[1.582207,38.671296],[1.582396,38.671266],[1.582508,38.671234],[1.582584,38.671224],[1.582669,38.671221],[1.58275,38.671219],[1.58283,38.671225],[1.582914,38.671243],[1.583016,38.671267],[1.58318,38.671283],[1.583246,38.671271],[1.58331,38.671232],[1.583357,38.671178],[1.583439,38.671133],[1.583505,38.671091],[1.58355,38.671057],[1.583606,38.671026],[1.583662,38.671001],[1.583733,38.670977],[1.583789,38.670942],[1.58384,38.670873],[1.583882,38.67081],[1.583899,38.670748],[1.583923,38.670697],[1.583951,38.670643],[1.584003,38.670589],[1.584025,38.670528],[1.584031,38.670521],[1.59012,38.703231]]],[[[1.58465,38.663031],[1.58465,38.663031],[1.58465,38.663031],[1.58465,38.663031]]]]},"properties":{"featureId":"rm-reserva-marina-punta-de-sa-creu--reserva-marina--autonomica--01","zoneId":"rm-reserva-marina-punta-de-sa-creu--reserva-marina--autonomica","fuente":"reservas-marinas","fuenteTitulo":"Reservas marinas","nombre":"Reserva marina punta de sa creu ","proteccion":"Reserva marina","competencia":"Autonòmica","isla":"formentera","areaKm2":9.8542,"normas":[{"titulo":"Reserva marina punta de sa creu","fecha":"2018-11-16","url":"https://www.caib.es/sites/reservesmarines/ca/planol_de_situacio_i_zonificacio/","tipo":"creacion","origen":"ideib"}],"objectIdOrigen":3215}}]}