{"type":"FeatureCollection","features":[{"type":"Feature","geometry":{"type":"Polygon","coordinates":[[[1.418394,38.794141],[1.419035,38.793424],[1.419105,38.793383],[1.419388,38.793163],[1.419824,38.792789],[1.419848,38.79265],[1.419859,38.792335],[1.419965,38.792257],[1.419986,38.79223],[1.419925,38.79176],[1.419943,38.791683],[1.420031,38.791477],[1.42019,38.791196],[1.420445,38.790928],[1.420658,38.790734],[1.420868,38.79065],[1.421149,38.790627],[1.421309,38.790655],[1.421631,38.790642],[1.421843,38.790624],[1.422114,38.790618],[1.422257,38.790668],[1.422412,38.790788],[1.422484,38.790882],[1.422539,38.791299],[1.422557,38.791645],[1.422527,38.791918],[1.422409,38.792284],[1.42228,38.792504],[1.42218,38.792655],[1.421936,38.792977],[1.42135,38.79373],[1.420988,38.794129],[1.420813,38.794227],[1.420157,38.794379],[1.419608,38.794452],[1.419368,38.794496],[1.419131,38.794526],[1.418771,38.794499],[1.418579,38.794398],[1.418394,38.794141]]]},"properties":{"featureId":"zon-08-ss-parc-natural-de-ses-salines-d-eivissa-i-formentera--area-d-aprofitament-condicionat-a-la-conservacio--mari--01","zoneId":"zon-08-ss-parc-natural-de-ses-salines-d-eivissa-i-formentera--area-d-aprofitament-condicionat-a-la-conservacio--mari","fuente":"zonificacion-enp","fuenteTitulo":"Zonificación marina de los espacios naturales protegidos","nombre":"Parc Natural de ses Salines d'Eivissa i Formentera","proteccion":"Àrea d'aprofitament condicionat a la conservació","competencia":null,"isla":["eivissa","formentera"],"areaKm2":0.0873,"normas":[{"titulo":"Decreto 132/2005, de 23 de diciembre, por el que se aprueba el Plan Rector de Uso y Gestión del Parc Natural de ses Salines d’Eivissa i Formentera","fecha":"2005-12-23","url":"https://www.caib.es/sites/puntdinformacioambiental/f/138364","tipo":"creacion","origen":"ideib"}],"objectIdOrigen":35,"ambito":"Marí","codigo":"08_SS"}},{"type":"Feature","geometry":{"type":"MultiPolygon","coordinates":[[[[1.427982,38.753985],[1.426434,38.750468],[1.425289,38.747899],[1.423198,38.743431],[1.420892,38.738812],[1.421799,38.738824],[1.422582,38.738835],[1.423344,38.738845],[1.424,38.738854],[1.424212,38.738856],[1.424677,38.738863],[1.425164,38.738869],[1.426413,38.738886],[1.428177,38.73891],[1.429396,38.741018],[1.430479,38.743196],[1.430742,38.744088],[1.430789,38.745143],[1.430771,38.745975],[1.430608,38.746972],[1.430151,38.748464],[1.43021,38.74902],[1.430481,38.749523],[1.430965,38.750029],[1.431593,38.75037],[1.432223,38.750656],[1.432426,38.751048],[1.432404,38.752046],[1.43167,38.753313],[1.431375,38.753864],[1.434154,38.756926],[1.434338,38.764849],[1.429667,38.776655],[1.429643,38.77719],[1.429719,38.777485],[1.429803,38.777738],[1.429873,38.77794],[1.429903,38.778396],[1.429871,38.778733],[1.429767,38.779094],[1.42966,38.779308],[1.429496,38.779603],[1.429243,38.780056],[1.429022,38.780375],[1.428797,38.780623],[1.428563,38.780908],[1.428339,38.781123],[1.428207,38.781225],[1.428092,38.781325],[1.427915,38.781436],[1.427654,38.78157],[1.427178,38.781829],[1.426927,38.781952],[1.426613,38.782091],[1.42583,38.782354],[1.425437,38.78245],[1.424899,38.782532],[1.424754,38.78254],[1.424591,38.782549],[1.424388,38.782534],[1.424242,38.782512],[1.424168,38.782491],[1.42395,38.782381],[1.42388,38.782321],[1.423728,38.782154],[1.42361,38.782011],[1.423482,38.781795],[1.423467,38.781673],[1.423468,38.781484],[1.423473,38.781225],[1.42346,38.781025],[1.423392,38.780824],[1.423331,38.780779],[1.423171,38.780638],[1.423042,38.780545],[1.422879,38.78045],[1.422701,38.780383],[1.422437,38.780379],[1.421992,38.780378],[1.421667,38.780287],[1.421433,38.780139],[1.420947,38.779797],[1.420841,38.77975],[1.420752,38.779675],[1.420732,38.779589],[1.420724,38.779507],[1.420455,38.779223],[1.420379,38.779186],[1.420145,38.779009],[1.420026,38.778955],[1.425503,38.776918],[1.425506,38.776924],[1.425579,38.776966],[1.425738,38.776971],[1.425923,38.776955],[1.42628,38.776913],[1.426634,38.776819],[1.426896,38.776713],[1.427192,38.776565],[1.427317,38.776407],[1.428647,38.770564],[1.429177,38.760371],[1.427982,38.753985]]],[[[1.429893,38.755514],[1.430314,38.75527],[1.430624,38.755416],[1.430612,38.755599],[1.430306,38.755705],[1.429893,38.755514]]],[[[1.430232,38.753519],[1.430285,38.753491],[1.430848,38.753356],[1.4309,38.753361],[1.431201,38.753625],[1.431208,38.753633],[1.431183,38.753747],[1.430892,38.753922],[1.430851,38.753944],[1.430871,38.754251],[1.430877,38.754309],[1.430784,38.754516],[1.430734,38.754557],[1.430356,38.754646],[1.430315,38.754655],[1.430061,38.75451],[1.430046,38.754491],[1.429982,38.754414],[1.429981,38.754383],[1.429975,38.754355],[1.429869,38.75425],[1.429863,38.754217],[1.429901,38.754029],[1.429928,38.754002],[1.429945,38.753835],[1.429944,38.753799],[1.430126,38.753583],[1.430232,38.753519]]],[[[1.430847,38.751436],[1.430851,38.751441],[1.430746,38.751427],[1.430664,38.751401],[1.430587,38.751205],[1.430558,38.751186],[1.430538,38.751096],[1.430532,38.751076],[1.430806,38.750888],[1.430863,38.75087],[1.431382,38.750936],[1.431456,38.750965],[1.431546,38.751158],[1.431546,38.751212],[1.431458,38.751401],[1.431408,38.751433],[1.431064,38.751455],[1.430847,38.751436]]]]},"properties":{"featureId":"zon-08-ss-parc-natural-de-ses-salines-d-eivissa-i-formentera--area-d-aprofitament-condicionat-a-la-conservacio--mari--02","zoneId":"zon-08-ss-parc-natural-de-ses-salines-d-eivissa-i-formentera--area-d-aprofitament-condicionat-a-la-conservacio--mari","fuente":"zonificacion-enp","fuenteTitulo":"Zonificación marina de los espacios naturales protegidos","nombre":"Parc Natural de ses Salines d'Eivissa i Formentera","proteccion":"Àrea d'aprofitament condicionat a la conservació","competencia":null,"isla":["eivissa","formentera"],"areaKm2":2.1946,"normas":[{"titulo":"Decreto 132/2005, de 23 de diciembre, por el que se aprueba el Plan Rector de Uso y Gestión del Parc Natural de ses Salines d’Eivissa i Formentera","fecha":"2005-12-23","url":"https://www.caib.es/sites/puntdinformacioambiental/f/138364","tipo":"creacion","origen":"ideib"}],"objectIdOrigen":36,"ambito":"Marí","codigo":"08_SS"}},{"type":"Feature","geometry":{"type":"Polygon","coordinates":[[[1.410916,38.731202],[1.410832,38.731255],[1.41072,38.731297],[1.410333,38.731303],[1.410015,38.73132],[1.409572,38.731379],[1.409128,38.731492],[1.408918,38.73163],[1.40868,38.731789],[1.408453,38.732024],[1.408173,38.732236],[1.407896,38.732254],[1.406816,38.731752],[1.405592,38.730935],[1.404558,38.730218],[1.402319,38.729083],[1.402102,38.728918],[1.402104,38.728831],[1.404485,38.728539],[1.406012,38.72882],[1.408027,38.729442],[1.409448,38.730133],[1.41021,38.730652],[1.410916,38.731202]]]},"properties":{"featureId":"zon-08-ss-parc-natural-de-ses-salines-d-eivissa-i-formentera--area-d-aprofitament-condicionat-a-la-conservacio--mari--03","zoneId":"zon-08-ss-parc-natural-de-ses-salines-d-eivissa-i-formentera--area-d-aprofitament-condicionat-a-la-conservacio--mari","fuente":"zonificacion-enp","fuenteTitulo":"Zonificación marina de los espacios naturales protegidos","nombre":"Parc Natural de ses Salines d'Eivissa i Formentera","proteccion":"Àrea d'aprofitament condicionat a la conservació","competencia":null,"isla":["eivissa","formentera"],"areaKm2":0.1393,"normas":[{"titulo":"Decreto 132/2005, de 23 de diciembre, por el que se aprueba el Plan Rector de Uso y Gestión del Parc Natural de ses Salines d’Eivissa i Formentera","fecha":"2005-12-23","url":"https://www.caib.es/sites/puntdinformacioambiental/f/138364","tipo":"creacion","origen":"ideib"}],"objectIdOrigen":61,"ambito":"Marí","codigo":"08_SS"}},{"type":"Feature","geometry":{"type":"Polygon","coordinates":[[[1.41045,38.721471],[1.410505,38.721521],[1.410579,38.721596],[1.41061,38.721657],[1.410636,38.721707],[1.410663,38.72175],[1.410663,38.721788],[1.410621,38.721834],[1.410582,38.721856],[1.410523,38.72189],[1.410476,38.721929],[1.410491,38.721985],[1.41055,38.722009],[1.410624,38.721997],[1.410692,38.721956],[1.410786,38.72192],[1.410834,38.721863],[1.410882,38.721838],[1.410992,38.721846],[1.411075,38.72185],[1.411176,38.721846],[1.411289,38.721844],[1.411359,38.721827],[1.41142,38.721818],[1.411512,38.721802],[1.411562,38.721784],[1.411592,38.72178],[1.411675,38.721757],[1.411739,38.721747],[1.411812,38.721703],[1.411855,38.721681],[1.411923,38.721641],[1.411883,38.721617],[1.411806,38.721586],[1.411783,38.721563],[1.411778,38.721517],[1.411801,38.721453],[1.411849,38.7214],[1.411895,38.721367],[1.411939,38.721332],[1.41205,38.72126],[1.412162,38.721214],[1.412262,38.721201],[1.412349,38.72117],[1.41244,38.721162],[1.41253,38.721163],[1.412669,38.721176],[1.412752,38.721199],[1.412822,38.721237],[1.412869,38.721283],[1.412973,38.721312],[1.413083,38.721331],[1.413174,38.721349],[1.413266,38.72136],[1.413282,38.72136],[1.413338,38.721358],[1.413475,38.721355],[1.413584,38.721351],[1.413728,38.721353],[1.413846,38.721369],[1.413921,38.721391],[1.414012,38.721435],[1.414116,38.721497],[1.414173,38.721544],[1.414234,38.72161],[1.414284,38.721666],[1.41434,38.721712],[1.414429,38.721738],[1.414552,38.721742],[1.414642,38.721718],[1.414732,38.721673],[1.414817,38.721634],[1.41491,38.721597],[1.414999,38.721579],[1.415109,38.721572],[1.415191,38.721572],[1.415296,38.721587],[1.415336,38.72161],[1.415372,38.721626],[1.415449,38.721669],[1.415496,38.72169],[1.415537,38.721709],[1.41556,38.721734],[1.415583,38.721754],[1.415664,38.721782],[1.415735,38.721785],[1.415794,38.721764],[1.415885,38.721756],[1.415982,38.721769],[1.416089,38.721791],[1.416152,38.721792],[1.416764,38.721717],[1.416829,38.721788],[1.416881,38.721851],[1.416912,38.721915],[1.416936,38.721986],[1.416956,38.72204],[1.416927,38.722078],[1.416915,38.722179],[1.417009,38.722175],[1.417128,38.722201],[1.417221,38.722195],[1.417304,38.722182],[1.417373,38.722192],[1.417409,38.722229],[1.417477,38.722276],[1.417515,38.722305],[1.417593,38.722311],[1.41763,38.722285],[1.417738,38.722174],[1.417793,38.72212],[1.417834,38.722075],[1.417868,38.722037],[1.417904,38.721998],[1.417906,38.721983],[1.417929,38.721956],[1.41799,38.721915],[1.418079,38.721914],[1.418161,38.721959],[1.418215,38.721991],[1.418303,38.722042],[1.418357,38.722088],[1.418426,38.722142],[1.418474,38.722196],[1.418482,38.722233],[1.418528,38.722267],[1.418622,38.722271],[1.418701,38.722292],[1.418792,38.722323],[1.418803,38.722359],[1.418786,38.72238],[1.4188,38.722396],[1.418909,38.722431],[1.418957,38.72248],[1.418996,38.722514],[1.419053,38.722536],[1.419096,38.7226],[1.419104,38.722627],[1.419141,38.722649],[1.41918,38.722615],[1.419212,38.722578],[1.41927,38.722581],[1.419297,38.722614],[1.419327,38.72266],[1.419372,38.722733],[1.419477,38.722914],[1.419584,38.723132],[1.419685,38.723385],[1.419757,38.7236],[1.419783,38.723736],[1.419819,38.723883],[1.419858,38.724037],[1.419889,38.724161],[1.419904,38.724227],[1.41989,38.724258],[1.41986,38.724307],[1.419839,38.724355],[1.41981,38.724376],[1.419758,38.724397],[1.419695,38.724437],[1.419662,38.724489],[1.419646,38.724547],[1.419641,38.724581],[1.419632,38.724686],[1.419619,38.724761],[1.419641,38.724823],[1.419639,38.724924],[1.419614,38.725036],[1.419542,38.725089],[1.419508,38.725103],[1.419463,38.725087],[1.419379,38.725058],[1.41934,38.725045],[1.419278,38.725017],[1.41922,38.724997],[1.419145,38.725002],[1.419151,38.725027],[1.419208,38.725057],[1.419254,38.725068],[1.419344,38.725092],[1.419385,38.725117],[1.419409,38.725179],[1.419407,38.725242],[1.419348,38.725314],[1.419287,38.725357],[1.419212,38.725433],[1.419146,38.725504],[1.41911,38.72556],[1.419038,38.725642],[1.418933,38.725734],[1.418851,38.725797],[1.418776,38.725853],[1.418722,38.725899],[1.418639,38.725964],[1.418591,38.726028],[1.418521,38.726056],[1.418468,38.72609],[1.418461,38.726136],[1.418443,38.726209],[1.418397,38.726283],[1.41838,38.726311],[1.418293,38.726404],[1.418224,38.726476],[1.418124,38.726533],[1.418037,38.726577],[1.417417,38.727073],[1.417252,38.727157],[1.417071,38.727245],[1.416947,38.727322],[1.41685,38.7274],[1.416708,38.727494],[1.416637,38.727638],[1.416607,38.727772],[1.416544,38.727871],[1.416457,38.727968],[1.416435,38.728061],[1.416442,38.728118],[1.41645,38.728202],[1.41646,38.728269],[1.416478,38.728397],[1.416505,38.728501],[1.41649,38.728633],[1.416398,38.728737],[1.416346,38.728787],[1.416323,38.72889],[1.416394,38.728918],[1.416513,38.728986],[1.416605,38.729035],[1.416725,38.729075],[1.416813,38.72912],[1.416931,38.729171],[1.417041,38.72928],[1.417049,38.729383],[1.417035,38.729521],[1.417006,38.729664],[1.417012,38.729736],[1.41708,38.729866],[1.417085,38.729889],[1.417083,38.730002],[1.417083,38.730002],[1.417082,38.730005],[1.417004,38.73021],[1.416908,38.730497],[1.416879,38.730567],[1.416818,38.73074],[1.416692,38.730922],[1.416519,38.731106],[1.416449,38.731192],[1.41639,38.731296],[1.416286,38.731414],[1.41612,38.731525],[1.415919,38.731692],[1.415748,38.73179],[1.4156,38.731906],[1.415484,38.731974],[1.415378,38.732024],[1.415272,38.732097],[1.415161,38.732169],[1.415066,38.73221],[1.414984,38.732248],[1.414901,38.732284],[1.414809,38.732312],[1.414655,38.732338],[1.414554,38.732349],[1.414484,38.732345],[1.414404,38.732325],[1.414286,38.732291],[1.414197,38.732235],[1.414095,38.732167],[1.414029,38.732123],[1.413954,38.732076],[1.413876,38.73204],[1.413675,38.731976],[1.413533,38.731955],[1.413323,38.731916],[1.413259,38.73188],[1.413159,38.731839],[1.41309,38.731805],[1.413002,38.73178],[1.412878,38.731746],[1.412781,38.731705],[1.412655,38.731655],[1.412559,38.731582],[1.412429,38.731497],[1.412061,38.730945],[1.412016,38.73089],[1.411979,38.730866],[1.411878,38.730784],[1.411791,38.730683],[1.411714,38.730552],[1.411701,38.730446],[1.411577,38.730339],[1.411458,38.730248],[1.411393,38.730202],[1.411296,38.730123],[1.411167,38.730021],[1.411153,38.730005],[1.41115,38.730002],[1.411133,38.729981],[1.411021,38.729827],[1.410921,38.729744],[1.410845,38.729673],[1.410786,38.729615],[1.41073,38.729534],[1.410703,38.729438],[1.410687,38.729337],[1.41068,38.729299],[1.410633,38.72921],[1.41053,38.729091],[1.410419,38.729003],[1.41032,38.728945],[1.410257,38.728957],[1.410147,38.728996],[1.409922,38.728957],[1.409802,38.728921],[1.40964,38.728884],[1.409495,38.728855],[1.409356,38.728827],[1.409207,38.728799],[1.409127,38.72878],[1.408944,38.72872],[1.408832,38.728666],[1.40871,38.728611],[1.408613,38.728552],[1.408576,38.728516],[1.40847,38.728413],[1.408372,38.728343],[1.408224,38.728265],[1.408104,38.728219],[1.408015,38.728192],[1.40797,38.728181],[1.407764,38.72811],[1.407666,38.728062],[1.407544,38.727994],[1.407461,38.727955],[1.407416,38.72793],[1.40733,38.727872],[1.407227,38.727832],[1.407086,38.727804],[1.407023,38.727778],[1.406915,38.727708],[1.406876,38.727677],[1.40677,38.727599],[1.406689,38.727544],[1.406614,38.727474],[1.406473,38.727383],[1.406371,38.727327],[1.406234,38.727256],[1.406143,38.727208],[1.405925,38.727142],[1.405793,38.727094],[1.405645,38.727053],[1.405501,38.727021],[1.405452,38.727008],[1.40539,38.726989],[1.405265,38.726955],[1.405184,38.726933],[1.40509,38.726905],[1.405034,38.726864],[1.404977,38.726821],[1.404954,38.726782],[1.404918,38.726653],[1.404882,38.726559],[1.404831,38.726426],[1.404781,38.726287],[1.40477,38.726192],[1.40476,38.726079],[1.404759,38.726001],[1.404759,38.725899],[1.404774,38.725808],[1.404814,38.725671],[1.404843,38.725565],[1.404878,38.725437],[1.404911,38.72526],[1.40494,38.725176],[1.40498,38.725059],[1.405029,38.724965],[1.405062,38.724853],[1.405107,38.724734],[1.405139,38.72466],[1.405156,38.72461],[1.405194,38.72451],[1.405214,38.724385],[1.405256,38.724275],[1.405317,38.724136],[1.40535,38.724055],[1.405421,38.723953],[1.405461,38.723795],[1.405491,38.723734],[1.405512,38.723701],[1.405524,38.723682],[1.405567,38.723585],[1.405659,38.723494],[1.405782,38.723371],[1.405856,38.723312],[1.405953,38.723195],[1.406064,38.723018],[1.406149,38.722865],[1.406193,38.722803],[1.406264,38.722682],[1.406324,38.722603],[1.406372,38.72255],[1.40645,38.722466],[1.406515,38.722401],[1.40661,38.722323],[1.406651,38.722278],[1.40674,38.722203],[1.406861,38.722109],[1.406946,38.722047],[1.407015,38.722004],[1.407092,38.721963],[1.407203,38.721905],[1.407368,38.721855],[1.407407,38.721858],[1.407473,38.721913],[1.407509,38.721922],[1.407562,38.721875],[1.407648,38.721788],[1.407713,38.721729],[1.407781,38.72167],[1.407822,38.721639],[1.407866,38.721615],[1.408068,38.721494],[1.408202,38.721429],[1.408349,38.721379],[1.408517,38.72133],[1.408649,38.721302],[1.40878,38.721288],[1.408953,38.72127],[1.409107,38.721245],[1.409215,38.721229],[1.409395,38.721207],[1.409533,38.7212],[1.409651,38.721213],[1.409781,38.721231],[1.409877,38.721256],[1.409977,38.721273],[1.410084,38.721296],[1.410212,38.721341],[1.410288,38.721374],[1.410344,38.721409],[1.41045,38.721471]]]},"properties":{"featureId":"zon-08-ss-parc-natural-de-ses-salines-d-eivissa-i-formentera--area-d-aprofitament-condicionat-a-la-conservacio--mari--04","zoneId":"zon-08-ss-parc-natural-de-ses-salines-d-eivissa-i-formentera--area-d-aprofitament-condicionat-a-la-conservacio--mari","fuente":"zonificacion-enp","fuenteTitulo":"Zonificación marina de los espacios naturales protegidos","nombre":"Parc Natural de ses Salines d'Eivissa i Formentera","proteccion":"Àrea d'aprofitament condicionat a la conservació","competencia":null,"isla":["eivissa","formentera"],"areaKm2":1.0251,"normas":[{"titulo":"Decreto 132/2005, de 23 de diciembre, por el que se aprueba el Plan Rector de Uso y Gestión del Parc Natural de ses Salines d’Eivissa i Formentera","fecha":"2005-12-23","url":"https://www.caib.es/sites/puntdinformacioambiental/f/138364","tipo":"creacion","origen":"ideib"}],"objectIdOrigen":84,"ambito":"Marí","codigo":"08_SS"}},{"type":"Feature","geometry":{"type":"MultiPolygon","coordinates":[[[[1.380467,38.718611],[1.380459,38.718666],[1.38039,38.718722],[1.380411,38.7188],[1.380473,38.718892],[1.380547,38.718922],[1.380586,38.718946],[1.380542,38.718991],[1.380492,38.719043],[1.380451,38.719092],[1.380412,38.719128],[1.380332,38.719169],[1.3803,38.719213],[1.380293,38.719278],[1.380333,38.719339],[1.380366,38.71938],[1.380442,38.719448],[1.380545,38.719527],[1.380621,38.719599],[1.380705,38.719671],[1.380814,38.719774],[1.38093,38.719871],[1.381076,38.719974],[1.381224,38.720014],[1.381274,38.720013],[1.381314,38.720014],[1.381481,38.720081],[1.381612,38.720104],[1.38177,38.720095],[1.381853,38.720065],[1.381947,38.720009],[1.381984,38.720009],[1.382085,38.720112],[1.382141,38.720209],[1.382266,38.72029],[1.382276,38.72037],[1.382314,38.720433],[1.382464,38.720427],[1.382479,38.720427],[1.382538,38.720429],[1.382602,38.720429],[1.382713,38.72045],[1.382796,38.720478],[1.383528,38.720771],[1.383597,38.720778],[1.3837,38.720811],[1.383771,38.720898],[1.383887,38.720961],[1.384037,38.720958],[1.384203,38.720912],[1.384323,38.720948],[1.384429,38.720952],[1.384549,38.720993],[1.384685,38.721087],[1.384742,38.721152],[1.384804,38.72126],[1.384955,38.721339],[1.385076,38.721331],[1.385159,38.721424],[1.385346,38.721429],[1.385464,38.721464],[1.385597,38.721531],[1.38573,38.721536],[1.385867,38.721593],[1.386061,38.721629],[1.386155,38.721623],[1.386353,38.72161],[1.386502,38.721658],[1.386716,38.721746],[1.386832,38.721804],[1.386956,38.721931],[1.387067,38.721984],[1.387312,38.721974],[1.387434,38.721994],[1.387504,38.722062],[1.387556,38.722204],[1.387563,38.722346],[1.387584,38.722448],[1.387575,38.722584],[1.387536,38.722713],[1.387481,38.722913],[1.38747,38.723003],[1.387481,38.72314],[1.387506,38.723219],[1.38754,38.723291],[1.387442,38.723317],[1.387284,38.723317],[1.387116,38.723317],[1.387013,38.723374],[1.38692,38.723488],[1.386792,38.723544],[1.386664,38.723621],[1.386517,38.723757],[1.386619,38.72384],[1.386761,38.723865],[1.386915,38.723864],[1.387015,38.723896],[1.387103,38.723968],[1.387218,38.723932],[1.387372,38.72389],[1.387485,38.723848],[1.387602,38.723838],[1.387647,38.723875],[1.387738,38.723907],[1.387789,38.723844],[1.387864,38.723837],[1.387881,38.723925],[1.38794,38.723974],[1.388074,38.723928],[1.388135,38.723968],[1.388175,38.724046],[1.38828,38.724172],[1.388317,38.724284],[1.388318,38.724312],[1.388308,38.724325],[1.388307,38.724387],[1.388312,38.724431],[1.388383,38.724441],[1.388508,38.724386],[1.388641,38.724388],[1.388696,38.724472],[1.388615,38.72456],[1.388691,38.724639],[1.388789,38.724669],[1.38892,38.724645],[1.389041,38.72467],[1.389128,38.724724],[1.38921,38.72482],[1.389264,38.72491],[1.389366,38.725004],[1.389501,38.724983],[1.389617,38.725069],[1.389744,38.72512],[1.389908,38.725195],[1.390074,38.725242],[1.390242,38.725297],[1.390413,38.725317],[1.390587,38.725298],[1.390622,38.72535],[1.390628,38.72554],[1.390673,38.725612],[1.390768,38.725696],[1.390827,38.725774],[1.390891,38.72584],[1.391008,38.725935],[1.391051,38.725953],[1.391184,38.725956],[1.391274,38.725938],[1.391383,38.72595],[1.391415,38.725965],[1.391445,38.72598],[1.391528,38.726046],[1.391623,38.726132],[1.391719,38.726155],[1.391771,38.726227],[1.391897,38.726362],[1.391961,38.726451],[1.392019,38.726511],[1.392046,38.726568],[1.392077,38.726694],[1.392074,38.726763],[1.392066,38.726843],[1.392128,38.726906],[1.392254,38.726894],[1.392276,38.726962],[1.392237,38.727027],[1.39229,38.727078],[1.392391,38.727148],[1.392507,38.727207],[1.39253,38.727275],[1.392509,38.727349],[1.392447,38.727409],[1.392323,38.727515],[1.392314,38.727584],[1.392389,38.727622],[1.392441,38.727691],[1.392481,38.727778],[1.392525,38.727828],[1.392615,38.727908],[1.392645,38.727942],[1.392601,38.72796],[1.392513,38.727921],[1.392358,38.727873],[1.392158,38.727842],[1.392202,38.727927],[1.392255,38.727968],[1.392232,38.728031],[1.392127,38.728088],[1.392039,38.728126],[1.391995,38.728203],[1.392076,38.728236],[1.392173,38.728315],[1.392281,38.728395],[1.392412,38.728409],[1.392556,38.728371],[1.392603,38.728354],[1.392696,38.728345],[1.392902,38.728405],[1.393088,38.728473],[1.393291,38.728543],[1.393521,38.728647],[1.393735,38.728757],[1.393959,38.728854],[1.394108,38.728955],[1.394151,38.729068],[1.394202,38.729251],[1.394189,38.729316],[1.394068,38.729363],[1.393998,38.729427],[1.394014,38.72953],[1.394144,38.729556],[1.394221,38.729637],[1.39426,38.72976],[1.39428,38.729856],[1.394235,38.729953],[1.39433,38.730002],[1.394334,38.730005],[1.394383,38.73003],[1.39447,38.730091],[1.394508,38.730138],[1.394653,38.730198],[1.394816,38.730264],[1.394957,38.730334],[1.395124,38.730414],[1.395245,38.730459],[1.395434,38.730522],[1.395486,38.73061],[1.395623,38.730652],[1.395755,38.730672],[1.395941,38.730721],[1.396068,38.730805],[1.396215,38.730808],[1.396307,38.730861],[1.396355,38.730929],[1.39638,38.730986],[1.396387,38.731091],[1.396431,38.731225],[1.396373,38.731292],[1.396215,38.731374],[1.396089,38.731433],[1.395916,38.731498],[1.395803,38.731518],[1.395717,38.731534],[1.395558,38.73154],[1.395486,38.731518],[1.395389,38.73151],[1.395246,38.731578],[1.395095,38.731668],[1.39504,38.731832],[1.395007,38.731905],[1.394971,38.731994],[1.394894,38.732038],[1.394788,38.732136],[1.394867,38.73221],[1.394907,38.732291],[1.394919,38.732374],[1.394921,38.732499],[1.39493,38.732589],[1.394872,38.732681],[1.394802,38.732746],[1.394769,38.732833],[1.394763,38.732896],[1.394764,38.732951],[1.39475,38.733022],[1.394725,38.733077],[1.394712,38.733149],[1.39458,38.733212],[1.394519,38.733241],[1.394469,38.733334],[1.394538,38.733397],[1.394494,38.733462],[1.394379,38.733536],[1.394364,38.733603],[1.394386,38.73368],[1.394397,38.733748],[1.394587,38.733802],[1.394677,38.733818],[1.394918,38.733856],[1.39502,38.733893],[1.395103,38.733878],[1.395215,38.733836],[1.395316,38.733844],[1.39538,38.733855],[1.39544,38.733831],[1.395549,38.733866],[1.395665,38.733945],[1.395765,38.734],[1.395851,38.734084],[1.395973,38.734193],[1.396037,38.734232],[1.396121,38.734315],[1.39615,38.734384],[1.396156,38.73445],[1.396133,38.73453],[1.396142,38.734576],[1.396157,38.734626],[1.396123,38.734691],[1.396143,38.734773],[1.396172,38.734818],[1.396216,38.73488],[1.396186,38.734915],[1.396141,38.734897],[1.396099,38.734864],[1.395944,38.734919],[1.396,38.735009],[1.396137,38.735078],[1.396231,38.735101],[1.396374,38.735122],[1.3964,38.735181],[1.396435,38.735217],[1.396545,38.735214],[1.396612,38.735267],[1.396597,38.735313],[1.396504,38.735376],[1.396478,38.735465],[1.396612,38.735483],[1.396793,38.735417],[1.396846,38.735403],[1.396961,38.73533],[1.397052,38.73528],[1.397144,38.735224],[1.397174,38.7352],[1.397244,38.735177],[1.397317,38.735121],[1.397373,38.735063],[1.3974,38.735003],[1.397398,38.734935],[1.397377,38.734875],[1.397358,38.734857],[1.397318,38.734832],[1.397235,38.734753],[1.397225,38.734654],[1.397235,38.734594],[1.397259,38.734495],[1.397271,38.734469],[1.397327,38.734411],[1.397314,38.734315],[1.397325,38.734247],[1.397476,38.734244],[1.397554,38.734188],[1.397609,38.734112],[1.397691,38.734059],[1.397776,38.733978],[1.397826,38.733908],[1.397833,38.733786],[1.397805,38.733717],[1.397691,38.733635],[1.39765,38.733592],[1.397591,38.733504],[1.397517,38.733409],[1.397481,38.733347],[1.397404,38.733162],[1.39735,38.733069],[1.397282,38.732878],[1.397263,38.732702],[1.397263,38.732586],[1.397267,38.732456],[1.397279,38.732373],[1.39728,38.73232],[1.397328,38.732204],[1.397354,38.73209],[1.397388,38.73202],[1.397431,38.731956],[1.3975,38.731909],[1.397584,38.731809],[1.397628,38.731695],[1.397647,38.731556],[1.397658,38.731461],[1.397675,38.731402],[1.397693,38.731354],[1.39775,38.731283],[1.397824,38.731183],[1.397879,38.731101],[1.397879,38.731038],[1.397867,38.730925],[1.397866,38.730866],[1.397875,38.730823],[1.397903,38.730779],[1.397924,38.730759],[1.397959,38.730715],[1.398017,38.730622],[1.39806,38.730544],[1.398104,38.73047],[1.398125,38.730414],[1.398211,38.730301],[1.398271,38.730252],[1.398372,38.730158],[1.398455,38.730049],[1.398486,38.730004],[1.398488,38.730002],[1.398529,38.729944],[1.398571,38.729868],[1.39863,38.729783],[1.39871,38.729697],[1.398803,38.729624],[1.398851,38.729581],[1.39895,38.729496],[1.399091,38.72942],[1.399205,38.729352],[1.399363,38.729269],[1.399478,38.729215],[1.399574,38.729178],[1.399628,38.729158],[1.399794,38.729104],[1.399926,38.729062],[1.400008,38.729028],[1.400111,38.728916],[1.400211,38.728805],[1.400284,38.728731],[1.400358,38.728654],[1.400453,38.728589],[1.40055,38.728485],[1.40064,38.728425],[1.400689,38.728385],[1.400801,38.728312],[1.400902,38.728226],[1.401005,38.728174],[1.401141,38.728093],[1.40124,38.728031],[1.401428,38.727911],[1.401562,38.727879],[1.401675,38.727847],[1.401767,38.72783],[1.401938,38.727807],[1.40207,38.727785],[1.402212,38.727719],[1.402366,38.727697],[1.402526,38.72771],[1.402674,38.727731],[1.402849,38.727729],[1.402955,38.727713],[1.403009,38.727692],[1.403162,38.727682],[1.403349,38.727691],[1.403438,38.727776],[1.40366,38.727783],[1.403853,38.727774],[1.403981,38.727772],[1.404206,38.727773],[1.404334,38.727756],[1.404453,38.72777],[1.404609,38.727765],[1.404693,38.727765],[1.40478,38.727778],[1.405007,38.727846],[1.405177,38.72789],[1.405317,38.727925],[1.405424,38.727963],[1.405642,38.728033],[1.40587,38.728104],[1.406028,38.72815],[1.406183,38.728183],[1.406416,38.728211],[1.406549,38.72829],[1.406577,38.728305],[1.406664,38.728354],[1.406752,38.728394],[1.406797,38.728452],[1.406803,38.728518],[1.406866,38.728567],[1.407078,38.728583],[1.407204,38.728627],[1.407361,38.728704],[1.40744,38.728741],[1.407601,38.728793],[1.407775,38.728861],[1.407946,38.728931],[1.408114,38.729002],[1.40832,38.729122],[1.408352,38.729143],[1.408491,38.729256],[1.408612,38.729335],[1.408728,38.729357],[1.408817,38.729339],[1.408978,38.729411],[1.409054,38.729506],[1.409059,38.729574],[1.409072,38.729619],[1.409203,38.7296],[1.40926,38.729657],[1.409421,38.729712],[1.409447,38.729715],[1.409535,38.729741],[1.409643,38.729818],[1.409666,38.729859],[1.409715,38.729931],[1.40981,38.730002],[1.409814,38.730005],[1.409816,38.730007],[1.409889,38.730065],[1.409975,38.730134],[1.410096,38.73021],[1.410183,38.730214],[1.410234,38.730163],[1.410273,38.73015],[1.41036,38.730125],[1.410439,38.730123],[1.410515,38.730169],[1.410554,38.730238],[1.410482,38.730304],[1.410485,38.730359],[1.41053,38.730412],[1.410529,38.73047],[1.410469,38.730517],[1.410485,38.730573],[1.410557,38.730624],[1.410645,38.730612],[1.410779,38.730569],[1.410813,38.730542],[1.410911,38.73058],[1.410985,38.730651],[1.411064,38.730718],[1.411084,38.730796],[1.411183,38.730818],[1.411306,38.730783],[1.411408,38.730802],[1.411534,38.730848],[1.411608,38.730885],[1.411717,38.730926],[1.411828,38.730986],[1.4119,38.731035],[1.411996,38.73106],[1.412052,38.731044],[1.412061,38.730946],[1.412429,38.731497],[1.412351,38.73148],[1.412282,38.731517],[1.412155,38.731569],[1.412107,38.731616],[1.412072,38.73167],[1.412078,38.731742],[1.4121,38.731771],[1.412201,38.7318],[1.412287,38.731829],[1.412333,38.731873],[1.412394,38.73191],[1.412484,38.731906],[1.41254,38.731913],[1.412598,38.731952],[1.412698,38.732027],[1.412818,38.732097],[1.412877,38.73213],[1.412995,38.732226],[1.413041,38.732308],[1.413066,38.732394],[1.413067,38.732412],[1.413068,38.732448],[1.413094,38.732534],[1.413171,38.732613],[1.413255,38.732684],[1.413353,38.732803],[1.41343,38.732901],[1.413463,38.732959],[1.413494,38.73302],[1.413494,38.733064],[1.413509,38.733097],[1.413616,38.73317],[1.413681,38.73318],[1.413756,38.733265],[1.413751,38.733343],[1.413749,38.733345],[1.413737,38.733426],[1.413735,38.733491],[1.413744,38.733537],[1.413787,38.733631],[1.414085,38.734074],[1.414378,38.73451],[1.4145,38.734663],[1.414655,38.734785],[1.414698,38.734818],[1.414733,38.73489],[1.414728,38.73494],[1.414674,38.73503],[1.414616,38.73512],[1.414603,38.735141],[1.414593,38.735212],[1.414627,38.735268],[1.41464,38.73534],[1.414633,38.735448],[1.414608,38.735502],[1.414647,38.735551],[1.414716,38.735594],[1.414725,38.735657],[1.414701,38.73572],[1.414708,38.735763],[1.414801,38.735764],[1.41852,38.73878],[1.420892,38.738812],[1.423198,38.743431],[1.425289,38.747899],[1.426434,38.750468],[1.427982,38.753985],[1.429177,38.760371],[1.428647,38.770564],[1.427317,38.776407],[1.427317,38.776407],[1.427304,38.776316],[1.427115,38.776069],[1.427028,38.776076],[1.426913,38.776117],[1.426885,38.776167],[1.426724,38.776345],[1.426667,38.776333],[1.426502,38.77631],[1.426482,38.776318],[1.426479,38.776409],[1.426526,38.776451],[1.426558,38.776497],[1.426516,38.776523],[1.426409,38.776533],[1.426291,38.776603],[1.42629,38.776603],[1.42627,38.776588],[1.426209,38.776553],[1.426049,38.776557],[1.425867,38.776634],[1.42577,38.776687],[1.42552,38.77687],[1.425503,38.776918],[1.420026,38.778955],[1.419647,38.778994],[1.41952,38.779137],[1.419475,38.779199],[1.41939,38.779381],[1.419416,38.77956],[1.419471,38.779629],[1.419635,38.779617],[1.420112,38.779574],[1.420264,38.77961],[1.420469,38.77975],[1.420553,38.779856],[1.42058,38.779939],[1.420328,38.780034],[1.420189,38.78004],[1.42005,38.780107],[1.420031,38.780143],[1.420026,38.780352],[1.42005,38.780543],[1.420076,38.780609],[1.420146,38.780702],[1.420231,38.780787],[1.420244,38.780862],[1.420184,38.780865],[1.419913,38.780874],[1.419666,38.780879],[1.41942,38.78085],[1.419292,38.780846],[1.419261,38.780864],[1.419237,38.78091],[1.419244,38.780953],[1.419308,38.7811],[1.419342,38.781172],[1.4194,38.781254],[1.419421,38.78136],[1.419367,38.781488],[1.419156,38.781673],[1.418991,38.781795],[1.418863,38.781906],[1.418758,38.782008],[1.418551,38.782199],[1.418378,38.782361],[1.418304,38.782463],[1.418222,38.782602],[1.418139,38.782724],[1.418116,38.782869],[1.418117,38.782991],[1.418078,38.783221],[1.418042,38.78329],[1.417925,38.783444],[1.417856,38.783558],[1.417817,38.783631],[1.417707,38.783834],[1.417702,38.783854],[1.417661,38.783984],[1.417599,38.784119],[1.417557,38.784203],[1.417525,38.784287],[1.417507,38.784342],[1.417438,38.784482],[1.417395,38.784588],[1.417343,38.784729],[1.417321,38.784821],[1.417276,38.784966],[1.417231,38.785075],[1.417176,38.785464],[1.41718,38.785497],[1.417195,38.785573],[1.417243,38.785666],[1.417309,38.785721],[1.417535,38.785902],[1.417648,38.785967],[1.41774,38.786019],[1.417737,38.78602],[1.417761,38.786031],[1.417963,38.786165],[1.418019,38.786197],[1.418262,38.78629],[1.418541,38.786423],[1.418715,38.786544],[1.418736,38.786604],[1.4188,38.786737],[1.418892,38.786904],[1.418967,38.787006],[1.418988,38.787122],[1.418944,38.787198],[1.418944,38.787295],[1.418974,38.787407],[1.419042,38.787501],[1.419175,38.787546],[1.419294,38.787544],[1.419426,38.78754],[1.419622,38.78759],[1.419848,38.78773],[1.419998,38.787875],[1.420263,38.788144],[1.420349,38.788296],[1.420431,38.788447],[1.420515,38.788572],[1.420625,38.788719],[1.420736,38.788861],[1.42092,38.789073],[1.42101,38.78919],[1.421097,38.789283],[1.42122,38.78939],[1.4214,38.789536],[1.421438,38.789629],[1.421431,38.789754],[1.421396,38.789885],[1.421413,38.790066],[1.421416,38.790186],[1.421351,38.790256],[1.42121,38.790237],[1.420904,38.79008],[1.420685,38.789955],[1.420453,38.789846],[1.420334,38.789839],[1.420199,38.78987],[1.420163,38.789926],[1.420177,38.790007],[1.420323,38.790159],[1.420547,38.790319],[1.420657,38.790385],[1.42105,38.790599],[1.421149,38.790627],[1.420868,38.79065],[1.420658,38.790734],[1.420445,38.790928],[1.42019,38.791196],[1.420031,38.791477],[1.419943,38.791683],[1.419925,38.79176],[1.419719,38.791662],[1.419325,38.791548],[1.419183,38.791552],[1.419006,38.79161],[1.418911,38.791678],[1.418683,38.791737],[1.418397,38.791782],[1.418208,38.791988],[1.418125,38.792039],[1.418019,38.792063],[1.417746,38.79218],[1.41767,38.792293],[1.417619,38.792376],[1.417404,38.792453],[1.417392,38.792504],[1.417391,38.792508],[1.41738,38.792558],[1.417654,38.793263],[1.417602,38.793314],[1.417461,38.793565],[1.417467,38.793625],[1.417408,38.793771],[1.417308,38.793757],[1.417213,38.793717],[1.41714,38.793721],[1.417032,38.793806],[1.417022,38.793893],[1.416845,38.794667],[1.416908,38.794822],[1.416986,38.794893],[1.417011,38.794913],[1.417702,38.794855],[1.418101,38.794592],[1.418322,38.794373],[1.418379,38.794224],[1.418394,38.794141],[1.418579,38.794398],[1.418771,38.794499],[1.419131,38.794526],[1.419368,38.794496],[1.419608,38.794452],[1.419357,38.794567],[1.419243,38.794684],[1.419205,38.794827],[1.419212,38.794938],[1.419235,38.795014],[1.419321,38.795076],[1.41955,38.795135],[1.419667,38.795213],[1.41975,38.795311],[1.420042,38.79542],[1.420039,38.795463],[1.420038,38.795493],[1.420134,38.795532],[1.420355,38.795546],[1.420476,38.79565],[1.420616,38.795747],[1.420635,38.795818],[1.42064,38.795873],[1.420906,38.796143],[1.420917,38.796155],[1.421045,38.796273],[1.421049,38.796375],[1.421038,38.796515],[1.421086,38.796523],[1.421343,38.796468],[1.421354,38.796471],[1.421403,38.796515],[1.421492,38.796619],[1.421563,38.796715],[1.421636,38.796834],[1.421659,38.796921],[1.421693,38.797013],[1.421718,38.797077],[1.42178,38.797144],[1.421829,38.797256],[1.421842,38.797359],[1.421913,38.797348],[1.422146,38.797197],[1.42237,38.797009],[1.422474,38.796946],[1.422721,38.796873],[1.423018,38.796836],[1.423098,38.796809],[1.423182,38.796742],[1.423436,38.796549],[1.423503,38.796419],[1.423563,38.796234],[1.42372,38.796033],[1.423778,38.796002],[1.423911,38.795983],[1.424167,38.796001],[1.42433,38.796008],[1.424659,38.795962],[1.424789,38.795903],[1.424916,38.795805],[1.425149,38.795667],[1.42534,38.795641],[1.425494,38.795606],[1.425709,38.795564],[1.425751,38.795541],[1.425499,38.795438],[1.425378,38.795452],[1.425067,38.795473],[1.42483,38.795478],[1.424636,38.795483],[1.424382,38.795443],[1.424285,38.795312],[1.424243,38.795121],[1.424239,38.79508],[1.424277,38.794921],[1.424425,38.794772],[1.424575,38.794661],[1.424709,38.79457],[1.424919,38.794489],[1.425209,38.794364],[1.425325,38.794297],[1.425508,38.794198],[1.425775,38.794084],[1.425936,38.794007],[1.42605,38.793954],[1.426064,38.793927],[1.425869,38.793945],[1.425803,38.793971],[1.425644,38.794004],[1.425251,38.79404],[1.425074,38.794054],[1.424896,38.794057],[1.424813,38.794032],[1.424659,38.79393],[1.424619,38.79387],[1.424605,38.793727],[1.424608,38.793647],[1.424654,38.793523],[1.424738,38.793362],[1.424818,38.793213],[1.424896,38.793062],[1.425025,38.792827],[1.425027,38.792819],[1.425045,38.792784],[1.425206,38.792525],[1.425221,38.792507],[1.425224,38.792503],[1.425443,38.792235],[1.42564,38.792042],[1.425915,38.791777],[1.426114,38.791544],[1.426182,38.791452],[1.426336,38.791239],[1.426507,38.791074],[1.426749,38.790794],[1.426894,38.790651],[1.427051,38.790536],[1.427489,38.790154],[1.427627,38.790029],[1.427822,38.789721],[1.427932,38.789491],[1.428136,38.789071],[1.428192,38.788848],[1.428266,38.788651],[1.428331,38.788473],[1.428331,38.788465],[1.428452,38.788264],[1.428665,38.787827],[1.428789,38.787641],[1.428911,38.787488],[1.429042,38.787261],[1.429116,38.78699],[1.429147,38.786818],[1.429166,38.786713],[1.429246,38.786406],[1.429327,38.786274],[1.429524,38.785998],[1.429756,38.78567],[1.430153,38.785419],[1.430252,38.78541],[1.430308,38.785407],[1.430615,38.785393],[1.430863,38.7853],[1.430859,38.785126],[1.430824,38.784898],[1.430793,38.784682],[1.430816,38.784551],[1.43093,38.784402],[1.431129,38.784321],[1.431131,38.784179],[1.43108,38.784127],[1.430925,38.783944],[1.430896,38.783708],[1.430938,38.78342],[1.431004,38.783252],[1.431053,38.783005],[1.431181,38.782764],[1.431247,38.782705],[1.431292,38.782636],[1.431244,38.782446],[1.431183,38.7821],[1.431172,38.781807],[1.431245,38.781469],[1.431252,38.781274],[1.431255,38.781253],[1.431273,38.781083],[1.431345,38.78064],[1.431439,38.780114],[1.431437,38.779873],[1.431424,38.779618],[1.431421,38.779325],[1.431424,38.779109],[1.43148,38.778868],[1.431607,38.778596],[1.431661,38.778478],[1.431902,38.778326],[1.432003,38.778331],[1.432053,38.778301],[1.432074,38.778223],[1.432058,38.778055],[1.432083,38.777867],[1.432219,38.777699],[1.4324,38.777582],[1.432525,38.777489],[1.432534,38.777313],[1.432525,38.777106],[1.432531,38.776996],[1.432584,38.776838],[1.432603,38.776713],[1.432605,38.776443],[1.432679,38.776181],[1.432803,38.775948],[1.432971,38.77573],[1.433149,38.775518],[1.433215,38.775474],[1.433229,38.775409],[1.433229,38.775404],[1.433242,38.775401],[1.433042,38.775338],[1.432897,38.775254],[1.432532,38.775194],[1.432431,38.775162],[1.432302,38.775133],[1.432025,38.775227],[1.431867,38.775332],[1.431643,38.775478],[1.43133,38.775657],[1.431088,38.775876],[1.430792,38.776072],[1.430505,38.776222],[1.430326,38.77631],[1.430185,38.776352],[1.429831,38.776498],[1.429757,38.776561],[1.429667,38.776655],[1.434338,38.764849],[1.434154,38.756926],[1.431375,38.753864],[1.43167,38.753313],[1.432404,38.752046],[1.432426,38.751048],[1.432223,38.750656],[1.431593,38.75037],[1.430965,38.750029],[1.430481,38.749523],[1.43021,38.74902],[1.430151,38.748464],[1.430608,38.746972],[1.430771,38.745975],[1.430789,38.745143],[1.430742,38.744088],[1.430479,38.743196],[1.429396,38.741018],[1.428177,38.73891],[1.42094,38.733043],[1.42094,38.733043],[1.421219,38.732795],[1.421224,38.73279],[1.421224,38.73279],[1.421224,38.73279],[1.421301,38.732781],[1.421368,38.732782],[1.421447,38.732803],[1.421502,38.732824],[1.421583,38.732865],[1.42164,38.732914],[1.421655,38.732954],[1.421708,38.733003],[1.421795,38.733042],[1.421872,38.733055],[1.421914,38.733057],[1.421949,38.733114],[1.421963,38.733153],[1.421975,38.733196],[1.421982,38.733264],[1.421987,38.73332],[1.422092,38.733394],[1.422174,38.733414],[1.422272,38.733424],[1.42239,38.733469],[1.422463,38.733502],[1.422501,38.733527],[1.422527,38.733568],[1.422564,38.733605],[1.422618,38.733648],[1.422658,38.733695],[1.422662,38.733733],[1.422657,38.73377],[1.422619,38.733799],[1.422597,38.733849],[1.422626,38.733881],[1.422671,38.733871],[1.422756,38.733823],[1.42278,38.733802],[1.422832,38.733755],[1.422899,38.733755],[1.422997,38.733807],[1.423062,38.733828],[1.42314,38.733822],[1.42317,38.733831],[1.423216,38.733861],[1.423239,38.733861],[1.423279,38.733857],[1.423297,38.733857],[1.423334,38.733907],[1.423328,38.733943],[1.423366,38.733976],[1.423459,38.734041],[1.423501,38.734056],[1.423569,38.734087],[1.423633,38.734096],[1.423665,38.734122],[1.423686,38.734146],[1.423751,38.734164],[1.423831,38.734196],[1.423817,38.734228],[1.423759,38.734257],[1.423738,38.734302],[1.423761,38.73432],[1.423792,38.734326],[1.42385,38.734327],[1.423928,38.734349],[1.424019,38.734388],[1.42408,38.734433],[1.424122,38.734463],[1.424148,38.73448],[1.42421,38.734522],[1.424246,38.734553],[1.4243,38.734604],[1.424362,38.734653],[1.424392,38.73468],[1.424436,38.734724],[1.424475,38.734763],[1.424498,38.734827],[1.424501,38.734882],[1.424505,38.734923],[1.424549,38.734965],[1.424609,38.735009],[1.424635,38.735027],[1.424724,38.735079],[1.424771,38.735103],[1.424848,38.735164],[1.424931,38.735219],[1.425026,38.735254],[1.425135,38.735298],[1.425245,38.735358],[1.425336,38.735421],[1.425401,38.735471],[1.425488,38.735536],[1.425527,38.735615],[1.425569,38.735664],[1.42565,38.73571],[1.425726,38.735743],[1.425824,38.735807],[1.425879,38.735875],[1.425915,38.735942],[1.425994,38.736019],[1.426033,38.736064],[1.426061,38.736098],[1.426086,38.736163],[1.426113,38.736204],[1.426137,38.736246],[1.426167,38.736288],[1.42622,38.736337],[1.426288,38.736348],[1.426359,38.736345],[1.426453,38.736422],[1.426503,38.736481],[1.426561,38.736567],[1.426615,38.736606],[1.426725,38.736691],[1.426772,38.736733],[1.426847,38.736779],[1.426947,38.736841],[1.427023,38.736906],[1.427067,38.736966],[1.427084,38.73704],[1.427095,38.737093],[1.427117,38.737157],[1.427131,38.737195],[1.427153,38.737245],[1.42719,38.737298],[1.427268,38.737326],[1.427313,38.737373],[1.42739,38.737478],[1.427461,38.737567],[1.427502,38.73762],[1.42755,38.737684],[1.427591,38.737724],[1.427618,38.737739],[1.427653,38.737763],[1.427727,38.737834],[1.427803,38.73785],[1.427894,38.737857],[1.427965,38.737881],[1.428033,38.737895],[1.428112,38.737898],[1.428143,38.737918],[1.428179,38.737944],[1.428238,38.737958],[1.428285,38.738029],[1.42833,38.738054],[1.428369,38.738062],[1.428447,38.738119],[1.428513,38.738178],[1.428571,38.738266],[1.428604,38.738331],[1.428615,38.738407],[1.428627,38.738463],[1.428643,38.738503],[1.428651,38.738581],[1.428654,38.738611],[1.428641,38.738686],[1.428664,38.738738],[1.428707,38.738772],[1.428757,38.738819],[1.428799,38.738865],[1.428825,38.738915],[1.428851,38.738987],[1.428852,38.739023],[1.428854,38.739068],[1.428859,38.739133],[1.42888,38.739175],[1.428907,38.739235],[1.428928,38.739269],[1.428931,38.739273],[1.429245,38.739837],[1.429325,38.739939],[1.429406,38.740048],[1.429468,38.740176],[1.42954,38.740292],[1.429594,38.740381],[1.429633,38.740437],[1.429647,38.740495],[1.429713,38.740608],[1.429762,38.740744],[1.429847,38.740874],[1.429924,38.741006],[1.429984,38.741093],[1.430069,38.741186],[1.430121,38.741264],[1.430164,38.741319],[1.430246,38.741441],[1.430286,38.741531],[1.430328,38.741612],[1.430396,38.741703],[1.430477,38.741802],[1.430522,38.741893],[1.430561,38.742013],[1.430603,38.74213],[1.430637,38.742205],[1.430701,38.742321],[1.430754,38.742425],[1.430773,38.742468],[1.430781,38.742524],[1.430793,38.742637],[1.430826,38.742726],[1.430879,38.742826],[1.430967,38.742934],[1.431022,38.743026],[1.431047,38.7431],[1.431063,38.743179],[1.431071,38.743285],[1.431087,38.743377],[1.431152,38.743513],[1.431244,38.743598],[1.431302,38.743692],[1.43136,38.743812],[1.431413,38.743919],[1.431492,38.74405],[1.43155,38.744162],[1.43159,38.744227],[1.431652,38.744336],[1.431703,38.744451],[1.431742,38.744519],[1.431789,38.744599],[1.431785,38.74468],[1.431781,38.744747],[1.431774,38.74481],[1.431761,38.744902],[1.431724,38.745003],[1.431712,38.745069],[1.431583,38.745107],[1.431486,38.745136],[1.431369,38.745149],[1.431266,38.745158],[1.431185,38.745249],[1.431168,38.745338],[1.431195,38.745435],[1.431263,38.745512],[1.431371,38.745579],[1.431447,38.745677],[1.43155,38.745734],[1.431537,38.745815],[1.43147,38.745897],[1.431437,38.745942],[1.431393,38.745973],[1.431298,38.746034],[1.431256,38.746118],[1.43121,38.746217],[1.431197,38.74628],[1.431195,38.746361],[1.431252,38.746394],[1.431295,38.74645],[1.431306,38.746521],[1.431311,38.746527],[1.431321,38.746534],[1.431393,38.74657],[1.431448,38.746673],[1.431466,38.74673],[1.431606,38.746756],[1.431727,38.746759],[1.431826,38.746773],[1.431877,38.746808],[1.431921,38.746831],[1.431989,38.746862],[1.432032,38.746887],[1.432056,38.746973],[1.432068,38.747062],[1.432074,38.747141],[1.43207,38.747216],[1.432032,38.747275],[1.431972,38.747336],[1.431924,38.747378],[1.431838,38.747411],[1.431777,38.74743],[1.431723,38.747435],[1.431667,38.747425],[1.431614,38.747383],[1.431548,38.747342],[1.431474,38.747303],[1.431399,38.74726],[1.431314,38.747258],[1.431208,38.747265],[1.431141,38.747264],[1.431057,38.747243],[1.430997,38.74723],[1.430929,38.747205],[1.430872,38.747208],[1.430826,38.747246],[1.430817,38.747308],[1.430876,38.747376],[1.430924,38.747453],[1.430938,38.747485],[1.430951,38.747508],[1.431023,38.747593],[1.431107,38.747655],[1.431185,38.747732],[1.431237,38.747808],[1.431283,38.74786],[1.431339,38.747928],[1.43135,38.747986],[1.431365,38.748064],[1.431367,38.748129],[1.431331,38.74821],[1.431298,38.748294],[1.431226,38.74838],[1.431096,38.748467],[1.430989,38.748526],[1.430873,38.748575],[1.430832,38.748629],[1.430773,38.748671],[1.430701,38.748747],[1.430628,38.748813],[1.430589,38.748867],[1.430542,38.748946],[1.430495,38.749048],[1.430482,38.749121],[1.430492,38.749179],[1.430529,38.749242],[1.43057,38.749301],[1.430614,38.749331],[1.430683,38.749362],[1.430752,38.749411],[1.430851,38.749416],[1.430956,38.749431],[1.431054,38.749442],[1.431181,38.749465],[1.431306,38.749479],[1.431397,38.749479],[1.43147,38.749466],[1.431562,38.749396],[1.431612,38.749384],[1.431683,38.749399],[1.431825,38.749394],[1.431922,38.749383],[1.432002,38.749339],[1.432054,38.749307],[1.432115,38.749266],[1.432166,38.749229],[1.432195,38.749195],[1.432243,38.749168],[1.432316,38.749155],[1.43242,38.749176],[1.43251,38.749203],[1.432615,38.749263],[1.432695,38.749326],[1.432784,38.749394],[1.432845,38.749442],[1.432875,38.749475],[1.432923,38.74957],[1.432937,38.749629],[1.432948,38.749723],[1.432972,38.749829],[1.43298,38.749925],[1.432993,38.750025],[1.433023,38.750104],[1.433065,38.750193],[1.433093,38.750294],[1.433127,38.75039],[1.433156,38.750488],[1.433158,38.750503],[1.433196,38.75068],[1.433258,38.750824],[1.433259,38.750834],[1.433259,38.750837],[1.433261,38.750924],[1.433247,38.751019],[1.433241,38.75112],[1.433248,38.751199],[1.433256,38.751274],[1.433294,38.751369],[1.433338,38.751453],[1.433373,38.75155],[1.433413,38.751648],[1.433414,38.751702],[1.433406,38.751777],[1.433401,38.751866],[1.433411,38.751992],[1.433465,38.752126],[1.433463,38.752219],[1.433436,38.752328],[1.4334,38.752461],[1.433347,38.752575],[1.433327,38.752662],[1.43332,38.752692],[1.433291,38.752767],[1.433227,38.752865],[1.433162,38.752992],[1.433053,38.753083],[1.432995,38.75312],[1.432932,38.753137],[1.432785,38.753193],[1.432695,38.753226],[1.432644,38.753172],[1.432576,38.753117],[1.432396,38.753053],[1.432321,38.753098],[1.432247,38.753196],[1.432191,38.753263],[1.432147,38.75333],[1.432126,38.753375],[1.43211,38.753406],[1.432015,38.753463],[1.431929,38.753528],[1.431802,38.753583],[1.431784,38.753596],[1.431703,38.753653],[1.431611,38.753664],[1.431524,38.753683],[1.431499,38.753736],[1.431597,38.753768],[1.431773,38.753795],[1.431939,38.753833],[1.432134,38.753848],[1.432274,38.753898],[1.432352,38.753944],[1.432485,38.754018],[1.432573,38.754071],[1.432724,38.754169],[1.432809,38.754218],[1.432936,38.754297],[1.432989,38.754328],[1.433119,38.754438],[1.433221,38.754494],[1.433329,38.754599],[1.43342,38.754704],[1.433486,38.754794],[1.433577,38.754914],[1.433638,38.755001],[1.433696,38.755094],[1.43375,38.755174],[1.433798,38.755258],[1.433842,38.755349],[1.433901,38.755465],[1.433956,38.75556],[1.434024,38.755683],[1.434079,38.755779],[1.434086,38.755791],[1.434118,38.755865],[1.434178,38.756014],[1.434231,38.756084],[1.434281,38.756208],[1.434343,38.756331],[1.434388,38.756452],[1.434438,38.756544],[1.434495,38.756653],[1.434538,38.756754],[1.434564,38.756848],[1.434615,38.757154],[1.434612,38.757155],[1.434633,38.75723],[1.434658,38.757328],[1.434689,38.757436],[1.43472,38.757549],[1.43474,38.757663],[1.434756,38.757768],[1.434774,38.757879],[1.434804,38.758026],[1.434829,38.758132],[1.43484,38.758233],[1.434844,38.758316],[1.43485,38.7584],[1.434851,38.758411],[1.434843,38.758513],[1.434825,38.758565],[1.434762,38.758624],[1.434739,38.758688],[1.434735,38.758733],[1.434686,38.758779],[1.434628,38.758869],[1.434574,38.758952],[1.434628,38.759035],[1.434748,38.759103],[1.434864,38.759132],[1.434989,38.759171],[1.435095,38.759208],[1.435137,38.759204],[1.435208,38.759184],[1.435256,38.759232],[1.435336,38.759368],[1.435359,38.759442],[1.435358,38.759522],[1.43534,38.759584],[1.435329,38.759647],[1.435325,38.759703],[1.435326,38.75973],[1.435321,38.75985],[1.435327,38.759948],[1.435326,38.760065],[1.435322,38.760167],[1.435308,38.760278],[1.435288,38.760367],[1.43526,38.760446],[1.435196,38.760573],[1.435087,38.760606],[1.434999,38.760612],[1.434933,38.760619],[1.434854,38.760647],[1.434796,38.76069],[1.434777,38.760753],[1.434868,38.760775],[1.434908,38.760808],[1.434818,38.760834],[1.434726,38.760914],[1.434713,38.761004],[1.434753,38.761105],[1.434795,38.761194],[1.43479,38.761266],[1.434739,38.761372],[1.434702,38.761455],[1.434693,38.761505],[1.434689,38.7616],[1.434694,38.76167],[1.434744,38.761771],[1.434768,38.761816],[1.43478,38.761852],[1.434797,38.761964],[1.43481,38.762069],[1.434811,38.762074],[1.434796,38.76215],[1.434781,38.762241],[1.434798,38.762327],[1.434841,38.762372],[1.434923,38.762442],[1.434938,38.762506],[1.434939,38.762593],[1.434941,38.762692],[1.434922,38.762845],[1.434902,38.762932],[1.434853,38.763006],[1.434834,38.763072],[1.434823,38.763099],[1.434802,38.763191],[1.434795,38.763299],[1.434801,38.76335],[1.434799,38.763391],[1.43478,38.763422],[1.434755,38.763449],[1.434722,38.763493],[1.434724,38.763983],[1.434737,38.764118],[1.434762,38.764395],[1.434642,38.764871],[1.434602,38.765072],[1.434519,38.765497],[1.434467,38.765689],[1.434368,38.766051],[1.434295,38.76633],[1.43421,38.766609],[1.434043,38.767163],[1.433984,38.767403],[1.433971,38.767494],[1.43396,38.767529],[1.43362,38.76815],[1.433598,38.768238],[1.433488,38.76852],[1.433405,38.768799],[1.433276,38.769192],[1.43325,38.76929],[1.433241,38.769314],[1.433154,38.769485],[1.433015,38.769699],[1.43289,38.769898],[1.432852,38.770033],[1.43281,38.770294],[1.432704,38.770584],[1.432634,38.770721],[1.432589,38.770799],[1.432446,38.771035],[1.432425,38.771116],[1.432534,38.77135],[1.432664,38.771437],[1.432758,38.771496],[1.432902,38.771575],[1.433101,38.771638],[1.433213,38.771658],[1.43334,38.771667],[1.433336,38.771667],[1.433718,38.771596],[1.434013,38.771479],[1.434095,38.771381],[1.434157,38.771267],[1.434269,38.771013],[1.434358,38.770819],[1.434462,38.77053],[1.434781,38.769553],[1.434833,38.769187],[1.434917,38.76888],[1.434955,38.768488],[1.434955,38.768411],[1.434962,38.768127],[1.434945,38.76796],[1.434923,38.767723],[1.434939,38.767611],[1.434981,38.767277],[1.435229,38.766844],[1.435294,38.766334],[1.435303,38.766035],[1.435308,38.765897],[1.435347,38.765731],[1.435322,38.765541],[1.435276,38.765169],[1.435259,38.76498],[1.435232,38.764602],[1.43523,38.764548],[1.435271,38.764365],[1.435344,38.76426],[1.435506,38.764023],[1.435552,38.763904],[1.435592,38.763776],[1.435596,38.76366],[1.435596,38.763567],[1.435678,38.76333],[1.435681,38.763257],[1.435668,38.763141],[1.435665,38.763058],[1.43567,38.76294],[1.43569,38.762849],[1.435706,38.762775],[1.435711,38.76269],[1.435698,38.762559],[1.435699,38.762517],[1.43571,38.76248],[1.435729,38.762373],[1.435779,38.762249],[1.435827,38.76212],[1.435862,38.762012],[1.435889,38.761902],[1.435898,38.761811],[1.435893,38.761712],[1.435882,38.761666],[1.435845,38.761639],[1.435771,38.761599],[1.435752,38.761496],[1.435759,38.761369],[1.435776,38.761238],[1.435801,38.76107],[1.435797,38.760947],[1.43579,38.760856],[1.435789,38.760731],[1.435798,38.76064],[1.435845,38.760551],[1.43591,38.760488],[1.435943,38.760411],[1.435945,38.760256],[1.435954,38.760158],[1.435962,38.760125],[1.435992,38.760025],[1.435989,38.759932],[1.43597,38.759827],[1.435951,38.7597],[1.43594,38.75959],[1.435948,38.759504],[1.435968,38.759386],[1.435998,38.759222],[1.436008,38.759143],[1.436024,38.759046],[1.436062,38.758991],[1.436133,38.758963],[1.436211,38.758918],[1.436237,38.758815],[1.436233,38.758735],[1.436272,38.758598],[1.436326,38.758469],[1.436365,38.758367],[1.436366,38.758225],[1.436346,38.758064],[1.436329,38.757899],[1.436324,38.757787],[1.436326,38.757698],[1.436337,38.757607],[1.436347,38.757506],[1.436351,38.757429],[1.436366,38.757301],[1.436375,38.757235],[1.436392,38.757133],[1.436426,38.757016],[1.436456,38.75698],[1.43648,38.756916],[1.436454,38.756797],[1.436446,38.756673],[1.436468,38.75659],[1.436503,38.756512],[1.436581,38.756458],[1.436633,38.756344],[1.436661,38.756307],[1.436716,38.756274],[1.436773,38.756218],[1.436783,38.756143],[1.436791,38.756132],[1.436829,38.756068],[1.436828,38.756037],[1.436902,38.755989],[1.43701,38.755906],[1.43709,38.755791],[1.437097,38.755722],[1.437091,38.755646],[1.437162,38.755541],[1.437153,38.755492],[1.437102,38.755435],[1.437071,38.755339],[1.437073,38.75523],[1.437088,38.755118],[1.437103,38.754988],[1.437115,38.754862],[1.43714,38.754692],[1.437153,38.754551],[1.437159,38.754476],[1.437191,38.754403],[1.437218,38.754337],[1.437245,38.754224],[1.437274,38.754094],[1.437291,38.753921],[1.437298,38.753772],[1.437306,38.753648],[1.437318,38.753504],[1.437336,38.753349],[1.437347,38.753196],[1.437361,38.753114],[1.437388,38.753005],[1.437416,38.752891],[1.437435,38.752801],[1.437452,38.752717],[1.437464,38.752657],[1.437486,38.752577],[1.437499,38.752499],[1.43752,38.752398],[1.437552,38.752269],[1.437582,38.752147],[1.437619,38.752004],[1.437641,38.751867],[1.437662,38.751743],[1.437672,38.751635],[1.437684,38.751487],[1.437691,38.75138],[1.437698,38.751292],[1.437726,38.7512],[1.437769,38.751092],[1.437806,38.751002],[1.437841,38.750946],[1.437883,38.750891],[1.437911,38.750836],[1.437913,38.750832],[1.43795,38.750762],[1.437983,38.750611],[1.437987,38.750538],[1.437993,38.750421],[1.438009,38.750296],[1.438022,38.750142],[1.438005,38.75004],[1.437988,38.749945],[1.438013,38.749887],[1.438053,38.749846],[1.438119,38.749793],[1.438199,38.749694],[1.438243,38.749617],[1.438257,38.749491],[1.438265,38.74943],[1.438281,38.749386],[1.438295,38.749331],[1.438326,38.749215],[1.438362,38.749104],[1.438409,38.748983],[1.438402,38.748865],[1.438392,38.748768],[1.438387,38.748676],[1.438416,38.748534],[1.438452,38.748438],[1.438466,38.748412],[1.438467,38.74841],[1.438495,38.748356],[1.438582,38.748207],[1.438624,38.748039],[1.438678,38.747876],[1.438717,38.747778],[1.438789,38.747626],[1.438849,38.747496],[1.438891,38.747417],[1.438954,38.7473],[1.439004,38.74718],[1.439023,38.747111],[1.439033,38.747082],[1.439113,38.746882],[1.439155,38.746702],[1.439204,38.746535],[1.439258,38.746383],[1.43927,38.746353],[1.439311,38.746273],[1.439346,38.746145],[1.43937,38.746005],[1.439392,38.745843],[1.439424,38.74567],[1.439454,38.745536],[1.439502,38.745334],[1.439551,38.745151],[1.439587,38.745],[1.439621,38.744864],[1.439647,38.744724],[1.439669,38.744609],[1.439696,38.744505],[1.439722,38.744424],[1.439745,38.744351],[1.439791,38.744251],[1.439821,38.744197],[1.439861,38.744125],[1.439871,38.744098],[1.439904,38.744012],[1.439924,38.743893],[1.439936,38.743809],[1.439956,38.74377],[1.440019,38.743671],[1.440089,38.74358],[1.440179,38.743516],[1.440259,38.743479],[1.440384,38.743471],[1.44048,38.743478],[1.440545,38.743491],[1.440572,38.743523],[1.440564,38.743571],[1.440546,38.743622],[1.440545,38.743652],[1.440571,38.743677],[1.440631,38.743633],[1.440727,38.743573],[1.440859,38.743507],[1.440929,38.743449],[1.441023,38.743376],[1.441119,38.743294],[1.441134,38.743282],[1.441179,38.743238],[1.441214,38.743188],[1.44121,38.743155],[1.441188,38.743101],[1.441101,38.743061],[1.441036,38.743025],[1.440961,38.742999],[1.440878,38.742989],[1.440795,38.742984],[1.440719,38.742942],[1.440714,38.742905],[1.44072,38.742809],[1.440769,38.742701],[1.440811,38.742594],[1.440851,38.742479],[1.440874,38.742373],[1.440902,38.742301],[1.440936,38.742217],[1.440971,38.742095],[1.440983,38.742062],[1.441012,38.742017],[1.441024,38.741916],[1.44105,38.741813],[1.441115,38.741678],[1.441151,38.741545],[1.441157,38.741505],[1.44119,38.741405],[1.441236,38.741306],[1.44128,38.741175],[1.441332,38.74109],[1.441379,38.741021],[1.441408,38.740945],[1.441444,38.740831],[1.441478,38.740756],[1.441488,38.740732],[1.441555,38.740653],[1.441651,38.740636],[1.441788,38.740617],[1.441891,38.74061],[1.441988,38.740624],[1.442095,38.740586],[1.442162,38.740545],[1.442232,38.740525],[1.442377,38.740514],[1.442467,38.740462],[1.442522,38.74039],[1.442578,38.740319],[1.442583,38.740243],[1.44249,38.740188],[1.442357,38.740133],[1.442302,38.740108],[1.442273,38.740086],[1.44222,38.740022],[1.44215,38.739922],[1.442097,38.739842],[1.442113,38.739727],[1.44221,38.73968],[1.442319,38.739689],[1.442415,38.739669],[1.44252,38.739607],[1.442622,38.739585],[1.442684,38.739534],[1.442751,38.739477],[1.442808,38.739417],[1.442818,38.739329],[1.442711,38.739297],[1.442624,38.739306],[1.44255,38.739306],[1.4425,38.73923],[1.442488,38.739095],[1.442505,38.739025],[1.442538,38.738915],[1.442577,38.738831],[1.44263,38.738777],[1.442717,38.738704],[1.442795,38.738658],[1.442872,38.738651],[1.442945,38.738681],[1.442963,38.738694],[1.443019,38.738696],[1.443093,38.73868],[1.443119,38.73864],[1.443133,38.738622],[1.443216,38.738599],[1.443298,38.7386],[1.443341,38.738596],[1.443351,38.738591],[1.443394,38.738558],[1.443312,38.73845],[1.443283,38.738398],[1.443233,38.738356],[1.443188,38.738345],[1.443137,38.738339],[1.443119,38.738332],[1.44307,38.738289],[1.443036,38.738248],[1.443024,38.738166],[1.443028,38.738104],[1.443068,38.738029],[1.443126,38.737972],[1.443177,38.737926],[1.443309,38.737881],[1.443447,38.737839],[1.443609,38.737817],[1.44381,38.737772],[1.443928,38.737701],[1.444023,38.737645],[1.444077,38.7376],[1.444162,38.737538],[1.444253,38.737485],[1.444355,38.737435],[1.444398,38.737406],[1.444428,38.737383],[1.444459,38.737361],[1.444517,38.737333],[1.444605,38.737287],[1.444643,38.737271],[1.444664,38.737261],[1.444702,38.73722],[1.444737,38.737176],[1.444751,38.737127],[1.444747,38.737072],[1.444738,38.737032],[1.44472,38.737003],[1.444683,38.736977],[1.444623,38.736947],[1.444574,38.736943],[1.444513,38.736962],[1.444465,38.736968],[1.444408,38.736944],[1.444319,38.736871],[1.444234,38.736721],[1.44421,38.736504],[1.444237,38.736303],[1.444248,38.736239],[1.444265,38.736214],[1.444321,38.736202],[1.444362,38.736191],[1.444408,38.736169],[1.444458,38.736145],[1.44451,38.736112],[1.444568,38.73607],[1.444597,38.736047],[1.444646,38.735993],[1.444665,38.735956],[1.444667,38.735885],[1.444664,38.735835],[1.44467,38.735773],[1.444685,38.735712],[1.444742,38.735659],[1.444788,38.735611],[1.444847,38.735538],[1.444872,38.735505],[1.444898,38.735471],[1.44494,38.735404],[1.444974,38.735371],[1.445008,38.735346],[1.445035,38.735324],[1.445063,38.735294],[1.44512,38.735234],[1.445152,38.735201],[1.445183,38.735162],[1.445211,38.735094],[1.445201,38.735083],[1.445191,38.735057],[1.445184,38.735021],[1.445196,38.735002],[1.445234,38.734989],[1.445269,38.734974],[1.445315,38.734955],[1.445341,38.734942],[1.445435,38.73489],[1.445475,38.734867],[1.44552,38.734861],[1.445567,38.734858],[1.44562,38.734855],[1.445651,38.734852],[1.445693,38.734821],[1.44576,38.734727],[1.445785,38.734676],[1.445785,38.734644],[1.445786,38.734558],[1.44579,38.734482],[1.445794,38.73443],[1.4458,38.734358],[1.445821,38.734289],[1.445864,38.734206],[1.445919,38.734186],[1.445947,38.734182],[1.445985,38.734177],[1.446015,38.734174],[1.446075,38.73417],[1.446123,38.734167],[1.446174,38.734176],[1.446222,38.7342],[1.446261,38.734226],[1.446295,38.734239],[1.446342,38.734245],[1.446368,38.734225],[1.446378,38.734203],[1.446377,38.734181],[1.446358,38.734155],[1.446326,38.734133],[1.446299,38.734118],[1.446239,38.734108],[1.446161,38.734108],[1.446136,38.734106],[1.446095,38.734092],[1.446035,38.734029],[1.446018,38.733992],[1.446005,38.73393],[1.446005,38.733871],[1.446047,38.733805],[1.446073,38.733768],[1.446112,38.733719],[1.446151,38.733674],[1.446199,38.733636],[1.446231,38.733619],[1.446262,38.733598],[1.44628,38.733574],[1.446294,38.733525],[1.446334,38.733441],[1.446371,38.733427],[1.446455,38.733416],[1.446513,38.733402],[1.446543,38.7334],[1.446574,38.73339],[1.446607,38.733373],[1.446633,38.733354],[1.446649,38.733325],[1.44666,38.73328],[1.446661,38.733246],[1.446659,38.7332],[1.446657,38.73313],[1.446647,38.733059],[1.446637,38.73301],[1.446614,38.733012],[1.44661,38.733007],[1.446606,38.732979],[1.446614,38.732978],[1.446624,38.73295],[1.446638,38.732942],[1.446659,38.732912],[1.446645,38.73289],[1.44664,38.732853],[1.446641,38.732854],[1.446648,38.732828],[1.446673,38.732783],[1.446715,38.732745],[1.446778,38.732698],[1.446835,38.732658],[1.446867,38.73264],[1.446906,38.732614],[1.446971,38.732552],[1.447018,38.732495],[1.44706,38.73245],[1.447127,38.73239],[1.447165,38.732363],[1.447217,38.732344],[1.44725,38.732339],[1.447328,38.732311],[1.447387,38.73228],[1.4474,38.732262],[1.447464,38.732193],[1.447489,38.732166],[1.447525,38.732114],[1.447533,38.7321],[1.447543,38.732077],[1.447569,38.732036],[1.447604,38.731991],[1.447674,38.731918],[1.447755,38.731811],[1.447817,38.731713],[1.447828,38.731679],[1.447827,38.731648],[1.447845,38.731623],[1.447899,38.731585],[1.447938,38.731552],[1.447997,38.731488],[1.448039,38.731455],[1.448109,38.731414],[1.448188,38.731383],[1.448276,38.731361],[1.448355,38.731338],[1.448427,38.731295],[1.448476,38.731254],[1.448555,38.731192],[1.448587,38.731151],[1.448637,38.731106],[1.448654,38.731093],[1.448706,38.731061],[1.448755,38.731024],[1.448898,38.730964],[1.448957,38.730892],[1.448974,38.730861],[1.448979,38.730856],[1.449008,38.730815],[1.449036,38.730744],[1.44904,38.730735],[1.449059,38.730717],[1.449096,38.730689],[1.449175,38.730636],[1.449324,38.730558],[1.449407,38.730488],[1.449642,38.730374],[1.449878,38.730262],[1.450121,38.730161],[1.452238,38.731349],[1.452273,38.731387],[1.452421,38.731403],[1.452436,38.731388],[1.452468,38.731185],[1.452434,38.731163],[1.452434,38.731163],[1.452586,38.730902],[1.452601,38.730906],[1.45261,38.730908],[1.452627,38.730911],[1.452686,38.730914],[1.452743,38.730903],[1.452869,38.730768],[1.452894,38.730716],[1.452971,38.730601],[1.453006,38.73059],[1.453054,38.730583],[1.453108,38.730539],[1.45328,38.730261],[1.453268,38.730222],[1.453231,38.730205],[1.452351,38.729906],[1.452389,38.729814],[1.452385,38.729694],[1.452376,38.729576],[1.45237,38.729526],[1.45236,38.729459],[1.452362,38.729418],[1.452374,38.729361],[1.452385,38.729296],[1.452407,38.729232],[1.452464,38.729148],[1.452484,38.729099],[1.452483,38.729098],[1.452581,38.729074],[1.45274,38.729007],[1.452848,38.72896],[1.453003,38.728949],[1.453131,38.728945],[1.453183,38.728954],[1.453234,38.728974],[1.453272,38.729002],[1.453307,38.72904],[1.453313,38.729061],[1.453315,38.729092],[1.453307,38.729134],[1.45328,38.729176],[1.453261,38.729207],[1.45326,38.729269],[1.453283,38.729298],[1.453335,38.72936],[1.453408,38.729425],[1.453489,38.729476],[1.453568,38.72951],[1.453623,38.729527],[1.45365,38.729536],[1.45376,38.729564],[1.453798,38.729584],[1.453803,38.729586],[1.453813,38.729592],[1.453823,38.729605],[1.453825,38.729634],[1.453823,38.729671],[1.453832,38.729721],[1.453847,38.72978],[1.453873,38.729836],[1.45392,38.729878],[1.454042,38.729918],[1.454091,38.729915],[1.454136,38.729911],[1.454182,38.729902],[1.454249,38.729859],[1.454298,38.729822],[1.454314,38.729789],[1.454326,38.729775],[1.454361,38.729752],[1.454401,38.729755],[1.454464,38.729761],[1.454503,38.729779],[1.454555,38.729806],[1.454589,38.729822],[1.454641,38.729837],[1.454689,38.729838],[1.45472,38.729825],[1.454732,38.729735],[1.45474,38.729679],[1.454749,38.72965],[1.454762,38.72961],[1.454773,38.729572],[1.45478,38.72952],[1.454793,38.729489],[1.454836,38.729449],[1.454873,38.729432],[1.454904,38.729431],[1.454942,38.729432],[1.454982,38.729438],[1.455013,38.729452],[1.455059,38.729486],[1.455106,38.729535],[1.455136,38.729573],[1.455158,38.7296],[1.455168,38.729611],[1.455185,38.729612],[1.455208,38.729615],[1.455243,38.72962],[1.455306,38.729626],[1.455353,38.729624],[1.455399,38.729607],[1.455423,38.729595],[1.455445,38.729574],[1.45546,38.729557],[1.455471,38.729537],[1.455474,38.729523],[1.455494,38.729501],[1.455518,38.729492],[1.455536,38.729489],[1.455584,38.729467],[1.455581,38.72945],[1.455554,38.729431],[1.455522,38.729421],[1.455474,38.729408],[1.455459,38.729392],[1.455487,38.729369],[1.455509,38.729332],[1.455508,38.729269],[1.455505,38.729212],[1.455517,38.729173],[1.45561,38.7291],[1.455649,38.729076],[1.455676,38.729061],[1.455706,38.729043],[1.455708,38.729041],[1.455723,38.729033],[1.455764,38.729014],[1.455782,38.729005],[1.455812,38.728985],[1.455841,38.728944],[1.455847,38.728921],[1.455859,38.728891],[1.455863,38.72887],[1.455861,38.728849],[1.455849,38.728826],[1.455825,38.728811],[1.456675,38.728561],[1.456698,38.728575],[1.456885,38.72856],[1.456902,38.728539],[1.4569,38.728475],[1.456886,38.728456],[1.456878,38.728439],[1.456875,38.72841],[1.456877,38.728386],[1.456992,38.728324],[1.457002,38.728302],[1.458582,38.726403],[1.458699,38.726404],[1.458838,38.72634],[1.458849,38.726327],[1.458855,38.726308],[1.458837,38.726285],[1.458789,38.726265],[1.458736,38.726269],[1.458619,38.726329],[1.458591,38.726325],[1.458498,38.726347],[1.458498,38.726347],[1.457193,38.726249],[1.457193,38.726204],[1.457172,38.726182],[1.457133,38.72616],[1.457082,38.726161],[1.456984,38.726161],[1.45697,38.726142],[1.456897,38.72611],[1.456628,38.726152],[1.456602,38.726162],[1.45634,38.72612],[1.456284,38.726095],[1.456113,38.726134],[1.45607,38.726149],[1.455904,38.726245],[1.455904,38.726245],[1.455899,38.726258],[1.454714,38.727428],[1.454561,38.727408],[1.454524,38.727417],[1.454493,38.727438],[1.454485,38.727473],[1.454504,38.727526],[1.454504,38.727526],[1.454653,38.728861],[1.454653,38.728861],[1.454638,38.728863],[1.45458,38.728892],[1.45453,38.728906],[1.454466,38.728912],[1.4544,38.728927],[1.454355,38.728935],[1.454356,38.728935],[1.454245,38.728842],[1.45414,38.728721],[1.454085,38.728614],[1.454042,38.728493],[1.454003,38.728337],[1.453993,38.728273],[1.453962,38.728193],[1.453955,38.728038],[1.453967,38.727903],[1.454038,38.72773],[1.45414,38.727578],[1.454205,38.727507],[1.454231,38.727482],[1.454247,38.727425],[1.454246,38.727393],[1.454242,38.727334],[1.454237,38.727283],[1.454233,38.727218],[1.454229,38.727162],[1.454224,38.727078],[1.454226,38.72702],[1.45424,38.726933],[1.454266,38.726862],[1.454296,38.726795],[1.45432,38.726721],[1.454333,38.726676],[1.454366,38.726609],[1.454442,38.726481],[1.454547,38.726369],[1.454695,38.726242],[1.45488,38.726067],[1.455071,38.725954],[1.455213,38.725898],[1.455399,38.725844],[1.455465,38.725832],[1.45551,38.725824],[1.455597,38.725792],[1.455634,38.725781],[1.455674,38.725763],[1.455719,38.72573],[1.45575,38.725682],[1.455762,38.725608],[1.455846,38.725428],[1.45589,38.72533],[1.455948,38.725203],[1.45597,38.725095],[1.455985,38.725027],[1.456026,38.724969],[1.456063,38.724935],[1.456076,38.724922],[1.456094,38.724917],[1.456133,38.724913],[1.45617,38.724905],[1.456209,38.724888],[1.456317,38.724812],[1.456369,38.724789],[1.456484,38.724734],[1.456554,38.724696],[1.456598,38.724668],[1.45664,38.724637],[1.456695,38.724585],[1.456737,38.724548],[1.456775,38.724529],[1.456863,38.724518],[1.45693,38.724518],[1.45698,38.724526],[1.457031,38.724535],[1.457117,38.724502],[1.457209,38.724437],[1.457317,38.724333],[1.457349,38.724288],[1.457425,38.72423],[1.457548,38.724153],[1.457572,38.724128],[1.458135,38.724055],[1.458205,38.724051],[1.45832,38.724047],[1.45851,38.724046],[1.45867,38.724098],[1.458819,38.724157],[1.458878,38.724199],[1.458917,38.72426],[1.458944,38.7243],[1.459132,38.72431],[1.459258,38.724224],[1.45937,38.724122],[1.45947,38.724101],[1.459609,38.724118],[1.459676,38.724089],[1.459732,38.724023],[1.459798,38.72398],[1.459947,38.723915],[1.460031,38.723822],[1.460167,38.723766],[1.460191,38.723716],[1.460236,38.723631],[1.460278,38.723548],[1.460339,38.723523],[1.460444,38.723521],[1.460485,38.723537],[1.46055,38.723581],[1.460635,38.723648],[1.460683,38.723684],[1.460772,38.723739],[1.460902,38.723699],[1.460982,38.723697],[1.461072,38.723695],[1.461232,38.723674],[1.461342,38.723659],[1.461468,38.723673],[1.461563,38.723718],[1.461653,38.723664],[1.461738,38.723578],[1.461865,38.723539],[1.462004,38.72351],[1.462108,38.723509],[1.462174,38.723516],[1.462246,38.7235],[1.462424,38.723466],[1.462521,38.723459],[1.462626,38.723455],[1.462737,38.723453],[1.462771,38.723418],[1.462771,38.723329],[1.462776,38.723257],[1.462785,38.723191],[1.462705,38.723156],[1.462649,38.723101],[1.462773,38.723053],[1.462824,38.722993],[1.462815,38.722893],[1.462784,38.722856],[1.462742,38.722835],[1.462723,38.722793],[1.462824,38.722779],[1.462881,38.722773],[1.462964,38.722717],[1.46307,38.722711],[1.46314,38.722731],[1.463214,38.722789],[1.463304,38.722862],[1.463383,38.722941],[1.463518,38.722905],[1.46354,38.722783],[1.463505,38.722703],[1.463555,38.722648],[1.463656,38.722574],[1.463717,38.722537],[1.463811,38.722576],[1.463953,38.722664],[1.464053,38.722764],[1.464155,38.722833],[1.46422,38.722873],[1.46433,38.72291],[1.464375,38.722951],[1.464428,38.722996],[1.464461,38.723027],[1.464555,38.7231],[1.464621,38.723137],[1.46474,38.723142],[1.464755,38.723007],[1.46475,38.722929],[1.464752,38.722857],[1.464775,38.722771],[1.46477,38.722695],[1.464711,38.722668],[1.464654,38.722583],[1.464691,38.722535],[1.464821,38.722531],[1.464946,38.722592],[1.465054,38.722644],[1.465153,38.722696],[1.465216,38.722734],[1.465636,38.723076],[1.465802,38.72335],[1.465849,38.723432],[1.466163,38.723643],[1.466324,38.723727],[1.468398,38.725046],[1.468544,38.725115],[1.469198,38.725605],[1.469241,38.72566],[1.469924,38.726093],[1.469969,38.72617],[1.470041,38.7264],[1.470114,38.726466],[1.470329,38.726568],[1.470407,38.726584],[1.470717,38.72673],[1.470736,38.72679],[1.470715,38.726897],[1.470631,38.726902],[1.470565,38.726919],[1.470502,38.726976],[1.470514,38.72704],[1.470719,38.727255],[1.470884,38.727344],[1.471165,38.727427],[1.471287,38.727431],[1.471495,38.727504],[1.471628,38.727558],[1.472284,38.727951],[1.47236,38.72801],[1.472438,38.728058],[1.472614,38.728152],[1.472661,38.72815],[1.472696,38.728119],[1.472691,38.728036],[1.472608,38.727946],[1.472485,38.727747],[1.472479,38.72767],[1.472179,38.727088],[1.472101,38.727022],[1.472042,38.726921],[1.47208,38.726865],[1.472146,38.726663],[1.472082,38.726533],[1.471966,38.726526],[1.47194,38.726513],[1.471804,38.726358],[1.471456,38.725903],[1.471497,38.72587],[1.471469,38.725786],[1.470975,38.72528],[1.470957,38.725171],[1.470802,38.724742],[1.47075,38.724647],[1.470722,38.72436],[1.47075,38.724258],[1.470941,38.723648],[1.470935,38.723506],[1.470865,38.723264],[1.470897,38.723189],[1.470935,38.723144],[1.471106,38.723131],[1.471218,38.723127],[1.471274,38.723086],[1.47126,38.722923],[1.471151,38.722807],[1.470751,38.722069],[1.470715,38.72193],[1.470694,38.721517],[1.470735,38.721457],[1.470834,38.721468],[1.470905,38.721461],[1.470899,38.721386],[1.47081,38.721296],[1.470719,38.721196],[1.470754,38.721141],[1.470847,38.721067],[1.470817,38.721001],[1.470711,38.7209],[1.470709,38.72086],[1.470888,38.720607],[1.470934,38.720565],[1.470924,38.720492],[1.470889,38.720372],[1.47095,38.720314],[1.471025,38.720279],[1.471059,38.720225],[1.471021,38.720091],[1.470957,38.720029],[1.470964,38.719889],[1.470998,38.71978],[1.471183,38.719111],[1.471215,38.71908],[1.471247,38.719093],[1.471379,38.719229],[1.471452,38.719238],[1.472068,38.719219],[1.472085,38.719194],[1.472105,38.719084],[1.472106,38.719083],[1.472131,38.719083],[1.50713,38.720274],[1.472191,38.753608],[1.491357,38.780275],[1.480522,38.780278],[1.467473,38.791849],[1.463857,38.810112],[1.488645,38.810111],[1.488023,38.816943],[1.43336,38.872494],[1.441177,38.878374],[1.458494,38.891391],[1.441682,38.891168],[1.405082,38.872911],[1.404964,38.872812],[1.404893,38.872753],[1.404732,38.872649],[1.404583,38.872579],[1.404517,38.87255],[1.404367,38.87252],[1.404273,38.872475],[1.404249,38.87244],[1.404252,38.872413],[1.404291,38.87236],[1.404313,38.872355],[1.404482,38.872364],[1.404546,38.872372],[1.404631,38.872386],[1.404709,38.872406],[1.404761,38.872397],[1.404776,38.872378],[1.404784,38.872344],[1.40465,38.872275],[1.404444,38.872242],[1.404355,38.872196],[1.404265,38.872135],[1.404156,38.872022],[1.404115,38.871879],[1.404114,38.871621],[1.404123,38.871467],[1.404193,38.871131],[1.404192,38.871068],[1.404191,38.871033],[1.404221,38.87098],[1.404364,38.870864],[1.404421,38.870632],[1.404454,38.870526],[1.404511,38.870376],[1.404591,38.869872],[1.404721,38.869668],[1.404728,38.869506],[1.404766,38.869369],[1.404822,38.869324],[1.404993,38.869236],[1.405087,38.869219],[1.405317,38.869246],[1.405433,38.869249],[1.405583,38.869304],[1.405721,38.869384],[1.405793,38.869446],[1.406054,38.869559],[1.406193,38.869597],[1.406697,38.869604],[1.407351,38.869613],[1.407472,38.869569],[1.407496,38.869502],[1.407456,38.869426],[1.407347,38.869331],[1.407317,38.869165],[1.407249,38.869101],[1.407273,38.868992],[1.407312,38.868978],[1.407368,38.868988],[1.407398,38.869048],[1.407502,38.868997],[1.407508,38.868947],[1.40754,38.868915],[1.407526,38.86883],[1.407477,38.86875],[1.407424,38.868677],[1.407302,38.868588],[1.407338,38.8685],[1.407382,38.868469],[1.407483,38.868299],[1.407616,38.868167],[1.407635,38.868086],[1.407582,38.868051],[1.407395,38.868045],[1.407319,38.868023],[1.407193,38.867915],[1.407129,38.867817],[1.40702,38.867613],[1.406901,38.867514],[1.40682,38.867368],[1.406733,38.867268],[1.406642,38.867209],[1.406533,38.867206],[1.406461,38.867165],[1.406413,38.867104],[1.406389,38.867031],[1.406311,38.866891],[1.406392,38.866868],[1.406471,38.866794],[1.406473,38.866767],[1.406436,38.866753],[1.406284,38.866742],[1.406215,38.866738],[1.405903,38.866588],[1.405806,38.866545],[1.405813,38.866478],[1.405858,38.866443],[1.405964,38.866447],[1.406069,38.866396],[1.406162,38.866251],[1.406208,38.866128],[1.406224,38.865953],[1.406255,38.865884],[1.406307,38.865845],[1.406376,38.865821],[1.406461,38.86566],[1.406448,38.865595],[1.406403,38.865543],[1.406269,38.865367],[1.406228,38.865282],[1.406257,38.865244],[1.406443,38.865132],[1.406671,38.86503],[1.406759,38.865011],[1.406647,38.864861],[1.406638,38.864836],[1.406611,38.864802],[1.406562,38.864786],[1.406462,38.864837],[1.406418,38.864868],[1.406312,38.864751],[1.406263,38.864713],[1.406217,38.864644],[1.406182,38.864594],[1.406143,38.864485],[1.406135,38.864424],[1.406143,38.864341],[1.406073,38.864278],[1.406014,38.864271],[1.405985,38.864241],[1.406004,38.864213],[1.40606,38.864172],[1.406077,38.864129],[1.406078,38.864092],[1.406026,38.864052],[1.40591,38.864024],[1.405724,38.863988],[1.405713,38.86396],[1.405674,38.863877],[1.405585,38.86386],[1.405545,38.86386],[1.405525,38.863851],[1.405482,38.863825],[1.405477,38.863811],[1.405501,38.863685],[1.405541,38.863639],[1.405576,38.86359],[1.405575,38.863504],[1.405529,38.86348],[1.405523,38.863477],[1.405478,38.863465],[1.405479,38.863394],[1.405583,38.863319],[1.405646,38.863311],[1.405727,38.863304],[1.405791,38.863279],[1.405788,38.863212],[1.405705,38.863158],[1.405533,38.863054],[1.405402,38.862994],[1.405345,38.862959],[1.405349,38.86283],[1.405382,38.862748],[1.405431,38.8627],[1.405532,38.862599],[1.405576,38.862532],[1.405589,38.862438],[1.40563,38.862369],[1.405693,38.862334],[1.405755,38.862296],[1.405843,38.86225],[1.405845,38.8622],[1.405846,38.862183],[1.405831,38.862155],[1.405762,38.862099],[1.405692,38.862035],[1.405652,38.861988],[1.4056,38.861909],[1.405542,38.861801],[1.405471,38.861646],[1.40539,38.861557],[1.405315,38.861474],[1.405239,38.861343],[1.405214,38.861276],[1.405222,38.861187],[1.405343,38.861173],[1.405402,38.861173],[1.405503,38.861146],[1.405696,38.86108],[1.405826,38.861047],[1.405861,38.861021],[1.405862,38.860973],[1.405948,38.8609],[1.40608,38.860855],[1.40611,38.860802],[1.406064,38.860794],[1.405908,38.860784],[1.405676,38.860782],[1.405582,38.860764],[1.405589,38.860722],[1.405607,38.860699],[1.405703,38.860683],[1.40581,38.860678],[1.405931,38.860661],[1.405992,38.860641],[1.405994,38.860641],[1.406021,38.860602],[1.406021,38.860502],[1.405907,38.860495],[1.405896,38.860495],[1.405894,38.860495],[1.405857,38.860501],[1.405746,38.860503],[1.405676,38.860502],[1.405656,38.860487],[1.405652,38.860409],[1.405721,38.860385],[1.405855,38.860319],[1.405902,38.860278],[1.406068,38.860159],[1.406185,38.860108],[1.406321,38.860041],[1.406421,38.860001],[1.406504,38.859969],[1.406589,38.859918],[1.406631,38.859873],[1.406705,38.859733],[1.406724,38.859658],[1.406948,38.859513],[1.406967,38.859373],[1.406933,38.859307],[1.406795,38.85922],[1.406773,38.859186],[1.406904,38.85902],[1.40699,38.858976],[1.407177,38.858908],[1.407324,38.858978],[1.407469,38.858957],[1.407495,38.858836],[1.40743,38.858787],[1.407263,38.858733],[1.407213,38.858699],[1.40712,38.858616],[1.40712,38.858585],[1.407146,38.858511],[1.407079,38.858485],[1.406971,38.858519],[1.406878,38.858605],[1.406806,38.858601],[1.40674,38.858542],[1.406781,38.85845],[1.406802,38.858348],[1.406695,38.858286],[1.406627,38.858222],[1.406544,38.858153],[1.406542,38.85808],[1.406529,38.858049],[1.406395,38.857965],[1.406342,38.857879],[1.406426,38.857785],[1.406762,38.857578],[1.406865,38.857518],[1.406925,38.857429],[1.406881,38.857371],[1.406766,38.857351],[1.406602,38.857363],[1.406505,38.857405],[1.406421,38.857393],[1.406398,38.85738],[1.406244,38.857327],[1.405839,38.85733],[1.405458,38.857316],[1.405351,38.857296],[1.405225,38.857282],[1.405136,38.857276],[1.405045,38.857276],[1.404746,38.857276],[1.404619,38.857321],[1.404487,38.8574],[1.404389,38.857395],[1.404346,38.857364],[1.40441,38.857264],[1.404404,38.857246],[1.404354,38.857228],[1.404458,38.857067],[1.404555,38.856956],[1.404697,38.856833],[1.404742,38.856653],[1.404839,38.856546],[1.40484,38.85649],[1.404774,38.856445],[1.40459,38.856392],[1.404537,38.856379],[1.404396,38.856368],[1.404615,38.856318],[1.404799,38.856236],[1.404849,38.856185],[1.404824,38.856144],[1.404758,38.856114],[1.404592,38.856083],[1.404546,38.856071],[1.404639,38.855949],[1.404662,38.855934],[1.404713,38.855826],[1.404714,38.855692],[1.404836,38.855497],[1.404866,38.855404],[1.404808,38.855294],[1.4048,38.855256],[1.404764,38.855207],[1.404707,38.855157],[1.404592,38.855114],[1.404596,38.855069],[1.404691,38.855011],[1.404699,38.855006],[1.404703,38.855004],[1.404748,38.854999],[1.404818,38.854989],[1.404918,38.854963],[1.405015,38.85496],[1.405042,38.85497],[1.405064,38.854975],[1.405087,38.854973],[1.40512,38.854888],[1.405134,38.854852],[1.405138,38.854766],[1.405112,38.854716],[1.405016,38.854694],[1.404955,38.854694],[1.404917,38.854673],[1.404899,38.854637],[1.40484,38.854523],[1.404777,38.85437],[1.404738,38.854304],[1.404725,38.854193],[1.404759,38.854119],[1.404743,38.854034],[1.404656,38.853943],[1.40455,38.853867],[1.404519,38.853748],[1.40443,38.853679],[1.404374,38.853662],[1.404277,38.853644],[1.404189,38.853625],[1.404066,38.853621],[1.403997,38.853638],[1.403941,38.853673],[1.403898,38.85369],[1.40389,38.85369],[1.403875,38.853689],[1.403857,38.853688],[1.40385,38.853687],[1.403845,38.85368],[1.403841,38.853665],[1.403836,38.853651],[1.403836,38.853646],[1.403955,38.853529],[1.404029,38.853478],[1.40409,38.853447],[1.404212,38.8534],[1.404244,38.853378],[1.40435,38.853254],[1.404371,38.85322],[1.40448,38.853082],[1.404524,38.85295],[1.404518,38.852914],[1.404565,38.852771],[1.404581,38.852755],[1.404573,38.852638],[1.404526,38.852628],[1.404458,38.852562],[1.404472,38.852514],[1.40445,38.852466],[1.404406,38.85248],[1.404393,38.852483],[1.404369,38.852479],[1.404367,38.852428],[1.404331,38.852362],[1.404279,38.852333],[1.404275,38.852288],[1.404277,38.852275],[1.404219,38.852156],[1.404128,38.852047],[1.404024,38.851904],[1.403943,38.8518],[1.403943,38.8518],[1.403922,38.851769],[1.403877,38.851706],[1.403852,38.851646],[1.403847,38.851603],[1.403844,38.851496],[1.403823,38.851405],[1.403808,38.851274],[1.40375,38.851111],[1.403659,38.850923],[1.40366,38.850888],[1.403671,38.850816],[1.403671,38.850749],[1.403613,38.850696],[1.403575,38.850653],[1.403468,38.850636],[1.403453,38.850672],[1.403453,38.850721],[1.403426,38.850722],[1.403391,38.850706],[1.403321,38.85067],[1.403181,38.850601],[1.402999,38.850476],[1.402936,38.850429],[1.402872,38.850395],[1.40282,38.850348],[1.402823,38.850268],[1.402867,38.850182],[1.402912,38.850151],[1.403038,38.85014],[1.403181,38.850144],[1.403214,38.850146],[1.403247,38.850139],[1.403246,38.850087],[1.403232,38.85004],[1.403172,38.849996],[1.403127,38.849954],[1.403074,38.849922],[1.402955,38.849856],[1.402805,38.849789],[1.402708,38.849761],[1.40264,38.849739],[1.402298,38.849642],[1.402244,38.849607],[1.402217,38.849584],[1.402136,38.84948],[1.402126,38.849438],[1.402148,38.849303],[1.402156,38.849126],[1.402157,38.849044],[1.402155,38.848932],[1.402155,38.848926],[1.402157,38.848899],[1.402162,38.848658],[1.402173,38.848537],[1.402196,38.848398],[1.402268,38.848206],[1.402328,38.847964],[1.402358,38.847463],[1.402349,38.846854],[1.402348,38.846645],[1.402352,38.846582],[1.402393,38.846457],[1.402444,38.846297],[1.40248,38.846157],[1.402502,38.846065],[1.402507,38.845997],[1.402507,38.845984],[1.402508,38.845922],[1.402556,38.84583],[1.402563,38.845677],[1.402564,38.845585],[1.402565,38.845516],[1.402564,38.845385],[1.402562,38.845298],[1.402551,38.845132],[1.40255,38.845077],[1.402595,38.844924],[1.4026,38.844838],[1.402605,38.844726],[1.402611,38.844612],[1.40265,38.844422],[1.402669,38.84419],[1.40271,38.843964],[1.402724,38.843701],[1.402728,38.843574],[1.402728,38.84345],[1.402731,38.843321],[1.402751,38.843063],[1.40276,38.842968],[1.402779,38.84289],[1.402834,38.842685],[1.402856,38.842481],[1.402869,38.842236],[1.402875,38.842223],[1.402892,38.842161],[1.402921,38.84199],[1.402939,38.841801],[1.402943,38.841612],[1.402952,38.841396],[1.402958,38.841296],[1.402964,38.841152],[1.402975,38.840995],[1.402979,38.840829],[1.402977,38.840616],[1.402985,38.840441],[1.403029,38.840331],[1.403071,38.840139],[1.403112,38.839951],[1.403146,38.839869],[1.403279,38.839691],[1.403384,38.839579],[1.403522,38.83946],[1.403626,38.839421],[1.40363,38.839421],[1.40363,38.83942],[1.4038,38.839404],[1.403899,38.839394],[1.403948,38.839381],[1.403986,38.839315],[1.403997,38.839218],[1.403951,38.839183],[1.403922,38.839155],[1.403922,38.839093],[1.403916,38.839062],[1.403859,38.83904],[1.403799,38.839017],[1.403811,38.838978],[1.403876,38.838951],[1.403975,38.838946],[1.404089,38.838853],[1.404108,38.838803],[1.404121,38.83875],[1.404071,38.838677],[1.404084,38.83863],[1.404146,38.838583],[1.40419,38.838548],[1.404198,38.838517],[1.404197,38.838465],[1.404086,38.838428],[1.404033,38.838425],[1.403966,38.838404],[1.403938,38.838364],[1.403938,38.83828],[1.403957,38.838222],[1.404022,38.838117],[1.404021,38.838061],[1.404019,38.838036],[1.404031,38.837973],[1.404039,38.837914],[1.404038,38.837863],[1.404032,38.837818],[1.404029,38.837779],[1.404021,38.837748],[1.404093,38.837667],[1.404187,38.837597],[1.404293,38.837516],[1.404347,38.837481],[1.404374,38.837457],[1.404421,38.837424],[1.404481,38.837392],[1.404612,38.837261],[1.404624,38.837204],[1.404623,38.837154],[1.40462,38.837077],[1.404619,38.837021],[1.404618,38.836938],[1.404621,38.836902],[1.404683,38.836863],[1.4047,38.836864],[1.404724,38.836861],[1.404815,38.836799],[1.404845,38.836753],[1.404868,38.836689],[1.404892,38.83653],[1.404841,38.836477],[1.404794,38.83646],[1.404799,38.836399],[1.404856,38.836363],[1.404918,38.836359],[1.404989,38.836356],[1.405063,38.836356],[1.405154,38.836357],[1.405166,38.836352],[1.405171,38.836295],[1.405166,38.836195],[1.405154,38.836156],[1.405148,38.836137],[1.405153,38.836124],[1.405157,38.836123],[1.405159,38.836062],[1.405157,38.835987],[1.405157,38.83598],[1.405152,38.835958],[1.405146,38.835896],[1.405145,38.835831],[1.405149,38.835726],[1.40517,38.835657],[1.40519,38.835599],[1.405212,38.835512],[1.405249,38.835443],[1.405371,38.835346],[1.405463,38.835224],[1.405473,38.835135],[1.405503,38.83506],[1.405567,38.834983],[1.405597,38.834916],[1.405615,38.834871],[1.405635,38.834817],[1.405655,38.834741],[1.405658,38.834659],[1.405673,38.834588],[1.405683,38.834585],[1.405761,38.83458],[1.405791,38.83453],[1.405783,38.834486],[1.405736,38.834428],[1.405708,38.83441],[1.405696,38.834375],[1.405781,38.834204],[1.405813,38.834179],[1.405816,38.834177],[1.405826,38.834109],[1.405879,38.834065],[1.405876,38.834013],[1.405841,38.833948],[1.405881,38.83389],[1.40592,38.833922],[1.405996,38.833954],[1.405996,38.833954],[1.406035,38.833963],[1.406064,38.834024],[1.406061,38.834074],[1.406046,38.834109],[1.406112,38.834172],[1.406136,38.83415],[1.406158,38.834135],[1.40619,38.8341],[1.406196,38.834077],[1.406135,38.833994],[1.406105,38.833903],[1.406145,38.833818],[1.406162,38.833804],[1.406212,38.833788],[1.406245,38.833745],[1.40623,38.833697],[1.406135,38.833596],[1.406084,38.833584],[1.406053,38.833546],[1.406094,38.833449],[1.406152,38.833373],[1.406162,38.833324],[1.40617,38.833204],[1.406248,38.833104],[1.406258,38.833035],[1.406256,38.832942],[1.406257,38.832852],[1.406299,38.832784],[1.406325,38.832744],[1.40638,38.832686],[1.406384,38.832643],[1.406362,38.832617],[1.40636,38.832552],[1.406373,38.832487],[1.406347,38.832419],[1.406271,38.83235],[1.406258,38.832278],[1.406305,38.832203],[1.406368,38.832142],[1.406411,38.832089],[1.406417,38.832054],[1.40641,38.831952],[1.406408,38.831908],[1.406372,38.831859],[1.406266,38.831808],[1.406265,38.831755],[1.406246,38.831691],[1.406175,38.831623],[1.406102,38.831615],[1.406058,38.831618],[1.405981,38.831616],[1.40589,38.831533],[1.405818,38.831522],[1.405727,38.831535],[1.405695,38.83154],[1.405622,38.831615],[1.405532,38.831629],[1.405432,38.831707],[1.405341,38.831743],[1.405202,38.83175],[1.405158,38.831752],[1.405148,38.831784],[1.40515,38.831794],[1.405123,38.831828],[1.405079,38.831875],[1.405016,38.831878],[1.404885,38.831957],[1.404646,38.83198],[1.404566,38.831998],[1.404492,38.832071],[1.404384,38.832155],[1.404241,38.832223],[1.404238,38.832276],[1.404108,38.832315],[1.404042,38.832391],[1.403968,38.832458],[1.403799,38.832459],[1.403838,38.832546],[1.403888,38.832563],[1.403925,38.832591],[1.403901,38.832617],[1.403939,38.832669],[1.40401,38.832684],[1.403982,38.832748],[1.40391,38.832748],[1.403886,38.832706],[1.403863,38.832689],[1.403812,38.832672],[1.403703,38.832671],[1.403571,38.832749],[1.403533,38.832779],[1.403482,38.832793],[1.403399,38.832789],[1.403331,38.832804],[1.403279,38.832865],[1.40324,38.832943],[1.40322,38.832979],[1.403118,38.832996],[1.403017,38.833028],[1.402973,38.833096],[1.403019,38.833175],[1.403025,38.833212],[1.403029,38.833274],[1.402923,38.833331],[1.4029,38.833442],[1.402858,38.833569],[1.402854,38.833588],[1.402742,38.833677],[1.402672,38.833692],[1.4025,38.833684],[1.402473,38.833685],[1.402334,38.833724],[1.402442,38.833822],[1.402491,38.833933],[1.402484,38.833938],[1.402369,38.833939],[1.402181,38.834036],[1.402007,38.834082],[1.401877,38.834159],[1.401848,38.834172],[1.401838,38.834176],[1.40181,38.834189],[1.401695,38.834264],[1.401633,38.834344],[1.4016,38.834391],[1.401598,38.834456],[1.40163,38.834507],[1.40163,38.83453],[1.401601,38.834532],[1.401501,38.834531],[1.401435,38.83454],[1.401396,38.834569],[1.401322,38.834598],[1.401191,38.834768],[1.401253,38.834911],[1.401251,38.835],[1.401203,38.835038],[1.401127,38.835063],[1.401007,38.835073],[1.400993,38.835116],[1.400988,38.835187],[1.400892,38.835194],[1.400708,38.835307],[1.400655,38.835359],[1.400627,38.835387],[1.400592,38.835454],[1.400591,38.835471],[1.40059,38.835535],[1.400542,38.835566],[1.400498,38.835571],[1.400419,38.835535],[1.400415,38.83547],[1.400407,38.835408],[1.400375,38.835381],[1.400228,38.835505],[1.400231,38.835585],[1.400224,38.835613],[1.400176,38.835615],[1.400031,38.835693],[1.400022,38.835787],[1.399969,38.835863],[1.399926,38.835844],[1.399817,38.83589],[1.399858,38.836031],[1.399828,38.836078],[1.399686,38.836121],[1.399656,38.83616],[1.399617,38.836267],[1.399536,38.836245],[1.399471,38.8362],[1.399432,38.836182],[1.399219,38.836336],[1.399097,38.8364],[1.399051,38.836415],[1.398999,38.836448],[1.399018,38.836501],[1.399037,38.836608],[1.398897,38.836718],[1.398832,38.836769],[1.398787,38.836819],[1.398687,38.83679],[1.398598,38.836765],[1.398543,38.836786],[1.398565,38.836879],[1.39856,38.836959],[1.39851,38.83696],[1.398424,38.836931],[1.398309,38.836953],[1.398272,38.83707],[1.398303,38.83714],[1.39837,38.837205],[1.398295,38.837234],[1.398235,38.837217],[1.398129,38.837272],[1.398071,38.837285],[1.398017,38.837313],[1.397813,38.837398],[1.397784,38.83743],[1.39774,38.837462],[1.397575,38.837457],[1.397434,38.837455],[1.397403,38.837548],[1.39744,38.837642],[1.397401,38.837674],[1.3974,38.837707],[1.397424,38.837746],[1.397342,38.837812],[1.39726,38.837847],[1.397124,38.837892],[1.397006,38.837897],[1.39685,38.837903],[1.396843,38.837904],[1.396801,38.837906],[1.396792,38.837906],[1.39663,38.837912],[1.396538,38.838012],[1.396547,38.838084],[1.396469,38.838112],[1.396354,38.838217],[1.396311,38.83822],[1.396163,38.838222],[1.396155,38.838264],[1.396234,38.838336],[1.396289,38.838371],[1.396279,38.838418],[1.396053,38.838413],[1.396047,38.838413],[1.395974,38.83839],[1.395876,38.838353],[1.395871,38.838365],[1.395881,38.838405],[1.395853,38.838453],[1.395817,38.838479],[1.395699,38.83847],[1.39564,38.838476],[1.395542,38.838554],[1.395524,38.838592],[1.395476,38.838585],[1.395366,38.838583],[1.395284,38.838685],[1.395309,38.838742],[1.395357,38.838812],[1.395328,38.838834],[1.395288,38.838821],[1.395184,38.83882],[1.395117,38.838828],[1.395042,38.838859],[1.395033,38.838873],[1.395026,38.838923],[1.395028,38.83897],[1.395032,38.839016],[1.395038,38.839036],[1.395044,38.839122],[1.395034,38.839166],[1.395036,38.839177],[1.394986,38.839234],[1.394906,38.839235],[1.394883,38.839187],[1.394882,38.839088],[1.394835,38.839049],[1.394737,38.83905],[1.39464,38.839054],[1.394591,38.839084],[1.394559,38.839132],[1.394533,38.839169],[1.394461,38.839244],[1.394407,38.839291],[1.394392,38.839343],[1.394355,38.839436],[1.394321,38.839474],[1.394302,38.839504],[1.394238,38.839586],[1.394196,38.839627],[1.394135,38.839663],[1.394097,38.839684],[1.393958,38.839731],[1.3939,38.839753],[1.39377,38.839787],[1.393588,38.839858],[1.39356,38.839875],[1.393437,38.839948],[1.393369,38.839995],[1.393176,38.840096],[1.39315,38.840117],[1.393163,38.840163],[1.393218,38.840241],[1.393245,38.840342],[1.393241,38.840402],[1.393177,38.840496],[1.393022,38.840612],[1.392985,38.840637],[1.392844,38.840703],[1.392764,38.840712],[1.392704,38.840716],[1.39259,38.840723],[1.392579,38.840726],[1.392578,38.840727],[1.392578,38.840728],[1.392339,38.840742],[1.392092,38.840815],[1.391988,38.840857],[1.391862,38.840905],[1.39172,38.840954],[1.391582,38.841011],[1.391428,38.841055],[1.391339,38.841098],[1.391336,38.841104],[1.391294,38.841156],[1.391238,38.84122],[1.391005,38.841352],[1.390992,38.841355],[1.390819,38.841385],[1.390685,38.841417],[1.390581,38.841447],[1.390513,38.841465],[1.390355,38.841485],[1.390074,38.841575],[1.389814,38.84161],[1.389612,38.84164],[1.389291,38.841759],[1.389187,38.841843],[1.388934,38.841871],[1.3884,38.841995],[1.388069,38.842054],[1.387367,38.842178],[1.386728,38.842236],[1.384464,38.842383],[1.384161,38.84223],[1.384042,38.841949],[1.383758,38.8414],[1.3834,38.840956],[1.383114,38.8407],[1.382996,38.840511],[1.382792,38.840394],[1.382685,38.84047],[1.382308,38.840654],[1.382286,38.840577],[1.382293,38.840529],[1.3823,38.840502],[1.382287,38.840442],[1.382229,38.840409],[1.382212,38.84039],[1.382181,38.840338],[1.382175,38.840294],[1.382202,38.84028],[1.382222,38.840264],[1.382227,38.84022],[1.382191,38.840174],[1.382052,38.840121],[1.381981,38.840132],[1.381941,38.84016],[1.381861,38.84019],[1.381756,38.840127],[1.38171,38.840081],[1.381658,38.839998],[1.381661,38.839972],[1.381668,38.839917],[1.381695,38.839863],[1.381705,38.839795],[1.381731,38.839715],[1.381778,38.839707],[1.381881,38.8397],[1.381925,38.839683],[1.381928,38.839663],[1.381926,38.839646],[1.381906,38.839626],[1.381836,38.839545],[1.381727,38.83944],[1.381705,38.839387],[1.381708,38.839364],[1.381717,38.839333],[1.381754,38.839275],[1.381768,38.839243],[1.381821,38.839166],[1.381874,38.839156],[1.381904,38.839149],[1.381943,38.839139],[1.381943,38.839135],[1.381939,38.839082],[1.381937,38.83904],[1.381936,38.839036],[1.381913,38.839036],[1.381852,38.839039],[1.381756,38.839047],[1.381681,38.839045],[1.38167,38.839011],[1.381692,38.83899],[1.381812,38.838886],[1.381871,38.838824],[1.381914,38.838772],[1.381938,38.838695],[1.381934,38.83865],[1.381915,38.838546],[1.381899,38.838472],[1.38188,38.83835],[1.381852,38.838233],[1.381813,38.838115],[1.381806,38.838054],[1.381747,38.837933],[1.381719,38.837745],[1.381691,38.837679],[1.381638,38.837663],[1.381581,38.837648],[1.38154,38.837648],[1.381488,38.837629],[1.381455,38.83755],[1.381458,38.837532],[1.381505,38.837525],[1.381585,38.837531],[1.381637,38.837529],[1.38165,38.837463],[1.381647,38.837447],[1.381587,38.837291],[1.381575,38.837211],[1.38156,38.837171],[1.381505,38.837129],[1.381405,38.837041],[1.381346,38.836993],[1.381305,38.836972],[1.38123,38.836939],[1.381226,38.836937],[1.381171,38.836866],[1.381177,38.836807],[1.381178,38.83669],[1.38127,38.836695],[1.381273,38.836676],[1.381258,38.836627],[1.381223,38.836588],[1.381112,38.836463],[1.381101,38.836447],[1.381101,38.836448],[1.381084,38.836404],[1.381041,38.836362],[1.380937,38.836295],[1.380896,38.836266],[1.380848,38.836229],[1.380782,38.836192],[1.380741,38.836148],[1.380745,38.836099],[1.380753,38.836021],[1.38076,38.835984],[1.380768,38.835932],[1.380786,38.835838],[1.380795,38.835661],[1.380813,38.835536],[1.380812,38.835412],[1.380835,38.835277],[1.380846,38.835241],[1.380858,38.835187],[1.380865,38.835153],[1.380877,38.835087],[1.380912,38.834991],[1.380906,38.834939],[1.380881,38.83486],[1.380843,38.834804],[1.380776,38.834765],[1.380744,38.834743],[1.380666,38.8347],[1.380619,38.834651],[1.380588,38.834565],[1.380571,38.834505],[1.380517,38.834457],[1.380469,38.834404],[1.38042,38.834356],[1.380343,38.834287],[1.380279,38.834227],[1.380213,38.834196],[1.380184,38.834179],[1.380177,38.834174],[1.380065,38.834108],[1.379946,38.834072],[1.379815,38.834016],[1.379763,38.834008],[1.379525,38.833986],[1.379436,38.833987],[1.379184,38.833988],[1.379092,38.833991],[1.378994,38.834003],[1.378994,38.834003],[1.378757,38.834024],[1.378743,38.834031],[1.378573,38.834081],[1.378481,38.834123],[1.378458,38.834142],[1.378415,38.834175],[1.37841,38.834179],[1.378378,38.834204],[1.37834,38.834266],[1.378329,38.834297],[1.378332,38.834372],[1.378332,38.834398],[1.378341,38.834435],[1.378355,38.834489],[1.378397,38.834556],[1.378395,38.834577],[1.378325,38.834597],[1.378285,38.834614],[1.378223,38.834676],[1.37821,38.834706],[1.378139,38.834731],[1.378094,38.834746],[1.378018,38.834742],[1.377996,38.834703],[1.378006,38.834611],[1.378024,38.834537],[1.378044,38.834496],[1.378045,38.834459],[1.378029,38.834404],[1.378001,38.834407],[1.37791,38.834431],[1.377868,38.834456],[1.377787,38.834459],[1.377734,38.834456],[1.377685,38.834465],[1.377609,38.834478],[1.377546,38.834508],[1.377421,38.834564],[1.377381,38.834595],[1.377371,38.834615],[1.377372,38.834647],[1.377383,38.834678],[1.377397,38.834727],[1.377386,38.834843],[1.377365,38.834878],[1.377281,38.834978],[1.377229,38.835021],[1.377175,38.835057],[1.377137,38.835071],[1.376999,38.835074],[1.376903,38.835069],[1.376863,38.835047],[1.376811,38.835006],[1.376802,38.834934],[1.376796,38.8349],[1.376769,38.834811],[1.376749,38.83474],[1.376713,38.834675],[1.376657,38.834621],[1.376614,38.834529],[1.376597,38.834435],[1.376536,38.834266],[1.37653,38.834207],[1.376517,38.834179],[1.376515,38.834175],[1.376481,38.834097],[1.376367,38.833939],[1.376357,38.83392],[1.376331,38.833858],[1.376227,38.833702],[1.376214,38.833681],[1.376175,38.833701],[1.376129,38.833722],[1.376053,38.833755],[1.375995,38.833777],[1.375942,38.833717],[1.375933,38.833636],[1.375929,38.833608],[1.375903,38.833491],[1.375872,38.833346],[1.375868,38.833253],[1.375869,38.833206],[1.37588,38.833156],[1.375915,38.833082],[1.375935,38.833052],[1.37592,38.833015],[1.375904,38.832991],[1.37584,38.832896],[1.375799,38.83283],[1.375753,38.832782],[1.375699,38.832754],[1.375675,38.832746],[1.375563,38.83272],[1.375542,38.83272],[1.37541,38.832704],[1.375364,38.832644],[1.375365,38.832596],[1.375368,38.832584],[1.375411,38.83258],[1.375434,38.832578],[1.375475,38.832561],[1.375465,38.832516],[1.375405,38.832446],[1.37535,38.832368],[1.375264,38.832268],[1.375117,38.832152],[1.375034,38.83211],[1.374875,38.83203],[1.374797,38.831982],[1.374661,38.831896],[1.3746,38.831864],[1.374512,38.831838],[1.374439,38.831781],[1.374393,38.831717],[1.374366,38.831668],[1.37436,38.831662],[1.374318,38.831637],[1.37422,38.831653],[1.374135,38.831718],[1.37412,38.831724],[1.374045,38.831688],[1.374005,38.831698],[1.373964,38.831709],[1.373924,38.831724],[1.373835,38.831758],[1.3738,38.83177],[1.373743,38.831784],[1.373698,38.831778],[1.373724,38.831712],[1.373752,38.83163],[1.373779,38.831565],[1.373775,38.831518],[1.37373,38.831495],[1.373688,38.831481],[1.373574,38.831467],[1.373513,38.831475],[1.373433,38.831497],[1.373307,38.831506],[1.373212,38.831501],[1.373167,38.831446],[1.373157,38.831407],[1.373025,38.831411],[1.372875,38.831404],[1.372855,38.831392],[1.37273,38.831361],[1.372654,38.831333],[1.372551,38.831266],[1.372468,38.831193],[1.372427,38.831147],[1.372372,38.8311],[1.372294,38.831085],[1.372217,38.831063],[1.372167,38.831046],[1.372142,38.831046],[1.372049,38.831053],[1.371989,38.831103],[1.371916,38.831222],[1.371857,38.831268],[1.371807,38.831322],[1.371791,38.831356],[1.371801,38.83143],[1.371796,38.831524],[1.371761,38.831542],[1.371712,38.831568],[1.371641,38.831598],[1.371595,38.831606],[1.37153,38.831648],[1.371501,38.831685],[1.371493,38.83177],[1.371496,38.831798],[1.371525,38.83183],[1.371542,38.831858],[1.371561,38.831891],[1.371617,38.831953],[1.371662,38.832011],[1.371715,38.832056],[1.371733,38.83207],[1.371812,38.832128],[1.371869,38.832188],[1.371916,38.83224],[1.37196,38.8323],[1.372029,38.832307],[1.372146,38.8323],[1.372238,38.83229],[1.372282,38.832307],[1.372294,38.832407],[1.372309,38.832492],[1.37231,38.832586],[1.372286,38.832718],[1.372272,38.832814],[1.372272,38.832826],[1.372256,38.832938],[1.372203,38.833027],[1.372175,38.833067],[1.372098,38.833157],[1.372067,38.833221],[1.371984,38.833351],[1.37192,38.83342],[1.371845,38.833493],[1.371759,38.83356],[1.371687,38.833619],[1.371567,38.83371],[1.371491,38.833759],[1.37135,38.833826],[1.371271,38.83387],[1.371177,38.833913],[1.371047,38.833978],[1.370967,38.834007],[1.370861,38.834053],[1.370747,38.834095],[1.370686,38.834122],[1.370624,38.834137],[1.370506,38.834175],[1.370494,38.834179],[1.370467,38.834188],[1.370198,38.83431],[1.370082,38.834386],[1.369904,38.834498],[1.369726,38.834631],[1.369553,38.834763],[1.369486,38.834835],[1.369399,38.834948],[1.369377,38.834979],[1.369215,38.835155],[1.369027,38.835214],[1.368947,38.835217],[1.368913,38.835217],[1.368857,38.835171],[1.368835,38.835109],[1.368816,38.835078],[1.368773,38.835047],[1.368752,38.835047],[1.368617,38.835062],[1.368606,38.835105],[1.368615,38.835188],[1.368627,38.835242],[1.368671,38.835342],[1.368724,38.835407],[1.368823,38.835515],[1.36888,38.835587],[1.369033,38.835743],[1.369068,38.835814],[1.369111,38.835921],[1.369142,38.835997],[1.369165,38.836131],[1.369176,38.836173],[1.369271,38.8363],[1.369335,38.836388],[1.369412,38.8365],[1.36941,38.836581],[1.369421,38.836648],[1.369472,38.836802],[1.369514,38.836867],[1.369535,38.837005],[1.369541,38.837157],[1.369561,38.837256],[1.369591,38.837458],[1.369658,38.837557],[1.369747,38.837687],[1.369753,38.8378],[1.369749,38.83791],[1.369746,38.838027],[1.369734,38.838176],[1.369737,38.838319],[1.369737,38.838319],[1.369739,38.838396],[1.369717,38.838542],[1.369681,38.83861],[1.369692,38.838634],[1.369733,38.838627],[1.369777,38.838625],[1.369826,38.838629],[1.369864,38.838645],[1.369873,38.838753],[1.369885,38.838863],[1.369897,38.839115],[1.369951,38.839249],[1.369988,38.839335],[1.370128,38.839607],[1.370212,38.839782],[1.370303,38.839982],[1.37033,38.840053],[1.370354,38.840112],[1.370417,38.8404],[1.370459,38.840508],[1.370513,38.840694],[1.370594,38.840881],[1.370672,38.841032],[1.370749,38.84119],[1.370756,38.841258],[1.370815,38.841497],[1.370839,38.841687],[1.370842,38.84182],[1.370844,38.841968],[1.370847,38.84212],[1.370848,38.842193],[1.370852,38.842372],[1.370853,38.842526],[1.370849,38.842601],[1.370848,38.842601],[1.370776,38.842618],[1.370763,38.842626],[1.370745,38.84265],[1.370741,38.842676],[1.370772,38.842699],[1.370807,38.842715],[1.370824,38.842808],[1.370786,38.843089],[1.370745,38.84318],[1.370695,38.84326],[1.370683,38.843273],[1.370661,38.8433],[1.370662,38.84332],[1.370696,38.843335],[1.370703,38.84334],[1.370712,38.843475],[1.3707,38.843753],[1.370662,38.843861],[1.370601,38.844034],[1.370579,38.844074],[1.370559,38.84411],[1.370558,38.84411],[1.370549,38.844134],[1.370472,38.844314],[1.370441,38.84444],[1.370438,38.844517],[1.370444,38.844641],[1.370436,38.844704],[1.370374,38.844838],[1.370309,38.844921],[1.370234,38.845125],[1.370163,38.845242],[1.370073,38.845339],[1.370013,38.845406],[1.369843,38.845548],[1.369826,38.845555],[1.369774,38.84561],[1.369599,38.845858],[1.369513,38.845955],[1.369441,38.846033],[1.369273,38.846212],[1.369138,38.846417],[1.369071,38.846538],[1.36899,38.846634],[1.368901,38.846729],[1.368781,38.846839],[1.368757,38.846876],[1.368748,38.846886],[1.36859,38.847042],[1.368475,38.847189],[1.368327,38.847361],[1.368243,38.847503],[1.368186,38.847603],[1.368071,38.847832],[1.367973,38.847977],[1.367867,38.848161],[1.367819,38.848282],[1.367764,38.848397],[1.367687,38.848612],[1.367683,38.848615],[1.367584,38.848749],[1.367565,38.848843],[1.367547,38.848945],[1.367522,38.849078],[1.367467,38.849187],[1.367425,38.849259],[1.367404,38.849336],[1.367386,38.849383],[1.367313,38.849576],[1.367304,38.849645],[1.367334,38.849867],[1.367328,38.849974],[1.367309,38.850127],[1.367285,38.850269],[1.367266,38.850313],[1.367263,38.850319],[1.367232,38.850389],[1.367156,38.850534],[1.367116,38.850666],[1.367102,38.850791],[1.367083,38.850923],[1.367063,38.851062],[1.367031,38.851234],[1.367018,38.851326],[1.366986,38.851424],[1.366971,38.851421],[1.366823,38.851914],[1.366767,38.852017],[1.366433,38.85283],[1.366305,38.853004],[1.364899,38.854626],[1.364489,38.855009],[1.36438,38.855119],[1.363608,38.855986],[1.363488,38.856139],[1.362981,38.856801],[1.362724,38.857007],[1.361993,38.857746],[1.361953,38.857975],[1.361738,38.858257],[1.361658,38.858558],[1.361529,38.858871],[1.361342,38.859172],[1.361315,38.859359],[1.361303,38.859838],[1.361358,38.860042],[1.361394,38.860218],[1.361358,38.860425],[1.361207,38.860599],[1.360815,38.860946],[1.360527,38.861099],[1.359237,38.861833],[1.358903,38.862099],[1.35776,38.863247],[1.357733,38.863323],[1.35769,38.863384],[1.357173,38.863699],[1.357004,38.863835],[1.356285,38.864381],[1.356223,38.864428],[1.355944,38.864649],[1.355829,38.864747],[1.355641,38.86488],[1.355388,38.86505],[1.355132,38.865166],[1.355125,38.865169],[1.355107,38.865177],[1.354743,38.865396],[1.35449,38.865585],[1.354145,38.865811],[1.353889,38.865987],[1.353604,38.866176],[1.35337,38.86631],[1.353106,38.866497],[1.352516,38.866782],[1.351897,38.867109],[1.351546,38.867303],[1.351104,38.867553],[1.350603,38.867788],[1.350331,38.868048],[1.350244,38.868097],[1.349874,38.868244],[1.34937,38.868478],[1.349197,38.868567],[1.348826,38.8687],[1.348171,38.868954],[1.347585,38.869217],[1.347064,38.869501],[1.346629,38.869774],[1.34618,38.870064],[1.3458,38.870255],[1.345297,38.870427],[1.34506,38.87049],[1.344659,38.870618],[1.34434,38.870738],[1.34419,38.87077],[1.34386,38.870871],[1.343535,38.870942],[1.343269,38.871007],[1.343035,38.871034],[1.34277,38.871044],[1.342751,38.870936],[1.342693,38.870794],[1.342549,38.870641],[1.342389,38.870482],[1.342254,38.870381],[1.342088,38.870312],[1.341956,38.870218],[1.341798,38.870127],[1.341536,38.870074],[1.341374,38.870067],[1.341291,38.870082],[1.341234,38.870055],[1.341002,38.870108],[1.340821,38.870223],[1.340625,38.870214],[1.340535,38.870125],[1.34048,38.870005],[1.34043,38.869874],[1.340388,38.869809],[1.340451,38.869789],[1.340498,38.869672],[1.340356,38.869684],[1.339944,38.869662],[1.339412,38.869466],[1.339114,38.869286],[1.338846,38.869159],[1.33855,38.869038],[1.338473,38.869072],[1.338228,38.868963],[1.33787,38.868972],[1.337702,38.869008],[1.337521,38.869045],[1.337367,38.868987],[1.33719,38.868882],[1.33707,38.868817],[1.336794,38.868811],[1.336646,38.868757],[1.336474,38.868627],[1.33639,38.868504],[1.336284,38.868417],[1.336073,38.868342],[1.335994,38.868316],[1.335842,38.868351],[1.335792,38.868502],[1.33568,38.868524],[1.335526,38.868568],[1.335427,38.868674],[1.335315,38.868746],[1.335195,38.868741],[1.335107,38.868708],[1.335019,38.868658],[1.334905,38.868557],[1.334752,38.868305],[1.33476,38.868105],[1.334936,38.867861],[1.335099,38.86773],[1.335206,38.867461],[1.335238,38.867299],[1.335262,38.867034],[1.335279,38.866845],[1.335287,38.866726],[1.335288,38.866689],[1.335229,38.866439],[1.335117,38.866343],[1.334937,38.866352],[1.334723,38.866483],[1.334576,38.866552],[1.334368,38.86672],[1.334026,38.866855],[1.33367,38.866933],[1.333433,38.866962],[1.333199,38.866907],[1.332946,38.866839],[1.332677,38.866865],[1.33258,38.866977],[1.332693,38.867067],[1.332779,38.867266],[1.332857,38.867458],[1.332802,38.867596],[1.332678,38.867663],[1.332509,38.867639],[1.332438,38.867707],[1.332429,38.867745],[1.332318,38.868013],[1.332055,38.868134],[1.331845,38.868136],[1.331741,38.868121],[1.331734,38.868005],[1.331577,38.868016],[1.331444,38.868105],[1.331311,38.867993],[1.331162,38.867916],[1.331018,38.867961],[1.330937,38.868003],[1.330938,38.868003],[1.330791,38.867994],[1.330558,38.867997],[1.330064,38.867903],[1.329787,38.867904],[1.329576,38.867815],[1.329418,38.867672],[1.329102,38.86745],[1.328881,38.867242],[1.328781,38.866947],[1.328636,38.866712],[1.328559,38.866545],[1.328418,38.866109],[1.328414,38.865934],[1.328335,38.865798],[1.328226,38.865601],[1.328222,38.865395],[1.328024,38.864622],[1.32796,38.864384],[1.327767,38.864168],[1.327545,38.864083],[1.327143,38.863857],[1.327063,38.863673],[1.327012,38.863368],[1.326889,38.863208],[1.32657,38.863265],[1.326383,38.863278],[1.326059,38.863213],[1.32596,38.863177],[1.325879,38.863216],[1.325706,38.863235],[1.325709,38.863191],[1.325655,38.86314],[1.325622,38.863169],[1.325599,38.863206],[1.32552,38.863243],[1.325431,38.863242],[1.325419,38.863208],[1.324934,38.86325],[1.324692,38.863242],[1.324717,38.863193],[1.324668,38.863135],[1.324596,38.863127],[1.3246,38.863051],[1.324584,38.862971],[1.32434,38.862756],[1.324291,38.862713],[1.324297,38.862652],[1.324192,38.862432],[1.324063,38.862271],[1.323957,38.862278],[1.32395,38.862225],[1.323714,38.861954],[1.323679,38.861879],[1.323771,38.861845],[1.323771,38.861779],[1.323427,38.861374],[1.32326,38.861156],[1.323141,38.861042],[1.323028,38.861009],[1.322792,38.860533],[1.322714,38.86039],[1.322679,38.860385],[1.322585,38.860356],[1.322599,38.860297],[1.322569,38.860272],[1.322494,38.860282],[1.322473,38.860235],[1.322523,38.86014],[1.322398,38.859967],[1.322329,38.859903],[1.322198,38.859902],[1.322206,38.859804],[1.322194,38.85978],[1.32215,38.859772],[1.322068,38.85978],[1.322074,38.859752],[1.322131,38.859671],[1.322127,38.859631],[1.322033,38.859607],[1.322085,38.85951],[1.322141,38.859457],[1.322145,38.859221],[1.322103,38.859066],[1.322041,38.859049],[1.322031,38.859009],[1.322064,38.858988],[1.32209,38.858976],[1.322014,38.858864],[1.32192,38.858794],[1.321889,38.858819],[1.321871,38.858852],[1.32183,38.858843],[1.321792,38.858784],[1.321755,38.858742],[1.321675,38.858747],[1.321794,38.858465],[1.32183,38.858408],[1.321716,38.858261],[1.321717,38.858205],[1.321643,38.858049],[1.321547,38.858018],[1.321513,38.858033],[1.321456,38.858023],[1.321406,38.858015],[1.321379,38.85799],[1.321428,38.857966],[1.32148,38.857947],[1.32151,38.857774],[1.321484,38.85764],[1.321339,38.857508],[1.321334,38.857462],[1.321347,38.857375],[1.321264,38.857257],[1.3212,38.85726],[1.321199,38.857102],[1.321207,38.85706],[1.321156,38.856992],[1.3211,38.856882],[1.321001,38.856881],[1.320989,38.856861],[1.32099,38.856767],[1.321074,38.856776],[1.321093,38.856745],[1.321,38.856424],[1.320897,38.856108],[1.320797,38.856108],[1.32069,38.856092],[1.320569,38.856031],[1.320517,38.856005],[1.320538,38.855851],[1.320547,38.855805],[1.320503,38.855788],[1.320456,38.855807],[1.320433,38.855793],[1.320378,38.855795],[1.320394,38.855844],[1.320347,38.855839],[1.320348,38.855807],[1.320297,38.855801],[1.320238,38.8558],[1.320246,38.855799],[1.346352,38.845442],[1.402022,38.766274],[1.352323,38.718194],[1.38045,38.718588],[1.380463,38.71859],[1.380467,38.718611]]],[[[1.451613,38.890807],[1.451379,38.89059],[1.451305,38.890338],[1.451319,38.889972],[1.451582,38.889799],[1.451992,38.889764],[1.452373,38.890152],[1.452461,38.890324],[1.452388,38.890553],[1.452081,38.89076],[1.451906,38.890817],[1.451613,38.890807]]],[[[1.437831,38.887218],[1.438387,38.887286],[1.43865,38.887365],[1.438811,38.887537],[1.438739,38.887972],[1.4389,38.888269],[1.438725,38.888499],[1.438388,38.888408],[1.437993,38.888077],[1.437744,38.887963],[1.437568,38.887402],[1.437831,38.887218]]],[[[1.434454,38.883688],[1.434951,38.883801],[1.435157,38.884339],[1.435172,38.884694],[1.434909,38.884786],[1.43469,38.884889],[1.434324,38.884902],[1.434177,38.884661],[1.434118,38.884227],[1.43422,38.883848],[1.434454,38.883688]]],[[[1.425996,38.873536],[1.426332,38.87349],[1.426508,38.873512],[1.426888,38.87358],[1.427137,38.87374],[1.427196,38.873923],[1.427006,38.873958],[1.426582,38.87389],[1.426099,38.873868],[1.425996,38.873536]]],[[[1.406112,38.871916],[1.406005,38.871857],[1.405884,38.871819],[1.405761,38.871744],[1.405686,38.871648],[1.405592,38.871584],[1.405584,38.871558],[1.405637,38.871539],[1.40569,38.871544],[1.405766,38.871501],[1.405882,38.87148],[1.406145,38.871491],[1.406193,38.871501],[1.406243,38.871502],[1.406507,38.871539],[1.406544,38.871561],[1.406583,38.871618],[1.406614,38.871722],[1.406611,38.871844],[1.406606,38.871868],[1.406579,38.871906],[1.406497,38.871968],[1.406499,38.871981],[1.406451,38.87207],[1.406363,38.872101],[1.406274,38.872088],[1.406151,38.871982],[1.406112,38.871916]]],[[[1.405232,38.830898],[1.40519,38.830835],[1.405183,38.830774],[1.405179,38.830652],[1.405243,38.83062],[1.405304,38.830606],[1.405371,38.830542],[1.405304,38.830542],[1.405138,38.83055],[1.405125,38.830471],[1.405126,38.830346],[1.40524,38.830197],[1.405282,38.83015],[1.405376,38.830136],[1.405446,38.830171],[1.405446,38.83021],[1.40538,38.830258],[1.405341,38.830276],[1.405345,38.830338],[1.40587,38.830413],[1.405933,38.830414],[1.405966,38.830444],[1.40557,38.830739],[1.405473,38.830833],[1.405239,38.830895],[1.405232,38.830898]]],[[[1.371983,38.831009],[1.371952,38.831023],[1.37184,38.831083],[1.371676,38.831114],[1.371621,38.831127],[1.371577,38.831118],[1.371466,38.831077],[1.37146,38.831013],[1.371445,38.830935],[1.37135,38.830839],[1.371249,38.830771],[1.371176,38.830714],[1.37115,38.830698],[1.371055,38.830612],[1.371041,38.830575],[1.371082,38.830526],[1.371112,38.830498],[1.371122,38.830447],[1.371146,38.830413],[1.37122,38.830423],[1.371233,38.830433],[1.371285,38.830491],[1.371316,38.83053],[1.371367,38.830541],[1.371444,38.830509],[1.371473,38.830488],[1.371539,38.830411],[1.3716,38.830372],[1.37163,38.830371],[1.371616,38.830491],[1.371593,38.830556],[1.371588,38.830669],[1.371612,38.830778],[1.371666,38.830926],[1.371697,38.830969],[1.371745,38.831005],[1.371811,38.830967],[1.371915,38.830931],[1.372029,38.830892],[1.372153,38.830862],[1.372165,38.830881],[1.372122,38.830944],[1.372009,38.831001],[1.371983,38.831009]]],[[[1.370651,38.829865],[1.370634,38.829875],[1.370611,38.829735],[1.370617,38.829699],[1.37064,38.82964],[1.370674,38.829577],[1.370724,38.829563],[1.370813,38.829609],[1.370839,38.829658],[1.370782,38.829731],[1.370725,38.829787],[1.370651,38.829865]]],[[[1.371262,38.829091],[1.37126,38.829092],[1.371253,38.829093],[1.371245,38.82909],[1.371218,38.82908],[1.371134,38.829016],[1.371084,38.828956],[1.371019,38.828879],[1.370975,38.828822],[1.370938,38.828761],[1.370874,38.828664],[1.370868,38.828614],[1.370932,38.828655],[1.371006,38.828719],[1.371076,38.828786],[1.371196,38.82892],[1.371258,38.82904],[1.371263,38.829089],[1.371262,38.829091]]],[[[1.407349,38.827139],[1.40735,38.827139],[1.407349,38.827139],[1.407334,38.827148],[1.40728,38.827099],[1.40717,38.827025],[1.40712,38.826941],[1.407024,38.826817],[1.407045,38.826747],[1.407096,38.826738],[1.407203,38.826721],[1.407262,38.82667],[1.407281,38.826618],[1.407296,38.826576],[1.407405,38.826564],[1.407481,38.826566],[1.407622,38.826539],[1.407693,38.826509],[1.407777,38.826436],[1.407812,38.826374],[1.407822,38.826302],[1.407798,38.826252],[1.407705,38.826177],[1.407705,38.826112],[1.407762,38.826094],[1.407814,38.826117],[1.407897,38.826166],[1.407993,38.826206],[1.408119,38.826291],[1.408139,38.826369],[1.40802,38.826422],[1.407973,38.826449],[1.407882,38.826512],[1.407778,38.826579],[1.407667,38.826655],[1.407652,38.826695],[1.407706,38.82676],[1.407752,38.826832],[1.407756,38.826929],[1.407669,38.827001],[1.407596,38.827039],[1.407519,38.827082],[1.407402,38.827126],[1.407349,38.827139]]],[[[1.40447,38.816889],[1.404421,38.816902],[1.404377,38.816898],[1.404337,38.81687],[1.404313,38.816829],[1.404289,38.816785],[1.404271,38.816763],[1.404194,38.81673],[1.404129,38.816703],[1.404101,38.816688],[1.404039,38.816659],[1.404024,38.816609],[1.404022,38.816583],[1.404011,38.816536],[1.403965,38.816536],[1.403934,38.816529],[1.403936,38.816475],[1.403948,38.816447],[1.403963,38.816407],[1.403942,38.816432],[1.40391,38.816471],[1.403879,38.816465],[1.403841,38.816445],[1.403822,38.816417],[1.403805,38.816393],[1.403771,38.816373],[1.403738,38.816368],[1.403697,38.816378],[1.403681,38.816403],[1.403623,38.816411],[1.403598,38.816406],[1.403586,38.816392],[1.403571,38.81635],[1.403576,38.81633],[1.403568,38.816321],[1.403554,38.816326],[1.403507,38.816326],[1.403482,38.816292],[1.403474,38.816285],[1.403447,38.816309],[1.403415,38.81631],[1.403376,38.816291],[1.403334,38.816272],[1.403316,38.816272],[1.403293,38.816289],[1.403314,38.816294],[1.403333,38.816299],[1.403374,38.816327],[1.403382,38.816344],[1.403364,38.816363],[1.403285,38.816377],[1.403228,38.816376],[1.403165,38.816364],[1.403084,38.816332],[1.403025,38.816308],[1.403023,38.816327],[1.403009,38.816344],[1.402946,38.816345],[1.402816,38.816335],[1.40271,38.816322],[1.40263,38.816304],[1.402577,38.816278],[1.402546,38.816241],[1.402587,38.816209],[1.402619,38.816191],[1.402582,38.816186],[1.402532,38.816158],[1.40252,38.816144],[1.402493,38.816118],[1.402445,38.816082],[1.402388,38.816087],[1.402355,38.81608],[1.40231,38.816049],[1.402324,38.815974],[1.402344,38.815936],[1.402312,38.815929],[1.402289,38.815938],[1.402212,38.815927],[1.40218,38.815926],[1.402116,38.815904],[1.402071,38.815886],[1.402009,38.815882],[1.401943,38.815893],[1.401918,38.815901],[1.401889,38.815904],[1.401868,38.815867],[1.401835,38.815814],[1.401822,38.815778],[1.401823,38.815748],[1.401863,38.815698],[1.401901,38.815672],[1.401957,38.815649],[1.402022,38.815645],[1.402061,38.815656],[1.402108,38.815691],[1.402154,38.815703],[1.402199,38.815679],[1.40224,38.81568],[1.402289,38.815719],[1.402285,38.815752],[1.402384,38.815754],[1.40238,38.815741],[1.402377,38.815718],[1.402394,38.815699],[1.402441,38.815691],[1.402473,38.815692],[1.402592,38.815697],[1.402644,38.815699],[1.40273,38.815697],[1.402813,38.815681],[1.402879,38.815674],[1.402946,38.815681],[1.402952,38.815651],[1.403038,38.815646],[1.403054,38.815621],[1.403126,38.815604],[1.403168,38.815598],[1.403304,38.81559],[1.403414,38.815594],[1.403507,38.8156],[1.403587,38.815595],[1.403635,38.815576],[1.403734,38.81555],[1.40381,38.815543],[1.403907,38.815553],[1.403984,38.815553],[1.40403,38.815564],[1.404059,38.815625],[1.404077,38.815664],[1.404111,38.815705],[1.404126,38.815728],[1.404157,38.815757],[1.404191,38.815754],[1.404237,38.815753],[1.404265,38.81576],[1.404297,38.815774],[1.404327,38.815786],[1.404348,38.815796],[1.404407,38.815846],[1.404444,38.815895],[1.404484,38.815954],[1.404507,38.815996],[1.404534,38.816073],[1.404539,38.816102],[1.404532,38.81617],[1.404515,38.816239],[1.404482,38.81632],[1.404472,38.816358],[1.404464,38.816425],[1.404469,38.816456],[1.404473,38.816489],[1.404483,38.816529],[1.404496,38.816557],[1.404532,38.8166],[1.404544,38.81663],[1.404535,38.816658],[1.404571,38.816698],[1.404574,38.816721],[1.40456,38.816758],[1.404543,38.81679],[1.404519,38.816839],[1.404483,38.816875],[1.40447,38.816889]]],[[[1.40288,38.814314],[1.402828,38.814274],[1.4028,38.814244],[1.402772,38.814229],[1.402781,38.814204],[1.402788,38.814192],[1.402806,38.81416],[1.402783,38.814147],[1.402756,38.81413],[1.402718,38.814105],[1.402706,38.814084],[1.402705,38.81405],[1.402721,38.814026],[1.402751,38.814004],[1.402817,38.813976],[1.402871,38.813964],[1.402962,38.813957],[1.403041,38.813956],[1.403106,38.81396],[1.403158,38.813964],[1.403192,38.813957],[1.403226,38.813942],[1.403324,38.813936],[1.403393,38.81393],[1.403441,38.813966],[1.403477,38.813998],[1.403504,38.814014],[1.403556,38.814022],[1.403605,38.814016],[1.403675,38.814002],[1.403782,38.813978],[1.403828,38.813951],[1.403858,38.813912],[1.403882,38.813875],[1.40391,38.813859],[1.403954,38.813857],[1.403988,38.813869],[1.404032,38.813894],[1.40407,38.813893],[1.404119,38.813876],[1.40416,38.813845],[1.404181,38.813812],[1.404187,38.813802],[1.404239,38.81378],[1.40432,38.81376],[1.404386,38.813745],[1.404453,38.813741],[1.404495,38.813765],[1.404519,38.813781],[1.404543,38.813764],[1.404563,38.813741],[1.404626,38.813717],[1.404669,38.813703],[1.404735,38.813683],[1.404808,38.813667],[1.404901,38.813645],[1.405005,38.813697],[1.405091,38.813756],[1.405215,38.813829],[1.405199,38.813854],[1.405161,38.813882],[1.405109,38.81391],[1.405068,38.813938],[1.405056,38.813976],[1.405034,38.81399],[1.404987,38.814009],[1.404947,38.814031],[1.404894,38.814042],[1.404805,38.814046],[1.404755,38.814059],[1.404677,38.814091],[1.404591,38.814118],[1.404579,38.814136],[1.404525,38.814149],[1.404486,38.814157],[1.404408,38.81417],[1.404346,38.814183],[1.404281,38.814231],[1.404246,38.814269],[1.404205,38.814313],[1.404175,38.814345],[1.404102,38.814358],[1.404063,38.814355],[1.404034,38.814371],[1.404046,38.814404],[1.404065,38.81443],[1.404052,38.814456],[1.40401,38.814467],[1.403897,38.814469],[1.403871,38.814486],[1.403816,38.814527],[1.40374,38.814557],[1.403709,38.814545],[1.403614,38.81447],[1.403594,38.814426],[1.403581,38.814403],[1.403551,38.814398],[1.403515,38.814393],[1.403454,38.814375],[1.403402,38.81435],[1.403367,38.814334],[1.403335,38.814308],[1.403301,38.814257],[1.403283,38.814247],[1.403262,38.814242],[1.403235,38.814234],[1.403226,38.8142],[1.403203,38.814173],[1.403191,38.814147],[1.403153,38.81414],[1.403082,38.814138],[1.403016,38.814143],[1.402982,38.814147],[1.402948,38.814156],[1.402936,38.814165],[1.402926,38.814179],[1.402919,38.814204],[1.402908,38.814236],[1.402894,38.814283],[1.40288,38.814314]]],[[[1.410197,38.815131],[1.410368,38.814921],[1.410428,38.814907],[1.410473,38.814895],[1.41049,38.814887],[1.410522,38.814856],[1.410533,38.814824],[1.410566,38.814789],[1.410607,38.814751],[1.41063,38.81473],[1.410667,38.814689],[1.410701,38.814637],[1.410724,38.814598],[1.410746,38.814563],[1.410782,38.814512],[1.410815,38.814463],[1.410845,38.814428],[1.410888,38.814397],[1.410926,38.814355],[1.41095,38.81431],[1.410966,38.814281],[1.410972,38.814241],[1.41095,38.814198],[1.410961,38.814169],[1.41099,38.814122],[1.411006,38.814097],[1.41102,38.814068],[1.410993,38.814047],[1.410996,38.814014],[1.411035,38.813987],[1.411082,38.813968],[1.411123,38.813954],[1.411156,38.813967],[1.411163,38.813972],[1.411223,38.813928],[1.411208,38.813894],[1.411217,38.813875],[1.411251,38.813859],[1.411284,38.813848],[1.411284,38.813823],[1.411287,38.813783],[1.411301,38.813753],[1.411332,38.813731],[1.411401,38.813709],[1.411418,38.813715],[1.41144,38.813749],[1.411454,38.8138],[1.411473,38.813838],[1.411502,38.813875],[1.411534,38.813931],[1.41156,38.81397],[1.411593,38.813991],[1.411609,38.814025],[1.411604,38.814059],[1.411647,38.814096],[1.411674,38.814082],[1.411747,38.814049],[1.411788,38.814038],[1.411846,38.814091],[1.411866,38.814121],[1.411909,38.81412],[1.411919,38.814122],[1.411947,38.814143],[1.41196,38.814151],[1.411961,38.814151],[1.41198,38.814151],[1.412039,38.81415],[1.412076,38.814149],[1.412105,38.814152],[1.412113,38.814158],[1.412146,38.814197],[1.412171,38.814248],[1.412184,38.814289],[1.412213,38.814353],[1.412238,38.814407],[1.412269,38.814458],[1.412291,38.814489],[1.412281,38.814542],[1.412273,38.814568],[1.41225,38.814614],[1.412202,38.814659],[1.412153,38.814684],[1.412071,38.814715],[1.412021,38.814735],[1.412004,38.814755],[1.412016,38.814778],[1.412008,38.81482],[1.412001,38.814887],[1.412019,38.814947],[1.412029,38.814984],[1.412027,38.815012],[1.412016,38.815051],[1.411993,38.815098],[1.411957,38.81515],[1.41194,38.815177],[1.411918,38.81523],[1.411898,38.815277],[1.411893,38.815312],[1.411908,38.815334],[1.411915,38.815353],[1.411899,38.815372],[1.411874,38.815391],[1.411857,38.815411],[1.411863,38.815451],[1.411855,38.815495],[1.411843,38.815522],[1.411817,38.815541],[1.411762,38.815576],[1.411736,38.815602],[1.411688,38.81562],[1.411676,38.81562],[1.411676,38.815649],[1.411674,38.815667],[1.411655,38.815693],[1.411666,38.81571],[1.411687,38.815719],[1.411694,38.815739],[1.411682,38.815777],[1.411652,38.815791],[1.411624,38.815794],[1.411565,38.81581],[1.411563,38.815819],[1.411584,38.815834],[1.411612,38.815845],[1.411652,38.815856],[1.411668,38.815873],[1.411676,38.8159],[1.411674,38.815938],[1.411664,38.815962],[1.411644,38.815995],[1.411606,38.816046],[1.411585,38.816081],[1.411617,38.816091],[1.411637,38.816102],[1.411656,38.816131],[1.41166,38.816165],[1.411656,38.816194],[1.411624,38.816218],[1.411603,38.816235],[1.411578,38.816265],[1.411555,38.816296],[1.411518,38.816385],[1.411516,38.816431],[1.411515,38.816455],[1.411501,38.81648],[1.411475,38.816506],[1.411458,38.81652],[1.411439,38.816549],[1.411427,38.816568],[1.411415,38.816592],[1.411416,38.816619],[1.411419,38.816644],[1.411424,38.816676],[1.411436,38.816709],[1.411468,38.816737],[1.411496,38.816752],[1.411523,38.816761],[1.411553,38.81677],[1.411621,38.816813],[1.41165,38.816846],[1.411653,38.81687],[1.41165,38.816913],[1.411642,38.816938],[1.411613,38.816966],[1.411581,38.816973],[1.411523,38.816977],[1.411472,38.816979],[1.411428,38.816987],[1.411398,38.816995],[1.411409,38.817025],[1.411419,38.817073],[1.411425,38.81709],[1.411438,38.81713],[1.411445,38.817165],[1.411435,38.817215],[1.411425,38.81724],[1.411381,38.817289],[1.411333,38.817313],[1.411267,38.817331],[1.411221,38.817332],[1.411149,38.817319],[1.41106,38.817312],[1.411015,38.817315],[1.410989,38.817337],[1.410986,38.817362],[1.410986,38.817363],[1.411027,38.817398],[1.411052,38.817419],[1.411062,38.817448],[1.411057,38.817479],[1.411049,38.817505],[1.41105,38.817536],[1.411028,38.817563],[1.411006,38.817584],[1.410995,38.817622],[1.411001,38.817661],[1.41103,38.817684],[1.411023,38.817692],[1.410993,38.81772],[1.410969,38.817769],[1.410955,38.817799],[1.410912,38.817796],[1.410902,38.817785],[1.410901,38.817741],[1.410896,38.817695],[1.410861,38.817678],[1.410833,38.817677],[1.410793,38.817706],[1.410778,38.817747],[1.410768,38.817807],[1.410786,38.817835],[1.410801,38.817866],[1.410791,38.817936],[1.410792,38.81798],[1.410798,38.818026],[1.410777,38.818083],[1.410784,38.818083],[1.410846,38.818077],[1.41087,38.818104],[1.410875,38.818146],[1.410827,38.818197],[1.410776,38.818221],[1.410702,38.818239],[1.410584,38.818256],[1.410527,38.818257],[1.41048,38.818195],[1.410468,38.818204],[1.410403,38.818226],[1.41033,38.818237],[1.410298,38.818247],[1.410275,38.818272],[1.410283,38.818288],[1.410316,38.818304],[1.410341,38.818324],[1.410341,38.818348],[1.410311,38.818367],[1.410272,38.818368],[1.410213,38.818357],[1.410185,38.818351],[1.410145,38.818378],[1.410082,38.81842],[1.410037,38.818456],[1.409997,38.818489],[1.40996,38.818562],[1.409908,38.818619],[1.409857,38.818658],[1.409813,38.818655],[1.409784,38.818634],[1.409756,38.818598],[1.40975,38.818558],[1.409755,38.818523],[1.409728,38.818518],[1.409688,38.818513],[1.409679,38.818519],[1.409658,38.818538],[1.409625,38.81855],[1.409559,38.818555],[1.409508,38.818551],[1.409469,38.818535],[1.409427,38.818511],[1.409354,38.818444],[1.409311,38.8184],[1.409281,38.818345],[1.409256,38.818284],[1.409262,38.81825],[1.409271,38.818221],[1.409253,38.818192],[1.409214,38.818144],[1.409186,38.818076],[1.409191,38.818022],[1.409199,38.817987],[1.409216,38.817949],[1.409216,38.8179],[1.409217,38.817856],[1.409249,38.817825],[1.409216,38.817816],[1.40919,38.817798],[1.409172,38.817782],[1.409148,38.817739],[1.409134,38.817715],[1.40914,38.817688],[1.409122,38.817686],[1.409095,38.817681],[1.409069,38.817666],[1.409047,38.817628],[1.409037,38.817589],[1.409042,38.817549],[1.409068,38.817505],[1.409107,38.81745],[1.409147,38.817429],[1.409171,38.817402],[1.409145,38.817393],[1.40913,38.817371],[1.409131,38.817341],[1.40914,38.817305],[1.409154,38.817264],[1.409188,38.817242],[1.409221,38.817232],[1.409281,38.817217],[1.409286,38.817193],[1.409274,38.817159],[1.409258,38.817136],[1.409223,38.817109],[1.40919,38.817072],[1.40922,38.817029],[1.409251,38.817014],[1.409303,38.816992],[1.409363,38.816962],[1.409425,38.816944],[1.409443,38.81693],[1.409437,38.816875],[1.409434,38.816844],[1.409436,38.816805],[1.409454,38.816751],[1.409472,38.816699],[1.40949,38.816664],[1.409523,38.816617],[1.409537,38.816553],[1.409561,38.816502],[1.40957,38.81647],[1.409543,38.816455],[1.40951,38.816422],[1.409475,38.816367],[1.409456,38.816338],[1.409448,38.816274],[1.409452,38.816238],[1.40948,38.816165],[1.409508,38.81611],[1.409525,38.816063],[1.40955,38.816017],[1.409581,38.81597],[1.40961,38.81593],[1.409645,38.815874],[1.409663,38.815822],[1.409681,38.815777],[1.409727,38.81575],[1.40974,38.815731],[1.409743,38.81571],[1.409709,38.815708],[1.409669,38.815703],[1.409659,38.815675],[1.409683,38.815638],[1.409709,38.815616],[1.40974,38.815575],[1.409785,38.815519],[1.409805,38.815489],[1.409806,38.81544],[1.409816,38.815396],[1.409854,38.815367],[1.409926,38.81533],[1.409932,38.815284],[1.409926,38.815234],[1.409969,38.815193],[1.410053,38.815145],[1.410197,38.815131]]],[[[1.423703,38.798239],[1.423727,38.798247],[1.42375,38.798343],[1.423624,38.79852],[1.423349,38.798687],[1.423216,38.798843],[1.423191,38.798982],[1.423001,38.799255],[1.422567,38.799467],[1.422509,38.799548],[1.422287,38.799631],[1.422176,38.799547],[1.422206,38.799407],[1.422359,38.799244],[1.422151,38.799153],[1.422047,38.799091],[1.421959,38.799083],[1.421773,38.799178],[1.421586,38.799216],[1.421444,38.799154],[1.421324,38.799012],[1.421318,38.798759],[1.421356,38.798649],[1.42142,38.798591],[1.421523,38.798603],[1.421727,38.798658],[1.42202,38.798695],[1.422155,38.798687],[1.422337,38.798666],[1.422498,38.798597],[1.422611,38.798481],[1.422914,38.798347],[1.42301,38.798373],[1.423068,38.798417],[1.423497,38.798393],[1.423677,38.798282],[1.423703,38.798239]]],[[[1.417209,38.77493],[1.417201,38.774933],[1.417163,38.774926],[1.417088,38.774873],[1.416996,38.774791],[1.416926,38.774718],[1.416825,38.774617],[1.416683,38.774506],[1.416608,38.774438],[1.416536,38.774362],[1.416494,38.77434],[1.416362,38.774327],[1.416272,38.77424],[1.416231,38.774148],[1.416158,38.773964],[1.416134,38.773908],[1.416088,38.773783],[1.416011,38.7736],[1.41598,38.773472],[1.415994,38.773458],[1.416047,38.773475],[1.416135,38.7735],[1.416261,38.773515],[1.416323,38.773532],[1.416495,38.773567],[1.41679,38.773663],[1.416934,38.77372],[1.417138,38.77386],[1.41727,38.774012],[1.417385,38.774162],[1.417537,38.774405],[1.417557,38.774525],[1.417531,38.774658],[1.417427,38.774807],[1.417329,38.774873],[1.417209,38.77493]]],[[[1.401338,38.729172],[1.401424,38.729206],[1.401507,38.729246],[1.401586,38.729291],[1.401661,38.729342],[1.401731,38.729399],[1.401798,38.72946],[1.40186,38.729528],[1.401917,38.7296],[1.401969,38.729676],[1.402017,38.729757],[1.40206,38.729843],[1.402097,38.729934],[1.402129,38.730027],[1.402156,38.730125],[1.402178,38.730226],[1.402194,38.730331],[1.402205,38.730438],[1.40221,38.730549],[1.40221,38.730662],[1.402205,38.730777],[1.402194,38.730893],[1.402177,38.731013],[1.402155,38.731133],[1.402128,38.731255],[1.402095,38.731376],[1.402057,38.731499],[1.402014,38.731622],[1.401966,38.731745],[1.401914,38.731867],[1.401856,38.731989],[1.401794,38.73211],[1.401727,38.73223],[1.401657,38.732347],[1.401582,38.732463],[1.401502,38.732578],[1.401419,38.73269],[1.401333,38.732798],[1.401243,38.732905],[1.40115,38.733008],[1.401054,38.733108],[1.400956,38.733203],[1.400855,38.733295],[1.400751,38.733384],[1.400646,38.733467],[1.40054,38.733546],[1.400431,38.733621],[1.400321,38.73369],[1.400211,38.733755],[1.4001,38.733814],[1.399988,38.733868],[1.399876,38.733917],[1.399765,38.73396],[1.399654,38.733997],[1.399544,38.734028],[1.399434,38.734054],[1.399325,38.734073],[1.399219,38.734087],[1.399114,38.734094],[1.39901,38.734096],[1.398909,38.734092],[1.398812,38.734081],[1.398716,38.734065],[1.398623,38.734042],[1.398533,38.734014],[1.398447,38.73398],[1.398364,38.73394],[1.398285,38.733894],[1.39821,38.733843],[1.39814,38.733787],[1.398073,38.733725],[1.398011,38.733658],[1.397954,38.733586],[1.397902,38.73351],[1.397854,38.733428],[1.397811,38.733342],[1.397774,38.733252],[1.397742,38.733159],[1.397715,38.733061],[1.397693,38.732959],[1.397677,38.732854],[1.397666,38.732748],[1.397661,38.732637],[1.397661,38.732524],[1.397666,38.732408],[1.397677,38.732292],[1.397694,38.732173],[1.397716,38.732052],[1.397743,38.731931],[1.397776,38.73181],[1.397814,38.731687],[1.397857,38.731564],[1.397905,38.73144],[1.397957,38.731319],[1.398015,38.731197],[1.398077,38.731076],[1.398144,38.730956],[1.398214,38.730839],[1.39829,38.730722],[1.398369,38.730608],[1.398452,38.730496],[1.398538,38.730388],[1.398628,38.730281],[1.398721,38.730178],[1.398817,38.730078],[1.398915,38.729983],[1.399016,38.72989],[1.39912,38.729802],[1.399225,38.729718],[1.399331,38.72964],[1.39944,38.729565],[1.39955,38.729495],[1.399661,38.72943],[1.399771,38.729372],[1.399883,38.729317],[1.399995,38.729269],[1.400107,38.729226],[1.400217,38.729189],[1.400328,38.729157],[1.400437,38.729132],[1.400546,38.729112],[1.400652,38.729099],[1.400757,38.729091],[1.400861,38.729089],[1.400962,38.729094],[1.401059,38.729104],[1.401155,38.729121],[1.401248,38.729143],[1.401338,38.729172]]],[[[1.410916,38.731202],[1.410832,38.731255],[1.41072,38.731297],[1.410333,38.731303],[1.410015,38.73132],[1.409572,38.731379],[1.409128,38.731492],[1.408918,38.73163],[1.40868,38.731789],[1.408453,38.732024],[1.408173,38.732236],[1.407896,38.732254],[1.406816,38.731752],[1.405592,38.730935],[1.404558,38.730218],[1.402319,38.729083],[1.402102,38.728918],[1.402104,38.728831],[1.404485,38.728539],[1.406012,38.72882],[1.408027,38.729442],[1.409448,38.730133],[1.41021,38.730652],[1.410916,38.731202]]],[[[1.459561,38.725976],[1.459564,38.725971],[1.459548,38.725956],[1.45954,38.725943],[1.45954,38.725928],[1.459642,38.725904],[1.459659,38.725921],[1.459567,38.725979],[1.459561,38.725976]]],[[[1.459551,38.724858],[1.459551,38.724859],[1.459478,38.724857],[1.459462,38.724851],[1.459451,38.724845],[1.459374,38.724642],[1.459363,38.724606],[1.459503,38.724431],[1.459528,38.724414],[1.45975,38.724397],[1.459786,38.724401],[1.46007,38.724267],[1.460117,38.724266],[1.460129,38.724294],[1.460105,38.724349],[1.460087,38.724448],[1.460038,38.724466],[1.459844,38.72446],[1.459764,38.724466],[1.459581,38.724798],[1.459551,38.724858]]]]},"properties":{"featureId":"zon-08-ss-parc-natural-de-ses-salines-d-eivissa-i-formentera--area-de-conservacio--mari--01","zoneId":"zon-08-ss-parc-natural-de-ses-salines-d-eivissa-i-formentera--area-de-conservacio--mari","fuente":"zonificacion-enp","fuenteTitulo":"Zonificación marina de los espacios naturales protegidos","nombre":"Parc Natural de ses Salines d'Eivissa i Formentera","proteccion":"Àrea de conservació","competencia":null,"isla":["eivissa","formentera"],"areaKm2":131.6487,"normas":[{"titulo":"Decreto 132/2005, de 23 de diciembre, por el que se aprueba el Plan Rector de Uso y Gestión del Parc Natural de ses Salines d’Eivissa i Formentera","fecha":"2005-12-23","url":"https://www.caib.es/sites/puntdinformacioambiental/f/138364","tipo":"creacion","origen":"ideib"}],"objectIdOrigen":80,"ambito":"Marí","codigo":"08_SS"}},{"type":"Feature","geometry":{"type":"Polygon","coordinates":[[[1.463857,38.810112],[1.467473,38.791849],[1.480522,38.780278],[1.480274,38.788114],[1.480135,38.78803],[1.480089,38.788035],[1.479815,38.788139],[1.47962,38.788238],[1.4795,38.788324],[1.47922,38.788623],[1.479086,38.788773],[1.478845,38.788956],[1.478718,38.789098],[1.478539,38.789276],[1.478338,38.78938],[1.478072,38.789534],[1.477887,38.789706],[1.47774,38.789885],[1.477672,38.790019],[1.477459,38.790384],[1.477398,38.790472],[1.47735,38.790709],[1.477258,38.791061],[1.477196,38.791385],[1.477148,38.791614],[1.477056,38.791807],[1.47701,38.79192],[1.476909,38.791973],[1.476827,38.792017],[1.476729,38.792111],[1.476484,38.792367],[1.476355,38.792498],[1.476299,38.792555],[1.476159,38.792755],[1.47597,38.793105],[1.47589,38.793287],[1.475813,38.793483],[1.475723,38.793774],[1.475564,38.794257],[1.475458,38.794473],[1.47535,38.794665],[1.475159,38.795099],[1.47502,38.795285],[1.47498,38.795383],[1.475018,38.795756],[1.474943,38.796058],[1.474807,38.796203],[1.474691,38.796284],[1.474463,38.79643],[1.474372,38.796574],[1.47424,38.796816],[1.474214,38.796992],[1.463857,38.810112]]]},"properties":{"featureId":"zon-08-ss-parc-natural-de-ses-salines-d-eivissa-i-formentera--area-de-conservacio-predominant--mari--01","zoneId":"zon-08-ss-parc-natural-de-ses-salines-d-eivissa-i-formentera--area-de-conservacio-predominant--mari","fuente":"zonificacion-enp","fuenteTitulo":"Zonificación marina de los espacios naturales protegidos","nombre":"Parc Natural de ses Salines d'Eivissa i Formentera","proteccion":"Àrea de conservació predominant","competencia":null,"isla":["eivissa","formentera"],"areaKm2":1.5407,"normas":[{"titulo":"Decreto 132/2005, de 23 de diciembre, por el que se aprueba el Plan Rector de Uso y Gestión del Parc Natural de ses Salines d’Eivissa i Formentera","fecha":"2005-12-23","url":"https://www.caib.es/sites/puntdinformacioambiental/f/138364","tipo":"creacion","origen":"ideib"}],"objectIdOrigen":34,"ambito":"Marí","codigo":"08_SS"}},{"type":"Feature","geometry":{"type":"MultiPolygon","coordinates":[[[[1.474214,38.796992],[1.474217,38.796992],[1.474212,38.797121],[1.474188,38.797232],[1.474088,38.797467],[1.474238,38.797508],[1.474313,38.797507],[1.474391,38.797527],[1.474443,38.797794],[1.474329,38.797877],[1.474258,38.797867],[1.474217,38.797872],[1.474226,38.797921],[1.474267,38.798015],[1.474289,38.798193],[1.474213,38.79836],[1.474147,38.79839],[1.474091,38.798449],[1.474098,38.798562],[1.474139,38.798616],[1.474095,38.798721],[1.474021,38.79876],[1.474023,38.7989],[1.474042,38.798984],[1.474038,38.798988],[1.474064,38.799043],[1.474169,38.799212],[1.474351,38.799552],[1.474493,38.799777],[1.474588,38.799819],[1.474712,38.7999],[1.474782,38.800016],[1.474885,38.800196],[1.475049,38.800294],[1.475222,38.800347],[1.47552,38.800733],[1.475699,38.801066],[1.475839,38.801415],[1.475907,38.801623],[1.476096,38.801992],[1.476233,38.80227],[1.476283,38.802431],[1.476414,38.802765],[1.476452,38.80304],[1.476475,38.803287],[1.476499,38.803435],[1.476538,38.803483],[1.476709,38.803665],[1.476902,38.803906],[1.476982,38.804065],[1.477,38.804271],[1.477004,38.804379],[1.477117,38.804565],[1.477234,38.804735],[1.477348,38.804888],[1.477491,38.80501],[1.477672,38.805146],[1.477835,38.805148],[1.477975,38.805088],[1.478211,38.805067],[1.478297,38.805045],[1.47852,38.80499],[1.478651,38.804902],[1.478627,38.804822],[1.478576,38.804767],[1.478474,38.804596],[1.478391,38.804474],[1.478286,38.804342],[1.478219,38.804233],[1.47812,38.804077],[1.478056,38.803969],[1.478007,38.803849],[1.477953,38.803764],[1.477861,38.803563],[1.477796,38.803426],[1.477772,38.803272],[1.477764,38.803183],[1.477717,38.803077],[1.477648,38.803007],[1.477525,38.802919],[1.477369,38.80277],[1.47724,38.802496],[1.477181,38.802271],[1.477159,38.802078],[1.477185,38.801802],[1.477254,38.801527],[1.477356,38.801095],[1.477377,38.800917],[1.477495,38.800631],[1.47771,38.800394],[1.477885,38.80028],[1.478033,38.800216],[1.478716,38.799775],[1.478874,38.799686],[1.479004,38.799599],[1.479159,38.799534],[1.479316,38.799479],[1.479744,38.79942],[1.479947,38.799359],[1.480134,38.799321],[1.480138,38.79932],[1.480262,38.799295],[1.480456,38.799282],[1.480732,38.799268],[1.480881,38.799262],[1.481114,38.799207],[1.481298,38.799102],[1.481499,38.799111],[1.48162,38.799106],[1.481846,38.799113],[1.482003,38.799156],[1.48214,38.799196],[1.482244,38.799195],[1.482303,38.799128],[1.482289,38.799063],[1.482227,38.798952],[1.482036,38.798731],[1.4819,38.798628],[1.481734,38.798649],[1.481699,38.798679],[1.481486,38.798601],[1.481261,38.798398],[1.48111,38.798247],[1.480978,38.798049],[1.480762,38.797914],[1.480543,38.797774],[1.480312,38.797622],[1.480138,38.797534],[1.480134,38.797532],[1.480082,38.797506],[1.479741,38.797252],[1.479543,38.797067],[1.479321,38.796805],[1.479136,38.796582],[1.478992,38.796405],[1.478984,38.796393],[1.478884,38.796182],[1.478812,38.795993],[1.478769,38.795794],[1.478742,38.79553],[1.478731,38.7954],[1.478748,38.795332],[1.478926,38.794999],[1.478965,38.794855],[1.478944,38.794728],[1.478937,38.794677],[1.478967,38.794593],[1.479055,38.794486],[1.479261,38.794246],[1.479469,38.794006],[1.479521,38.793844],[1.47949,38.793704],[1.47945,38.793633],[1.479356,38.793427],[1.479339,38.793201],[1.479417,38.792853],[1.479459,38.792686],[1.479531,38.792506],[1.479531,38.792503],[1.479532,38.792498],[1.479546,38.792406],[1.479499,38.792278],[1.479414,38.792161],[1.479397,38.792094],[1.479384,38.791872],[1.479419,38.791797],[1.479459,38.791743],[1.479521,38.791637],[1.479536,38.79154],[1.479528,38.791431],[1.479633,38.791318],[1.479527,38.790882],[1.479518,38.790795],[1.479602,38.790692],[1.479668,38.790643],[1.479776,38.79048],[1.479739,38.790392],[1.47971,38.790328],[1.479762,38.790249],[1.479903,38.790133],[1.479861,38.789898],[1.47985,38.789825],[1.47985,38.789568],[1.479904,38.789512],[1.480052,38.789613],[1.480135,38.78962],[1.480138,38.78962],[1.480181,38.789579],[1.480251,38.789467],[1.480208,38.789307],[1.480278,38.789285],[1.480425,38.789253],[1.480505,38.789172],[1.480552,38.78902],[1.480506,38.788883],[1.480303,38.788686],[1.480266,38.788479],[1.480255,38.78831],[1.480265,38.788236],[1.480297,38.78813],[1.480274,38.788114],[1.480522,38.780278],[1.491357,38.780275],[1.488641,38.810111],[1.463857,38.810112],[1.474214,38.796992]]],[[[1.482408,38.787212],[1.482859,38.787039],[1.482899,38.787029],[1.482941,38.787023],[1.482979,38.787021],[1.483014,38.787021],[1.483066,38.787035],[1.483116,38.787047],[1.483163,38.787039],[1.483177,38.78703],[1.483178,38.787027],[1.483175,38.787011],[1.483158,38.786991],[1.483149,38.786965],[1.48317,38.786946],[1.483201,38.786942],[1.483238,38.786934],[1.483289,38.786924],[1.483346,38.786915],[1.483443,38.786899],[1.483468,38.786897],[1.483504,38.786895],[1.483552,38.786898],[1.48361,38.786894],[1.483653,38.786884],[1.483679,38.786867],[1.483685,38.786854],[1.483703,38.786831],[1.483724,38.786825],[1.483774,38.78683],[1.483846,38.786844],[1.483865,38.786849],[1.483891,38.786859],[1.483954,38.786882],[1.484021,38.78689],[1.484057,38.786888],[1.484096,38.786885],[1.484133,38.786883],[1.484188,38.786886],[1.484219,38.786906],[1.484235,38.786919],[1.484237,38.786929],[1.484249,38.786971],[1.484273,38.787],[1.48431,38.787021],[1.484365,38.787036],[1.484389,38.787037],[1.484418,38.787061],[1.484427,38.787066],[1.48443,38.787068],[1.484447,38.787084],[1.484457,38.78711],[1.484439,38.787127],[1.484403,38.787145],[1.484372,38.787158],[1.484341,38.78718],[1.484314,38.787222],[1.484292,38.787261],[1.48427,38.787287],[1.484251,38.787292],[1.48422,38.787294],[1.484174,38.787296],[1.48412,38.787296],[1.484066,38.787288],[1.484009,38.787291],[1.483969,38.787301],[1.483922,38.787311],[1.483869,38.787355],[1.483865,38.787358],[1.483842,38.787378],[1.48381,38.787395],[1.483772,38.7874],[1.483756,38.787396],[1.483735,38.787389],[1.483704,38.787381],[1.483686,38.787377],[1.483662,38.787377],[1.483622,38.787383],[1.483582,38.787389],[1.483563,38.787401],[1.483551,38.787413],[1.483532,38.787435],[1.483511,38.787461],[1.483501,38.787479],[1.483504,38.787493],[1.483516,38.787506],[1.483521,38.787515],[1.483522,38.787525],[1.483519,38.787538],[1.483512,38.787545],[1.48348,38.787556],[1.483451,38.787573],[1.483421,38.787588],[1.483386,38.787595],[1.483328,38.787604],[1.48331,38.787615],[1.483297,38.787622],[1.483273,38.787621],[1.483264,38.787617],[1.483258,38.787614],[1.48324,38.787605],[1.483207,38.787603],[1.483166,38.787607],[1.483141,38.787618],[1.483031,38.787642],[1.483028,38.787642],[1.482995,38.787649],[1.48293,38.78766],[1.482881,38.787662],[1.482854,38.787656],[1.482823,38.787641],[1.482771,38.787631],[1.482732,38.787648],[1.482717,38.787665],[1.482696,38.787675],[1.482672,38.787677],[1.482633,38.787677],[1.482564,38.787681],[1.482503,38.787684],[1.482392,38.787681],[1.48239,38.78768],[1.48235,38.787681],[1.482311,38.787682],[1.482275,38.787673],[1.482245,38.78766],[1.482214,38.787639],[1.482184,38.787625],[1.482148,38.787627],[1.482112,38.78764],[1.482072,38.787654],[1.48204,38.787669],[1.482016,38.787687],[1.481982,38.78771],[1.481942,38.787722],[1.481899,38.787725],[1.48184,38.787725],[1.481794,38.787723],[1.481703,38.787729],[1.481659,38.787737],[1.481618,38.787743],[1.481565,38.787751],[1.481564,38.787751],[1.481542,38.787752],[1.481504,38.787753],[1.481456,38.787751],[1.481406,38.787747],[1.481355,38.787737],[1.481338,38.787729],[1.481337,38.787719],[1.481343,38.787697],[1.48137,38.787673],[1.481414,38.787647],[1.481457,38.787623],[1.481494,38.787599],[1.481539,38.787575],[1.481588,38.787541],[1.481627,38.787502],[1.481678,38.787472],[1.481758,38.787453],[1.481756,38.787449],[1.481781,38.787445],[1.481822,38.787439],[1.481872,38.787436],[1.481906,38.787423],[1.481937,38.787404],[1.482014,38.787393],[1.482053,38.78738],[1.482074,38.78736],[1.482114,38.787327],[1.482133,38.78731],[1.48218,38.787293],[1.482189,38.787289],[1.482229,38.787279],[1.48226,38.787254],[1.482297,38.787221],[1.482353,38.787216],[1.482408,38.787212]]]]},"properties":{"featureId":"zon-08-ss-parc-natural-de-ses-salines-d-eivissa-i-formentera--area-de-proteccio-estricta--mari--01","zoneId":"zon-08-ss-parc-natural-de-ses-salines-d-eivissa-i-formentera--area-de-proteccio-estricta--mari","fuente":"zonificacion-enp","fuenteTitulo":"Zonificación marina de los espacios naturales protegidos","nombre":"Parc Natural de ses Salines d'Eivissa i Formentera","proteccion":"Àrea de protecció estricta","competencia":null,"isla":["eivissa","formentera"],"areaKm2":4.035,"normas":[{"titulo":"Decreto 132/2005, de 23 de diciembre, por el que se aprueba el Plan Rector de Uso y Gestión del Parc Natural de ses Salines d’Eivissa i Formentera","fecha":"2005-12-23","url":"https://www.caib.es/sites/puntdinformacioambiental/f/138364","tipo":"creacion","origen":"ideib"}],"objectIdOrigen":33,"ambito":"Marí","codigo":"08_SS"}},{"type":"Feature","geometry":{"type":"Polygon","coordinates":[[[1.401338,38.729172],[1.401424,38.729206],[1.401507,38.729246],[1.401586,38.729291],[1.401661,38.729342],[1.401731,38.729399],[1.401798,38.72946],[1.40186,38.729528],[1.401917,38.7296],[1.401969,38.729676],[1.402017,38.729757],[1.40206,38.729843],[1.402097,38.729934],[1.402129,38.730027],[1.402156,38.730125],[1.402178,38.730226],[1.402194,38.730331],[1.402205,38.730438],[1.40221,38.730549],[1.40221,38.730662],[1.402205,38.730777],[1.402194,38.730893],[1.402177,38.731013],[1.402155,38.731133],[1.402128,38.731255],[1.402095,38.731376],[1.402057,38.731499],[1.402014,38.731622],[1.401966,38.731745],[1.401914,38.731867],[1.401856,38.731989],[1.401794,38.73211],[1.401727,38.73223],[1.401657,38.732347],[1.401582,38.732463],[1.401502,38.732578],[1.401419,38.73269],[1.401333,38.732798],[1.401243,38.732905],[1.40115,38.733008],[1.401054,38.733108],[1.400956,38.733203],[1.400855,38.733295],[1.400751,38.733384],[1.400646,38.733467],[1.40054,38.733546],[1.400431,38.733621],[1.400321,38.73369],[1.400211,38.733755],[1.4001,38.733814],[1.399988,38.733868],[1.399876,38.733917],[1.399765,38.73396],[1.399654,38.733997],[1.399544,38.734028],[1.399434,38.734054],[1.399325,38.734073],[1.399219,38.734087],[1.399114,38.734094],[1.39901,38.734096],[1.398909,38.734092],[1.398812,38.734081],[1.398716,38.734065],[1.398623,38.734042],[1.398533,38.734014],[1.398447,38.73398],[1.398364,38.73394],[1.398285,38.733894],[1.39821,38.733843],[1.39814,38.733787],[1.398073,38.733725],[1.398011,38.733658],[1.397954,38.733586],[1.397902,38.73351],[1.397854,38.733428],[1.397811,38.733342],[1.397774,38.733252],[1.397742,38.733159],[1.397715,38.733061],[1.397693,38.732959],[1.397677,38.732854],[1.397666,38.732748],[1.397661,38.732637],[1.397661,38.732524],[1.397666,38.732408],[1.397677,38.732292],[1.397694,38.732173],[1.397716,38.732052],[1.397743,38.731931],[1.397776,38.73181],[1.397814,38.731687],[1.397857,38.731564],[1.397905,38.73144],[1.397957,38.731319],[1.398015,38.731197],[1.398077,38.731076],[1.398144,38.730956],[1.398214,38.730839],[1.39829,38.730722],[1.398369,38.730608],[1.398452,38.730496],[1.398538,38.730388],[1.398628,38.730281],[1.398721,38.730178],[1.398817,38.730078],[1.398915,38.729983],[1.399016,38.72989],[1.39912,38.729802],[1.399225,38.729718],[1.399331,38.72964],[1.39944,38.729565],[1.39955,38.729495],[1.399661,38.72943],[1.399771,38.729372],[1.399883,38.729317],[1.399995,38.729269],[1.400107,38.729226],[1.400217,38.729189],[1.400328,38.729157],[1.400437,38.729132],[1.400546,38.729112],[1.400652,38.729099],[1.400757,38.729091],[1.400861,38.729089],[1.400962,38.729094],[1.401059,38.729104],[1.401155,38.729121],[1.401248,38.729143],[1.401338,38.729172]]]},"properties":{"featureId":"zon-08-ss-parc-natural-de-ses-salines-d-eivissa-i-formentera--area-de-proteccio-estricta--mari--02","zoneId":"zon-08-ss-parc-natural-de-ses-salines-d-eivissa-i-formentera--area-de-proteccio-estricta--mari","fuente":"zonificacion-enp","fuenteTitulo":"Zonificación marina de los espacios naturales protegidos","nombre":"Parc Natural de ses Salines d'Eivissa i Formentera","proteccion":"Àrea de protecció estricta","competencia":null,"isla":["eivissa","formentera"],"areaKm2":0.1584,"normas":[{"titulo":"Decreto 132/2005, de 23 de diciembre, por el que se aprueba el Plan Rector de Uso y Gestión del Parc Natural de ses Salines d’Eivissa i Formentera","fecha":"2005-12-23","url":"https://www.caib.es/sites/puntdinformacioambiental/f/138364","tipo":"creacion","origen":"ideib"}],"objectIdOrigen":37,"ambito":"Marí","codigo":"08_SS"}},{"type":"Feature","geometry":{"type":"Polygon","coordinates":[[[1.452238,38.731349],[1.450121,38.730161],[1.450592,38.730065],[1.451118,38.730004],[1.451187,38.730028],[1.451401,38.73006],[1.451548,38.730138],[1.451664,38.730182],[1.451736,38.730207],[1.45186,38.730261],[1.451909,38.730333],[1.451917,38.730368],[1.452015,38.730411],[1.452066,38.730394],[1.452113,38.73036],[1.452141,38.730286],[1.452237,38.730148],[1.452273,38.730099],[1.452302,38.730017],[1.452373,38.729913],[1.453231,38.730205],[1.452815,38.730241],[1.452739,38.730269],[1.452568,38.730479],[1.452543,38.730548],[1.452586,38.730902],[1.452434,38.731163],[1.452281,38.731267],[1.452255,38.7313],[1.452238,38.731349]]]},"properties":{"featureId":"zon-08-ss-parc-natural-de-ses-salines-d-eivissa-i-formentera--area-de-proteccio-estricta--mari--03","zoneId":"zon-08-ss-parc-natural-de-ses-salines-d-eivissa-i-formentera--area-de-proteccio-estricta--mari","fuente":"zonificacion-enp","fuenteTitulo":"Zonificación marina de los espacios naturales protegidos","nombre":"Parc Natural de ses Salines d'Eivissa i Formentera","proteccion":"Àrea de protecció estricta","competencia":null,"isla":["eivissa","formentera"],"areaKm2":0.0175,"normas":[{"titulo":"Decreto 132/2005, de 23 de diciembre, por el que se aprueba el Plan Rector de Uso y Gestión del Parc Natural de ses Salines d’Eivissa i Formentera","fecha":"2005-12-23","url":"https://www.caib.es/sites/puntdinformacioambiental/f/138364","tipo":"creacion","origen":"ideib"}],"objectIdOrigen":38,"ambito":"Marí","codigo":"08_SS"}},{"type":"Feature","geometry":{"type":"Polygon","coordinates":[[[1.456675,38.728561],[1.455825,38.728811],[1.455619,38.72873],[1.455504,38.728731],[1.455325,38.728755],[1.455063,38.728809],[1.454847,38.728845],[1.454766,38.72885],[1.454652,38.728852],[1.454504,38.727526],[1.454689,38.727506],[1.454755,38.727482],[1.454714,38.727428],[1.455899,38.726258],[1.456013,38.726419],[1.456075,38.726458],[1.456176,38.726477],[1.456609,38.726514],[1.456624,38.726467],[1.456515,38.726359],[1.456525,38.726333],[1.456685,38.726232],[1.456721,38.726239],[1.456907,38.726362],[1.457006,38.726373],[1.457086,38.726338],[1.457193,38.726249],[1.458498,38.726347],[1.458582,38.726403],[1.457002,38.728302],[1.456935,38.728225],[1.456891,38.728192],[1.45667,38.72823],[1.456656,38.728253],[1.456733,38.728318],[1.456714,38.728433],[1.456674,38.728522],[1.456675,38.728561]]]},"properties":{"featureId":"zon-08-ss-parc-natural-de-ses-salines-d-eivissa-i-formentera--area-de-proteccio-estricta--mari--04","zoneId":"zon-08-ss-parc-natural-de-ses-salines-d-eivissa-i-formentera--area-de-proteccio-estricta--mari","fuente":"zonificacion-enp","fuenteTitulo":"Zonificación marina de los espacios naturales protegidos","nombre":"Parc Natural de ses Salines d'Eivissa i Formentera","proteccion":"Àrea de protecció estricta","competencia":null,"isla":["eivissa","formentera"],"areaKm2":0.0628,"normas":[{"titulo":"Decreto 132/2005, de 23 de diciembre, por el que se aprueba el Plan Rector de Uso y Gestión del Parc Natural de ses Salines d’Eivissa i Formentera","fecha":"2005-12-23","url":"https://www.caib.es/sites/puntdinformacioambiental/f/138364","tipo":"creacion","origen":"ideib"}],"objectIdOrigen":39,"ambito":"Marí","codigo":"08_SS"}},{"type":"Feature","geometry":{"type":"Polygon","coordinates":[[[1.41852,38.73878],[1.414801,38.735764],[1.414937,38.735741],[1.415016,38.735706],[1.415186,38.735593],[1.415271,38.73557],[1.415383,38.73557],[1.415489,38.735574],[1.41555,38.735579],[1.415767,38.735666],[1.415881,38.735624],[1.415956,38.735526],[1.415959,38.735422],[1.415968,38.735338],[1.415959,38.735224],[1.415953,38.735163],[1.415966,38.735076],[1.415975,38.73502],[1.416003,38.734932],[1.416033,38.734867],[1.416078,38.734815],[1.416141,38.73477],[1.416186,38.734746],[1.416235,38.734726],[1.417454,38.734725],[1.419042,38.734735],[1.42094,38.733043],[1.428177,38.73891],[1.41852,38.73878]]]},"properties":{"featureId":"zon-08-ss-parc-natural-de-ses-salines-d-eivissa-i-formentera--us-portuari--mari--01","zoneId":"zon-08-ss-parc-natural-de-ses-salines-d-eivissa-i-formentera--us-portuari--mari","fuente":"zonificacion-enp","fuenteTitulo":"Zonificación marina de los espacios naturales protegidos","nombre":"Parc Natural de ses Salines d'Eivissa i Formentera","proteccion":"Ús portuari","competencia":null,"isla":["eivissa","formentera"],"areaKm2":0.3925,"normas":[{"titulo":"Decreto 132/2005, de 23 de diciembre, por el que se aprueba el Plan Rector de Uso y Gestión del Parc Natural de ses Salines d’Eivissa i Formentera","fecha":"2005-12-23","url":"https://www.caib.es/sites/puntdinformacioambiental/f/138364","tipo":"creacion","origen":"ideib"}],"objectIdOrigen":83,"ambito":"Marí","codigo":"08_SS"}}]}